장르,곡 이름,아티스트,난이도 이름,레벨
BEMANI,chaplet,DJ TOTTO,NOV,6
FLOOR,天鯨譚,テヅカ x otoshi.b,NOV,6
BEMANI,Plan 8,Ryu☆,NOV,7
FLOOR,"CAKE,Cake'n Cake!",苺咲べりぃ,NOV,4
SDVXオリジナル,Blue Diamond,青龍改,NOV,7
FLOOR,ИEXTAGE,polysha&Ashrount,NOV,6
その他,イガク,原口沙輔,NOV,3
ボーカロイド,いますぐ輪廻,なきそ,NOV,1
その他,L (SDVX ver.),Ice,NOV,6
その他,L2 -Reminiscence- (SDVX ver.),Ice,NOV,7
その他,お返事まだカナ？おじさん構文！,吉本おじさん,NOV,3
東方アレンジ,稲田姫様に叱られちゃいました＃ ～ Romantic Shortfall,りりぃろっくfeat.ЄИ1GM4&桃寝ちのい,NOV,6
その他,サイエンス,MIMI,NOV,2
その他,Synthesis.,tn-shi,NOV,6
その他,snooze,wotaku feat. SHIKI,NOV,3
その他,777 (Vocal ver.),RoughSketch feat.ななひら,NOV,7
東方アレンジ,Celestial Conquest,xi,NOV,7
FLOOR,"Zany Arcadia ""E""",天束 vs. siromaru,NOV,7
その他,デッドライン症候群,irom,NOV,3
東方アレンジ,Necromantic,暁Records,NOV,3
東方アレンジ,ハートインワンダーランド,森羅万象,NOV,5
FLOOR,Black Out,Hommarju,NOV,6
東方アレンジ,"Help me, ERINNNNNN!!",ビートまりお,NOV,5
FLOOR,Massive Strength,Riz,NOV,5
その他,モンダイナイトリッパー！,名取さな,NOV,4
東方アレンジ,ンポロロッカ,かめりあ,NOV,5
FLOOR,双星の冒険録,やどりぎ,NOV,6
BEMANI,天泣,"BEMANI Sound Team ""meteorologists""",NOV,7
FLOOR,Blessed Horizon,Qutabire,NOV,5
BEMANI,めた・メタ？ひまわり＊パンチ,ひまわり＊パンチ,NOV,4
FLOOR,#Evil_Signs_of_Bloodlines,RoughSkreamZ,NOV,5
その他,555 (Please call me “Go! Go! Go!”),RoughSketch,NOV,7
その他,Temporal Veil,Gardens,NOV,6
その他,フラッフィー・アドベンチャー！,みーに feat. まより,NOV,4
FLOOR,Divine Ether,あまみ×ひなみ,NOV,5
FLOOR,Sunlit toybox,Juggernaut. + しーけー,NOV,6
FLOOR,マジかる☆doll ユタニケちゃん,Tsubusare BOZZ feat.madoka*,NOV,5
その他,シンクロニティ,おめがシスターズ,NOV,3
東方アレンジ,FLOOD_FLOOR,brz1128,NOV,6
東方アレンジ,落赤,Acotto feat. 記憶に残る,NOV,4
FLOOR,ハートビート×スラッガー,あまみ×ひなみ,NOV,5
FLOOR,FLAVOR-G,utzbo,NOV,6
BEMANI,朱と碧のランページ,covered by 儒烏風亭らでん(ReGLOSS),NOV,4
BEMANI,カジノファイヤーことみちゃん,covered by 一条莉々華(ReGLOSS),NOV,5
その他,Shooting Star,ReGLOSS,NOV,3
BEMANI,murmur twins (guitar pop ver.),covered by 音乃瀬奏(ReGLOSS),NOV,2
BEMANI,リメンバーリメンバー,covered by 轟はじめ(ReGLOSS),NOV,1
その他,FRENZY HEART,EBIMAYO,NOV,7
その他,HOLOGRAPHY,RYOQUCHA,NOV,5
その他,Like the Starlight,uma,NOV,6
東方アレンジ,東風に鳴き翠嵐を想う,めと（Metomate）,NOV,5
東方アレンジ,Breath of Faith,satie,NOV,4
BEMANI,焔華,movies(moimoi×Xceon×Dai.),NOV,4
その他,オーバーライド,吉田夜世,NOV,4
BEMANI,Timepiece phase Ⅱ,佐々木博史,NOV,7
その他,ライアーダンサー,マサラダ,NOV,3
東方アレンジ,幻想プロミネンス,deli. vs 駄々子 vs かなたん,NOV,5
その他,右肩の蝶 (空澄セナ Cover),のりP,NOV,3
東方アレンジ,Misfortune Crawler,Aoi,NOV,6
SDVXオリジナル,// If Summer Ever Comes_,黒魔,NOV,7
SDVXオリジナル,ØVER《Δ》,EmoCosine overlay,NOV,7
SDVXオリジナル,オムニシエント・ゼロ,ke-ji（CERTIA）,NOV,7
SDVXオリジナル,カミツレの成り方,テヅカ feat. 遠山小春,NOV,6
SDVXオリジナル,KINGDOM COME,RoughSketch,NOV,8
SDVXオリジナル,Grαnd Arχitect,CHUBAY,NOV,6
SDVXオリジナル,Lollipop Error 404,Tsubusare BOZZ feat.madoka*,NOV,6
東方アレンジ,千歳に泡影,Inaori feat.兎角あかり,NOV,3
東方アレンジ,Lost Gear Syndrome,polysha vs. モリモリあつし,NOV,6
BEMANI,EYE OF THE HEAVEN,"BEMANI Sound Team ""U1-ASAMi""",NOV,7
BEMANI,Electronic Sports Complex,栄免建設,NOV,7
BEMANI,EROICA,"BEMANI Sound Team ""HERO""",NOV,7
BEMANI,Secret Rouge,ハレトキドキ,NOV,4
BEMANI,Snow Garland Fairy,"BEMANI Sound Team ""KE!JU""",NOV,6
その他,ぐしゃ,ポラリスピー,NOV,4
その他,Dear Deer,Hylen,NOV,6
その他,DISTORDER,DJ Myosuke,NOV,7
ボーカロイド,アイスクリームマジック,雪乃イト,NOV,3
ボーカロイド,エクスプロウル,晴いちばん,NOV,4
その他,惑星ループ (花芽すみれ Cover),ナユタン星人,NOV,3
ボーカロイド,ギャ・ギャ・ギャ・ギャラクシー！,つきみぐー、,NOV,3
ボーカロイド,悲報！ワイ！ニート！,Shu,NOV,5
ボーカロイド,あおばの足音,駄菓子O型,NOV,3
ボーカロイド,覚悟せよ！エンタンメ～ン ～より身の切り売り自暴自棄版～,マキシウキョウ,NOV,5
BEMANI,Windy Fairy,DJ TOTTO,NOV,5
BEMANI,幻影ノ消失,Xceon feat. Mayumi Morinaga,NOV,5
BEMANI,SCHWARZSCHILD FIELD,L.E.D.,NOV,6
BEMANI,Towards The Horizon,かめりあ,NOV,6
BEMANI,ビューティフル レシート,Lucky Vacuum,NOV,6
その他,CO5M1C R4ILR0AD,kanone,NOV,5
その他,ヒュブリスの頂に聳えるのは,qfeileadh feat.のあ,NOV,6
その他,Ö<3rf10₩,momocaca (月乃×Capchii),NOV,7
その他,Crossfade,La prière,NOV,4
その他,星界のアルペジオ,yuichi NAGAO,NOV,6
SDVXオリジナル,神凪,BlackY feat. Risa Yuzuki,NOV,8
SDVXオリジナル,Gryphone,ETIA.,NOV,7
SDVXオリジナル,黒蝶のワルツ,ぺのれり,NOV,7
SDVXオリジナル,Who then no 灯,星野音楽工房,NOV,7
その他,神威,TJ.hangneil,NOV,7
ボーカロイド,テレパシ,DECO*27,NOV,3
ボーカロイド,What's up? Pop!,Capchii feat. 初音ミク,NOV,7
BEMANI,Caldwell 99,BlackY,NOV,6
BEMANI,シュレーディンガーの猫,Cait Sith,NOV,7
その他,かくれんぼ (胡桃のあ Cover),AliA,NOV,3
SDVXオリジナル,Ardenok,kanone VS nora2r,NOV,7
SDVXオリジナル,Our garden is blue.,庭師+Aoi,NOV,8
SDVXオリジナル,Golden Rotation,xi,NOV,6
SDVXオリジナル,Jupiter,technoplanet feat. Tamako Kinoshita,NOV,6
SDVXオリジナル,Titanomachia,打打だいず vs. siromaru,NOV,7
SDVXオリジナル,流転に咲く魂の花,めと（Metomate）,NOV,6
FLOOR,回想音楽 - Thank you for your playing music,deli.+駄々子,NOV,5
FLOOR,caramel ribbon (Tatsunoshin Remix),Tatsunoshin,NOV,5
FLOOR,XROSS INFECTION -xiRemix-,xi,NOV,7
FLOOR,The world of sound -celestial mix-,BlackY feat. Risa Yuzuki,NOV,6
FLOOR,Dynasty -dal segno-,Ashrount,NOV,6
その他,いいわけバニー,兎田ぺこら,NOV,2
その他,最強女神†ウーサペコラ,兎田ぺこら,NOV,4
その他,全人類　兎化計画！,兎田ぺこら,NOV,5
その他,ララララビット！！,兎田ぺこら,NOV,3
ひなビタ♪/バンめし♪,じもとっこスイーツ♪,ホララ・ホリック with 日向美ビタースイーツ♪,NOV,5
ひなビタ♪/バンめし♪,チョコレートスマイル,日向美ビタースイーツ♪ & ここなつ,NOV,4
ひなビタ♪/バンめし♪,ロマンシングエスケープ,ここなつ2.0,NOV,3
FLOOR,孤独のドロップハンター,otoshi.b×でか大×みゅい,NOV,4
FLOOR,ぼくらのはじまりのおと,Shiron+こふ×モリモリあつしと提供でお送りしました。,NOV,6
FLOOR,MiRÀi,#EmoCosine,NOV,5
FLOOR,Line markeR,打打だいず,NOV,5
FLOOR,reSTART yOUR STORIES,setu-O,NOV,6
FLOOR,C18H27NO3(ryhki remix),ryhki,NOV,6
FLOOR,Crack Traxxxx (108x3 BPM Remix),RoughSketch,NOV,6
FLOOR,大宇宙ステージ奈落変,めと（Metomate）,NOV,5
FLOOR,"Profession (αirlemoneX ""Mechanical Engineering"" Remix)",αirlemoneX,NOV,5
ボーカロイド,強風オールバック,Yukopi,NOV,1
その他,テトリス,柊マグネタイト,NOV,4
その他,人マニア,原口沙輔,NOV,2
ボーカロイド,メズマライザー,サツキ,NOV,3
FLOOR,一水山風,Enterskip,NOV,6
FLOOR,Superstar!,Tatsunoshin,NOV,7
FLOOR,永久の粒虹,Yu-dachi,NOV,5
FLOOR,鳳凰誓歌,流星のサイトシーイング feat.雪希,NOV,5
FLOOR,Lunatic Mare,Alkome,NOV,6
SDVXオリジナル,ヴァルプルギスの夜,すっかりBPM200以下の曲を作れない体に改造されてしまった哀れなかぼちゃを見るがいい,NOV,6
SDVXオリジナル,Guinevere～白き妖精～,ぺのれり,NOV,7
SDVXオリジナル,細氷,かねこちはる,NOV,7
SDVXオリジナル,X1GNUS,BlackY,NOV,6
SDVXオリジナル,Never Forget Evergreen,黒魔,NOV,6
SDVXオリジナル,Nebula Dysorder,かめりあ,NOV,7
SDVXオリジナル,For All The Challengers,cosMo＠暴走P,NOV,6
SDVXオリジナル,Little Red Riding Hood,RoughSketch,NOV,6
SDVXオリジナル,while (screen is blue),kamome sano,NOV,7
その他,Everything B.K.,nora2r,NOV,5
その他,B.B.K.K.B.K.K. (USAO Remix),nora2r Remixed by USAO,NOV,6
その他,B.B.K.K.B.K.K. (影虎。 & siqlo PsyRemix),nora2r Remixed by 影虎。 & siqlo,NOV,4
FLOOR,ΛNXIENT:LEGΛXIEZ,Ashrount,NOV,6
FLOOR,ØverwriteTheCatastrophe,deli.+駄々子,NOV,5
FLOOR,Cumulonimbus,Hidra-Xjeil,NOV,6
FLOOR,Kool Awesome Croon,Super Shrimp,NOV,5
その他,I'm Your Treasure Box ＊あなたは マリンせんちょうを たからばこからみつけた。,宝鐘マリン,NOV,3
その他,Ahoy!! 我ら宝鐘海賊団☆,宝鐘マリン,NOV,4
その他,美少女無罪♡パイレーツ,宝鐘マリン,NOV,2
その他,幽霊船戦,宝鐘マリン,NOV,5
BEMANI,Come to Life,ARM (IOSYS) feat. Nicole Curry,NOV,6
BEMANI,COSMIC V3LOCITY,"BEMANI Sound Team ""Coyaan & KE!JU & ZAQUVA""",NOV,7
BEMANI,SOLAR ECLIPSE,"Yuta Imai Vs. BEMANI Sound Team ""Yvya""",NOV,7
FLOOR,Imitated Visions,荒谷サトル,NOV,6
FLOOR,こどもかくしのアンダーランド,iru feat. 桃寝ちのい,NOV,6
FLOOR,憧憬のファンファーレ,CHUBAY,NOV,6
FLOOR,Xinca,隣の庭は青い(庭師+Aoi),NOV,7
FLOOR,JACK -the KING Ki11ing-,打打だいず vs. siromaru,NOV,7
FLOOR,すべてを賭して,ke-ji,NOV,6
FLOOR,Don't you dare play GOD,technoplanet feat. Tamako Kinoshita,NOV,8
FLOOR,Voice 2 Voice n Voice,Acotto,NOV,5
POPS&アニメ,Growing Up／アニメ「この素晴らしい世界に祝福を！３」より,Machico,NOV,3
FLOOR,GIGI BABA(brz_style),brz1128,NOV,5
FLOOR,"PANIC HOLIC (かめりあ's ""24600 POWER"" Remix)",かめりあ,NOV,6
FLOOR,Four Leaves (Whitelily. remix),Whitelily.(みーに&しろさきあや),NOV,4
BEMANI,OROCHI STRIKE,"Hommarju & BEMANI Sound Team ""兎々""",NOV,6
BEMANI,Blφφdy Cφncertφ,OSTER project & RoughSketch,NOV,6
BEMANI,REINCARNATION,P*Light,NOV,7
BEMANI,Lichtsäule,"かめりあ & BEMANI Sound Team ""PHQUASE""",NOV,7
BEMANI,Re:RHYZE,beatnation RHYZE,NOV,6
FLOOR,We Are GamerZ!,Ninja Never DieS!,NOV,6
FLOOR,∞vitUniverse,Lime,NOV,6
FLOOR,ハガネノツルギ,coTatsu,NOV,5
FLOOR,¡¡Fanta∽cramble!!,Potwi,NOV,5
東方アレンジ,残像ニ繋ガレタ追憶ノHIDEAWAY,"SOUND HOLIC Vs. BEMANI Sound Team ""KE!JU"" feat. Nana Takahashi",NOV,3
東方アレンジ,SUPER HEROINE!!,"Amateras Records vs BEMANI Sound Team ""TATSUYA"" feat. miko",NOV,3
東方アレンジ,弾幕信仰,"豚乙女×BEMANI Sound Team ""PON""",NOV,5
東方アレンジ,閉塞的フレーション,"Pizuya's Cell VS BEMANI Sound Team ""dj TAKA""",NOV,4
BEMANI,ARACHNE,MAX MAXIMIZER,NOV,6
BEMANI,梅雪夜,Qrispy Joybox feat.mao,NOV,3
BEMANI,Crazy Jackpot,Hommarju,NOV,5
BEMANI,黒紅掬い,猫叉Master feat.霜月はるか,NOV,4
BEMANI,Poochie,kors k,NOV,6
FLOOR,アイの雫,kuro,NOV,6
FLOOR,Almandite,7mai,NOV,6
FLOOR,邪魔をしないで,Symholic feat.狛茉璃奈,NOV,4
FLOOR,Hopscotch,GrivR.,NOV,5
FLOOR,XΛLT=ØVER,Ashrount,NOV,7
FLOOR,Entropic EnĤαncemEnt,CHUBAY,NOV,7
FLOOR,SAD1STIC Я04D,Enterskip,NOV,7
FLOOR,Sweetie Beauti Magic,打打だいず feat. 凜々,NOV,6
FLOOR,月明りの旅人たち,coTatsu,NOV,4
FLOOR,Two of Wonder Lights,technoplanet feat. Tamako Kinoshita,NOV,6
FLOOR,トキノコエト,setu-O meets 駄々子,NOV,6
FLOOR,Vigor(siqlo's Hi-Tech Veats),siqlo,NOV,5
FLOOR,おにいちゃんグリッチホップ ～eternal love remix～,HOUJIROU feat. 杠葉えりか,NOV,3
FLOOR,Scarlet Pinheel -appassionato-,BlackY,NOV,6
FLOOR,ミュージックプレイヤー （J-pop Remix）,technoplanet feat. Risa Yuzuki,NOV,6
FLOOR,WobbleTangleFestival (影虎。 & ikaruga_nex's HDM RMX),影虎。 & ikaruga_nex,NOV,4
FLOOR,King's Gambit,brz1128,NOV,6
FLOOR,七七七夕,Mono. + uynet,NOV,6
FLOOR,HEAVEN KNOWS,U-ske feat.石橋桃,NOV,6
FLOOR,You Only Live Twice,Sephid feat. aria,NOV,5
その他,愛昧ショコラーテ,角巻わため,NOV,2
その他,曇天羊,角巻わため,NOV,3
その他,My song,角巻わため,NOV,5
その他,What an amazing swing,角巻わため,NOV,4
FLOOR,Appliqué(Vocal Remix),nonomori feat. Nanao,NOV,6
FLOOR,Gate of Atlantis (Vocal ∞ Mix),MasKaleido feat. ぁゅ,NOV,5
FLOOR,The setting sun(burst),nozakita kazumi,NOV,4
FLOOR,Max Burning!!(GαineN Beyond yΩu Remix),概念,NOV,6
FLOOR,ARISE,Juggernaut.,NOV,7
FLOOR,Allegro Saetta,天束 vs. siromaru,NOV,7
FLOOR,{ eXLIPXe },{ かめりあ },NOV,8
FLOOR,ウイジン,"CHUBAY as ""NOVICE""",NOV,6
FLOOR,Ex concordia felicitas,Connexio,NOV,5
FLOOR,Colorful Magical Parade,Tsubusare BOZZ feat.madoka*,NOV,5
FLOOR,StellarflightS,otoshi.b,NOV,6
FLOOR,Knew Order,あまみ×ひなみ,NOV,4
FLOOR,NO SURRENDER,493Water,NOV,6
FLOOR,BEMANI PRO LEAGUE -SEASON 2- SOUND VOLTEX ULTIMATE MEDLEY,FLOOR LEGENDS -BPL S2 SDVX-,NOV,6
FLOOR,プリュネシエル,瀬名 feat. 音羽ことり。,NOV,4
FLOOR,Cuz we <3 this Game,打打だいず,NOV,7
FLOOR,Xeno Gravity,xi,NOV,7
FLOOR,NEMSYS ARENA World Hexathlon,隣の庭は青い(庭師+Aoi),NOV,8
FLOOR,異次元の孤独～カナタノキミヘ～,RoughSkreamZ feat. Sennzai,NOV,6
FLOOR,Crawl Out Immortal,U-ske feat.Parfaitty,NOV,5
FLOOR,SΛMVICΛ,seatrus -Reborn-,NOV,6
FLOOR,MΔX FLAVØR,EmoCosine overlay,NOV,6
FLOOR,Ars Magna,Riz,NOV,6
FLOOR,Inevitable Magic,Alkome,NOV,6
FLOOR,LOVE TONIC,影虎。,NOV,5
BEMANI,waxing and wanding,青龍,NOV,6
FLOOR,グリーディ・スターズ！,みーに feat. しろさきあや,NOV,5
FLOOR,Di-Da-De-Doo,Yu_Asahina ft.Mizutama,NOV,5
FLOOR,Break Through Δpex,Halv feat.Kuroa*,NOV,6
FLOOR,イグジスター,東雲蛍 feat. はぁち,NOV,6
その他,カミサマ・ネコサマ,猫又おかゆ,NOV,3
その他,毒杯スワロウ,猫又おかゆ,NOV,4
FLOOR,花火のおもちゃ箱,Yu-dachi,NOV,5
その他,もぐもぐYUMMY！,猫又おかゆ,NOV,2
FLOOR,La Nostra Storia!,polysha w/ mikanzil,NOV,6
BEMANI,Ambivalent Vermilia,"BEMANI Sound Team ""二代目朱雀 feat.朱雀""",NOV,7
FLOOR,V!LLA!N,Kaname,NOV,5
FLOOR,ON THE WORLD,Yuta Imai,NOV,6
BEMANI,ちょえちょえまぎか,Pizuya's Cell,NOV,4
BEMANI,Deep tenDon Reflex,"BEMANI Sound Team ""Coyaan""",NOV,6
FLOOR,TOYBOX CANNØN=͟͟͞ Σ≡=｡ﾟ:*.:+｡.☆,Mono.,NOV,6
FLOOR,群青纏う朱の槍,めと（Metomate）,NOV,6
FLOOR,CHOVERY GOOSE!!!,MYUKKE.,NOV,5
FLOOR,トリコエリヌム▽コンチェルト,qfeileadh,NOV,6
FLOOR,We Are All The Dreamer,Hommarju ft. かぼちゃ,NOV,5
FLOOR,Double or Nothing,Tatsunoshin,NOV,6
その他,アンチグラビティ・ガール,月ノ美兎,NOV,4
その他,コントレイル,葛葉,NOV,3
その他,Virtual to LIVE,にじさんじ,NOV,2
その他,Circuit Surfer,kors k,NOV,7
BEMANI,ちくわパフェだよ☆ＣＫＰ (Yvya Remix),"Remixed by BEMANI Sound Team ""Yvya""",NOV,5
ひなビタ♪/バンめし♪,ポラリスノウタ,ここなつ2.0,NOV,3
BEMANI,めうめうぺったんたん！！ (ZAQUVA Remix),"Remixed by BEMANI Sound Team ""ZAQUVA""",NOV,5
FLOOR,Λkasha,BlackY feat. Risa Yuzuki,NOV,8
FLOOR,=∴NOMADE∵OTION=,qfeileadh + yuichi NAGAO,NOV,6
FLOOR,OVEЯ+TUЯE,kanone VS nora2r,NOV,7
FLOOR,随神,影虎。,NOV,6
FLOOR,TOKAKU=ALMiRAJ,MYUKKE.,NOV,6
FLOOR,Burst Λnd reBoost,めと（Metomate）,NOV,7
FLOOR,レインボウ・フレーバー,みーに feat. 杠葉えりか,NOV,6
ボーカロイド,ポッピンキャンディ☆フィーバー！,キノシタ feat.音街ウナ・鏡音リン,NOV,3
ボーカロイド,ポジティブ☆ダンスタイム,キノシタ feat.音街ウナ・鏡音リン,NOV,4
FLOOR,GEROL (Yooh Remix),Yooh,NOV,5
FLOOR,Sayonara Planet Wars (Sot-C Remix),Sot-C,NOV,6
FLOOR,ドリームエンド・サバイバー(Hidra-Xjeil Remix),Hidra-Xjeil,NOV,6
FLOOR,Lovesick Lovetune(brz_style),brz1128 feat.しろさきあや,NOV,4
その他,おにけもだんす,いろはにほへっと あやふぶみ(白上フブキ/百鬼あやめ/大神ミオ),NOV,4
BEMANI,朧,白上フブキ,NOV,4
その他,KINGWORLD,白上フブキ,NOV,5
その他,Say!ファンファーレ!,白上フブキ,NOV,2
その他,Happiness World,BABACORN(宝鐘マリン/白上フブキ),NOV,3
BEMANI,QQ,"BEMANI Sound Team ""PHQUASE & ZAQUVA""",NOV,7
BEMANI,Stylus,"BEMANI Sound Team ""HuΣeR""",NOV,6
SDVXオリジナル,HeaveИ's Rain,モリモリあつし,NOV,8
SDVXオリジナル,Undead Raving Scare,RoughSkreamZ,NOV,7
SDVXオリジナル,and After the Merry BADEND,polysha,NOV,7
SDVXオリジナル,Enter The Rave,Tatsunoshin,NOV,5
SDVXオリジナル,SHARK IMPACT,ryhki,NOV,6
SDVXオリジナル,十三不塔,隣の卓は役満(庭師+Aoi),NOV,6
SDVXオリジナル,リュミレイラ,後藤 feat. nayuta,NOV,5
BEMANI,Amazing Mirage,lapix,NOV,5
BEMANI,Element of SPADA,猫叉Master feat.霜月はるか,NOV,5
BEMANI,KAMAITACHI,DJ TECHNORCH fw. GUHROOVY,NOV,6
BEMANI,Follow Tomorrow,HHH×MM×ST,NOV,4
BEMANI,Please Welcome Mr.C,C-Show,NOV,6
BEMANI,One More Lovely,Risk Junk,NOV,7
FLOOR,Voice 7 Voice!!!!!!!,かめりあ feat. ななひら,NOV,6
FLOOR,Demetel (Erixa ”MYTH” Remix),Erixa,NOV,5
FLOOR,Dawn of Asia(Alkome Remix),Alkome,NOV,5
FLOOR,ませまてぃっく♡ま＋ま＝まじっく！　～徹夜の追込みエナジーまっくす！～,KAH feat.こにゃばた,NOV,6
BEMANI,suspicions,"BEMANI Sound Team ""猫叉Master VS dj TAKA""",NOV,6
BEMANI,THE PEERLESS UNDER HEAVEN,"Yuta Imai Vs. BEMANI Sound Team ""L.E.D.-G""",NOV,6
BEMANI,stellar rain,"BEMANI Sound Team ""PHQUASE""",NOV,4
SDVXオリジナル,APØCALYPSE RAY,xi,NOV,8
BEMANI,パーフェクトイーター,"BEMANI Sound Team ""PON"" feat.かなたん",NOV,3
BEMANI,累乗のカルマ,めと（Metomate）,NOV,5
SDVXオリジナル,ΣMERGENCY CODΣ,概念,NOV,6
SDVXオリジナル,Spectacular“V”Adventure!,Enterskip,NOV,7
SDVXオリジナル,BLISS,ミハイル + K.key,NOV,5
SDVXオリジナル,Breakneck Pursuit,Ashrount,NOV,7
SDVXオリジナル,Marielle,ゆんゆん,NOV,6
SDVXオリジナル,忘れないように、失くさないように,Mono.,NOV,5
その他,おちゃめ機能,ゴジマジP feat. 重音テト,NOV,3
その他,おねがいダーリン,OИE,NOV,3
FLOOR,Absurd Gaff (Metallize Remix),Metal Giant,NOV,7
FLOOR,うぇるかむ -||祭みっくす||-,忠兵衛,NOV,6
BEMANI,Shera,MYUKKE.,NOV,5
BEMANI,birth,Yu_Asahina,NOV,6
BEMANI,Prayer,溝口ゆうま feat. 大瀬良あい,NOV,6
FLOOR,劇場版ムーニャポヨポヨスッポコニャーゴ~侵略だいず帝国！ドラマティック宇宙大戦争~,打打だいず,NOV,6
FLOOR,The EXworld of sound,"Remix by Aoi, Vocal by Kuroa*",NOV,6
FLOOR,トーキョーサマーナイト（華金Remix）,あまみ×ひなみ,NOV,4
FLOOR,Pixelated Platform (Super Honey!),そよもぎ,NOV,5
BEMANI,凛として咲く花の如く,大神ミオ,NOV,3
FLOOR,Juωpscare!!,coTatsu,NOV,6
FLOOR,Second Game,Tracy feat. miko,NOV,5
FLOOR,D.I.X.,日夜すずり feat. 凜々,NOV,6
FLOOR,ハッピーエンド,technoplanet feat. Kuroto Sion,NOV,6
FLOOR,PRIDE of the FIREBALL,かぼちゃ feat. CO-DA,NOV,5
POPS&アニメ,Realize／アニメ「Re:ゼロから始める異世界生活」より,鈴木このみ,NOV,3
POPS&アニメ,Redo／アニメ「Re:ゼロから始める異世界生活」より,鈴木このみ,NOV,2
FLOOR,CadenzaMaiden,u-z feat.紫咲ほたる,NOV,5
FLOOR,機械仕掛けの魔法使い,Tsubusare BOZZ feat.madoka*,NOV,4
FLOOR,天穹のアルカナビット,打打だいず + Tanchiky + siromaru,NOV,6
FLOOR,For.*tune,Capchii × low meow × Uzumaki,NOV,5
東方アレンジ,無意識レクイエム (cosmobsp rmx),cosMo＠暴走P (original arranged by 森羅万象),NOV,6
東方アレンジ,マツヨイナイトバグ,ビートまりおとまろん,NOV,5
東方アレンジ,無意識レクイエム,森羅万象,NOV,4
東方アレンジ,Lost Emotion feat. nomico,Alstroemeria Records,NOV,3
FLOOR,アルファ・スカイ,みーに feat. しろさきあや,NOV,4
FLOOR,いでぃおで結構！,諸星なな feat.加藤はるか,NOV,4
その他,ENERGY SYNERGY MATRIX,Tanchiky,NOV,5
FLOOR,Zero-Day Exploit(One-Day Fusion Mix),庭師,NOV,6
その他,WWW,HIMEHINA,NOV,3
その他,チェイスチェイスジョーカーズのうた,カギコ&チノン（CV:金元寿子&大空直美）,NOV,4
FLOOR,Chocolate Planet (いるちょこRemix),irucaice feat. ちょこ,NOV,5
FLOOR,Distorted Floor -Boosted-,M-UE vs. siromaru,NOV,6
その他,"Hello, Hologram",HIMEHINA,NOV,4
ボーカロイド,ヒバナ-Reloaded-,DECO*27,NOV,2
その他,Blossom,Synthion,NOV,5
BEMANI,Aerial Skydive,Dirty Androids,NOV,5
BEMANI,quaver♪,Risk Junk,NOV,6
BEMANI,FUJIMORI -祭- FESTIVAL,VENUS,NOV,3
BEMANI,Black or Red?,コスモドライバー  join. shully & Nimo,NOV,5
BEMANI,リリーゼと炎龍レーヴァテイン,黒猫ダンジョン,NOV,6
FLOOR,赫焉のヴァルキュリア -Ragnarøk-,ryhki,NOV,7
FLOOR,CUDDLIE CUDDLIE,ゆんゆん,NOV,5
FLOOR,Garland,ミハイル + K.key,NOV,6
FLOOR,SuddeИDeath,xi vs. モリモリあつし,NOV,8
FLOOR,S(TAR)²☆pistol,Mono.,NOV,6
FLOOR,ステラ・イミグレーション,後藤 feat. リリカ,NOV,5
FLOOR,Brave Power Leader 《 = Voltage = 》,概念,NOV,6
FLOOR,HALO,Tatsunoshin,NOV,7
FLOOR,零天視,隣の庭は青い(庭師+Aoi),NOV,6
BEMANI,アガット,Bazole,NOV,6
BEMANI,Welcome to the Mosh Pit,lapix,NOV,5
BEMANI,[E],dj MAX STEROID,NOV,5
BEMANI,少年リップルズ,常盤ゆう,NOV,6
その他,過去を喰らう,花譜,NOV,4
その他,食虫植物,理芽,NOV,2
その他,フォニイ,ツミキ feat.可不,NOV,3
FLOOR,Glory of Fighters,RoughSkreamZ,NOV,7
FLOOR,All We Need is HAPPY END!!!,polysha,NOV,7
SDVXオリジナル,Tickled Pink,"BEMANI Sound Team ""ZAQUVA""",NOV,6
FLOOR,DEUX EX MĀXHINĀ,Ashrount,NOV,7
FLOOR,MILITARY R04D,Enterskip,NOV,7
BEMANI,禊,Nhato,NOV,6
BEMANI,恋愛＝精度×認識力,"立秋 vs. BEMANI Sound Team ""L.E.D.-G"" feat.ちょこ＆ななひら",NOV,7
BEMANI,儚キ戀ノ幻想譚,まろん feat. あやぽんず＊ (森羅万象),NOV,5
FLOOR,Thousand Triggers,めと（Metomate）,NOV,6
FLOOR,trea→journey,CHUBAY,NOV,6
FLOOR,イグノアザーズ,U-ske feat. 安土桃,NOV,6
FLOOR,Paradigm Shift,あまみ×ひなみ,NOV,6
FLOOR,Fl0ating:,yuichi NAGAO,NOV,6
FLOOR,Petit espoir,しーけー,NOV,6
FLOOR,最果ての勇者にラブソングを,deli.+駄々子,NOV,6
FLOOR,灼ナル刃、破カヰ譜,Symholic feat.狛茉璃奈,NOV,6
FLOOR,Initiating League,EmoCosine vs. nora2r,NOV,6
FLOOR,Scat Jazz Dance,Super Shrimp,NOV,5
FLOOR,Ice Fortress,荒谷サトル,NOV,6
SDVXオリジナル,graduation,星野音楽工房,NOV,6
その他,シル・ヴ・プレジデント,P丸様。,NOV,2
FLOOR,MURASAME,Hommarju,NOV,6
FLOOR,ENDGAME,Yuta Imai,NOV,6
FLOOR,ИADIR,Ashrount vs polysha,NOV,6
FLOOR,WINNING ROAD,setu-O,NOV,6
FLOOR,Chat perché,Ange;art + Nota,NOV,6
ボーカロイド,グッバイ宣言,Chinozo,NOV,2
その他,透明声彩,YuNi,NOV,3
FLOOR,神罰,cosMo＠暴走P,NOV,6
FLOOR,Never Ending Future,#EmoCosine,NOV,6
FLOOR,Hydroblast,Aoi vs. siromaru,NOV,6
FLOOR,Μοῦσα,ushiee,NOV,5
FLOOR,Re:call,pan+meal feat.駄々子,NOV,5
BEMANI,[ ]DENTITY,"BEMANI Sound Team ""HuΣeR""",NOV,7
その他,Awakening Wings,伊達朱里紗,NOV,4
BEMANI,VOLAQUAS,"BEMANI Sound Team ""DJ TOTTO VS 兎々""",NOV,7
BEMANI,Snowmelt,"nora2r × BEMANI Sound Team ""Yvya""",NOV,6
BEMANI,perditus†paradisus,iconoclasm,NOV,7
BEMANI,White Stream,"BEMANI Sound Team ""ZAQUVA""",NOV,6
その他,インドア系ならトラックメイカー,Yunomi & nicamoq,NOV,3
ボーカロイド,ヴァンパイア,DECO*27,NOV,4
SDVXオリジナル,You Are My Best RivaL!!,cosMo＠暴走P,NOV,7
FLOOR,Imperator,Xe (αirlemoneX),NOV,6
FLOOR,ØƵ,Hommarju ft. Mayumi Morinaga,NOV,6
FLOOR,SHARK ATTACK,ryhki,NOV,6
FLOOR,Re:Rose Gun Shoooot!,あるふぁ,NOV,6
その他,Spider Dance / スパイダーダンス,Toby Fox,NOV,4
その他,SAVE the World,Toby Fox,NOV,5
その他,Heartache / 心の痛み,Toby Fox,NOV,1
その他,Battle Against a True Hero / 本物のヒーローとの戦い,Toby Fox,NOV,5
その他,MEGALOVANIA,Toby Fox,NOV,3
FLOOR,Splash Underwater,siqlo,NOV,5
FLOOR,涙の女神と無形のエトワル,Yu-dachi,NOV,6
FLOOR,夢幻泡影,wa.,NOV,6
SDVXオリジナル,Revvable Engine,nora2r,NOV,6
SDVXオリジナル,いまきみに,"Silentroom as ""少年R""",NOV,8
SDVXオリジナル,赫焉,打打だいず vs. siromaru,NOV,7
SDVXオリジナル,光風霽月,影虎。,NOV,6
SDVXオリジナル,STIGMA,U-ske feat. 棗いつき,NOV,6
SDVXオリジナル,VΛZiLiSQ,BlackY,NOV,7
SDVXオリジナル,Fαtα∠ Ent∠mEnt,CHUBAY,NOV,7
SDVXオリジナル,Lost Parliament,Juggernaut.,NOV,6
その他,あいあむなんばーわんパトラちゃん様,周防パトラ,NOV,5
その他,ぶいちゅっばの歌,周防パトラ,NOV,3
その他,ASGORE / アズゴア,Toby Fox,NOV,4
その他,Spear of Justice / 正義の槍,Toby Fox,NOV,3
その他,Death by Glamour / 華麗なる死闘,Toby Fox,NOV,4
その他,Finale / フィナーレ,Toby Fox,NOV,5
その他,Bonetrousle,Toby Fox,NOV,2
SDVXオリジナル,Avalanx,隣の庭は青い(庭師+Aoi),NOV,7
SDVXオリジナル,極夜、暁を望んで,めと（Metomate）,NOV,6
SDVXオリジナル,Grandeur,CANVAS x RoughSketch feat. Quimär,NOV,6
SDVXオリジナル,Stairway to the sun,Noah,NOV,6
SDVXオリジナル,すべてが幻になった後で,かめりあ・超機装幻楽隊,NOV,7
SDVXオリジナル,Bl∞min',MisoilePunch♪ -Forever-,NOV,8
SDVXオリジナル,LaμreLs ~the Angelus~,Ashrount,NOV,7
FLOOR,Across the Starlight,かゆき,NOV,6
SDVXオリジナル,Kontrol Line,Yooh,NOV,6
FLOOR,Twinkle Rookie,Halv,NOV,6
FLOOR,NOT YOUR IDOL,Yuta Imai,NOV,6
FLOOR,PHOTON BLAXT,seatrus,NOV,6
FLOOR,メテオライツ・プレリュード,みーに,NOV,5
BEMANI,"ピアノ独奏無言歌 ""灰燼""","BEMANI Sound Team ""Virkato Wakhmaninov""",NOV,7
ひなビタ♪/バンめし♪,イエルウタ,ここなつ2.0,NOV,3
ひなビタ♪/バンめし♪,カシオペアノヒカリ,ここなつ2.0,NOV,2
ひなビタ♪/バンめし♪,ステラレギア,ここなつ2.0,NOV,4
ひなビタ♪/バンめし♪,ハートシェイプ・スピカ,ここなつ2.0,NOV,5
ひなビタ♪/バンめし♪,マーメイドペレパスィ,ここなつ2.0,NOV,3
ひなビタ♪/バンめし♪,メモリーズ,ここなつ2.0,NOV,5
ひなビタ♪/バンめし♪,リバース,ここなつ2.0,NOV,4
FLOOR,Corrupting Wonderland,u-z feat.CHERICa,NOV,6
FLOOR,Struggle for Revival,NitoK,NOV,5
FLOOR,チクサクコールが懐かしい,諸星なな feat.加藤はるか,NOV,5
FLOOR,二分間の世界,Cororo,NOV,6
FLOOR,ROZELCIA,brz1128,NOV,6
BEMANI,SHOCKER BREAKER,Yu_Asahina,NOV,6
BEMANI,c2Theater,yaseta + Hidra-Xjeil,NOV,6
BEMANI,ミライチューナー,U-ske feat.すずしろ,NOV,4
BEMANI,メンタンピンドラドラ,enzo + O2i3,NOV,5
ボーカロイド,神っぽいな,ピノキオピー,NOV,3
その他,キリカ,HIMEHINA,NOV,3
その他,GOODTEK,EBIMAYO,NOV,6
FLOOR,サクラノソバニ！,Ray_Oh feat.みかん汁,NOV,5
その他,THE WORLD REVOLVING,Toby Fox,NOV,6
FLOOR,紫焔双穿,かめりあ,NOV,7
その他,DATAERR0R,Cosmograph,NOV,6
FLOOR,Decadence Mission,Jerico,NOV,6
FLOOR,爆烈歓迎♪エクストリーム飲茶旋風脚ッ!!,BlackY feat. Risa Yuzuki,NOV,6
FLOOR,Heroine is here,クルトン feat.ケィニ,NOV,4
FLOOR,FAR GONE,493Water,NOV,6
その他,フリコドウル,HIMEHINA,NOV,5
その他,Berry Go!!,Freezer feat.妃苺,NOV,5
FLOOR,Holy Trail,satie,NOV,7
FLOOR,Memory Flow,兎波かなで feat.とうな,NOV,6
FLOOR,勇者の卒業式,Verdammt,NOV,4
FLOOR,ユキバレ＊ぱれいど,coTatsu,NOV,4
SDVXオリジナル,Resonant Gear,Endorfin.,NOV,4
BEMANI,WICKeD CRφSS,OSTER project,NOV,6
BEMANI,CLAMARE,MAX MAXIMIZER,NOV,7
BEMANI,Crystalia,DJ TOTTO,NOV,6
BEMANI,SPECIAL SUMMER CAMPAIGN!,Lucky Vacuum,NOV,5
BEMANI,Flip Flap,kors k,NOV,4
FLOOR,蝕,めと（Metomate）,NOV,6
FLOOR,十の試煉,打打だいず vs. siromaru,NOV,7
FLOOR,Xb10r,隣の庭は青い(庭師+Aoi),NOV,7
FLOOR,火狐之舞,影虎。,NOV,6
FLOOR,MixxioN,MisoilePunch♪,NOV,8
FLOOR,Rhapsody ⚙f Triumph,かめりあ・超機裝旋楽隊,NOV,7
FLOOR,refluxio,Juggernaut.,NOV,6
FLOOR,EncorE & cALL,CHUBAY,NOV,7
FLOOR,Wings to fly high,Noah,NOV,6
FLOOR,AIM HIGHER,U-ske feat. 棗いつき,NOV,6
FLOOR,All for One,CANVAS feat. Quimär,NOV,6
FLOOR,AμreoLe ~for Triumph~,Ashrount,NOV,7
FLOOR,XHRONOXAPSULΞ,Silentroom,NOV,8
FLOOR,ZEUS,BlackY,NOV,7
その他,↑↑↓↓←→←→BA,meiyo,NOV,3
BEMANI,2 Beasts Unchained,kors k vs Yooh,NOV,7
BEMANI,ピアノ協奏曲第１番”蠍火”,virkato,NOV,7
BEMANI,Fegrix,Xceon vs DJ Command (Eurobeat Union),NOV,6
SDVXオリジナル,ゔぉるみっくす!!!!,かめりあ feat. ななひら,NOV,6
SDVXオリジナル,sparky spark,kamome sano,NOV,6
SDVXオリジナル,Test Flight,黒魔,NOV,5
SDVXオリジナル,Perfect Ultimate Celebration!!,2時間でPUCされたかぼちゃ,NOV,6
SDVXオリジナル,Foolish Again,lapix,NOV,5
SDVXオリジナル,PLANISPHERE,SOUND HOLIC feat. Nana Takahashi,NOV,4
SDVXオリジナル,夢の終わり、世界のはじまり。,TAKU1175 ft.駄々子,NOV,4
FLOOR,Unleashed Redness,DecisionS (kanone + nora2r),NOV,6
FLOOR,party:stage,かゆき,NOV,6
FLOOR,Rapsodia d'amore,xi,NOV,7
BEMANI,Aftermath,"BEMANI Sound Team ""猫叉Master & あさき & Yvya""",NOV,5
BEMANI,オリガミカル・スウィートラヴ,かめりあ feat. ななひら,NOV,5
BEMANI,キカイノミルユメ,はがね,NOV,4
BEMANI,～仔羊のナヴァラン・クリシェを添えて～,PiyoPiyo Kitchen,NOV,6
BEMANI,NIN-NIN-NIN!!,よああああ（ああああ＋yoa）,NOV,5
BEMANI,Refrain,お月さま交響曲,NOV,6
その他,Halloween Is Chaos,RoughSketch feat.北小路ヒスイ,NOV,5
BEMANI,eXtridia,unatra×Nego_tiator,NOV,5
BEMANI,Star☆Beat,PandaBoY feat.ななひら,NOV,6
BEMANI,スノウイコン,mazuka153,NOV,4
BEMANI,みたらしプラトニック (feat. nicamoq),Yunomi,NOV,5
BEMANI,Red＋White＝Kawaii,こすも８ｂｉｔ,NOV,6
その他,藍の華,HIMEHINA,NOV,5
POPS&アニメ,ヒトガタ,HIMEHINA,NOV,1
その他,Mr.VIRTUALIZER,HIMEHINA,NOV,3
東方アレンジ,スカーレット警察のゲットーパトロール24時,七条レタスグループ,NOV,4
東方アレンジ,天弓天華オトハナビ,ビートまりおとまろん,NOV,5
東方アレンジ,デンデラパーティーナイト,森羅万象,NOV,5
東方アレンジ,LUCKY CAT,ちょこふぁん,NOV,3
FLOOR,Archangelio,Juggernaut.,NOV,6
FLOOR,Going My Future!,#EmoCosine,NOV,6
FLOOR,フェアリーテイル・ラヴァーズ,みーに＠メルヘン風紀委員会書記,NOV,5
その他,竹,立秋 feat.ちょこ,NOV,6
東方アレンジ,PRESERVED VAMPIRE,SOUND HOLIC feat. Nana Takahashi,NOV,5
東方アレンジ,Love Love Scarlet,イノライfeat.怜花,NOV,4
FLOOR,XXanadu#climaXX,概念,NOV,6
FLOOR,Bigbang Faker,BlackY,NOV,6
BEMANI,Triple Cross,"BEMANI Sound Team ""dj TAKA & DJ YOSHITAKA & SYUNN""",NOV,6
SDVXオリジナル,《Re:miniscence》,かねこちはる,NOV,8
ボーカロイド,R.I.P.ゴシップの海,cosMo＠暴走P,NOV,5
BEMANI,STEEL NEEDLE,Scorpion,NOV,6
FLOOR,I Left for my Right,あの日字数制限に負けて追い出された「ゃ」,NOV,5
FLOOR,The King Of Red,Hommarju,NOV,6
FLOOR,The Clown of 24stairs,Yu_Asahina,NOV,7
FLOOR,まみむめ🍄まるっと🍄まっしゅるーむ🍄🍄,"かめりあ as ""まいたけラヴ"" feat. ななひら as ""エリンギ大好き""",NOV,5
FLOOR,黎明の情,TAKU1175 ft.駄々子,NOV,5
東方アレンジ,Empty Backdoor,森羅万象,NOV,4
東方アレンジ,驪駒早鬼は馬並み☆プロテイン,ARM × 狐夢想 feat.ななひら,NOV,4
東方アレンジ,限界突破リザレクション,まろん vs. モリモリあつし feat. ビートまりお,NOV,6
東方アレンジ,Jailbreaker,Hommarju feat. かぼちゃ,NOV,5
東方アレンジ,BEAT MAGIC,ランコ feat. Eurobeat Union,NOV,3
SDVXオリジナル,Reverenced Flower,ぺのれり,NOV,7
FLOOR,End of Guilty,kanone,NOV,6
FLOOR,charm♡you,U-ske feat.花柚,NOV,4
FLOOR,文月,nonomori feat. 亜沙美,NOV,3
SDVXオリジナル,Puni Puni Parade,MARON (IOSYS),NOV,6
BEMANI,ユメブキ,"紫崎 雪,Risa Yuzuki,709sec. by BEMANI Sound Team ""PHQUASE & SYUNN""",NOV,6
BEMANI,斑咲花,"mami,駄々子 by BEMANI Sound Team ""Akhuta Works""",NOV,6
BEMANI,カジノファイヤーことみちゃん,ARM feat. 山本椛 + Brasscapsule,NOV,6
BEMANI,スーパー戦湯ババンバーン,"すわひでお,秋成,かぼちゃ,藍月なくる,NU-KO by BEMANI Sound Team ""八戸亀生羅""",NOV,5
BEMANI,LIKE A VAMPIRE,"koyomi,星野奏子 by BEMANI Sound Team ""TAKA""",NOV,5
その他,Destined Marionette,ビートまりお（COOL&CREATE）,NOV,6
SDVXオリジナル,BAYONEX,"かめりあ as ""Revenge of Riot""",NOV,7
BEMANI,MOVE! (We Keep It Movin'),"Jonny Dynamite!,Lisa - paint with stars -,Rio Hiiragi by BEMANI Sound Team ""U1-ASAMi""",NOV,4
BEMANI,MA・TSU・RI,"かなたん,アマギセーラ,ぁゅ by BEMANI Sound Team ""藤森崇多""",NOV,4
SDVXオリジナル,αzalea,BlackY,NOV,7
その他,- Jupiter -,SHIKI,NOV,4
その他,Pure Ruby,SHIKI,NOV,6
FLOOR,Continuous Moment,影虎。,NOV,5
FLOOR,Chakra,uma,NOV,4
FLOOR,Restless Waitress,winddrums,NOV,6
FLOOR,"Aqua,Luna-rium",凛々咲,NOV,3
FLOOR,Vallasotiena,ろひ,NOV,6
FLOOR,G4ME ØVEЯ,Takenoko boy feat. metyao,NOV,6
SDVXオリジナル,ドゥサンコオデッセイ!!,cosMo＠暴走P,NOV,7
FLOOR,2094,Yuta Imai vs Blacklolita,NOV,5
FLOOR,Cappuccino Hearts,nora2r,NOV,6
FLOOR,Xymatic Scope,MasKaleido feat. ぁゅ,NOV,5
FLOOR,WILD FIRE,がるる,NOV,4
BEMANI,ABSOLUTE(ismK passionate remix),ismK,NOV,4
東方アレンジ,イヤホンロマンス,COOL&CREATE × 宝鐘マリン,NOV,3
BEMANI,EGOISM 440 (Ange;art remix),Ange;art,NOV,6
東方アレンジ,Over the Border,COOL&CREATE × 宝鐘マリン feat.不知火フレア,NOV,2
東方アレンジ,キャプテン・マリンのケツアンカー,COOL&CREATE × 宝鐘マリン,NOV,4
FLOOR,Gimme dreamin',BlackY feat. Risa Yuzuki,NOV,5
FLOOR,孤月群雲に沈む,めと（Metomate）,NOV,4
FLOOR,€omet popcorn,pan,NOV,6
FLOOR,PSYCHO+HEROES,かめりあ,NOV,6
東方アレンジ,シアワセうさぎ・ぺこみこマリン,COOL&CREATE × 兎田ぺこら、さくらみこ、宝鐘マリン,NOV,2
FLOOR,Screaming!!,CielArc,NOV,5
FLOOR,Devastated Territory,ryhki,NOV,5
BEMANI,ナナホシのうた,Retropolitaliens(Ms.+駄々子),NOV,3
FLOOR,Hurt me plenty,Noah,NOV,6
BEMANI,ばらんが!!!!,かめりあ feat. ななひら,NOV,5
東方アレンジ,"Help me, ERINNNNNN!! #幻想郷ホロイズムver.",COOL&CREATE × 宝鐘マリンと愉快な仲間たち,NOV,5
東方アレンジ,ホイホイ☆幻想ホロイズム,COOL&CREATE × 宝鐘マリン with ホロイズムファンタジー,NOV,5
FLOOR,Your SOUL Is Mine,fZy,NOV,6
FLOOR,Enter The Fire,Yooh,NOV,4
FLOOR,恋は君のそばでサクラサク,榮田一貴 feat.冬乃桜＆永久毎日,NOV,3
FLOOR,FEEL THE FORCE,brz1128,NOV,6
FLOOR,M-O-R-F-I-N-E,u-z feat.紫咲ほたる,NOV,5
BEMANI,Chewingood!!!,TORIENA,NOV,5
BEMANI,ディスコルディア,"ぺのれり vs. BEMANI Sound Team ""HuΣeR""",NOV,7
BEMANI,Verflucht,Tyrfing,NOV,6
FLOOR,神にした彼女が示す世界線,上村香月,NOV,6
FLOOR,#Namescapes,#Namescapes,NOV,2
BEMANI,Impress(siqlo's Hi-Tech Veats),siqlo,NOV,5
BEMANI,Elemental Creation -xiRemix-,xi,NOV,6
BEMANI,nostos -ark remix-,Se-U-Ra + しーけー,NOV,5
BEMANI,Blue Forest(NightBounce Remix),kanone,NOV,4
BEMANI,Macuilxochitl (Latin Jazz Mix),technoplanet,NOV,6
FLOOR,運命超過乃巡合,Aoi feat. Gra+yanshu,NOV,5
FLOOR,恋愛♡悪戯！？まじかる☆ぱふゅ～む！！,さわわ feat.杠葉えりか＆凜々,NOV,6
FLOOR,りむむむむむむ,立秋 feat.ちょこ,NOV,6
FLOOR,Vanishing Eidos,めと（Metomate）,NOV,5
FLOOR,木洩れ日に咲く,seatrus feat.杠葉えりか,NOV,5
FLOOR,SuperMiracleEnsemble,fnylsp,NOV,6
FLOOR,響く静寂,テヅカ,NOV,4
FLOOR,Metagame Matador,RoughSketch vs MAD CHILD,NOV,6
FLOOR,Le Merle Noir,Rigel Theatre,NOV,3
FLOOR,恋獄対刃,あるふぁ＋凜々,NOV,4
FLOOR,Innocent Azure,kuro,NOV,6
FLOOR,月下の舞兎祭,Aoi feat. Kuroa*,NOV,5
FLOOR,Souhait bleu,しーけー,NOV,6
FLOOR,Now loading…,つきみぐー、×如月結愛,NOV,2
FLOOR,Fun walk!!,Enterskip,NOV,5
FLOOR,Verstärkt Killer,MALVA.,NOV,5
FLOOR,Whip☆Drip,pan+テヅカ feat.桃雛なの,NOV,5
FLOOR,ラヴ♡チャンス!!,Ponchi♪ feat.はぁち,NOV,6
BEMANI,ABSOLUTE (saminun mix),あさり(saminun),NOV,5
ひなビタ♪/バンめし♪,アリスサイド・キャスリング,メリー・バッド・メルヘン,NOV,4
その他,Air,SHIKI,NOV,6
BEMANI,EMERALDAS (Yuta Imai Remix),Yuta Imai,NOV,6
BEMANI,#EmoCloche,#EmoCosine,NOV,6
ボーカロイド,オルターエゴ,Misumi,NOV,4
BEMANI,onslaught -Retaliation of Bahamūt-,かめりあ,NOV,7
その他,キラメキ居残り大戦争,森羅万象,NOV,5
その他,Chronomia,Lime,NOV,7
東方アレンジ,穢れなきユーフォリア,幽閉サテライト,NOV,4
その他,Sakura Fubuki,Street,NOV,5
BEMANI,SHION -sublimation mix-,BlackY feat. Risa Yuzuki,NOV,5
BEMANI,Scars of FAUNA(ろひ Remix),ろひ,NOV,4
その他,777,RoughSketch (Notebook Records),NOV,7
ひなビタ♪/バンめし♪,追憶のアリア,Blanc Bunny Bandit,NOV,3
その他,Destr0yer,削除 feat. Nikki Simmons,NOV,5
東方アレンジ,トランスダンスアナーキー,暁Records,NOV,5
BEMANI,ナスカの丘 (Hi-NRG Remix),Hyuji feat. LIQU@。& TadashiYamamoto,NOV,3
BEMANI,ナナホシ(lovely bubbly party mix!),naka3,NOV,5
ひなビタ♪/バンめし♪,花は折りたし梢は高し,夜叉姫神楽,NOV,5
ボーカロイド,*ハロー、プラネット。,sasakure.UK,NOV,2
ひなビタ♪/バンめし♪,叛逆のディスパレート,Vanitas Lacrimosa,NOV,5
その他,Bad Elixir,xi,NOV,7
SDVXオリジナル,VALKYRIE ASSAULT,"BEMANI Sound Team ""SYUNN""",NOV,6
東方アレンジ,緋色月下、狂咲ノ絶 (nayuta 2017 ver),EastNewSound,NOV,4
東方アレンジ,不可測的メトロポリス,少女フラクタル,NOV,3
その他,プナイプナイたいそう,立秋 feat.ちょこ,NOV,6
BEMANI,POSSESSION (Aoi Q.E.D. RMX),Aoi,NOV,6
東方アレンジ,門門しましょ,ビートまりお（COOL&CREATE）,NOV,4
ボーカロイド,ラストリゾート,Ayase,NOV,1
東方アレンジ,WARNING×WARNING×WARNING,暁Records,NOV,3
FLOOR,eternite,Ryo Arue,NOV,6
その他,ここからよろしく大作戦143,"BEMANI Sound Team ""あさき隊""",NOV,4
FLOOR,Thank you for your playing music,かぼちゃ feat. miko,NOV,6
その他,Symphonic Tear,"BEMANI Sound Team ""TAG""",NOV,5
BEMANI,世界の果てに約束の凱歌を -VOLTEX Mix-,"BEMANI Sound Team ""Sota Fujimori""",NOV,5
FLOOR,Defining Future,！すでのな,NOV,6
FLOOR,Non RolicK!!大冒険,Croire,NOV,5
FLOOR,who I am,カエルとネコ,NOV,4
FLOOR,le coeur patissiere,U-ske feat.Ri9,NOV,5
SDVXオリジナル,apo:llioth,Juggernaut.,NOV,6
SDVXオリジナル,With It This Heaven?,technoplanet,NOV,6
SDVXオリジナル,Calamity Tempest,Diceros Bicornis,NOV,7
SDVXオリジナル,Daisycutter,ETIA.,NOV,7
SDVXオリジナル,飄える翼追い掛けて,かめりあ feat. かめりあ,NOV,7
SDVXオリジナル,MAYHEM,RoughSketch x CANVAS feat. Quimär,NOV,8
SDVXオリジナル,ΛΛemoria,MisoilePunch♪,NOV,7
その他,プログレなぞなぞクイズのテーマ,"BEMANI Sound Team ""プログレッシブなぞなぞ星人""",NOV,5
FLOOR,SLEEPWALKER,monoq+RIZARDI,NOV,6
FLOOR,トーキョーサマーナイト,みーに,NOV,4
FLOOR,floating girl,あるふぁ feat. とおる,NOV,3
FLOOR,Hexennacht,rider,NOV,5
FLOOR,Holy Legacy,すのうまん,NOV,5
FLOOR,Ring！Run！Nyan!!,MisomyL,NOV,6
FLOOR,Valkyrja ~Aldrlag~,ℱsinfonia (Yu_Asahina 溝口ゆうま かなたん 大瀬良あい),NOV,6
FLOOR,おどりましょうよ！ドラゴンさん ～転生したらゲーム曲でした～,諸星なな feat.加藤はるか＆廣瀬祐輝,NOV,4
FLOOR,Φnd:you,かゆき,NOV,6
FLOOR,Blessing Bouquet,setu-O,NOV,6
FLOOR,Me:Tear,タケノコ少年 feat. 荒巻,NOV,5
FLOOR,MICHIZURE,708/残響P,NOV,4
FLOOR,Innocent,Alkome,NOV,6
FLOOR,Ethereal Lotus,wa. + 杠葉えりか,NOV,6
BEMANI,cloche(といぼっくすうぃんぐ　みっくす),coTatsu,NOV,4
BEMANI,Jetcoaster Windy,"BEMANI Sound Team ""dj TAKA"" feat.のの",NOV,5
FLOOR,濁色踊るオートマタ,めと（Metomate）,NOV,5
BEMANI,Blue Forest (Prog Keys Remix),とろまる,NOV,5
FLOOR,星の詩,しーけー feat.arinco,NOV,4
FLOOR,Lazurite,sazanami,NOV,6
BEMANI,狂水一華,"BEMANI Sound Team ""HuΣeR Vs. SYUNN"" feat.いちか",NOV,6
BEMANI,m1dy Deluxe,m1dy,NOV,6
BEMANI,New Decade,Sota F.,NOV,6
BEMANI,Lisa-RICCIA,DJ YOSHITAKA,NOV,7
FLOOR,iberis,gaburyu feat. Frosch,NOV,3
FLOOR,Electric Injury,siqlo,NOV,6
FLOOR,月々紅花,7mai,NOV,6
FLOOR,恋するレインガール,MasKaleido feat. ぁゅ,NOV,4
FLOOR,Sparkling Laser Beam,you,NOV,5
FLOOR,遷,隣の庭は青い(庭師+Aoi),NOV,5
BEMANI,Leviathan,山本真央樹,NOV,6
その他,METATRON,SHIKI,NOV,6
BEMANI,うさぬこぬんぬんファンタジー！,ARM(IOSYS) feat. 普透明度,NOV,5
FLOOR,VVelcome!!,MisoilePunch♪,NOV,7
FLOOR,†:OLPHEUX:†,Juggernaut.,NOV,7
FLOOR,GEMINI LA2ER,ミカルコスモ(せらみかる×cosMo＠暴走P),NOV,6
FLOOR,春告胡蝶,BlackY feat. Risa Yuzuki,NOV,6
FLOOR,ミュージックプレイヤー,Retropolitaliens(Ms.+駄々子),NOV,6
FLOOR,LubedeR,C-Show,NOV,7
FLOOR,Redshift 2nd Ignition,technoplanet,NOV,7
FLOOR,Яe:son D'être,SCHOOL CASTE(石見＆とおる),NOV,6
BEMANI,memento mori -intro-,あさき,NOV,6
その他,Xroniàl Xéro(EXIT TUNES),"かめりあ as ""menaXe inXonnu""",NOV,7
FLOOR,Ichi-Go! DX Pancake!,梅干茶漬け,NOV,6
FLOOR,おはようからおやすみまでかまってポメポメ,立秋 feat.ちょこ,NOV,6
FLOOR,Dooooope,RiMo,NOV,3
FLOOR,DO-IT-AMA-SITE!!!,MYUKKE.,NOV,5
FLOOR,Flaa Behavior,borzy,NOV,4
FLOOR,floorkiller,テヅカ,NOV,5
BEMANI,Sparkle Smilin',"BEMANI Sound Team ""Qrispy Joybox"" feat.いちか",NOV,5
BEMANI,DEEP PSYCHEDELIC STRIKER,影虎。,NOV,5
BEMANI,POSSESSION(Gowrock Remix),Gowrock,NOV,5
BEMANI,Re：Elemental Creation,uma meets モリモリあつし,NOV,6
POPS&アニメ,Daydream café (Euro Hopping Mix),"Remixed by BEMANI Sound Team ""TAG"" feat. ななひら",NOV,3
BEMANI,卑弥呼,朱雀 VS 玄武,NOV,7
POPS&アニメ,ふ・れ・ん・ど・し・た・い（WEREHEREMIX),Remixed by ボルテ学園生活部,NOV,4
POPS&アニメ,ユニバーページ（i-world Mix）,"Remixed by BEMANI Sound Team ""Yvya"" feat. かなたん",NOV,5
ひなビタ♪/バンめし♪,御伽噺に幕切れを,夜叉姫神楽,NOV,5
ひなビタ♪/バンめし♪,逆さま♥シンデレラパレード,メリー・バッド・メルヘン,NOV,5
ひなビタ♪/バンめし♪,至上のラトゥーリア,Vanitas Lacrimosa,NOV,4
ひなビタ♪/バンめし♪,ROOM,Blanc Bunny Bandit,NOV,2
FLOOR,Over The Top,Ashrount,NOV,6
FLOOR,トマヨイ,Spacelectro feat.椎木レク,NOV,6
FLOOR,Historia of Velnoti,KV.S&はらたま,NOV,5
FLOOR,夢見草奇譚,Paradise Eve feat.しゃみお,NOV,5
FLOOR,World of Iris,polysha,NOV,6
BEMANI,αρχη,Dormir,NOV,6
BEMANI,Nebulas,"BEMANI Sound Team ""Yvya""",NOV,6
BEMANI,Our Love,lapix,NOV,6
BEMANI,The First Step,Yooh,NOV,4
BEMANI,BLAZE∞BREEZE,"BEMANI Sound Team ""TAG×PON""",NOV,5
BEMANI,ラブキラ☆スプラッシュ,"BEMANI Sound Team ""Sota F."" feat.いちか",NOV,4
BEMANI,EGOISM -Rebuild-,HAMA topground,NOV,5
その他,L9,paraoka,NOV,6
BEMANI,Mynarco(Nagomu 2Step Remix),Akizuki Nagomu feat. fu-ko,NOV,6
BEMANI,焦がれ唄,ちきんぐ feat.TEA,NOV,4
BEMANI,Still Lonesome,PSYQUI,NOV,5
BEMANI,Bioslaves,mazuka153,NOV,5
BEMANI,Bolérrot,かねこちはる,NOV,6
BEMANI,MeteorA,Verseus,NOV,6
POPS&アニメ,かくしん的☆めたまるふぉ～ぜっ！（crabMixx）,土間うまる（CV.田中あいみ） Remixed by いぬ,NOV,2
POPS&アニメ,鏡面の波（ramble mix）,"YURiKA Remixed by BEMANI Sound Team ""DJ TOTTO""",NOV,4
FLOOR,色を喪った街,かめりあ feat. かめりあ,NOV,7
BEMANI,ENDYMION,fallen shepherd ft. RabbiTon Strings,NOV,7
FLOOR,Katharsis,u-z feat.CHERICa,NOV,6
FLOOR,SAMURAI TIGER,ぽんきち&ゆんゆん,NOV,6
FLOOR,666,RoughSketch,NOV,8
FLOOR,ZEИITH,Ashrount vs polysha,NOV,6
FLOOR,9TH5IN,ETIA.,NOV,7
FLOOR,ЯeviveR,Diceros Bicornis,NOV,7
BEMANI,Impress (bansou Remix),bansou,NOV,5
BEMANI,Elemental Creation (kamome sano Remix),kamome sano,NOV,6
SDVXオリジナル,VIVIDWAVERS,SDVX SOUND UNION,NOV,5
ひなビタ♪/バンめし♪,ハレ トキドキ メランコリック,ここなつ2.0,NOV,3
ひなビタ♪/バンめし♪,Finally Dive -kors k Remix-,ここなつ2.0,NOV,4
その他,ANGER of the GOD(EXIT TUNES),BlackY,NOV,6
BEMANI,ABSOLUTE (EUROBEAT REMIX),Tracy vs. Yu_Asahina,NOV,5
BEMANI,Valanga(polysha Remix),polysha,NOV,6
BEMANI,SHION (ロースピード幻想チューン Remix),HOUJIROU feat. 駄々子,NOV,3
FLOOR,Vividly Impromptu,BlackY,NOV,6
FLOOR,祭囃子,709sec. feat.Yui Chinen,NOV,5
その他,ULTRA B+K,nora2r,NOV,5
その他,MilK,モリモリあつし,NOV,5
BEMANI,ランカーキラーガール,中島由貴 × いちか,NOV,5
BEMANI,蛇神,Zektbach,NOV,6
FLOOR,Call of the World,お月さま交響曲,NOV,6
FLOOR,Turn the story,technoplanet feat. Kuroto Sion,NOV,6
BEMANI,Harmonia,ATSUMI UEDA,NOV,5
FLOOR,Jacob’s Elevator,まろん (IOSYS),NOV,6
BEMANI,Übertreffen,TAKA respect for J.S.B.,NOV,6
FLOOR,ЯegreT of MemoRy,からとP vs タケノコ少年,NOV,6
SDVXオリジナル,OZONE,"BEMANI Sound Team ""Sota Fujimori""",NOV,6
SDVXオリジナル,Believe In Yourself,kors k,NOV,6
SDVXオリジナル,OUTERHEΛVEN,Juggernaut.,NOV,7
SDVXオリジナル,"* Erm, could it be a Spatiotemporal ShockWAVE Syndrome...?",かめりあ,NOV,8
SDVXオリジナル,θコトノハθカプセルθ,cosMo＠暴走P,NOV,7
SDVXオリジナル,Teufel,Hommarju,NOV,6
SDVXオリジナル,Butterfly Twist,Yooh,NOV,6
SDVXオリジナル,Pulsar,はがね,NOV,6
SDVXオリジナル,pique,星野音楽工房,NOV,6
FLOOR,ultra turbo,kamome sano,NOV,4
FLOOR,近未来百鬼夜行譚～死返之巻～,近未来妖怪活劇をかぼちゃが謡う！　いざ！,NOV,5
SDVXオリジナル,タイムトラベル,モリモリあつし,NOV,6
FLOOR,PARTY TIME!,RoughSketch & Hommarju,NOV,6
その他,AXION,削除,NOV,5
FLOOR,D1g1t1ze b0dy,シルクパラソル（yoa＆かゆき） feat. まめこ,NOV,5
その他,Nhelv,Silentroom,NOV,6
FLOOR,Pixelated Platform,pan,NOV,4
BEMANI,Afterimage d'automne,"BEMANI Sound Team ""猫叉劇団""",NOV,6
BEMANI,おーまい！らぶりー！すうぃーてぃ！だーりん！,"BEMANI Sound Team ""PON"" feat.NU-KO",NOV,4
BEMANI,最小三倍完全数,DJ TECHNORCH,NOV,6
BEMANI,Six String Proof,"BEMANI Sound Team ""Yvya × Mutsuhiko Izumi""",NOV,5
BEMANI,toy boxer,"BEMANI Sound Team ""S-C-U & SYUNN""",NOV,5
BEMANI,Trill auf G,"BEMANI Sound Team ""dj TAKA""",NOV,6
BEMANI,BLACK JACKAL,Akira Complex,NOV,5
BEMANI,voltississimo,"BEMANI Sound Team ""PHQUASE""",NOV,7
BEMANI,ミッドナイト☆WAR,いちか,NOV,6
ボーカロイド,Sweetiex2(EXIT TUNES),Dixie Flatline,NOV,3
SDVXオリジナル,Typhoon Craaash!!,A-One,NOV,6
SDVXオリジナル,ねこみみ(=ФωФ=)ぱんでみみっく,ねこみりん feat.小宮真央,NOV,6
ボーカロイド,ロキ,みきとP,NOV,4
SDVXオリジナル,ΣgØ,かぼちゃ,NOV,8
SDVXオリジナル,ΩVERFLOW,BlackY,NOV,6
その他,Quark,Hate vs Brilliance,NOV,5
SDVXオリジナル,Ghost Family Living In Graveyard,RoughSketch,NOV,7
SDVXオリジナル,Sudden Visitor,黒魔,NOV,6
その他,Black Lotus,wa.,NOV,6
SDVXオリジナル,petits fours,kamome sano,NOV,6
SDVXオリジナル,星の透る夏空に願う,Yu-dachi,NOV,6
その他,MARENOL,LeaF,NOV,5
SDVXオリジナル,Lancelot ～Flame of the Rebellion～,ぺのれり,NOV,7
SDVXオリジナル,Aerial Fortress,xi,NOV,6
SDVXオリジナル,Dogeza Stairs,ビートまりお（COOL&CREATE）,NOV,6
SDVXオリジナル,LECTORIA,Cranky,NOV,6
FLOOR,eighth-slave,Yu_Asahina,NOV,6
FLOOR,Cynical Joker,brz1128,NOV,6
FLOOR,PIZZATIME,Tsubusare BOZZ,NOV,6
FLOOR,Mischievous theater,黒魔,NOV,5
SDVXオリジナル,mqlo,C-Show,NOV,6
FLOOR,エンゲージ〆ント,Croire,NOV,6
FLOOR,CLOUDS FLYER -sdvx edit-,ginkiha,NOV,4
FLOOR,偶然？ 必然？ アンビバレンス！,諸星なな feat.加藤はるか&YKI,NOV,4
FLOOR,Sunflower Vibes,Dustvoxx,NOV,5
FLOOR,V Sen5eS,MasKaleido VS 709sec.,NOV,6
SDVXオリジナル,Liar rain,しーけー,NOV,6
SDVXオリジナル,rE:Voltagers,Tanchiky,NOV,6
FLOOR,empty,Λerdammt,NOV,5
FLOOR,JǛPITΨR ♃ GЯÃVITÝ,YumAeL ex. 溝口ゆうま,NOV,5
ボーカロイド,ストリーミングハート,DECO*27,NOV,5
FLOOR,FIRST：DREAMS,uma vs. モリモリあつし,NOV,6
ボーカロイド,妄想税,DECO*27,NOV,4
ボーカロイド,弱虫モンブラン,DECO*27,NOV,4
FLOOR,アライヴ,あらいぐまファクトリー feat. okogeeechann,NOV,4
FLOOR,Into The Madness,Yuta Imai,NOV,5
SDVXオリジナル,Cloud Crasher,Hommarju,NOV,6
FLOOR,Circulator,Reaper,NOV,5
SDVXオリジナル,Barbless Ego,MAD CHILD,NOV,6
FLOOR,To:BrandNewDeadline,せいぎのあおぢる,NOV,6
東方アレンジ,悪戯センセーション,森羅万象,NOV,6
東方アレンジ,ΩBIRD,SOUND HOLIC feat. Nana Takahashi,NOV,6
東方アレンジ,Get over!!,猫大樹,NOV,3
東方アレンジ,Sweetest Paranoia,Amateras Records feat.築山さえ×抹(魂音泉),NOV,4
東方アレンジ,諏訪大信仰,ビートまりお＋あまね（COOL&CREATE）,NOV,6
東方アレンジ,DESIRE,溝口ゆうま feat. 大瀬良あい,NOV,6
東方アレンジ,Little Big Princess(DJ katsu EDIT),DiGiTAL WiNG with 空音,NOV,4
FLOOR,Atropa bella-donna,HOUJIROU,NOV,6
FLOOR,Adrenaline Rush,siqlo,NOV,5
FLOOR,clear:wings,かゆき,NOV,5
FLOOR,Xicholauncher,隣の庭は青い(庭師+Aoi),NOV,6
FLOOR,THE凸GENERATOR,cosMo＠暴走P,NOV,7
FLOOR,シープドリーミン,テヅカ feat. 大西あみみ,NOV,5
FLOOR,Chocolate Parade,Freezer feat.妃苺,NOV,6
FLOOR,ツマミ戦隊 タテレンジャー,ツマミ戦隊 タテレンジャー,NOV,6
FLOOR,Tribal Trial,Yooh,NOV,5
FLOOR,Barbatos,Crawk × Capchii,NOV,6
BEMANI,50th Memorial Songs -The BEMANI History-,BEMANI Sound Team,NOV,5
BEMANI,50th Memorial Songs -二人の時 ～under the cherry blossoms～-,BEMANI Sound Team,NOV,4
BEMANI,50th Memorial Songs -Flagship medley-,BEMANI Sound Team,NOV,4
FLOOR,アオアラシ,やどりぎ,NOV,6
FLOOR,Enchanté,winddrums,NOV,6
FLOOR,Bye or not,PSYQUI feat. mikanzil,NOV,5
FLOOR,VIVID DEBUT!,#EmoCosine,NOV,5
FLOOR,港町レディ,フーリンキャットマーク,NOV,4
FLOOR,Enigma II,とろまる,NOV,5
FLOOR,Aurolla,MisoilePunch♪,NOV,6
FLOOR,Glorious Journey,古屋直雪,NOV,6
FLOOR,Sacrifice Escape: 不条理の模倣による感情と代償,memex,NOV,5
FLOOR,翠雨の祷,Cororo feat.Yuria Miyazono,NOV,6
FLOOR,SociuS,Ellim Gnirps vs よみぃ,NOV,6
BEMANI,50th Memorial Songs -Beginning Story-,BEMANI Sound Team,NOV,4
ひなビタ♪/バンめし♪,革命パッショネイト,日向美ビタースイーツ♪,NOV,5
FLOOR,Sharkbait,ryhki,NOV,5
ひなビタ♪/バンめし♪,スイーツはとまらない♪,日向美ビタースイーツ♪,NOV,4
SDVXオリジナル,TENKAICHI ULTIMATE BOSSRUSH MEDLEY,TENKAICHI LEGENDS,NOV,7
ひなビタ♪/バンめし♪,熱情のサパデアード,日向美ビタースイーツ♪,NOV,6
FLOOR,Hi-Fi!!双子'S,technoplanet feat. ＯＲＩ姫 & やみん,NOV,5
FLOOR,120秒のエンドロール,colorless（からとP feat.脱線ぐーぅ）,NOV,5
ひなビタ♪/バンめし♪,ヒカリユリイカ,ここなつ,NOV,3
FLOOR,び,立秋 feat.ちょこ,NOV,6
ひなビタ♪/バンめし♪,ベビーステップ,ここなつ,NOV,5
FLOOR,無魎大数,cosMo＠暴走P,NOV,6
東方アレンジ,Addicted Moon,Amateras Records feat.築山さえ,NOV,4
東方アレンジ,ARROW RAIN feat. ayame,Alstroemeria Records,NOV,6
SDVXオリジナル,伊邪那美白山姫大神,Morrigan feat. リリィ,NOV,5
SDVXオリジナル,雲海,椎名　豪,NOV,5
SDVXオリジナル,vivid landscape,paraoka,NOV,6
その他,Enjoy This Time,DJ Noriken feat. yukacco,NOV,5
SDVXオリジナル,On take SUN,Sampling Masters MEGA,NOV,6
その他,怪盗Ｆの台本～消えたダイヤの謎～(EXIT TUNES),ひとしずく×やま△ feat.松下、eclair、おさむらいさん、柿チョコ、コニー、しゅーず、che:櫻井、nero、びびあん、mao（bass）、ゆう十、リシェ,NOV,6
東方アレンジ,Colors,REDALiCE feat.野宮あゆみ,NOV,4
東方アレンジ,Colorless feat.ももかみ,Spacelectro,NOV,5
SDVXオリジナル,君は Fantasista,杉下 トキヤ,NOV,6
SDVXオリジナル,GaLaXyEggPlanT,sasakure.UK,NOV,6
その他,GALAXY BURST(EXIT TUNES),かめりあ,NOV,6
東方アレンジ,クレイジークレイジーダンサーズ,ビートまりお＋あまね（COOL&CREATE）,NOV,6
ボーカロイド,消失(Hommarju Remix)(EXIT TUNES),cosMo＠暴走P,NOV,6
その他,Jack-the-Ripper◆,sasakure.UK,NOV,6
ボーカロイド,すきなことだけでいいです,ピノキオピー,NOV,5
SDVXオリジナル,scary night,岸田教団＆THE明星ロケッツ,NOV,6
東方アレンジ,全力ハッピーライフ,森羅万象,NOV,5
東方アレンジ,Together Going My Way,DiGiTAL WiNG with 空音,NOV,4
東方アレンジ,抜刀,猫大樹,NOV,4
SDVXオリジナル,bistro twins☆☆☆,OSTER project feat. かなたん,NOV,6
SDVXオリジナル,Believe (y)our Wings {V:IVID RAYS},RASIS COLORS（かめりあ ft. 紫崎 雪、ぁゅ、かぼちゃ、Kuroa*、SOPHY、みかん汁、みゅい）,NOV,5
SDVXオリジナル,Believe (y)our Wings {GRA5P WAVES},GRACE COLORS（かめりあ ft. 紫崎 雪、藍月なくる、荒巻、ＯＲＩ姫、かなたん、駄々子、はるの、ななひら）,NOV,5
SDVXオリジナル,FlowerNation,ゆうゆ feat. 華,NOV,4
SDVXオリジナル,BLIZZARD BEAT,SOUND HOLIC feat. Nana Takahashi,NOV,5
東方アレンジ,Princess Lily,溝口ゆうま feat. 大瀬良あい,NOV,5
ボーカロイド,ぼくらの16bit戦争,sasakure.UK,NOV,5
SDVXオリジナル,真夏の海の修道女,bermei.inazawa,NOV,4
東方アレンジ,真夏の蜜と唇 fm. 希望の星は青霄に昇る,ARM (IOSYS) ft. yukina (TUMENECO),NOV,5
東方アレンジ,迷夢ソウル,夕月椿(EastNewSound),NOV,5
東方アレンジ,零次元エクスプレス,SOUND HOLIC feat. Nana Takahashi,NOV,5
SDVXオリジナル,lEyl,t+pazolite feat. incl*incr,NOV,6
その他,Record one's Dream,uma vs. モリモリあつし,NOV,5
その他,Revolution(EXIT TUNES),lapix,NOV,5
BEMANI,V,TAKA,NOV,5
FLOOR,ULTRAVELOCITY,はがね,NOV,5
FLOOR,ΣmbryØ,かぼちゃ,NOV,8
FLOOR,Cross Fire,Hommarju vs RoughSketch,NOV,7
FLOOR,GODHEART,BlackY,NOV,7
FLOOR,THE HEAVEN,Juggernaut.,NOV,5
FLOOR,祝福の色彩は想い結ぶ君たち迄,Yu-dachi,NOV,6
FLOOR,Destiny,Yooh,NOV,6
FLOOR,*Feels Seasickness...*,かめりあ,NOV,8
その他,Adansonia,sweez / Meine Meinung,NOV,3
ボーカロイド,ゴーストルール,DECO*27,NOV,4
その他,スペクトラム,エルリ鳥 (O-SE + ueda),NOV,4
ボーカロイド,すろぉもぉしょん,ピノキオピー,NOV,3
その他,セイシュンライナー(EXIT TUNES),蝶々P meets まじ娘,NOV,5
ボーカロイド,moon(EXIT TUNES),iroha(sasaki),NOV,2
ボーカロイド,モザイクロール,DECO*27,NOV,3
SDVXオリジナル,ALTONA,SOUND HOLIC Vs. SWING HOLIC,NOV,6
SDVXオリジナル,She Turns Me On,"BEMANI Sound Team ""Sota Fujimori""",NOV,6
SDVXオリジナル,真っ白な靴,豚乙女,NOV,6
SDVXオリジナル,REDO the NIGHT,岸田教団＆THE明星ロケッツ,NOV,6
BEMANI,MODEL FT4,"BEMANI Sound Team ""Mutsuhiko Izumi""",NOV,6
BEMANI,Yum Yum Sweetie,t+pazolite,NOV,6
ボーカロイド,アンハッピーリフレイン,wowaka,NOV,5
その他,KIRAMEKI OVERDRIVE,FALL,NOV,3
ボーカロイド,Twilight ∞ nighT(EXIT TUNES),ひとしずく×やま△,NOV,3
その他,Poison AND÷OR Affection,LeaF,NOV,5
ボーカロイド,ローリンガール,wowaka,NOV,4
BEMANI,Catch Our Fire!,中島由貴,NOV,5
FLOOR,Divine's or Deal,winddrums vs cosMo,NOV,6
FLOOR,ファイナルレター,かねこちはる,NOV,6
FLOOR,ブチ上げ候！現代忍者三姉妹,溝口ゆうま feat. みこ♡なち♡あい,NOV,5
FLOOR,Musha Vibration,NA7,NOV,6
BEMANI,Sulk,SYUNN,NOV,5
BEMANI,†渚の小悪魔ラヴリィ～レイディオ†,夏色ビキニのPrim,NOV,6
BEMANI,Midnight City Warfare,sky_delta,NOV,6
その他,ouroboros -twin stroke of the end-,Cranky VS MASAKI「グルーヴコースター」より,NOV,6
SDVXオリジナル,逆月,"BEMANI Sound Team ""HuΣeR"" feat.Fernweh",NOV,7
その他,Xevel,Tatsh「CHUNITHM」より,NOV,6
その他,Taiko Drum Monster,steμ feat. siroa「太鼓の達人」より,NOV,6
BEMANI,Elemental Creation,dj TAKA meets DJ YOSHITAKA,NOV,7
BEMANI,Empathetic,Sota÷Des,NOV,6
BEMANI,お米の美味しい炊き方、そしてお米を食べることによるその効果。,大日本鉄倶楽部【あさき＆９６】,NOV,6
BEMANI,GAIA,猫叉L.E.D.Master+,NOV,6
BEMANI,Synergy For Angels,TAG×U1-ASAMi,NOV,5
BEMANI,STULTI,MAX MAXIMIZER VS DJ TOTTO,NOV,6
BEMANI,晴天Bon Voyage,TOMOSUKE × seiya-murai feat. ALT,NOV,4
BEMANI,創世ノート,PON+wac,NOV,6
BEMANI,虹色の花,Akhuta y OJ,NOV,5
BEMANI,ラキラキ,Mutsuhiko Izumi & S-C-U,NOV,5
東方アレンジ,Invisible Bullets,brz1128,NOV,5
東方アレンジ,Venomous Firefly,かめりあ,NOV,6
東方アレンジ,Tic Exe,Se-U-Ra,NOV,5
東方アレンジ,Night Rockin' Bird,kanone,NOV,5
東方アレンジ,Nostalgic Blood of the Strife,Laur,NOV,6
東方アレンジ,Princess K,Retropolitaliens(Ms.+駄々子),NOV,4
SDVXオリジナル,PROVOES*PROPOSE <<êl fine>>,"Yu_Asahina as ""papyrus""",NOV,6
東方アレンジ,マイネ・クライネ・ナハトムジーク,Die Ellipse (deli. with 倉田美和),NOV,4
FLOOR,Akzeriyyuth,Team&Dj Grimoire,NOV,6
ボーカロイド,異世界ノットパンピー(EXIT TUNES),164 feat.GUMI,NOV,4
ボーカロイド,嘘とぬいぐるみ(EXIT TUNES),Dixie Flatline,NOV,3
FLOOR,Coldlapse,Aoi vs. r0y,NOV,5
FLOOR,No way,影虎。,NOV,5
FLOOR,Beyond the BLUE,Ayato × sak × 田島千種,NOV,6
東方アレンジ,4NT1 D34D,N-Driver,NOV,4
東方アレンジ,Breakin' Asia,かたぎり,NOV,6
東方アレンジ,蓬莱フェスティボー,溝口ゆうま feat. みこ♡なち♡あい,NOV,5
東方アレンジ,Lunatic Sprinter,さわわ,NOV,6
BEMANI,SUPER SUMMER SALE,"BEMANI Sound Team ""U1 overground""",NOV,5
BEMANI,星座が恋した瞬間を。,"BEMANI Sound Team ""DJ TOTTO feat.MarL""",NOV,5
BEMANI,Puberty Dysthymia,"BEMANI Sound Team ""person09""",NOV,6
BEMANI,風鈴花火,"BEMANI Sound Team ""劇団レコード""feat.結良まり",NOV,4
BEMANI,Prey,"BEMANI Sound Team ""Dustup""",NOV,6
BEMANI,Life is beautiful,"BEMANI Sound Team ""猫叉Master""",NOV,6
BEMANI,Rejoin,"BEMANI Sound Team ""HuΣeR feat.PON""",NOV,5
その他,Sleepless days,猫叉Master feat.Mayumi Morinaga,NOV,4
その他,MAXIVCORD,"BEMANI Sound Team ""dj TAKA""",NOV,5
その他,Let's Bounce !!,"BEMANI Sound Team ""Sota F.""",NOV,3
東方アレンジ,灼熱のBlazin' Beat,CielArc,NOV,4
東方アレンジ,Burning Spark!,uma & nmk feat. 橘花音,NOV,5
東方アレンジ,Black night,Noah,NOV,6
SDVXオリジナル,まじかる生主＠りすなちゃん,DJ SHARPNEL feat. みらい,NOV,6
東方アレンジ,Liévre -blanche-,Diartzh,NOV,5
SDVXオリジナル,Another Chapter,からとP feat.リた☆,NOV,5
SDVXオリジナル,Absolute Domination,Laur,NOV,7
SDVXオリジナル,オニユリ,ぺのれり,NOV,6
SDVXオリジナル,Xronièr,"かめりあ as ""fluX Xroisé""",NOV,7
SDVXオリジナル,コメット⇒スケイター,U-ske feat.棗いつき,NOV,5
SDVXオリジナル,サイコパスラビット,うさぎ愛好会PSYCHOPATH(cosMo×syuri22),NOV,6
SDVXオリジナル,水簾ノ調,Capchii × Crawk,NOV,6
SDVXオリジナル,スラッシュ//シスターズ,はるなば with すずしろ&桃箱,NOV,6
SDVXオリジナル,そして黄金郷へ,TAKU1175 × かにまゆ,NOV,6
SDVXオリジナル,光射す澪のユズリハ,Cororo feat.Yuria Miyazono,NOV,6
SDVXオリジナル,Failnaught,xi,NOV,7
SDVXオリジナル,Fly Like You,technoplanet,NOV,7
SDVXオリジナル,Made In Love,黒魔,NOV,4
その他,FREEDOM DiVE,xi,NOV,7
FLOOR,Dark Matter,Yooh,NOV,5
FLOOR,ひとりぼっちの魔王,Verdammt,NOV,3
FLOOR,ホワイトパレード,梅干茶漬け,NOV,6
FLOOR,Justitia Gladius,kanone,NOV,6
FLOOR,Levier'n NābYss,MisoilePunch♪ ~Take No Complete~,NOV,6
東方アレンジ,Invisible Full Moon 古屋直雪 remix,古屋直雪,NOV,4
東方アレンジ,Victim of Nights,すのうまん,NOV,6
東方アレンジ,少女綺想曲 -G.X.N. Remix-,激戦の人,NOV,5
東方アレンジ,Mysterious Nights,あさり,NOV,4
FLOOR,BLAZING_LAZER,brz1128,NOV,6
FLOOR,Melty Sweets,Ironami,NOV,5
SDVXオリジナル,Reb∞t,"BEMANI Sound Team ""TAG""",NOV,6
東方アレンジ,KIMIDORI Streak!!,梅干茶漬け,NOV,6
FLOOR,Gate of Atlantis,MasKaleido,NOV,6
ボーカロイド,失敗作少女(EXIT TUNES),かいりきベア,NOV,4
東方アレンジ,Secret Traveler -MeniRemix-,Adust Rain,NOV,5
FLOOR,Knights Assault,零 -zero-,NOV,6
東方アレンジ,プレインエイジア(MRM REMIX),モリモリあつし,NOV,6
ボーカロイド,見世物ライフ(EXIT TUNES),"otetsu,164,蝶々P",NOV,4
FLOOR,MeteorGlow Aftermath,pan,NOV,6
BEMANI,ECHIDNA,HuΣeR,NOV,6
BEMANI,Chrono Diver -PENDULUMs-,猫叉L.E.D.Master+,NOV,7
SDVXオリジナル,Nexta,lapix,NOV,6
東方アレンジ,ILL-STARRED Diver,polysha,NOV,5
東方アレンジ,煙,庭師,NOV,5
FLOOR,SUPER BUBBLE JOURNEY,こふ,NOV,5
BEMANI,Touch My Body,anubasu-anubasu,NOV,5
東方アレンジ,誰が為に兎は舞う＝狂速狂騒曲＝,うさぎ愛好会(cosMo×syuri22),NOV,6
FLOOR,Blue Stream,とろまる,NOV,5
BEMANI,片翼のディザイア,Endorfin.,NOV,5
FLOOR,LastΩmegA,BlackY,NOV,6
BEMANI,La Danza del Fuego,Kiryu,NOV,4
BEMANI,Redshift,technoplanet,NOV,6
東方アレンジ,アワデコノヨヲ,AMAZE,NOV,5
FLOOR,Iridescent Clouds,Hidra-Xjeil,NOV,6
FLOOR,SAtAN,P*Light,NOV,6
東方アレンジ,disordered asia,シイナフユキ,NOV,4
FLOOR,Divine's:Bugscript,かゆき,NOV,6
東方アレンジ,Two of Us,Sound CYCLONE,NOV,4
東方アレンジ,Dreaming feat. nomico,Alstroemeria Records,NOV,4
東方アレンジ,私の恋色。,テヅカ feat. 大西あみみ,NOV,5
SDVXオリジナル,Arcade Prison,MAD CHILD vs. siromaru,NOV,5
BEMANI,Evans,DJ YOSHITAKA,NOV,6
その他,Oriens,ginkiha,NOV,6
その他,Decoy(EXIT TUNES),Yooh,NOV,6
その他,New Leaf(EXIT TUNES),BlackY vs. Yooh,NOV,6
その他,β(EXIT TUNES),BlackY,NOV,5
BEMANI,RHYZING BEAT,PHQUASE,NOV,5
その他,Re：End of a Dream,uma vs. モリモリあつし,NOV,6
SDVXオリジナル,業焔繚乱,BlackY,NOV,6
BEMANI,Sky High,Cuvelia,NOV,6
SDVXオリジナル,スピーカーガール！,TAKU1175 feat.かなたん,NOV,5
BEMANI,CHERNOBOG,漆黒のEBONY,NOV,6
BEMANI,ビビットストリーム,DJ TOTTO,NOV,4
BEMANI,Phlox,Sota Fujimori 2nd Season,NOV,5
SDVXオリジナル,BELOBOG,"BEMANI Sound Team ""純白のIVORY""",NOV,7
BEMANI,蟲の棲む処,かめりあ feat. Nana Takahashi,NOV,6
SDVXオリジナル,Royal Judgement,Kobaryo,NOV,6
BEMANI,ロプノールの商隊,Akhuta,NOV,6
BEMANI,惑星☆ロリポップ,SOUND HOLIC feat. Nana Takahashi,NOV,5
BEMANI,分けるな危険！モモモモモモーイズム,ARM×狐夢想 feat. 桃井はるこ,NOV,5
FLOOR,Awakening,technoplanet,NOV,7
FLOOR,Wings of Glory,Crawk × Capchii,NOV,6
FLOOR,crossing blue,ぺのれり,NOV,6
FLOOR,Xéroa,かめりあ,NOV,7
FLOOR,BlueMoon Princess,うさぎ愛好会(cosMo×syuri22),NOV,6
FLOOR,プラネタジャーニー,U-ske feat.棗いつき,NOV,5
FLOOR,メルヘン風紀委員会,はるなば with すずしろ&桃箱,NOV,5
FLOOR,Яe's NoVǢ,からとP feat.リた☆,NOV,6
ボーカロイド,からくりピエロ(EXIT TUNES),40mP,NOV,2
SDVXオリジナル,GERBERA-For Finalists-,remixed by cosMo＠暴走P,NOV,7
その他,Libera me,Cranky,NOV,6
ボーカロイド,ワールズエンド・ダンスホール,wowaka,NOV,5
FLOOR,I,黒魔,NOV,8
FLOOR,A Lasting Promise,Laur,NOV,7
FLOOR,CUTE-Reflection,7mai,NOV,6
FLOOR,Cloud 9,雄之助,NOV,6
FLOOR,Sacrifice and Faith,ℱsinfonia（Yu_Asahina　溝口ゆうま　かなたん　大瀬良  あい）,NOV,6
FLOOR,神話に芽吹く,Cororo,NOV,6
FLOOR,僕らの時間,テヅカ feat. 大西あみみ,NOV,6
FLOOR,羅生門,TAKU1175 × かにまゆ,NOV,6
FLOOR,Last Resort,xi,NOV,7
FLOOR,BREAKNECK NY☆N! NY★N!,ZerA,NOV,6
FLOOR,planetarium,SUi,NOV,6
BEMANI,MONOLITH,TOMOSUKE,NOV,6
FLOOR,Lionheart,P4koo,NOV,5
FLOOR,Random Box,LATI,NOV,4
BEMANI,CARNIVOROUS,SOUND HOLIC feat. Nana Takahashi,NOV,5
BEMANI,スカイダイバー,ヒゲドライバー feat.ヒゲドライVAN,NOV,5
BEMANI,SPACE VILLAGE,サイバー劇レコ,NOV,6
BEMANI,それは花火のような恋,夏色バーニングラブ☆Prim,NOV,6
BEMANI,トキメキストリーム,Qrispy Joybox,NOV,4
BEMANI,びいすと！,ビートまりおとARM,NOV,6
SDVXオリジナル,VOLTEXES IV,"BEMANI Sound Team ""Sota Fujimori""",NOV,5
BEMANI,メイビ～初恋！？ビスケット☆大作戦,DJ TOTTO×mitsu feat.BisCo(CV:洲崎綾),NOV,6
BEMANI,Lost wing at.0,猫叉Master+,NOV,6
BEMANI,cobalt,Des-ROW・組スペシアル,NOV,5
BEMANI,НУМЛ,Zutt,NOV,6
FLOOR,極彩天奏,かゆき,NOV,6
FLOOR,Zelophilia,ぺのれり feat.ぁゅ,NOV,5
FLOOR,ツキアカリ,タケノコ少年,NOV,6
FLOOR,ボーイミーツ・ブルー,うさぎ愛好会(cosMo×syuri22),NOV,5
ひなビタ♪/バンめし♪,ルミナスデイズ,ここなつ,NOV,4
FLOOR,Lowermost revolt,かめりあ feat. 歌劇派学生,NOV,6
FLOOR,Royal Action,BlackY,NOV,6
FLOOR,KAC 2013 ULTIMATE MEDLEY -HISTORIA SOUND VOLTEX- Empress Side,FLOOR LEGENDS -KAC 2013-,NOV,7
FLOOR,おにいちゃんハイテック,立秋 feat.ちょこ,NOV,5
FLOOR,Chaotic Romance,はるなば,NOV,6
FLOOR,Khionos TiARA,Ellim Gnirps vs よみぃ,NOV,6
FLOOR,Goddess Bless you,winddrums,NOV,6
FLOOR,Xibercannon,隣の庭は青い(庭師+Aoi),NOV,6
FLOOR,Destruction & Qreation,polysha+inusack,NOV,5
FLOOR,DropZ-Line-,Getty vs. DJ DiA,NOV,6
BEMANI,Be a Hero!,中島由貴,NOV,5
FLOOR,PIERROT KNIfE,まろん (IOSYS),NOV,5
SDVXオリジナル,OPEN MY GATE,ARM×狐夢想 feat. RINA (I've),NOV,5
SDVXオリジナル,All Clear!!,sky_delta,NOV,5
SDVXオリジナル,Cy-Bird,Yooh,NOV,5
SDVXオリジナル,#SpeedyCats,RoughSketch a.k.a. uno(IOSYS),NOV,6
SDVXオリジナル,TWO-TORIAL,"BEMANI Sound Team ""PHQUASE vs DJ TOTTO""",NOV,7
SDVXオリジナル,Hug!! Vs. Hug!!,はるなば,NOV,6
SDVXオリジナル,BEAST BASS BOMB,Hommarju,NOV,6
SDVXオリジナル,Far Away,lapix,NOV,5
SDVXオリジナル,闇夜に舞うは紅の華,TAKU1175,NOV,5
SDVXオリジナル,GERBERA,"BEMANI Sound Team ""TAG""",NOV,6
FLOOR,It's a new day!,パピ子りんft.ビタミンな兄貴♂＆ゆずり,NOV,4
FLOOR,HP:1,Verdammt,NOV,6
FLOOR,QUAKE,Polyphonix,NOV,4
FLOOR,゜*。Chantilly Fille。*°,Ange;art,NOV,5
FLOOR,春時雨,まし,NOV,4
FLOOR,Fairy in Strasbourg,Laur,NOV,3
FLOOR,Poppin’Cats!!,やどりぎ,NOV,5
その他,DREAMING-ING!!,ときめきアイドル project,NOV,3
その他,怒槌,光吉猛修「CHUNITHM」より,NOV,6
その他,Scarlet Lance,MASAKI（ZUNTATA）「グルーヴコースター」より,NOV,6
その他,セイクリッド ルイン,Drop＆祇羽 feat. 葉月ゆら「太鼓の達人」より,NOV,6
SDVXオリジナル,炎夏の音,Vocal by 駄々子,NOV,5
SDVXオリジナル,狂騒こども節,Vocal by かなたん,NOV,4
SDVXオリジナル,新米天使のメランコリー,Vocal by 荒巻,NOV,5
SDVXオリジナル,地球防衛乙女パンナコッター,Vocal by はるの,NOV,3
SDVXオリジナル,テレポーテーションでやってきた彼とのその後の顛末,Vocal by 藍月なくる,NOV,4
SDVXオリジナル,ペタ靴と憂夜リムーバー,Vocal by ＯＲＩ姫,NOV,5
ひなビタ♪/バンめし♪,キリステゴメン,東雲夏陽,NOV,5
ひなビタ♪/バンめし♪,けもののおうじゃ★めうめう,日向美ビタースイーツ♪,NOV,5
ひなビタ♪/バンめし♪,シノビシノノメ,東雲心菜,NOV,4
ひなビタ♪/バンめし♪,銃弾は解を撃ち抜いて,日向美ビタースイーツ♪,NOV,5
ひなビタ♪/バンめし♪,Drizzly Venom,日向美ビタースイーツ♪,NOV,5
ひなビタ♪/バンめし♪,ナイト・オブ・ロンド,日向美ビタースイーツ♪,NOV,3
ひなビタ♪/バンめし♪,ミラクル・スイート・スイーツ・マジック！！,日向美ビタースイーツ♪,NOV,4
FLOOR,couleur automnes de chocolat,Citrus and Ocean Colour,NOV,4
FLOOR,Ghost Trigger,u-z feat.CHERICa,NOV,6
FLOOR,Sadistic Stabbing,ぬゆりとびす,NOV,5
BEMANI,Time to Air (jazz it up style),borzy,NOV,4
東方アレンジ,チルノのパーフェクトさんすう教室　⑨周年バージョン,IOSYSと愉快な⑨周年フレンズ,NOV,5
その他,Doppelganger,LeaF,NOV,6
FLOOR,NEON LOVE♥POTION!!!,パイタン,NOV,5
FLOOR,444,ZYTOKINE feat. aki,NOV,5
BEMANI,waxing and wanding(SS Remix),しま兄,NOV,4
FLOOR,WONDER_WOBBLER,brz,NOV,5
BEMANI,Glitter Flatter Scatter,Project B-,NOV,6
東方アレンジ,Claidheamh Soluis-光の剣- feat.はるの,猫大樹,NOV,4
東方アレンジ,のぼれ八坂坂！,ビートまりおとARM,NOV,4
東方アレンジ,胸の中で誰かが,幽閉サテライト,NOV,2
FLOOR,Apocrypha,お月さま交響曲,NOV,5
FLOOR,Grand-Guignol,モリモリあつし,NOV,6
FLOOR,獅子奮迅,a_hisa vs KV.S&はらたま,NOV,5
FLOOR,Spirit of the Beast,ikaruga_nex fw.tcheb,NOV,6
FLOOR,Fáfnir,Aoi Sumito a.k.a. あおいひと,NOV,5
BEMANI,Concertino in Blue,佐々木博史,NOV,6
SDVXオリジナル,ULTiMATE INFLATiON,cosMo＠暴走Genocider,NOV,6
SDVXオリジナル,神獄烙桜,かゆき,NOV,6
SDVXオリジナル,Juggler's Maddness,Lite Show Magic,NOV,6
SDVXオリジナル,Staring at star,MisoilePunch♪ ～タケノコ添え～,NOV,6
SDVXオリジナル,セイレーン ～悲壮の竪琴～,ぺのれり,NOV,6
SDVXオリジナル,Dyscontrolled Galaxy,かめりあ,NOV,6
SDVXオリジナル,Deadly force,Noah,NOV,6
SDVXオリジナル,FIN4LE ～終止線の彼方へ～,カモメサノエレクトリックオーケストラ,NOV,7
SDVXオリジナル,WHITEOUT,かねこちはる,NOV,7
SDVXオリジナル,Mirrorwall,BlackY,NOV,6
BEMANI,Theme of Ricerca,HuΣeR feat.ゆきまめ,NOV,6
その他,Altale,削除,NOV,5
その他,PUPA,モリモリあつし,NOV,6
FLOOR,Game Over,Ancraft,NOV,5
FLOOR,JUNKIE FLAVOR,yaseta + Hidra-Xjeil,NOV,6
FLOOR,dreamin' of u,Jun Kuroda,NOV,5
FLOOR,rhythmology study,古屋直雪,NOV,5
FLOOR,Legendary Road,kanone,NOV,6
東方アレンジ,SACRIFICE feat. ayame,Alstroemeria Records,NOV,5
東方アレンジ,廃獄ドリームランド,SOUND HOLIC feat. Nana Takahashi,NOV,4
東方アレンジ,Burn everything,LiLA'c Records,NOV,2
東方アレンジ,冒涜的選択のアレグリア ft. Mayumi Morinaga,Iceon(Frost Fragment),NOV,3
東方アレンジ,Root Consciousness,溝口ゆうま feat.大瀬良あい vs. QURELESS,NOV,3
FLOOR,オンディーヌの泪,かねこちはる,NOV,6
FLOOR,ゴーストマスコット,はるなば feat.みかん汁,NOV,4
FLOOR,Gorgetech,Shiron,NOV,5
東方アレンジ,少女救世論,暁Records,NOV,3
東方アレンジ,Sweet Requiem,REDALiCE & aran,NOV,6
FLOOR,SprrRush!!,MisoilePunch♪ feat.KIRARI,NOV,5
東方アレンジ,つるぺったん,Silver Forest feat. くろねこ アキ さきち カガリ,NOV,4
FLOOR,ぱあ,立秋 feat.ちょこ,NOV,4
東方アレンジ,Finale,A-One,NOV,5
東方アレンジ,I feel something for you,556ミリメートル,NOV,2
東方アレンジ,透明な記憶の風穴,少女フラクタル,NOV,4
東方アレンジ,FIRE IN MY HEART,Spacelectro,NOV,2
東方アレンジ,幽玄の桜,音召缶 feat.Renna,NOV,5
東方アレンジ,雷鼓サンダービート,ARM(IOSYS) feat.ビートまりお(COOL&CREATE),NOV,5
東方アレンジ,Regretful Flower,Amateras Records feat.築山さえ,NOV,4
東方アレンジ,私とあなたのMYOURENJI☆,歌恋人,NOV,3
FLOOR,Vigor,Yooh,NOV,5
FLOOR,The Golden Era,polysha,NOV,6
BEMANI,405nm(Shu※mix),Shu※,NOV,6
BEMANI,Mind Mapping(ag Remix),ag,NOV,4
ひなビタ♪/バンめし♪,恋とキングコング,日向美ビタースイーツ♪,NOV,3
東方アレンジ,Technical Master,天音 (Rolling Contact),NOV,4
東方アレンジ,Dystopia,DiGiTAL WiNG feat.花たん/YURiCa,NOV,2
東方アレンジ,トーホータノシ (feat. 抹),魂音泉,NOV,5
東方アレンジ,NEWBORN CRYING,ZYTOKINE feat. nachi,NOV,3
東方アレンジ,物凄いスペースシャトルでこいしが物凄いうた,Halozy feat. ななひら,NOV,5
東方アレンジ,Crystallize Forest,奏瀬いちこ feat.Silver Forest,NOV,3
東方アレンジ,Blue Fire,REDALiCE feat. 野宮あゆみ,NOV,4
東方アレンジ,Voltage Higher,A-One,NOV,5
FLOOR,Gaze ft. 紫崎 雪,Omnis,NOV,5
FLOOR,Junk Mania,udouddo&VALLEYSTONE,NOV,5
BEMANI,雪月花 (Shiron & Sound Artz Remix),Shiron vs. Sound Artz,NOV,4
BEMANI,Narcissus At Oasis (Freezer Remix),Freezer,NOV,5
BEMANI,We Go Down,DJ Genki feat. SHIN from HYPERNOVA With 三代,NOV,6
その他,The Formula,Junk,NOV,5
FLOOR,Inscape,technoplanet,NOV,6
FLOOR,VAMPIRE,nyankobrq,NOV,4
FLOOR,クリスタルミサイル,フーリンキャットマーク～with 鳴紗,NOV,3
FLOOR,Smoked Turkey Rag,a_hisa,NOV,4
FLOOR,Cepheus,しらこいし,NOV,4
FLOOR,FLOOR INFECTION Medley from SOUND VOLTEX×jubeat,United Composers from SOUND VOLTEX,NOV,6
FLOOR,湖底遺跡のヴィダー・ハル,borzy & 結月そら,NOV,4
FLOOR,sink into the dream,uma,NOV,4
BEMANI,Genesis At Oasis (Hirayasu Matsudo Remix),Hirayasu Matsudo,NOV,5
ボーカロイド,パンダヒーロー,ハチ,NOV,2
BEMANI,POLICY BREAK Medley from SOUND VOLTEX×jubeat,United Composers from jubeat,NOV,5
ボーカロイド,マトリョシカ,ハチ,NOV,3
BEMANI,Line 4 Ruin -kohumix-,こふ,NOV,5
ひなビタ♪/バンめし♪,ナナイロライト,ここなつ,NOV,3
FLOOR,iLLness LiLin,かねこちはる,NOV,7
FLOOR,ΩVERSOUL,BlackY,NOV,6
FLOOR,Gamerz FestivaL,うさぎ愛好会(cosMo×syuri22),NOV,6
FLOOR,Sailing Force,ぺのれり,NOV,7
FLOOR,超☆超☆光☆速☆出☆前☆最☆速!!! スピード★スター★かなで,かめりあ feat. ななひら,NOV,8
BEMANI,Rebellio,MAX MAXIMIZER VS DJ TOTTO,NOV,7
BEMANI,Fly far bounce,猫叉Master,NOV,5
BEMANI,恋歌疾風！かるたクイーンいろは,ねこまんまチーム！,NOV,5
FLOOR,Carry Me Away,lapix,NOV,5
BEMANI,壊Rave*it!! 壊Rave*it!!,LeaF,NOV,6
FLOOR,SO FLY ME TO YOU,ローゼライト powered by mu-ray,NOV,3
BEMANI,Narcissus At Oasis -影虎。 style-,影虎。,NOV,5
BEMANI,Boss Rush,USAO,NOV,6
BEMANI,If,Pa's Lam System,NOV,5
FLOOR,infinite:youniverse,かゆき,NOV,6
FLOOR,Immortal saga,Noah,NOV,6
FLOOR,Fin.ArcDeaR,MisoilePunch♪ ～タケノコ添え～,NOV,6
FLOOR,HE4VEN ～天国へようこそ～,カモメサノエレクトリックオーケストラ,NOV,7
FLOOR,Make Magic,Lite Show Magic,NOV,6
東方アレンジ,ケムマキunderground,t+pazolite feat. リズナ,NOV,6
東方アレンジ,盗宝,猫大樹,NOV,3
東方アレンジ,刃の如く ft. ネコメアリ,Iceon(Frost Fragment),NOV,3
ひなビタ♪/バンめし♪,デュアルメモリ,ここなつ,NOV,3
BEMANI,Engraved Mark-Gow's ill! RMX-,Gowrock,NOV,6
BEMANI,Sakura Mirage -Drum'n World-,Kairys,NOV,5
FLOOR,準備運動,すのうまん,NOV,6
FLOOR,fancy cake!!,あるふぁ,NOV,5
BEMANI,Rebuilding of Paradise Lost,Laur,NOV,5
FLOOR,黎明スケッチブック,アメツチ絵日記,NOV,5
FLOOR,ドリームエンド・サバイバー,ぽんきち,NOV,6
FLOOR,キュリオシティ,庭師,NOV,6
FLOOR,Noisy Minority,DJ Grimoire,NOV,6
BEMANI,3y3s (JMBS FUNKOT RMX),"Jockie ""MASTA BASS"" Suama",NOV,5
その他,Aragami,xi,NOV,6
東方アレンジ,Alice Maestera feat. nomico,Alstroemeria Records,NOV,2
東方アレンジ,斑鳩,豊田竜行,NOV,3
ボーカロイド,インビジブル(EXIT TUNES),kemu,NOV,5
ボーカロイド,インフルエンサー・イズ・デッド(EXIT TUNES),じーざす（ワンダフル☆オポチュニティ！）,NOV,2
ボーカロイド,裏表ラバーズ,wowaka,NOV,3
ボーカロイド,永遠に幸せになる方法、見つけました。(EXIT TUNES),うたたP,NOV,4
FLOOR,EDEN of TRUTH,Braflare(kanone&かぼちゃ),NOV,5
BEMANI,Aurora(Latinized Style),mommy,NOV,4
その他,オトゲラヴ！,ねこみりん feat.小宮真央×みゆ×えみゅう。,NOV,5
BEMANI,朧 (kamome sano remix),kamome sano feat. Kuroa*,NOV,4
その他,Candy Star,DJ Genki feat. yukacco,NOV,4
BEMANI,きゅん×きゅんばっきゅん☆LOVE,松下feat.Sota & wac,NOV,4
FLOOR,JUGGLE,Ras,NOV,4
その他,JULIAN,Queen P.A.L.,NOV,5
FLOOR,水槽のクジラ,テヅカ feat. 大西あみみ,NOV,5
BEMANI,starmine (nora2r Remix),nora2r,NOV,6
BEMANI,Second Heaven GravityPfArrange,cosMo＠暴走P,NOV,5
ボーカロイド,千本桜,黒うさP feat.初音ミク,NOV,2
BEMANI,零の位相,kradness,NOV,5
FLOOR,Dharma,Massive New Krew,NOV,5
FLOOR,Chocolate Planet,Freezer feat.妃苺,NOV,6
東方アレンジ,Take to Lips,Sound CYCLONE feat.大瀬良あい&℃iel,NOV,2
東方アレンジ,トラウマ催眠少女さとり！,DJ SHARPNEL feat. 一ノ瀬月琉,NOV,6
その他,TRICKL4SH 220,Lite Show Magic,NOV,6
その他,Dreadnought,Mastermind(xi+nora2r),NOV,6
その他,New Game feat.Mayumi Morinaga,The 4th,NOV,5
東方アレンジ,Nostalgia,矢鴇つかさ feat. 三澤秋,NOV,3
その他,HiGHER,REDALiCE,NOV,5
FLOOR,Four Leaves,Endorfin.,NOV,5
FLOOR,Heavenly Adventure,Soleily,NOV,5
SDVXオリジナル,HEAVENLY SMILE,VALLEYSTONE feat. 紫崎 雪,NOV,5
BEMANI,bass 2 bass [Tracy vs. Astronomical Remix],Tracy vs. Astronomical,NOV,4
その他,Poppin' Shower,P*Light,NOV,4
その他,焔 -MAGMA-,SOUND HOLIC feat. Nana Takahashi,NOV,6
東方アレンジ,LOVE EAST,暁Records,NOV,3
その他,Solar Storm,xi「グルーヴコースター 3 リンクフィーバー」より,NOV,6
BEMANI,{albus},かめりあ,NOV,6
FLOOR,いつかの夢、またねの約束。,TAKU1175 ft. 駄々子,NOV,4
FLOOR,#Endroll,uno & D.watt (IOSYS TRAX),NOV,5
FLOOR,Quaint Echo,KLing(Aoi+Yunosuke),NOV,6
FLOOR,Zero-Day Exploit,Trerey-U,NOV,6
ひなビタ♪/バンめし♪,ヒミツダイヤル,ここなつ,NOV,3
BEMANI,Metamorphobia,winddrums,NOV,6
FLOOR,ゆうしゃのふゆやすみ,Verdammt,NOV,4
FLOOR,REGALIA,Riz,NOV,6
東方アレンジ,シアワセうさぎ,あまね＋ビートまりお（COOL&CREATE）,NOV,2
東方アレンジ,Lonly Ranunculus,Amateras Records feat.築山さえ,NOV,4
BEMANI,JOMANDA,DJ YOSHITAKA,NOV,6
SDVXオリジナル,極圏,cosMo VS dj TAKA,NOV,6
東方アレンジ,アルティメットトゥルース -Phantasm-,ふりらい feat. あにょ,NOV,5
東方アレンジ,Issen,tanso a.k.a. モリヤマサト,NOV,4
東方アレンジ,Clash of swords,Noah,NOV,6
東方アレンジ,ジャンピン・スマイル,梅干茶漬け,NOV,5
東方アレンジ,Spice Road,C-CLAYS feat.小峠舞,NOV,3
東方アレンジ,東方妖々夢 ULTIMATE MEDLEY,uma vs. モリモリあつし,NOV,6
東方アレンジ,Phantom dinning tonight!,Tomoya feat. 黒崎朔夜,NOV,4
東方アレンジ,lost chain,まぁ言うてかぼちゃの色も橙だし多分大丈夫,NOV,4
FLOOR,IKAROS DYNAMITE!!!!,BlackY,NOV,6
FLOOR,Emperor's Divide,にゃそ,NOV,6
FLOOR,cross the future,uma,NOV,5
FLOOR,GEOMETRIA,Shiron,NOV,6
BEMANI,絶対零度,かねこちはる,NOV,6
FLOOR,↓↓↓,庭師,NOV,6
BEMANI,ネコクマウササー,溝口ゆうま feat. みこ♡なち♡あい,NOV,5
FLOOR,Prayer,ぺのれり,NOV,6
ひなビタ♪/バンめし♪,バイナリスター,ここなつ,NOV,3
東方アレンジ,Shirogane,nmk vs b-UMB feat.青砥 雫 a.k.a. ℃iel,NOV,3
東方アレンジ,そして紫の幻想曲は全てを受け入れる,黄泉路テヂーモ×dawn-system,NOV,5
東方アレンジ,Fabula Nova,unatra,NOV,3
東方アレンジ,MAGATORO,上村香月,NOV,4
東方アレンジ,You Know-SDVX EDIT-,源屋 with Kuroa*,NOV,4
ボーカロイド,ANTI THE∞HOLiC(EXIT TUNES),GAiA×cosMo＠暴走P,NOV,5
その他,０=Xerostrumental=(EXIT TUNES),cosMo＠暴走P,NOV,4
その他,Halcyon,xi,NOV,6
SDVXオリジナル,FLügeL《Λrp:ΣggyØ》,かねこちはる,NOV,7
ひなビタ♪/バンめし♪,イブの時代っ！,日向美ビタースイーツ♪,NOV,3
BEMANI,Angelic Jelly,t+pazolite,NOV,6
BEMANI,Grand Chariot,xi,NOV,5
BEMANI,StrayedCatz,削除,NOV,3
BEMANI,Sephirot,SHIKI,NOV,3
BEMANI,ZEPHYRANTHES,TAG,NOV,6
SDVXオリジナル,DIABLOSIS::Nāga,sky_delta,NOV,7
BEMANI,Triple Counter,DJ YOSHITAKA meets dj TAKA,NOV,7
SDVXオリジナル,NEO TREASON,lapix,NOV,5
SDVXオリジナル,Lord=Crossight,ぺのれり,NOV,7
FLOOR,eastward -sdvx edit-,ginkiha,NOV,4
FLOOR,Voynich:Manuscript,かゆき,NOV,5
SDVXオリジナル,Completeness Under Incompleteness,"かめりあ as ""Reverse of Riot""",NOV,5
FLOOR,The End of War,たちのん as Project Mayhem,NOV,5
SDVXオリジナル,Celestial stinger,Noah,NOV,6
その他,B.B.K.K.B.K.K.,nora2r,NOV,5
東方アレンジ,akasha-assembly,溝口ゆうま from セブンスヘブンAmmy's,NOV,5
SDVXオリジナル,ウエンレラの氷華,Cororo,NOV,5
東方アレンジ,Everything but the Girl,発熱巫女～ず,NOV,3
SDVXオリジナル,Ok!! Hug Me,はるなば,NOV,6
東方アレンジ,Death Blossom,REDALiCE feat. Ayumi Nomiya,NOV,5
東方アレンジ,Never Let It End,FELT,NOV,3
BEMANI,Paradission,BlackY,NOV,5
BEMANI,MERRiESTxHOLiC,miko♡nachi feat.u-z,NOV,3
BEMANI,Laughin' Muffin,Gowrock,NOV,5
東方アレンジ,Locus of Control,EastNewSound feat. 3L from NJK Record,NOV,3
BEMANI,Lo-Fi-M,yaseta,NOV,5
東方アレンジ,或る春の日,豚乙女,NOV,3
東方アレンジ,ゲキツイムラサ,ビートまりお（COOL&CREATE）,NOV,5
東方アレンジ,善悪の頂にある真実,幽閉サテライト feat. senya,NOV,2
東方アレンジ,Solitude & Nightmare,猫大樹,NOV,4
東方アレンジ,Discover the Life,A-One,NOV,4
東方アレンジ,ancient garden,Cororo,NOV,4
BEMANI,踊るフィーバーロボ,ダニエル&eimy と よしくん,NOV,6
SDVXオリジナル,Get back here,Hommarju,NOV,6
BEMANI,Time to Air -Fly High Remix-,xi,NOV,6
東方アレンジ,Deadly Dolly Dance,Shiron,NOV,6
東方アレンジ,花ノ下連歌,Jan★Key,NOV,4
BEMANI,Mermaid girl (Tropical Remix),Hyuji feat. LIQU@。,NOV,4
東方アレンジ,Ultimate Ascension,かめりあ,NOV,6
東方アレンジ,Smooth Wind,とろまる,NOV,5
東方アレンジ,鳥と桜と嘴と,マッカチン企画,NOV,3
東方アレンジ,NECRO PARTY,VALLEYSTONE vs udouddo,NOV,5
東方アレンジ,ハイスピヰド・ランパンシヰ,はがね,NOV,5
東方アレンジ,"Help me, ERINNNNNN!! -VENUS mix-",VENUS,NOV,5
東方アレンジ,仙酌絶唱のファンタジア,博麗神社例大祭コラボユニット,NOV,5
BEMANI,I'm so happy(Happy Hoppin Remix),polysha,NOV,4
東方アレンジ,碧の疾風,君の美術館,NOV,4
FLOOR,UROBØROS,溝口ゆうま feat. 大瀬良あい,NOV,5
BEMANI,Critical Crystal(brz_remix),brz,NOV,3
東方アレンジ,Sweet little Lily,奏瀬いちこ (Silver Forest),NOV,3
BEMANI,雪月花 -さわわRemix-,さわわ,NOV,6
東方アレンジ,"Help me, ERINNNNNN!! -Cranky remix-",ビートまりお × Cranky,NOV,6
BEMANI,Mind Mapping (hard liquid remix),borzy,NOV,5
ひなビタ♪/バンめし♪,双星ルミネセンス,一舞 ＆ 夏陽,NOV,4
FLOOR,Apex of the World,uma&hurirai feat.ましろ,NOV,5
FLOOR,Endless GRAVITY,kanone,NOV,6
東方アレンジ,crescent moon,FELT,NOV,4
東方アレンジ,GRISAILLE,SOUND HOLIC feat. Nana Takahashi,NOV,5
FLOOR,侍Annihilate!!,QURELESS,NOV,6
東方アレンジ,CENSORED!!,t+pazolite,NOV,6
SDVXオリジナル,Destroy,Yooh,NOV,6
FLOOR,ブチアゲドクター☆ハイテッコ三姉妹,溝口ゆうま feat. みこ♡なち♡あい,NOV,5
FLOOR,relegation grimoire,tsuzu,NOV,4
東方アレンジ,恋繋エピローグ,Amateras Records feat.KUMI(ヲタみん),NOV,5
東方アレンジ,幻想郷DEMPASTICグリーティング,ARM(IOSYS) feat. 愛原千尋,NOV,5
東方アレンジ,墨染 ft. ネコメアリ,Iceon(Frost Fragment),NOV,3
東方アレンジ,断罪は遍く人間の元に,Unlucky Morpheus,NOV,5
東方アレンジ,弾幕注意報2014,東京アクティブNEETs,NOV,4
東方アレンジ,Prominence,矢鴇つかさ feat. 佳織みちる,NOV,3
BEMANI,アキネイション,ビートまりお（COOL&CREATE）,NOV,6
BEMANI,The star in eclipse,しーけー,NOV,6
BEMANI,Din Don Dan (Fusion Remix),TAKU1175 feat.かなたん,NOV,5
その他,Dualive(EXIT TUNES),Quarks(kradness×Camellia),NOV,5
BEMANI,爆なな☆てすとロイヤー,ARM feat.ななひら,NOV,5
その他,GO BACK 2 YOUR RAVE,nora2r,NOV,5
ひなビタ♪/バンめし♪,カタルシスの月,日向美ビタースイーツ♪,NOV,4
BEMANI,黒髪乱れし修羅となりて～凛 edition～,日向美ビタースイーツ♪,NOV,5
ひなビタ♪/バンめし♪,虚空と光明のディスクール,日向美ビタースイーツ♪,NOV,3
ひなビタ♪/バンめし♪,水月鏡花のコノテーション,日向美ビタースイーツ♪,NOV,4
ひなビタ♪/バンめし♪,滅びに至るエランプシス,日向美ビタースイーツ♪,NOV,3
東方アレンジ,Question.,Tracy feat.築山さえ,NOV,4
東方アレンジ,人形裁判 -THIRD IMPACT-,激戦の人,NOV,5
東方アレンジ,-約束-,ばんし,NOV,4
その他,Parousia,xi,NOV,5
SDVXオリジナル,archive::zip,kamome sano,NOV,4
SDVXオリジナル,Inixia,xi,NOV,5
BEMANI,Virtual Bit,KAN TAKAHIKO,NOV,5
SDVXオリジナル,ERROR CODE,C-Show,NOV,5
SDVXオリジナル,XROSS THE XOUL,BlackY vs. Yooh,NOV,6
東方アレンジ,S1CK_F41RY,HOUJIROU,NOV,5
東方アレンジ,Phantom Ensemble (ゆんゆん Remix),ゆんゆん,NOV,3
東方アレンジ,Russet,wellow,NOV,4
SDVXオリジナル,Renegade Fruits,t+pazolite,NOV,6
BEMANI,She is my wife,SUPER STAR 満-MITSURU-,NOV,5
東方アレンジ,お嫁にしなさいっ！,ARM＋夕野ヨシミ (IOSYS),NOV,4
東方アレンジ,響縁,豚乙女,NOV,4
FLOOR,Enigma,とろまる,NOV,6
FLOOR,MG277,eicaTV vs kanone,NOV,6
SDVXオリジナル,Never Fails,lapix,NOV,6
FLOOR,Fox4-Raize-,Getty vs. DJ DiA,NOV,6
FLOOR,Follow Up,あるふぁ,NOV,5
FLOOR,REVOLVER,sky_delta,NOV,6
FLOOR,KAC 2013 ULTIMATE MEDLEY -HISTORIA SOUND VOLTEX- Emperor Side,FLOOR LEGENDS -KAC 2013-,NOV,5
東方アレンジ,しゅわスパ大作戦☆ (カシオれ！くーにゃんリミックス),uno(IOSYS) feat.miko,NOV,5
東方アレンジ,チルノとまりおのパーフェクトさんすう教室,ビートまりお（COOL&CREATE）,NOV,5
FLOOR,Demise Quartet,Shiron＋こふ×モリモリあつしと提供でお送りします。,NOV,6
東方アレンジ,"Help me, ERINNNNNN!! - SH Style -",SOUND HOLIC feat. Nana Takahashi,NOV,4
東方アレンジ,Ultimate Fury,Arch vs n3pu,NOV,5
東方アレンジ,JEHANNEDARC,BlackY,NOV,6
東方アレンジ,spectroscape,kuroburger,NOV,4
東方アレンジ,ツインソウル～輪廻する旋律～,C-CLAYS feat.小峠舞,NOV,3
東方アレンジ,常夏！！クリスタライズ・シャーベット,Ayatsugu_Otowa,NOV,5
BEMANI,伐折羅-vajra-,DJ TOTTO VS 兎々,NOV,7
ひなビタ♪/バンめし♪,アナーキーインザ夕景,ここなつ Produced by ぬゆり,NOV,5
ひなビタ♪/バンめし♪,キズナ,東雲心菜 Produced by 上村香月,NOV,3
ひなビタ♪/バンめし♪,「ここなつ☆」は夢のカタチ,ここなつ Produced by A than_Lily,NOV,4
ひなビタ♪/バンめし♪,Finally Dive,ここなつ Produced by lapix,NOV,4
ひなビタ♪/バンめし♪,モラトリアムノオト,東雲夏陽 Produced by シンゴ（マッカチン企画）＆アラ,NOV,3
FLOOR,End to end,Noah,NOV,6
FLOOR,EMPIRE OF FLAME,かめりあ,NOV,6
FLOOR,Candy Colored Hearts,はるなば,NOV,6
FLOOR,雲の彼方,Cororo,NOV,5
FLOOR,NEO GRAVITY,lapix,NOV,6
FLOOR,Lachryma《Re:Queen’M》,かねこちはる,NOV,8
SDVXオリジナル,VOLTEXES,Sota Fujimori,NOV,4
SDVXオリジナル,VOLTEXES II,Sota Fujimori,NOV,3
SDVXオリジナル,VOLTEXES III,Sota Fujimori,NOV,5
ひなビタ♪/バンめし♪,激アツ☆マジヤバ☆チアガール,日向美ビタースイーツ♪,NOV,5
ひなビタ♪/バンめし♪,漆黒のスペシャルプリンセスサンデー,日向美ビタースイーツ♪,NOV,6
ひなビタ♪/バンめし♪,地方創生☆チクワクティクス,日向美ビタースイーツ♪,NOV,4
ひなビタ♪/バンめし♪,neko＊neko,日向美ビタースイーツ♪,NOV,3
ひなビタ♪/バンめし♪,フラッター現象の顛末と単一指向性の感情論,日向美ビタースイーツ♪,NOV,5
BEMANI,Chloé,DJ Totoriott,NOV,4
FLOOR,Aliquam,たちのん,NOV,5
FLOOR,XHAOS JUDGE,BlackYooh vs. siromaru,NOV,6
その他,conflict,siromaru + cranky,NOV,5
FLOOR,Stleq,ぬゆり,NOV,6
FLOOR,Never Ending,syzfonics,NOV,4
FLOOR,Nofram,unatra,NOV,4
ボーカロイド,冥天・ヘメロカリス,u-z,NOV,5
ひなビタ♪/バンめし♪,コンフェイト＊コンチェルト,ここなつ Produced by U-ske,NOV,3
ひなビタ♪/バンめし♪,千客万来☆無問題！,ここなつ Produced by uma,NOV,5
ひなビタ♪/バンめし♪,ムラサキグルマ,ここなつ Produced by はるなば,NOV,5
ひなビタ♪/バンめし♪,闇夜舞踏会 -緋碧と蝶のためのmasquerade-,ここなつ Produced by あおいひと with イオ,NOV,4
FLOOR,Asian Chip City,提供,NOV,4
ボーカロイド,About me(EXIT TUNES),蝶々P,NOV,3
東方アレンジ,Angels And Demons,すのうまん,NOV,5
FLOOR,Oriental Blossom,影翔鼓舞,NOV,5
ボーカロイド,我楽多イノセンス(EXIT TUNES),Last Note.,NOV,4
FLOOR,CUTIE☆EX-DREAM,BlackY,NOV,5
FLOOR,君がいる場所へ,VALLEYSTONE feat. 紫崎 雪,NOV,4
東方アレンジ,交渉人・西行寺幽々子 vs スカーレット警察,七条レタスグループ starring nachi,NOV,3
FLOOR,The setting sun,DJ YASETAKA,NOV,6
FLOOR,Seraphim,Yooh,NOV,6
ボーカロイド,ダブルラリアット,アゴアニキ,NOV,3
FLOOR,twilight signal,XIzE,NOV,3
FLOOR,ドゥンガドゥンガ狂詩曲,かねこちはる + はぁち + 飛鳥男,NOV,4
ボーカロイド,ハッピーシンセサイザ,EasyPop,NOV,2
FLOOR,Backflow,lapix,NOV,5
FLOOR,Beyond the Sandstorm,JourneyCat,NOV,4
FLOOR,Pieces of a Dream,uma vs. モリモリあつし,NOV,5
FLOOR,Pet Peeve,Hirayasu Matsudo,NOV,4
東方アレンジ,Mayohiga Spurt,さわわ,NOV,5
ボーカロイド,みくみくにしてあげる♪【してやんよ】,ika,NOV,4
ボーカロイド,メランコリック,Junky,NOV,1
東方アレンジ,Utopia,溝口ゆうま feat. 大瀬良あい,NOV,4
SDVXオリジナル,月光乱舞,P*Light,NOV,5
FLOOR,continew,Verdammt,NOV,5
FLOOR,ちぇいす いん ざ さんしゃいん！！！,ぺのれり,NOV,4
FLOOR,FAKE STYLE II,FAKE TYPE.,NOV,4
FLOOR,Blacksphere,s-don as Iriss,NOV,5
FLOOR,Le ××××,Orange Vox+ ft.konomi*,NOV,4
FLOOR,零れる夢のレミニセンス,borzy & 結月そら,NOV,4
その他,ショットガン・ラヴァーズ(EXIT TUNES),のぼる↑ feat. 松下,NOV,4
FLOOR,じゅーじゅー♥焼肉の火からフェニックス！？～再誕の†炭火焼き～,かめりあ feat. ななひら,NOV,6
SDVXオリジナル,HAELE III ~Angel Worlds~,Yu_Asahina ft. Ritsuka,NOV,5
BEMANI,ドーパミン,U1 overground,NOV,6
FLOOR,crêpe suzette,kamome sano,NOV,5
FLOOR,Shiawase Transmission,you,NOV,4
東方アレンジ,双翼 - Black Wings - SDVX Edit. -,SOUND HOLIC feat. 709sec. & YURiCa,NOV,5
東方アレンジ,Treasure,発熱巫女～ず,NOV,3
東方アレンジ,星の器 feat. らっぷびと,魂音泉,NOV,4
東方アレンジ,三つ数えろ,豚乙女,NOV,3
FLOOR,Lucky*Clover,Shiron＋こふ×モリモリあつしと提供でお送りします。,NOV,6
SDVXオリジナル,マサカリブレイド,REDALiCE,NOV,6
その他,Garakuta Doll Play,t+pazolite 「maimai」より,NOV,6
その他,きたさいたま2000,LindaAI-CUE（BNGI）「太鼓の達人」より,NOV,6
その他,Got more raves？,E.G.G.「グルーヴコースター」より,NOV,6
BEMANI,FLOWER,DJ YOSHITAKA 「jubeat」より,NOV,5
ひなビタ♪/バンめし♪,ちくわパフェだよ☆ＣＫＰ,日向美ビタースイーツ♪,NOV,5
ひなビタ♪/バンめし♪,都会征服Girls☆,日向美ビタースイーツ♪,NOV,3
ひなビタ♪/バンめし♪,ホーンテッド★メイドランチ,日向美ビタースイーツ♪,NOV,5
ひなビタ♪/バンめし♪,めうめうぺったんたん！！,日向美ビタースイーツ♪,NOV,3
ひなビタ♪/バンめし♪,滅亡天使 † にこきゅっぴん,日向美ビタースイーツ♪,NOV,4
FLOOR,Warriors Aboot,RoughSketch vs MAD CHILD,NOV,6
ボーカロイド,Vampire's Territory,u-z,NOV,5
FLOOR,紅の剣舞,かねこちはる,NOV,6
FLOOR,Shanghai Wu Long ～上海舞龍～,Hommarju,NOV,5
FLOOR,Sourire,とろまる,NOV,4
FLOOR,ハナビラ:リンクス,かゆき＆yoa feat.もちこまめ,NOV,4
FLOOR,Firestorm,ETIA.,NOV,6
FLOOR,My name is TSUMABUKI,KO3,NOV,3
その他,気まぐれスターダム(EXIT TUNES),TOKOTOKO(西沢さんP) feat.りぶ,NOV,3
FLOOR,ギャラクシィ・トラベラー,U-ske feat.ななひら,NOV,4
東方アレンジ,Starlight Dance Floor,発熱巫女～ず,NOV,2
FLOOR,6弦とピアノのためのエチュード op.4,ke-ji,NOV,4
ボーカロイド,ECHO(EXIT TUNES),CIRCRUSH,NOV,4
ボーカロイド,深海シティアンダーグラウンド(EXIT TUNES),田中B,NOV,2
FLOOR,eternita,cosMo＠暴走P,NOV,5
ボーカロイド,消失(EXIT TUNES),cosMo＠暴走P,NOV,6
ボーカロイド,暴走(EXIT TUNES),cosMo＠暴走P,NOV,4
BEMANI,夏色DIARY -Summer Dazzlin' Vacation miX-,猫叉王子 feat. PHQUASE vs. MAD CHILD,NOV,5
SDVXオリジナル,ΑΩ,BlackY,NOV,6
FLOOR,veRtrageS,Riz vs. Shiron,NOV,6
その他,XyHATTE(EXIT TUNES),cosMo＠暴走Ultimate,NOV,6
BEMANI,citrus,kamome sano,NOV,5
SDVXオリジナル,Blastix Riotz,"かめりあ as ""Bang Riot""",NOV,6
SDVXオリジナル,Preserved Valkyria,ぺのれり,NOV,6
FLOOR,Witch in Sweetsland,COOKIE MONSTERS(winddrums+黒魔),NOV,6
FLOOR,Ops:Code-Rapture-,Getty vs. DJ DiA,NOV,6
FLOOR,Cold Inflation,kanone vs. Yooh,NOV,4
FLOOR,UnivEarth,Antinomic Paradox,NOV,6
FLOOR,Le Fruit Défendu,モリモリあつし+Verdammt,NOV,5
BEMANI,TOXIC VIBRATION,SOUND HOLIC Vs. T.Kakuta feat. YURiCa,NOV,6
BEMANI,ΕΛΠΙΣ,dj TAKA,NOV,5
BEMANI,灼熱Beach Side Bunny,DJ Mass MAD Izm*,NOV,6
BEMANI,リカーシブ・ファンクション,OSTER project,NOV,5
東方アレンジ,Opium and Purple haze,D.watt(OTAKU-ELITE Recordings),NOV,5
東方アレンジ,シャ ビ ドゥ 素敵な恋の魔法,ARM feat. ちよこ(IOSYS),NOV,4
FLOOR,ネメシス SDVX Edit,Larca,NOV,5
FLOOR,BOUNCE BOUNCE BOUNCE,ZYTOKINE feat. itori,NOV,3
BEMANI,Sounds Of Summer,Hommarju,NOV,5
FLOOR,Innocent Floor,P*Light,NOV,6
BEMANI,In The Breeze,96 & Sota ft. Mayumi Morinaga,NOV,5
FLOOR,INF-B《L-aste-R》,かねこちはる,NOV,6
FLOOR,Twin Blaster,polysha+tcheb,NOV,5
FLOOR,disco KAWAii,uno feat.ちよこ(IOSYS),NOV,4
FLOOR,New Days,10calorie,NOV,4
FLOOR,Princessどうかお願い!!,20文字と言う字数制限に挑み続けるかぼち,NOV,4
その他,あれこれそれどれ(EXIT TUNES),YM feat.赤飯,NOV,4
東方アレンジ,Innocent Eyes,FELT,NOV,3
東方アレンジ,感情の魔天楼 ～ Arr.Demetori,Demetori,NOV,5
ボーカロイド,Crazy ∞ nighT(EXIT TUNES),ひとしずく×やま△,NOV,3
ひなビタ♪/バンめし♪,ロンロンへ　ライライライ！,ここなつ,NOV,4
BEMANI,"gigadelic (かめりあ's ""The TERA"" RMX)",かめりあ,NOV,6
BEMANI,The Wind of Gold(飛翔鳶 Remix),飛翔鳶交響楽団,NOV,3
BEMANI,Monkey Business(Band Edit.),daph,NOV,4
BEMANI,Wuv U(pico/ustic rmx),kamome sano,NOV,5
SDVXオリジナル,無双,SOUND HOLIC Vs. VENUS feat. Nana Takahashi,NOV,5
FLOOR,好きトキメキとキス,かねこちはる feat. はぁち,NOV,5
FLOOR,時計仕掛けのメリーゴーランド,餡若feat.みゅい,NOV,4
FLOOR,Pon-Pon-Pompoko Dai-Sen-Saw!,黒魔,NOV,6
FLOOR,Lovesick Lovetune,VALLEYSTONE feat. 紫崎 雪,NOV,3
FLOOR,One & Only,Salk2d,NOV,3
BEMANI,EBONY & IVORY,OSTER project,NOV,5
BEMANI,パ→ピ→プ→Yeah!,ヒゲドライバー join. shully & Nimo,NOV,6
ボーカロイド,シリョクケンサ(EXIT TUNES),40mP,NOV,2
FLOOR,Happy Sensation,IckPo,NOV,5
FLOOR,Milkyway - memorable -,こふ,NOV,5
BEMANI,Our Faith (takdrive remix),takdrive,NOV,4
FLOOR,ON FIRE,ニシジマユーキ,NOV,4
FLOOR,The willow and snow,saminun,NOV,3
FLOOR,Discloze,lapix,NOV,5
BEMANI,Virtual Sunrise (nana's Festival EDM Remix) feat. Kanae Asaba,nana(Sevencolors),NOV,2
BEMANI,Monkey Business -Satire mix-,LeaF,NOV,5
BEMANI,量子の海のリントヴルム,黒猫ダンジョン,NOV,6
東方アレンジ,妖隠し -あやかしかくし-,DJ TOTTO feat.3L,NOV,4
東方アレンジ,千年ノ理,猫叉Master,NOV,3
東方アレンジ,竹取飛翔 ～ Lunatic Princess (Ryu☆Remix),Ryu☆,NOV,4
東方アレンジ,ほおずき程度には赤い頭髪,Akhuta,NOV,5
東方アレンジ,Scarlet Moon,REDALiCE feat. Ayumi Nomiya,NOV,4
東方アレンジ,Struggle,Masayoshi Minoshima(ALR),NOV,3
東方アレンジ,取り残された美術(Arranged:HiZuMi),幽閉サテライト feat. senya,NOV,2
東方アレンジ,NEON WORLD,SOUND HOLIC feat. Nana Takahashi,NOV,3
SDVXオリジナル,HAVOX,BlackY vs. Yooh,NOV,6
東方アレンジ,BEAT-NEW-WORLD,ビートまりお（COOL&CREATE）,NOV,4
東方アレンジ,プレインエイジア -PHQ remix-,PHQUASE,NOV,4
東方アレンジ,ホメ猫☆センセーション,P*Light feat. mow*2,NOV,4
東方アレンジ,Russian Caravan Rhapsody,Power Of Nature,NOV,4
ボーカロイド,朝色の紙飛行機(EXIT TUNES),かめりあ,NOV,4
FLOOR,AYAKASHI,Hommarju,NOV,5
ボーカロイド,女言葉の消失,Sota Fujimori,NOV,3
FLOOR,Poison Blood,udouddo,NOV,5
ボーカロイド,M.A.Y.U.(EXIT TUNES),Ryu☆ feat.MAYU,NOV,5
FLOOR,Everlasting Message,ぺのれり,NOV,7
FLOOR,混乱少女♥そふらんちゃん!!,かめりあ feat. ななひら,NOV,6
FLOOR,Sayonara Planet Wars,黒魔,NOV,6
FLOOR,Chant du Cygne,ke-ji,NOV,6
FLOOR,到達してしまった僕らと夢と希望の最之果,Ayatsugu_Otowa,NOV,6
FLOOR,KAC 2012 ULTIMATE MEDLEY -HISTORIA SOUND VOLTEX-,FLOOR LEGENDS -KAC 2012-,NOV,6
ボーカロイド,Just Be Friends(EXIT TUNES),Dixie Flatline,NOV,2
東方アレンジ,Scream out! (SDVX EDIT),A-One,NOV,5
FLOOR,tricky trick,kamome sano,NOV,5
東方アレンジ,Paranoia,DiGiTAL WiNG feat.花たん,NOV,4
BEMANI,FIRE FIREは電気スウィングの夢を見るか？,millstones,NOV,5
FLOOR,Borealis,ginkiha,NOV,5
ボーカロイド,無気力クーデター(EXIT TUNES),Last Note.,NOV,5
BEMANI,Wuv U (Colorful QT3 nekomix),ねこみりん feat.えみゅう。×みゆ×小宮真央,NOV,4
FLOOR,Invitation from Mr.C,C-Show,NOV,6
FLOOR,2 MINUTES FIGHTERS,P*Light,NOV,6
FLOOR,LegenD.,Yooh,NOV,6
FLOOR,World's end,Noah,NOV,6
ひなビタ♪/バンめし♪,キモチコネクト,東雲心菜 meets 日向美ビタースイーツ♪,NOV,4
FLOOR,瞬間ドリップ♪秘蜜のケーキセット,そよもぎ,NOV,5
FLOOR,macaron,colate,NOV,5
その他,CRITICAL LINE(EXIT TUNES),Ryu☆ feat.kradness,NOV,5
BEMANI,鬼天,兎々,NOV,6
BEMANI,Go↓Go↑Girls&Boys!,松下feat.Sota & wac,NOV,4
SDVXオリジナル,INDEPENDENT SKY,SOUND HOLIC feat. Nana Takahashi,NOV,5
BEMANI,TIEFSEE,SOUND HOLIC Vs. dj TAKA feat. YURiCa,NOV,5
ひなビタ♪/バンめし♪,ツーマンライブ,東雲夏陽 meets 日向美ビタースイーツ♪,NOV,3
東方アレンジ,囲い無き世は一期の月影,豚乙女,NOV,5
東方アレンジ,君色サブリミナル(Arranged: Iceon),幽閉サテライト feat. senya,NOV,3
BEMANI,The Sampling Paradise (P*Light Remix),P*Light,NOV,5
ボーカロイド,心臓デモクラシー(EXIT TUNES),みきとP,NOV,3
その他,脱獄(EXIT TUNES),Neru feat.灯油,NOV,4
BEMANI,Pure Evil (Kobaryo FTN-Remix),Kobaryo,NOV,6
その他,鬼KYOKAN(EXIT TUNES),じーざす（ワンダフル☆オポチュニティ！） feat. kradness×れをる,NOV,4
ボーカロイド,幸せになれる隠しコマンドがあるらしい(EXIT TUNES),うたたP feat. 結月ゆかり,NOV,6
ボーカロイド,ツギハギスタッカート(EXIT TUNES),とあ,NOV,2
FLOOR,Scarlet Pinheel,ぺのれり,NOV,4
FLOOR,False Cross,BlackY,NOV,5
FLOOR,Prelude-Hereafter-,源屋,NOV,4
FLOOR,恋愛方程式,パピ子りんft.ビタミンな兄貴♂＆ゆずり,NOV,3
FLOOR,感情Xerography,8284 feat. 榎楠,NOV,4
FLOOR,きらきらタイム☆,さわわ,NOV,5
FLOOR,Twin Rocket,uno feat.ちよこ(IOSYS),NOV,5
FLOOR,TU-MA-MI△ALL-NIGHTER,xi underground,NOV,2
FLOOR,Hustle Beat!!,とろまる,NOV,4
東方アレンジ,THUNDERCRACK,IRON ATTACK!,NOV,5
東方アレンジ,The Starry true,Liz Triangle,NOV,2
東方アレンジ,メイガスナイト ～ Arr.Demetori,Demetori,NOV,5
東方アレンジ,Liminality,FELT,NOV,4
ひなビタ♪/バンめし♪,ポメグラネイト,ここなつ,NOV,4
ボーカロイド,イグジスタンス(EXIT TUNES),スズム,NOV,5
FLOOR,F.K.S.,Nizikawa,NOV,6
その他,木彫り鯰と右肩ゾンビ(EXIT TUNES),赤飯,NOV,3
BEMANI,gigadelic(m3rkAb4# R3m!x),ikaruga_nex,NOV,6
ボーカロイド,鎖の少女(EXIT TUNES),のぼる↑,NOV,4
東方アレンジ,最速最高シャッターガール,ビートまりお（COOL&CREATE）,NOV,5
BEMANI,The Wind of Gold -HΔPPY MIX-,sky_delta,NOV,4
東方アレンジ,しゅわスパ大作戦☆ - SDVX Edit. -,SOUND HOLIC feat. Nana Takahashi,NOV,2
東方アレンジ,Jump!,Syrufit feat.綾倉盟 / 市松椿,NOV,4
東方アレンジ,SkyDrive!,Amateras Records feat.築山さえ,NOV,3
ボーカロイド,月見夜ラビット(EXIT TUNES),蝶々P,NOV,5
FLOOR,トリコロール・ダイアリー,梅干茶漬け,NOV,5
ボーカロイド,ナイフ(EXIT TUNES),パワーコードP,NOV,4
FLOOR,Never Regret Anything,影虎。,NOV,3
FLOOR,Hyper☆Chipspace,Saiph,NOV,5
BEMANI,Virtual Sunrise (MYTK Remix),MYTK,NOV,3
FLOOR,Violet Soul,Soleily,NOV,4
ボーカロイド,飛花落葉(EXIT TUNES),なつめ千秋,NOV,3
東方アレンジ,Pieces,発熱巫女～ず,NOV,1
BEMANI,FIRE FIRE(Kazmasa Remix),Kazmasa,NOV,6
FLOOR,Find the Answer,みゅー feat. ゆいこんぬ,NOV,2
FLOOR,bloom,Gowrock,NOV,3
FLOOR,Belly Flopper,O2i3,NOV,4
ボーカロイド,星屑ユートピア(EXIT TUNES),otetsu,NOV,2
FLOOR,ぼくらしかしらない,ぬゆり,NOV,5
ボーカロイド,MEGANE(EXIT TUNES),Ultra-Noob,NOV,1
東方アレンジ,物凄い狂っとるフランちゃんが物凄いうた,Halozy feat. ななひら,NOV,5
FLOOR,Liming Light,negi,NOV,4
FLOOR,Rubeus,RedMuffleR,NOV,6
BEMANI,Our Faith (Faithful MTL Remix),DOUBLE HELIX,NOV,5
BEMANI,The Sampling Paradise (N-Driver Style),N-Driver,NOV,5
BEMANI,Virtual Sunrise (xac remix),xac,NOV,4
BEMANI,Pure Evil-Aya2g Drm'n Tech Rmx-,Ayatsugu_Otowa,NOV,6
ボーカロイド,I love you even now,nana(Sevencolors),NOV,3
ボーカロイド,アルテミス,FILTER SYSTEM,NOV,3
ボーカロイド,VILE CAT,TAKU1175,NOV,5
ボーカロイド,shiny rainbow flower,C-YA,NOV,5
ボーカロイド,断片Story,Salk2d,NOV,4
ボーカロイド,始まりへと続く帰り道,たちのん,NOV,2
ボーカロイド,further the future,上村香月,NOV,4
東方アレンジ,Attack on Dwarf,unatra,NOV,4
東方アレンジ,werewolf howls.,かめりあ,NOV,6
東方アレンジ,Pristine Bigband,Y*Quartet project,NOV,5
東方アレンジ,Mist Tek,you,NOV,4
東方アレンジ,Little princess has no identity.,0kash,NOV,5
ひなビタ♪/バンめし♪,キミヱゴサーチ,ここなつ,NOV,3
ボーカロイド,Scene(EXIT TUNES),ジミーサムＰ,NOV,4
ボーカロイド,しんでしまうとはなさけない！(EXIT TUNES),ワンダフル☆オポチュニティ！,NOV,5
ボーカロイド,ハウトゥー世界征服(EXIT TUNES),Neru,NOV,3
BEMANI,打打打打打打打打打打,ヒゲドライバー join. SELEN,NOV,6
FLOOR,Appliqué,モリモリあつし,NOV,5
FLOOR,Wish upon Twin Stars,xi,NOV,5
FLOOR,Growth Memories,Hidra-Xjeil,NOV,6
FLOOR,CODE -CRiMSON-,Shiron,NOV,6
FLOOR,はわわｗ！な展開っ！,かねこちはる feat. 紫崎 雪,NOV,4
ボーカロイド,有頂天ビバーチェ(EXIT TUNES),Last Note.,NOV,6
ボーカロイド,白い雪のプリンセスは(EXIT TUNES),のぼる↑,NOV,5
ボーカロイド,ナキムシロボ(EXIT TUNES),ラムネ(村人P),NOV,3
ボーカロイド,僕は空気が嫁ない(EXIT TUNES),cosMo＠暴走P,NOV,4
BEMANI,朱と碧のランページ,NU-KO,NOV,5
BEMANI,gigadelic -stance xxxx-,Hate,NOV,5
東方アレンジ,コミカルなミシャグジとラジエーション(PUNK IT ver.),void & ARM feat. ななひら & ちよこ,NOV,4
東方アレンジ,最果てのコトバ,幽閉サテライト (Arranged:Iceon) feat. senya,NOV,2
BEMANI,The Wind of Gold (folkcore remix),borzy,NOV,4
東方アレンジ,sweet dream,平茸＋夕野ヨシミ＋山本椛,NOV,2
BEMANI,FIRE FIRE -DARK BLAZE REMIX-,Yooh,NOV,6
BEMANI,Monkey Business (lapix Remix),lapix,NOV,5
BEMANI,Wuv U -More2 HAPPY Re-Mix Special-,Yu_Asahina,NOV,5
SDVXオリジナル,INSECTICIDE,Camellia,NOV,6
BEMANI,御千手メディテーション,昇天家族,NOV,6
BEMANI,KHAMEN BREAK,くふおー,NOV,5
BEMANI,Cleopatrysm,ピラミッ℃,NOV,6
ボーカロイド,悪性ロリィタマキャヴェリズム(EXIT TUNES),かいりきベア,NOV,6
東方アレンジ,Wave of Craze,Shiron,NOV,5
ボーカロイド,キリトリセン(EXIT TUNES),40mP,NOV,3
東方アレンジ,幻想浄瑠璃-Aya2g Tech Dance Remix-,Ayatsugu_Otowa,NOV,3
東方アレンジ,Flying!,Tracy feat.築山さえ,NOV,3
ボーカロイド,ぼくらのタイムカプセル(EXIT TUNES),ラムネ(村人P),NOV,4
東方アレンジ,柳の下のデュラハン hard chaos mix,albel.,NOV,6
東方アレンジ,wander+wonder+wand,uma,NOV,5
ひなビタ♪/バンめし♪,ミライプリズム,ここなつ,NOV,4
ボーカロイド,Idola,iconoclasm feat.GUMI,NOV,6
ボーカロイド,憂恋☆アクティベーション,u-z,NOV,5
ボーカロイド,幻想系世界修復少女(EXIT TUNES),Last Note.,NOV,5
ボーカロイド,City Edge,winddrums,NOV,3
ボーカロイド,second spring storm,Spacelectro,NOV,2
ボーカロイド,ドキドキ☆流星トラップガール!!,流星トラップボーイズ,NOV,3
ボーカロイド,バンブーソード・ガール(EXIT TUNES),cosMo＠暴走P,NOV,6
ボーカロイド,Baby Sherry,ぺのれり,NOV,5
東方アレンジ,Get out of my sight,void(IOSYS) feat. 厚志(石鹸屋)&周平(Silently Shooting Traitors),NOV,4
東方アレンジ,SPARKING 2012,IRON ATTACK!,NOV,4
東方アレンジ,ゼンマイ恋時計（T.E.B Summer Mix),A-One,NOV,4
東方アレンジ,#FairyJoke #SDVX_Edit,uno(IOSYS),NOV,3
東方アレンジ,マスパでシュッ☆メイドウィッチまりさちゃん,ARM(IOSYS) feat. 桃井はるこ,NOV,3
東方アレンジ,Lemures Prelude,EastNewSound,NOV,3
BEMANI,Sakura Mirage,Ryu☆,NOV,6
FLOOR,カレクレンマ,"Music by アサヒナユウ, Vocal by みかん汁",NOV,3
東方アレンジ,患部で止まってすぐ溶ける ～ 狂気の優曇華院,ARM(IOSYS),NOV,5
FLOOR,SPARKLING FANTASY,"Music by BlackY, Vocal by ぁゅ",NOV,4
東方アレンジ,ってゐ！ ～えいえんてゐVer～,石鹸屋,NOV,3
東方アレンジ,Mami Mami Zone,REDALiCE feat. 野宮あゆみ,NOV,4
FLOOR,mon$tage,"Music by Hommarju, Vocal by かぼちゃ",NOV,5
東方アレンジ,八雲藍の唯心論,君の美術館,NOV,3
東方アレンジ,信仰は儚き人間の為に ～ Arr.Demetori,Demetori,NOV,5
東方アレンジ,竹取飛翔,岸田教団＆THE明星ロケッツ,NOV,3
東方アレンジ,NEXT BILLIONAIRE,SOUND HOLIC feat. Nana Takahashi,NOV,4
東方アレンジ,Phantasm Brigade,Silver Forest,NOV,2
東方アレンジ,夕立、君と隠れ処,幽閉サテライト (Arranged:Iceon) feat. senya,NOV,2
FLOOR,Unlimited Field,"Music by 上村香月, Vocal by Kuroa*",NOV,5
ボーカロイド,終点(EXIT TUNES),cosMo＠暴走P,NOV,5
ボーカロイド,少女暴動(EXIT TUNES),Last Note.,NOV,5
FLOOR,冬に桜が咲くようなキセキ。,"Music by nmk/佐原誠&kei_iwata, Vocal by SOPHY",NOV,4
ボーカロイド,Rebirth(EXIT TUNES),164 feat. GUMI,NOV,4
FLOOR,REPLiCA,"Music by Hommarju, Vocal by ぁゅ",NOV,3
東方アレンジ,WAVE WAVE WAVE,ZYTOKINE feat. itori,NOV,3
東方アレンジ,KiLLeR MeRMaiD,QURELESS,NOV,6
東方アレンジ,Frantic Wolf,Jerico,NOV,4
東方アレンジ,Mist In Hell,LUNA,NOV,6
東方アレンジ,REVERSE LIMITED!(SDVX Edit),MUZIK SERVANT feat.CHERICa,NOV,5
FLOOR,Innocent Tempest,Diceros Bicornis,NOV,6
FLOOR,侵蝕コード：666　-今日ちょっと指（略-,かぼちゃ「黒幕はあやつぐ」と供述しており,NOV,4
FLOOR,ボルテ体操第一,Kaoru feat.FG75,NOV,1
FLOOR,流れ星と君の歌,"Music by 沙野カモメ, Vocal by SOPHY",NOV,4
FLOOR,ぱられる,"Music by akira asano feat.Tia, Vocal by みゅい",NOV,3
FLOOR,Liar World Monologue,"Music by ismK, Vocal by Kuroa*",NOV,4
FLOOR,odds and ends,MarcheИ,NOV,5
FLOOR,はなむけ,ふる,NOV,4
FLOOR,Harpuia,BlackY,NOV,6
SDVXオリジナル,Virtual Sunrise,kors k,NOV,4
SDVXオリジナル,Pure Evil,kors k,NOV,5
FLOOR,Black Emperor,黒魔,NOV,6
FLOOR,Hoshizora Illumination,you,NOV,4
ボーカロイド,Arcadia,CHRIS (Sound Libero),NOV,2
ボーカロイド,十六夜桜-Zakura-,u-z,NOV,3
ボーカロイド,群青硝子のスピカ,unatra / カラクサ,NOV,2
ボーカロイド,超爽快☆パッショネイト・フィーバー,Ayatsugu_Otowa,NOV,5
ボーカロイド,FLYING OUT TO THE SKY,かめりあ,NOV,5
FLOOR,嘘と接吻,yozaquar feat.ぁゅ,NOV,3
ボーカロイド,神となり彼が見た境界線,上村香月,NOV,5
FLOOR,crazy cinema story,黒魔,NOV,4
FLOOR,Fiat Lux,xi,NOV,5
ボーカロイド,きょうもハレバレ(EXIT TUNES),ふわりP feat. GUMI's,NOV,3
ボーカロイド,君と僕とその空白と(EXIT TUNES),のぼる↑ feat.GUMI,NOV,4
ボーカロイド,茅蜩モラトリアム(EXIT TUNES),TOTAL OBJECTION feat.GUMI,NOV,5
ボーカロイド,命のユースティティア(EXIT TUNES),Neru,NOV,4
その他,WAVE(EXIT TUNES),niki feat.kradness,NOV,3
FLOOR,絢爛創世絵巻物,ke-ji,NOV,3
FLOOR,"コンベア速度Max!? しゃいにん☆廻転ズシ""Sushi&Peace""",かめりあ feat. ななひら,NOV,5
FLOOR,snow motion,こふ,NOV,4
BEMANI,IX,dj TAKA VS DJ TOTTO feat.藍,NOV,6
FLOOR,Future MUSiC,Ym1024 feat. lamie*,NOV,2
ボーカロイド,ウバワレ,TAKU1175,NOV,4
FLOOR,EOS -INFINITE EDIT-,ginkiha,NOV,3
BEMANI,Engraved Mark,Ryu☆ ∞ Des-ROW,NOV,5
BEMANI,Squeeze,VENUS feat. Mutsuhiko Izumi,NOV,5
BEMANI,デッドボヲルdeホームラン,猫叉Masterβ2,NOV,3
BEMANI,轟け！恋のビーンボール！！,ダイナミック野球兄弟 v.s. クロスファイヤーPrim,NOV,5
FLOOR,Verse IV,ZOGRAPHOS (Yu_Asahina+Yamajet),NOV,5
BEMANI,野球の遊び方　そしてその歴史　～決定版～,あさき大監督,NOV,3
FLOOR,LittleGameStar,An,NOV,3
FLOOR,イゴモヨス＝オムルのテーマによるブヨブヨ・スケッチの試み,日本楽音ノイズ協会,NOV,4
FLOOR,will o' the wisp,XIzE,NOV,4
FLOOR,Profession,syzfonics,NOV,3
FLOOR,雪女,かねこちはる,NOV,5
東方アレンジ,おお われら喜び讃うべし、主よ,すのうまん,NOV,4
東方アレンジ,上海紅茶館 ～ Chinese Tea Orchid Remix,Yooh,NOV,5
東方アレンジ,U.N.オーエンは彼女なのか？haru_naba Remix,はるなば,NOV,5
東方アレンジ,Lunatic Rough Party!!,かめりあ,NOV,4
FLOOR,超越してしまった彼女と其を生み落した理由,Ayatsugu_Otowa,NOV,6
FLOOR,Bangin' Burst,かめりあ,NOV,6
FLOOR,For UltraPlayers,cosMo＠暴走P,NOV,7
FLOOR,BLACK or WHITE?,BlackYooh vs. siromaru,NOV,6
FLOOR,Hellfire,Hommarju,NOV,6
FLOOR,Last Concerto,ke-ji,NOV,6
BEMANI,Stella Sinistra,Akhuta Philharmonic Orchestra,NOV,5
BEMANI,HYENA,Hommarju,NOV,5
BEMANI,PUNISHER,TAG×PON,NOV,4
BEMANI,マインド・ゲーム,96 with メカショッチョー,NOV,4
FLOOR,Erlung,削除,NOV,4
FLOOR,choux à la crème,kamome sano,NOV,5
FLOOR,take a step forward,uma,NOV,3
FLOOR,TrailBlazer,cold kiss,NOV,3
FLOOR,Last Battalion,ETIA.,NOV,4
その他,クノイチでも恋がしたい(EXIT TUNES),みきとP feat. 松下,NOV,5
ボーカロイド,shiningray(EXIT TUNES),164 feat.GUMI,NOV,1
ボーカロイド,タイムマシン(EXIT TUNES),1640mP,NOV,2
FLOOR,Decretum,Project Mayhem,NOV,5
FLOOR,Dignity,Yooh,NOV,6
FLOOR,ムーニャポヨポヨスッポコニャーゴ,全日本スッポコニャーゴ親衛隊,NOV,4
東方アレンジ,We Are The Scarlet (SDVX Edit),天音 (Rolling Contact),NOV,4
東方アレンジ,Devotion,void (Mournfinale),NOV,3
東方アレンジ,ルーネイトエルフ(Riz Mix),Riz,NOV,3
BEMANI,True Blue,dj TAKA feat.AiMEE,NOV,5
FLOOR,Shadows in the Light,Sta,NOV,3
FLOOR,Demetel,ETIA.,NOV,3
FLOOR,トラウィスカルパンテクートリ,Noah,NOV,5
FLOOR,ゆうしゃのなつやすみ,Verdammt,NOV,4
東方アレンジ,"Electric ""Sister"" Bitch",t+pazolite,NOV,4
東方アレンジ,桜華月想-SDVX EDIT-,源屋 feat. 3L,NOV,2
東方アレンジ,やばいつよくてあたまいいあたいのうた,Shiron feat. Kuroa*,NOV,5
ボーカロイド,- dirty rouge -,ぺのれり,NOV,5
FLOOR,BUBBLE RAVER,P*Light,NOV,4
FLOOR,Paradoxy,lapix,NOV,4
FLOOR,Rings of Rainbow,Hommarju,NOV,5
FLOOR,LEMON SUMMER,パイタン,NOV,4
東方アレンジ,赤より紅い夢-Aya2g Tech Dance Remix-,Ayatsugu_Otowa,NOV,4
東方アレンジ,Indomitable Spirit,Tracy feat.ほたる,NOV,3
東方アレンジ,Catadioptric,Jerico,NOV,3
ボーカロイド,放課後ストライド(EXIT TUNES),Last Note.,NOV,4
ボーカロイド,マネマネサイコトロピック(EXIT TUNES),かいりきベア,NOV,4
東方アレンジ,夢の空、約束の場所,Illusion Sonic,NOV,2
東方アレンジ,ワヴル魔法図書館,wobble magic library,NOV,5
東方アレンジ,最終鬼畜妹フランドール・S,ビートまりお（COOL&CREATE）,NOV,5
東方アレンジ,Shiny Up!,C-CLAYS,NOV,2
東方アレンジ,Hail Storm,FELT,NOV,2
FLOOR,INFINITY OVERDRIVE,DecisionS(kanone + nora2r),NOV,5
FLOOR,Crack Traxxxx,Lite Show Magic (t+pazolite vs C-Show),NOV,6
FLOOR,XROSS INFECTION,BlackY vs. Yooh,NOV,6
FLOOR,Double Universe,Hommarju vs P*Light,NOV,5
FLOOR,Dawn of Asia,ginkiha+kamome sano,NOV,4
BEMANI,8 -eight-,Tom-H@ck feat.Nadia,NOV,5
東方アレンジ,Over the Starlit sky,MUZIK SERVANT feat.CHERICa,NOV,4
BEMANI,snow storm -euphoria-,Yooh,NOV,5
ボーカロイド,曾根崎心中(EXIT TUNES),デッドボールP,NOV,4
東方アレンジ,Darkness Pleasure,Hull feat.℃iel,NOV,2
BEMANI,DEADLOCK XXX,BlackY,NOV,5
東方アレンジ,魔法少女達の百年祭(masty core remix),masty,NOV,4
ボーカロイド,ユクエシレズ(EXIT TUNES),こじろー feat.GUMI,NOV,3
ボーカロイド,ありふれたせかいせいふく(EXIT TUNES),ピノキオP,NOV,4
東方アレンジ,ウサテイ,あまね＋ビートまりお（COOL&CREATE）,NOV,4
FLOOR,Quietus Ray,xi,NOV,5
東方アレンジ,Starlight Vision,矢鴇つかさ feat. 三澤秋 (SoundOnline),NOV,2
ボーカロイド,ハローラフター(EXIT TUNES),Last Note.,NOV,4
ボーカロイド,VERSUS!!,しけもく,NOV,5
FLOOR,Booths of Fighters,"RoughSketch + DD""ナカタ""Metal",NOV,5
BEMANI,Playing With Fire,kors k,NOV,5
東方アレンジ,愛くるしフール -Not EASY!!-,2ボス如きに負けるかぼちゃではなｙうわー,NOV,4
東方アレンジ,赤より紅い夢 -lucid dream Mix-,くるぶっこちゃん,NOV,3
東方アレンジ,太陽はやめて！ぼくらのスカーレット警察,七条レタスグループ starring ココ,NOV,3
東方アレンジ,U.N. Owen was her? (Hyuji Remix),Hyuji,NOV,4
東方アレンジ,Lunartic Dial,Shiron,NOV,4
FLOOR,Voice 2 Voice,MAD CHILD,NOV,4
FLOOR,Smile,Hommarju feat. 実谷なな,NOV,3
BEMANI,Daily Lunch Special ～DeliciousREMIX～,提供,NOV,5
ボーカロイド,デストロイマーチ,桜華,NOV,4
BEMANI,Unicorn tail Dustboxxxx RMX,Dustboxxxx,NOV,5
BEMANI,恋はどう？モロ◎波動OK☆方程式!!,あべにゅうぷろじぇくと feat.佐倉紗織 produced by ave;new,NOV,3
東方アレンジ,Venona,DOUBLE HELIX【たちのん&零-zero-】,NOV,3
東方アレンジ,Silver Impact,Arch,NOV,4
東方アレンジ,Cirno Break,さわわ,NOV,5
東方アレンジ,#Fairy_dancing_in_lake,uno(IOSYS),NOV,3
東方アレンジ,モモンが門番ばんっ☆,ねこみりん feat.みゆ,NOV,5
東方アレンジ,U.N.オーエンは彼女なのか？(TO-HOlic mix),C-Show,NOV,5
BEMANI,音楽 -resolve-,Yu_Asahina,NOV,6
BEMANI,少年は空を辿る Prog Piano Remix,とろまる,NOV,5
FLOOR,獣性オーバーフロウ,PROCYON KNIGHTS PROJECT,NOV,3
FLOOR,HAPPY HEART BEAT,ヒゲドライバー,NOV,4
FLOOR,華陽炎-Hana Kagerou-,源屋 feat.Kuroa*,NOV,3
BEMANI,BabeL ～Next Story～,Power Of Nature,NOV,5
ボーカロイド,いーあるふぁんくらぶ(EXIT TUNES),みきとP,NOV,3
ボーカロイド,え？あぁ、そう。(EXIT TUNES),蝶々P,NOV,4
FLOOR,OVERDRIVERS,P*Light feat. mow*2,NOV,4
FLOOR,GEROL,Hommarju,NOV,5
BEMANI,Sakura Reflection 音頭 -盆踊Remix-,源屋,NOV,4
BEMANI,Survival Games (Hommarju Remix),Hommarju,NOV,3
FLOOR,サヨナラデイズ,七誌,NOV,2
FLOOR,Joyeuse,ke-ji,NOV,4
ボーカロイド,HΨ=世界創造=EΨ(EXIT TUNES),"黒猫アンティーク feat.IA,GUMI",NOV,3
SDVXオリジナル,つぶやき魔法少女りむる,DJ SHARPNEL feat. みらい,NOV,5
ボーカロイド,トリノコシティ(EXIT TUNES),40mP,NOV,2
ボーカロイド,ネトゲ廃人シュプレヒコール(EXIT TUNES),さつき が てんこもり,NOV,3
FLOOR,HAELEQUIN,orangentle / Yu_Asahina,NOV,5
ボーカロイド,迷妄少年と小世界(EXIT TUNES),164 feat. GUMI,NOV,3
FLOOR,殯,かねこちはる,NOV,3
FLOOR,悪いところがひとつもない！,臨界モスキー党,NOV,3
BEMANI,アルストロメリア KURO-HACO Remix,kuroburger,NOV,4
FLOOR,C18H27NO3,Team Grimoire,NOV,6
BEMANI,カラルの月 Verdammt Remix,Verdammt,NOV,3
ボーカロイド,隅田川夏恋歌 (I/O Angel mix),Daisuke Ohnuma(大福P),NOV,3
ボーカロイド,Bad ∞ End ∞ Night(EXIT TUNES),ひとしずく×やま△,NOV,3
ボーカロイド,ラクガキスト(EXIT TUNES),cosMo＠暴走P feat.GUMI,NOV,5
FLOOR,Lieselotte,wa.,NOV,4
ボーカロイド,ロストワンの号哭(EXIT TUNES),Neru,NOV,3
BEMANI,I'm so Happy,Ryu☆,NOV,4
BEMANI,VALLIS-NERIA,DJ YOSHITAKA,NOV,6
FLOOR,En FIRE-G SOUL,Yooh,NOV,4
BEMANI,音楽 -壊音楽 mix-,LeaF,NOV,5
ボーカロイド,こちら、幸福安心委員会です。(EXIT TUNES),うたたP,NOV,2
ボーカロイド,サリシノハラ(EXIT TUNES),みきとP,NOV,3
ボーカロイド,サンドリヨン(EXIT TUNES),Dios/シグナルP,NOV,4
FLOOR,honey trap,そよもぎ,NOV,2
FLOOR,Party Stream !!,DJ Amane,NOV,4
FLOOR,ませまてぃっく♥ま+ま=まじっく！,かめりあ feat. ななひら,NOV,4
FLOOR,WobbleTangleFestival,Relect,NOV,3
東方アレンジ,Antinomie (SDVX EDIT),void(IOSYS) feat. 厚志(石鹸屋),NOV,5
FLOOR,Qubism,Hate vs Brilliance,NOV,5
東方アレンジ,Keep Going!,REDALiCE feat. 野宮あゆみ,NOV,3
東方アレンジ,天狗の落とし文 feat. ｙｔｒ,魂音泉,NOV,2
東方アレンジ,Two Fates,発熱巫女～ず,NOV,2
FLOOR,Tomato Leaf Breaks,millstones,NOV,5
東方アレンジ,Power of Battle (SDVX EDIT),RoughSketch vs REDALiCE feat.イザベル,NOV,4
BEMANI,Fly to Next World (syzfonics Remix),syzfonics,NOV,3
東方アレンジ,魔境堕天録サリエル,Unlucky Morpheus,NOV,3
東方アレンジ,アノ華咲クヤ,幽閉サテライト with 岸田教団＆THE明星ロケッツ feat.ichigo & senya,NOV,3
BEMANI,UNLIMITED FIRE (DJ Amane Remix),DJ Amane,NOV,3
FLOOR,Vindicator,void (Mournfinale),NOV,5
東方アレンジ,エピクロスの虹はもう見えない,SYNC.ART'S feat. 美里,NOV,1
東方アレンジ,神々の祈り,舞風-MAIKAZE/沙紗飛鳥,NOV,1
FLOOR,Goodbye-bye Planet,黒魔,NOV,5
東方アレンジ,げきオコスティックファイナリアリティぷんぷんマスタースパーク,ARM(IOSYS) feat.ビートまりお(COOL&CREATE),NOV,3
BEMANI,concon (picom'n'bass rmx),kamome sano,NOV,4
BEMANI,Sakura Reflection (P*Light Slayer Remix),P*Light,NOV,4
BEMANI,She is my wife すーぱーアイドル☆ミツル子Remixちゃん,高井さんとuno(IOSYS),NOV,4
その他,十面相（フリーダムver.）(EXIT TUNES),YM feat.__(アンダーバー）,NOV,3
FLOOR,GIGI BABA,ヒゲドライバー,NOV,4
ボーカロイド,自由のための不自由,上村香月,NOV,3
東方アレンジ,SCAPEGOAT BOY - SDVX Edit. -,SOUND HOLIC feat. Nana Takahashi,NOV,2
FLOOR,Starlight Express,ginkiha,NOV,4
FLOOR,青春☆してるかい？READY&LADY!,LV.4 feat.みゆ,NOV,5
東方アレンジ,星霜輪廻～Repeat～,EastNewSound feat. 茶太,NOV,2
東方アレンジ,蒼空に舞え、墨染の桜,さゆり (Silver Forest),NOV,1
FLOOR,Diffused Reflection,ニシジマユーキ,NOV,3
BEMANI,Daily Lunch Special (tpz Overcute Remix),t+pazolite,NOV,3
FLOOR,DELETED MOTION,たちのん,NOV,3
その他,トーキョープレジャーグラウンド(EXIT TUNES),灯油,NOV,2
東方アレンジ,東方妖々夢 ～the maximum moving about～,石鹸屋,NOV,2
FLOOR,dream control,C-YA,NOV,4
FLOOR,Next infection,Sanaas,NOV,4
ボーカロイド,非公開日誌(EXIT TUNES),みきとP feat.GUMI,NOV,2
その他,ファンタジースター(EXIT TUNES),ぐるたみん,NOV,2
FLOOR,Foolish Hero,lapix,NOV,4
BEMANI,Mother Ship (C-YA MIX),C-YA,NOV,4
東方アレンジ,待チ人ハ来ズ。,豚乙女,NOV,3
FLOOR,Raptate,削除,NOV,4
その他,ワールド・ランプシェード(EXIT TUNES),りょーくん,NOV,1
ボーカロイド,仇返しシンドローム(EXIT TUNES),まふまふ feat.IA,NOV,4
ボーカロイド,孤独の番人(EXIT TUNES),SCL Project（natsuP）feat. MAYU,NOV,2
ボーカロイド,ドロボウナイトトリック(EXIT TUNES),ゆちゃP feat.GUMI,NOV,4
ボーカロイド,ルービックキューブ(EXIT TUNES),otetsu feat.GUMI,NOV,2
東方アレンジ,Strawberry Crisis,CROW'SCLAW,NOV,4
東方アレンジ,秘封倶楽部の未踏世界,君の美術館,NOV,2
東方アレンジ,Wheel,Syrufit feat.綾倉盟 / 市松椿,NOV,3
FLOOR,The world of sound,"Music by Ryuwitty, Vocal by Kuroa*",NOV,5
FLOOR,STARDUST MERMAID,"Music by MasKaleido, Vocal by ぁゅ",NOV,1
FLOOR,ずっとそばにいさせてよね！,"Music by 音遊人 -mu-jin-, Vocal by みかん汁",NOV,4
FLOOR,七色のウタ,"Music by 上村香月, Vocal by みゅい",NOV,4
FLOOR,Hello world!,"Music by 源屋, Vocal by SOPHY",NOV,3
FLOOR,超恋愛☆エクストリーム・ガール,"Music by Ayatsugu_Otowa, Vocal by みゅい",NOV,5
FLOOR,draw!!!!,"Music by PHQUASE, Vocal by ぁゅ",NOV,3
FLOOR,僕たちは此処にいる,でもたまに居場所とか見失うかぼちゃ,NOV,4
FLOOR,Life is Beautiful,"Music by コバヤシユウヤ, Vocal by Kuroa*",NOV,4
東方アレンジ,Earthquake Super Shock - SDVX Edit. -,SOUND HOLIC feat. Nana Takahashi,NOV,4
ボーカロイド,一途な片思い、実らせたい小さな幸せ。(EXIT TUNES),うたたP feat. MAYU,NOV,3
ボーカロイド,過食性:アイドル症候群(EXIT TUNES),スズム feat.GUMI＆MAYU,NOV,5
ボーカロイド,ケッペキショウ(EXIT TUNES),すこっぷ feat.GUMI,NOV,5
ボーカロイド,金縛りの逢を,はるなば,NOV,6
ボーカロイド,センチメント,uno(IOSYS),NOV,1
ボーカロイド,Disagree Feelings,uno(IOSYS),NOV,6
ボーカロイド,MANDARA,さたな,NOV,5
ボーカロイド,境界インサニティー,Toma+o,NOV,6
ボーカロイド,true feeling？～本当の気持ち♪～,shin,NOV,4
ボーカロイド,ナツノメイロ,stereoberry,NOV,4
ボーカロイド,灰色の空想をつかんで,じろうす,NOV,5
東方アレンジ,泡沫、哀のまほろば,幽閉サテライト feat. senya,NOV,2
東方アレンジ,究極焼肉レストラン！お燐の地獄亭！,ARM(IOSYS),NOV,5
東方アレンジ,Silent Story,発熱巫女～ず,NOV,2
東方アレンジ,DesireDrive,岸田教団＆THE明星ロケッツ,NOV,5
東方アレンジ,ナイト・オブ・ナイツ,ビートまりお（COOL&CREATE）,NOV,5
東方アレンジ,-Rayrain-,こなぐすり,NOV,3
東方アレンジ,色は匂へど散りぬるを,幽閉サテライト feat. senya,NOV,2
東方アレンジ,ケロ⑨destiny,Silver Forest feat. めらみぽっぷ,NOV,4
東方アレンジ,"Help me, ERINNNNNN!!（2004 ver.）",ビートまりお（COOL&CREATE）,NOV,5
東方アレンジ,魔理沙は大変なものを盗んでいきました,ARM(IOSYS),NOV,4
東方アレンジ,物凄い勢いでけーねが物凄いうた,Halozy feat. ななひら,NOV,5
東方アレンジ,Rot in hell！！,EastNewSound,NOV,3
FLOOR,croiX,TeamGrimoire+あま猫,NOV,6
FLOOR,Gott,Hommarju,NOV,6
FLOOR,Dynasty,Yooh,NOV,6
FLOOR,PANIC HOLIC,C-Show,NOV,6
FLOOR,Max Burning!!,BlackY,NOV,7
FLOOR,Absurd Gaff,siromaru,NOV,6
FLOOR,EGG,ginkiha,NOV,3
FLOOR,éclair au chocolat,kamome sano,NOV,3
FLOOR,大宇宙ステージ,黒魔,NOV,5
FLOOR,TRIGGER★HAPPY,P*Light,NOV,5
FLOOR,VISION,nora2r,NOV,3
ボーカロイド,カミサマネジマキ(EXIT TUNES),kemu feat. GUMI,NOV,4
ボーカロイド,チェックメイト(EXIT TUNES),ゆちゃP feat. GUMI,NOV,3
ボーカロイド,地球最後の告白を(EXIT TUNES),kemu feat. GUMI,NOV,3
ボーカロイド,ディストピア・ジパング(EXIT TUNES),cosMo＠暴走P feat. GUMI,NOV,4
ボーカロイド,ノイジーラバーソウル(EXIT TUNES),Last Note. feat. GUMI,NOV,5
FLOOR,V.I.P.,ismK,NOV,6
ボーカロイド,エスケープ・フロム・ディストピア(EXIT TUNES),cosMo＠暴走P feat. MAYU,NOV,2
ボーカロイド,腐れ外道とチョコレゐト(EXIT TUNES),ピノキオP,NOV,5
ボーカロイド,十面相(EXIT TUNES),YM feat. GUMI,NOV,3
ボーカロイド,人生リセットボタン(EXIT TUNES),kemu feat. GUMI,NOV,4
ボーカロイド,ルートスフィア(EXIT TUNES),Last Note. feat. GUMI,NOV,1
FLOOR,Soundscape,Hommarju,NOV,4
BEMANI,AA BlackY mix,BlackY,NOV,6
BEMANI,Tomorrow Perfume (tpz Despair Remix),t+pazolite,NOV,4
ボーカロイド,pandora (Maozon Remix),Maozon,NOV,2
BEMANI,Freeway Shuffle -More2 HAPPY Re-Mix-,Yu_Asahina,NOV,5
BEMANI,Abyss (sharp stepp remix),borzy,NOV,3
BEMANI,Tomorrow Perfume (C-Show Remix),C-Show,NOV,5
BEMANI,Blue Rain Dustboxxxx RMX,Dustboxxxx,NOV,5
ボーカロイド,Ray,源屋,NOV,4
BEMANI,rainbow flyer -gratitude remix-,PHQUASE,NOV,5
東方アレンジ,明星ロケット,岸田教団＆THE明星ロケッツ,NOV,3
東方アレンジ,幻想のサテライト,豚乙女,NOV,5
東方アレンジ,月に叢雲華に風,幽閉サテライト feat. senya,NOV,5
東方アレンジ,Runway Drive,FELT,NOV,2
東方アレンジ,Grip & Break down !! - SDVX Edit. -,SOUND HOLIC feat. Nana Takahashi,NOV,5
東方アレンジ,taboo tears you up 2008,REDALiCE,NOV,4
東方アレンジ,チルノのパーフェクトさんすう教室,ARM(IOSYS),NOV,5
東方アレンジ,Bad Apple!! feat. nomico,Alstroemeria Records,NOV,2
ボーカロイド,再教育(EXIT TUNES),Neru,NOV,2
その他,dreamin' feat.Ryu☆(EXIT TUNES),Mayumi Morinaga  (moimoi),NOV,5
ボーカロイド,ハートブレイク・ヘッドライン(EXIT TUNES),40mP feat. GUMI,NOV,4
ボーカロイド,Black Board(EXIT TUNES),蝶々P,NOV,2
ボーカロイド,ポーカーフェイス(EXIT TUNES),ゆちゃP feat. GUMI,NOV,4
ボーカロイド,イカサマライフゲイム(EXIT TUNES),kemu feat. GUMI,NOV,4
ボーカロイド,セツナトリップ(EXIT TUNES),Last Note. feat. GUMI,NOV,4
ボーカロイド,恋愛勇者(EXIT TUNES),Last Note. feat. GUMI,NOV,3
ボーカロイド,六兆年と一夜物語(EXIT TUNES),kemu feat. IA,NOV,3
ボーカロイド,炉心融解(EXIT TUNES),iroha,NOV,2
BEMANI,Ganymede kamome mix,kamome sano,NOV,6
BEMANI,GAMBOL (dfk SLC rmx),D.F.K.Soundsystem,NOV,3
BEMANI,Clione Hommarju Remix,Hommarju,NOV,3
BEMANI,SEED (DJ Noriken Remix),DJ Noriken,NOV,7
FLOOR,Distorted Floor,RoughSketch,NOV,6
FLOOR,Fire Strike,Junk,NOV,3
FLOOR,freaky freak,kamome sano,NOV,4
FLOOR,World Vertex,void,NOV,4
ボーカロイド,天ノ弱(EXIT TUNES),164 feat. GUMI,NOV,3
BEMANI,Ignited Night burst,N-driver,NOV,5
FLOOR,Onigo,Hommarju,NOV,6
FLOOR,caramel ribbon,P*Light,NOV,4
その他,君にエールを・・・！ （DJ UTO REMIX）(EXIT TUNES),Mayumi Morinaga,NOV,5
BEMANI,サヨナラ・ヘヴン （かめりあ's NEKOMATAelectroRMX）,かめりあ,NOV,3
FLOOR,Space Diver Tama,黒魔,NOV,3
FLOOR,SOUL EXPLOSION,kanone,NOV,4
BEMANI,.59 -BOOTH BOOST REMIX-,IDEA+RHYTHM,NOV,4
その他,Nyan Cat(EXIT TUNES),daniwellP feat. 桃音モモ,NOV,2
FLOOR,香港功夫大旋風,Daisuke Ohnuma,NOV,6
FLOOR,レトロスペクティビリー・メリーゴーランド,はるなば,NOV,2
BEMANI,恋する☆宇宙戦争っ！！ あばばばみっくす,ARM (IOSYS),NOV,6
BEMANI,突撃!ガラスのニーソ姫! D.watt nu-denpa RMX,D.watt(IOSYS),NOV,5
その他,おにゃのこ　きねんび(EXIT TUNES),赤飯,NOV,5
その他,カーニバル(EXIT TUNES),otetsu feat.灯油,NOV,4
その他,キミノメヲ(EXIT TUNES),そらる,NOV,3
その他,ソラヘドライブ(EXIT TUNES),ぐるたみん,NOV,3
その他,春色ポートレート(EXIT TUNES),しゃむおん,NOV,1
ボーカロイド,RPGシンドローム,幽閉カタルシス,NOV,5
SDVXオリジナル,cloud,EZFG,NOV,4
ボーカロイド,世界はネコのもの,Nem,NOV,2
SDVXオリジナル,TYCOON,SOUND HOLIC feat. Nana Takahashi,NOV,5
BEMANI,neu BSP style,cosMo＠暴走P,NOV,4
ボーカロイド,wound,KEENO,NOV,3
ボーカロイド,不思議玩具ガンガラディンドン,マチゲリータ,NOV,5
BEMANI,FLOWER REDALiCE Remix,REDALiCE,NOV,6
SDVXオリジナル,ヤサイマシ☆ニンニクアブラオオメ,azuma feat. ななひら,NOV,4
ボーカロイド,U&M,emon,NOV,2
その他,Vampire Killer scar-ed Pf rmx,fu_mou,NOV,2
ボーカロイド,サイコパスコミュニケーション,ゆちゃP,NOV,4
ボーカロイド,Second Heaven Lamaze-REMIX,ラマーズP,NOV,3
ボーカロイド,Xepher Light and Darkness Dragon REMIX,デッドボールP,NOV,5
ボーカロイド,Diamond Dust Black Diamond Dust,azuma,NOV,4
BEMANI,遠く Dexholic Mix,Dixie Flatline feat.祭屋,NOV,2
BEMANI,冥 Rockin' SWING REMIX,164,NOV,6
ボーカロイド,RED ZONE NeoClassical Party Remix,幽閉カタルシス,NOV,4
BEMANI,ALBIDA Powerless Mix,無力P,NOV,5
SDVXオリジナル,It's over,ゆよゆっぺ feat.めらみぽっぷ,NOV,1
SDVXオリジナル,Iterator,yanagi,NOV,2
ボーカロイド,Evans VolteX Pf arrange,cosMo＠暴走P,NOV,5
BEMANI,ガッテンだ!! Novoiski Remix,ノボイスキ,NOV,3
SDVXオリジナル,good high school,baker,NOV,2
その他,「月風魔伝」龍骨鬼戦 yks Remix,yuukiss,NOV,5
ボーカロイド,ごりらがいるんだ,ピノキオP,NOV,4
BEMANI,jet coaster☆girl sasakure.UK tRiCkStAr Remix,sasakure.UK feat. mirto,NOV,1
SDVXオリジナル,dilemma,豚乙女,NOV,2
ボーカロイド,SurVALI,YM,NOV,3
BEMANI,smooooch・∀・ KN mix,KN,NOV,3
ボーカロイド,とある少年の一日,蝶々P,NOV,3
ボーカロイド,ナナイロ,otetsu,NOV,2
ボーカロイド,西日暮里の踊り,家の裏でマンボウが死んでるP,NOV,4
SDVXオリジナル,Ha･lle･lu･jah,SOUND HOLIC feat. Nana Takahashi,NOV,4
ボーカロイド,バタフライキャット,daniwell,NOV,3
SDVXオリジナル,PULSE LASER,ヒゲドライバー,NOV,2
BEMANI,ヒマワリ MUZIK SERVANT Remix,MUZIK SERVANT,NOV,4
ボーカロイド,ふしぎなくすり いっきのみっくす,ゆうゆ,NOV,3
BEMANI,Broken 8cmix,iroha(sasaki),NOV,6
BEMANI,MAX 300 takamatt MIN REMIX,takamatt,NOV,4
BEMANI,Love♡Shine わんだふるmix,ARM (IOSYS) feat. 一ノ瀬月琉 (monotone),NOV,4
ボーカロイド,Love♡sicK,8#Prince(八王子P),NOV,3
ボーカロイド,Rebellious stage,Dios/シグナルP,NOV,2
ボーカロイド,凛として咲く花の如く スプーキィテルミィンミックス,マチゲリータ,NOV,1
BEMANI,chaplet,DJ TOTTO,ADV,13
FLOOR,天鯨譚,テヅカ x otoshi.b,ADV,13
BEMANI,Plan 8,Ryu☆,ADV,14
FLOOR,"CAKE,Cake'n Cake!",苺咲べりぃ,ADV,12
SDVXオリジナル,Blue Diamond,青龍改,ADV,14
FLOOR,ИEXTAGE,polysha&Ashrount,ADV,13
その他,イガク,原口沙輔,ADV,12
ボーカロイド,いますぐ輪廻,なきそ,ADV,8
その他,L (SDVX ver.),Ice,ADV,12
その他,L2 -Reminiscence- (SDVX ver.),Ice,ADV,14
その他,お返事まだカナ？おじさん構文！,吉本おじさん,ADV,12
東方アレンジ,稲田姫様に叱られちゃいました＃ ～ Romantic Shortfall,りりぃろっくfeat.ЄИ1GM4&桃寝ちのい,ADV,13
その他,サイエンス,MIMI,ADV,11
その他,Synthesis.,tn-shi,ADV,14
その他,snooze,wotaku feat. SHIKI,ADV,10
その他,777 (Vocal ver.),RoughSketch feat.ななひら,ADV,14
東方アレンジ,Celestial Conquest,xi,ADV,14
FLOOR,"Zany Arcadia ""E""",天束 vs. siromaru,ADV,14
その他,デッドライン症候群,irom,ADV,11
東方アレンジ,Necromantic,暁Records,ADV,9
東方アレンジ,ハートインワンダーランド,森羅万象,ADV,12
FLOOR,Black Out,Hommarju,ADV,13
東方アレンジ,"Help me, ERINNNNNN!!",ビートまりお,ADV,12
FLOOR,Massive Strength,Riz,ADV,12
その他,モンダイナイトリッパー！,名取さな,ADV,10
東方アレンジ,ンポロロッカ,かめりあ,ADV,12
FLOOR,双星の冒険録,やどりぎ,ADV,12
BEMANI,天泣,"BEMANI Sound Team ""meteorologists""",ADV,14
FLOOR,Blessed Horizon,Qutabire,ADV,12
BEMANI,めた・メタ？ひまわり＊パンチ,ひまわり＊パンチ,ADV,11
FLOOR,#Evil_Signs_of_Bloodlines,RoughSkreamZ,ADV,12
その他,555 (Please call me “Go! Go! Go!”),RoughSketch,ADV,14
その他,Temporal Veil,Gardens,ADV,13
その他,フラッフィー・アドベンチャー！,みーに feat. まより,ADV,12
FLOOR,Divine Ether,あまみ×ひなみ,ADV,12
FLOOR,Sunlit toybox,Juggernaut. + しーけー,ADV,13
FLOOR,マジかる☆doll ユタニケちゃん,Tsubusare BOZZ feat.madoka*,ADV,12
その他,シンクロニティ,おめがシスターズ,ADV,11
東方アレンジ,FLOOD_FLOOR,brz1128,ADV,12
東方アレンジ,落赤,Acotto feat. 記憶に残る,ADV,11
FLOOR,ハートビート×スラッガー,あまみ×ひなみ,ADV,12
FLOOR,FLAVOR-G,utzbo,ADV,13
BEMANI,朱と碧のランページ,covered by 儒烏風亭らでん(ReGLOSS),ADV,11
BEMANI,カジノファイヤーことみちゃん,covered by 一条莉々華(ReGLOSS),ADV,12
その他,Shooting Star,ReGLOSS,ADV,10
BEMANI,murmur twins (guitar pop ver.),covered by 音乃瀬奏(ReGLOSS),ADV,9
BEMANI,リメンバーリメンバー,covered by 轟はじめ(ReGLOSS),ADV,8
その他,FRENZY HEART,EBIMAYO,ADV,14
その他,HOLOGRAPHY,RYOQUCHA,ADV,12
その他,Like the Starlight,uma,ADV,13
東方アレンジ,東風に鳴き翠嵐を想う,めと（Metomate）,ADV,12
東方アレンジ,Breath of Faith,satie,ADV,11
BEMANI,焔華,movies(moimoi×Xceon×Dai.),ADV,11
その他,オーバーライド,吉田夜世,ADV,12
BEMANI,Timepiece phase Ⅱ,佐々木博史,ADV,14
その他,ライアーダンサー,マサラダ,ADV,11
東方アレンジ,幻想プロミネンス,deli. vs 駄々子 vs かなたん,ADV,12
その他,右肩の蝶 (空澄セナ Cover),のりP,ADV,11
東方アレンジ,Misfortune Crawler,Aoi,ADV,13
SDVXオリジナル,// If Summer Ever Comes_,黒魔,ADV,14
SDVXオリジナル,ØVER《Δ》,EmoCosine overlay,ADV,14
SDVXオリジナル,オムニシエント・ゼロ,ke-ji（CERTIA）,ADV,14
SDVXオリジナル,カミツレの成り方,テヅカ feat. 遠山小春,ADV,13
SDVXオリジナル,KINGDOM COME,RoughSketch,ADV,15
SDVXオリジナル,Grαnd Arχitect,CHUBAY,ADV,13
SDVXオリジナル,Lollipop Error 404,Tsubusare BOZZ feat.madoka*,ADV,13
東方アレンジ,千歳に泡影,Inaori feat.兎角あかり,ADV,11
東方アレンジ,Lost Gear Syndrome,polysha vs. モリモリあつし,ADV,13
BEMANI,EYE OF THE HEAVEN,"BEMANI Sound Team ""U1-ASAMi""",ADV,14
BEMANI,Electronic Sports Complex,栄免建設,ADV,14
BEMANI,EROICA,"BEMANI Sound Team ""HERO""",ADV,14
BEMANI,Secret Rouge,ハレトキドキ,ADV,10
BEMANI,Snow Garland Fairy,"BEMANI Sound Team ""KE!JU""",ADV,13
その他,ぐしゃ,ポラリスピー,ADV,12
その他,Dear Deer,Hylen,ADV,13
その他,DISTORDER,DJ Myosuke,ADV,14
ボーカロイド,アイスクリームマジック,雪乃イト,ADV,11
ボーカロイド,エクスプロウル,晴いちばん,ADV,12
その他,惑星ループ (花芽すみれ Cover),ナユタン星人,ADV,11
ボーカロイド,ギャ・ギャ・ギャ・ギャラクシー！,つきみぐー、,ADV,11
ボーカロイド,悲報！ワイ！ニート！,Shu,ADV,12
ボーカロイド,あおばの足音,駄菓子O型,ADV,10
ボーカロイド,覚悟せよ！エンタンメ～ン ～より身の切り売り自暴自棄版～,マキシウキョウ,ADV,12
BEMANI,Windy Fairy,DJ TOTTO,ADV,11
BEMANI,幻影ノ消失,Xceon feat. Mayumi Morinaga,ADV,12
BEMANI,SCHWARZSCHILD FIELD,L.E.D.,ADV,12
BEMANI,Towards The Horizon,かめりあ,ADV,13
BEMANI,ビューティフル レシート,Lucky Vacuum,ADV,13
その他,CO5M1C R4ILR0AD,kanone,ADV,12
その他,ヒュブリスの頂に聳えるのは,qfeileadh feat.のあ,ADV,13
その他,Ö<3rf10₩,momocaca (月乃×Capchii),ADV,14
その他,Crossfade,La prière,ADV,12
その他,星界のアルペジオ,yuichi NAGAO,ADV,13
SDVXオリジナル,神凪,BlackY feat. Risa Yuzuki,ADV,15
SDVXオリジナル,Gryphone,ETIA.,ADV,14
SDVXオリジナル,黒蝶のワルツ,ぺのれり,ADV,14
SDVXオリジナル,Who then no 灯,星野音楽工房,ADV,14
その他,神威,TJ.hangneil,ADV,14
ボーカロイド,テレパシ,DECO*27,ADV,12
ボーカロイド,What's up? Pop!,Capchii feat. 初音ミク,ADV,14
BEMANI,Caldwell 99,BlackY,ADV,13
BEMANI,シュレーディンガーの猫,Cait Sith,ADV,14
その他,かくれんぼ (胡桃のあ Cover),AliA,ADV,11
SDVXオリジナル,Ardenok,kanone VS nora2r,ADV,14
SDVXオリジナル,Our garden is blue.,庭師+Aoi,ADV,15
SDVXオリジナル,Golden Rotation,xi,ADV,13
SDVXオリジナル,Jupiter,technoplanet feat. Tamako Kinoshita,ADV,13
SDVXオリジナル,Titanomachia,打打だいず vs. siromaru,ADV,14
SDVXオリジナル,流転に咲く魂の花,めと（Metomate）,ADV,13
FLOOR,回想音楽 - Thank you for your playing music,deli.+駄々子,ADV,12
FLOOR,caramel ribbon (Tatsunoshin Remix),Tatsunoshin,ADV,12
FLOOR,XROSS INFECTION -xiRemix-,xi,ADV,14
FLOOR,The world of sound -celestial mix-,BlackY feat. Risa Yuzuki,ADV,13
FLOOR,Dynasty -dal segno-,Ashrount,ADV,13
その他,いいわけバニー,兎田ぺこら,ADV,9
その他,最強女神†ウーサペコラ,兎田ぺこら,ADV,11
その他,全人類　兎化計画！,兎田ぺこら,ADV,12
その他,ララララビット！！,兎田ぺこら,ADV,10
ひなビタ♪/バンめし♪,じもとっこスイーツ♪,ホララ・ホリック with 日向美ビタースイーツ♪,ADV,12
ひなビタ♪/バンめし♪,チョコレートスマイル,日向美ビタースイーツ♪ & ここなつ,ADV,11
ひなビタ♪/バンめし♪,ロマンシングエスケープ,ここなつ2.0,ADV,9
FLOOR,孤独のドロップハンター,otoshi.b×でか大×みゅい,ADV,11
FLOOR,ぼくらのはじまりのおと,Shiron+こふ×モリモリあつしと提供でお送りしました。,ADV,13
FLOOR,MiRÀi,#EmoCosine,ADV,12
FLOOR,Line markeR,打打だいず,ADV,12
FLOOR,reSTART yOUR STORIES,setu-O,ADV,13
FLOOR,C18H27NO3(ryhki remix),ryhki,ADV,13
FLOOR,Crack Traxxxx (108x3 BPM Remix),RoughSketch,ADV,13
FLOOR,大宇宙ステージ奈落変,めと（Metomate）,ADV,12
FLOOR,"Profession (αirlemoneX ""Mechanical Engineering"" Remix)",αirlemoneX,ADV,12
ボーカロイド,強風オールバック,Yukopi,ADV,9
その他,テトリス,柊マグネタイト,ADV,11
その他,人マニア,原口沙輔,ADV,10
ボーカロイド,メズマライザー,サツキ,ADV,12
FLOOR,一水山風,Enterskip,ADV,13
FLOOR,Superstar!,Tatsunoshin,ADV,14
FLOOR,永久の粒虹,Yu-dachi,ADV,12
FLOOR,鳳凰誓歌,流星のサイトシーイング feat.雪希,ADV,11
FLOOR,Lunatic Mare,Alkome,ADV,13
SDVXオリジナル,ヴァルプルギスの夜,すっかりBPM200以下の曲を作れない体に改造されてしまった哀れなかぼちゃを見るがいい,ADV,13
SDVXオリジナル,Guinevere～白き妖精～,ぺのれり,ADV,14
SDVXオリジナル,細氷,かねこちはる,ADV,14
SDVXオリジナル,X1GNUS,BlackY,ADV,13
SDVXオリジナル,Never Forget Evergreen,黒魔,ADV,13
SDVXオリジナル,Nebula Dysorder,かめりあ,ADV,14
SDVXオリジナル,For All The Challengers,cosMo＠暴走P,ADV,13
SDVXオリジナル,Little Red Riding Hood,RoughSketch,ADV,13
SDVXオリジナル,while (screen is blue),kamome sano,ADV,14
その他,Everything B.K.,nora2r,ADV,12
その他,B.B.K.K.B.K.K. (USAO Remix),nora2r Remixed by USAO,ADV,13
その他,B.B.K.K.B.K.K. (影虎。 & siqlo PsyRemix),nora2r Remixed by 影虎。 & siqlo,ADV,11
FLOOR,ΛNXIENT:LEGΛXIEZ,Ashrount,ADV,13
FLOOR,ØverwriteTheCatastrophe,deli.+駄々子,ADV,12
FLOOR,Cumulonimbus,Hidra-Xjeil,ADV,12
FLOOR,Kool Awesome Croon,Super Shrimp,ADV,13
その他,I'm Your Treasure Box ＊あなたは マリンせんちょうを たからばこからみつけた。,宝鐘マリン,ADV,10
その他,Ahoy!! 我ら宝鐘海賊団☆,宝鐘マリン,ADV,12
その他,美少女無罪♡パイレーツ,宝鐘マリン,ADV,11
その他,幽霊船戦,宝鐘マリン,ADV,13
BEMANI,Come to Life,ARM (IOSYS) feat. Nicole Curry,ADV,13
BEMANI,COSMIC V3LOCITY,"BEMANI Sound Team ""Coyaan & KE!JU & ZAQUVA""",ADV,14
BEMANI,SOLAR ECLIPSE,"Yuta Imai Vs. BEMANI Sound Team ""Yvya""",ADV,14
FLOOR,Imitated Visions,荒谷サトル,ADV,13
FLOOR,こどもかくしのアンダーランド,iru feat. 桃寝ちのい,ADV,13
FLOOR,憧憬のファンファーレ,CHUBAY,ADV,13
FLOOR,Xinca,隣の庭は青い(庭師+Aoi),ADV,14
FLOOR,JACK -the KING Ki11ing-,打打だいず vs. siromaru,ADV,14
FLOOR,すべてを賭して,ke-ji,ADV,13
FLOOR,Don't you dare play GOD,technoplanet feat. Tamako Kinoshita,ADV,15
FLOOR,Voice 2 Voice n Voice,Acotto,ADV,12
POPS&アニメ,Growing Up／アニメ「この素晴らしい世界に祝福を！３」より,Machico,ADV,10
FLOOR,GIGI BABA(brz_style),brz1128,ADV,12
FLOOR,"PANIC HOLIC (かめりあ's ""24600 POWER"" Remix)",かめりあ,ADV,13
FLOOR,Four Leaves (Whitelily. remix),Whitelily.(みーに&しろさきあや),ADV,11
BEMANI,OROCHI STRIKE,"Hommarju & BEMANI Sound Team ""兎々""",ADV,13
BEMANI,Blφφdy Cφncertφ,OSTER project & RoughSketch,ADV,13
BEMANI,REINCARNATION,P*Light,ADV,14
BEMANI,Lichtsäule,"かめりあ & BEMANI Sound Team ""PHQUASE""",ADV,14
BEMANI,Re:RHYZE,beatnation RHYZE,ADV,13
FLOOR,We Are GamerZ!,Ninja Never DieS!,ADV,13
FLOOR,∞vitUniverse,Lime,ADV,13
FLOOR,ハガネノツルギ,coTatsu,ADV,12
FLOOR,¡¡Fanta∽cramble!!,Potwi,ADV,12
東方アレンジ,残像ニ繋ガレタ追憶ノHIDEAWAY,"SOUND HOLIC Vs. BEMANI Sound Team ""KE!JU"" feat. Nana Takahashi",ADV,11
東方アレンジ,SUPER HEROINE!!,"Amateras Records vs BEMANI Sound Team ""TATSUYA"" feat. miko",ADV,12
東方アレンジ,弾幕信仰,"豚乙女×BEMANI Sound Team ""PON""",ADV,13
東方アレンジ,閉塞的フレーション,"Pizuya's Cell VS BEMANI Sound Team ""dj TAKA""",ADV,12
BEMANI,ARACHNE,MAX MAXIMIZER,ADV,13
BEMANI,梅雪夜,Qrispy Joybox feat.mao,ADV,11
BEMANI,Crazy Jackpot,Hommarju,ADV,12
BEMANI,黒紅掬い,猫叉Master feat.霜月はるか,ADV,12
BEMANI,Poochie,kors k,ADV,13
FLOOR,アイの雫,kuro,ADV,13
FLOOR,Almandite,7mai,ADV,13
FLOOR,邪魔をしないで,Symholic feat.狛茉璃奈,ADV,12
FLOOR,Hopscotch,GrivR.,ADV,12
FLOOR,XΛLT=ØVER,Ashrount,ADV,14
FLOOR,Entropic EnĤαncemEnt,CHUBAY,ADV,14
FLOOR,SAD1STIC Я04D,Enterskip,ADV,14
FLOOR,Sweetie Beauti Magic,打打だいず feat. 凜々,ADV,13
FLOOR,月明りの旅人たち,coTatsu,ADV,11
FLOOR,Two of Wonder Lights,technoplanet feat. Tamako Kinoshita,ADV,13
FLOOR,トキノコエト,setu-O meets 駄々子,ADV,12
FLOOR,Vigor(siqlo's Hi-Tech Veats),siqlo,ADV,11
FLOOR,おにいちゃんグリッチホップ ～eternal love remix～,HOUJIROU feat. 杠葉えりか,ADV,12
FLOOR,Scarlet Pinheel -appassionato-,BlackY,ADV,13
FLOOR,ミュージックプレイヤー （J-pop Remix）,technoplanet feat. Risa Yuzuki,ADV,13
FLOOR,WobbleTangleFestival (影虎。 & ikaruga_nex's HDM RMX),影虎。 & ikaruga_nex,ADV,12
FLOOR,King's Gambit,brz1128,ADV,13
FLOOR,七七七夕,Mono. + uynet,ADV,13
FLOOR,HEAVEN KNOWS,U-ske feat.石橋桃,ADV,12
FLOOR,You Only Live Twice,Sephid feat. aria,ADV,12
その他,愛昧ショコラーテ,角巻わため,ADV,9
その他,曇天羊,角巻わため,ADV,10
その他,My song,角巻わため,ADV,12
その他,What an amazing swing,角巻わため,ADV,11
FLOOR,Appliqué(Vocal Remix),nonomori feat. Nanao,ADV,12
FLOOR,Gate of Atlantis (Vocal ∞ Mix),MasKaleido feat. ぁゅ,ADV,12
FLOOR,The setting sun(burst),nozakita kazumi,ADV,12
FLOOR,Max Burning!!(GαineN Beyond yΩu Remix),概念,ADV,13
FLOOR,ARISE,Juggernaut.,ADV,14
FLOOR,Allegro Saetta,天束 vs. siromaru,ADV,14
FLOOR,{ eXLIPXe },{ かめりあ },ADV,15
FLOOR,ウイジン,"CHUBAY as ""NOVICE""",ADV,12
FLOOR,Ex concordia felicitas,Connexio,ADV,12
FLOOR,Colorful Magical Parade,Tsubusare BOZZ feat.madoka*,ADV,12
FLOOR,StellarflightS,otoshi.b,ADV,13
FLOOR,Knew Order,あまみ×ひなみ,ADV,13
FLOOR,NO SURRENDER,493Water,ADV,13
FLOOR,BEMANI PRO LEAGUE -SEASON 2- SOUND VOLTEX ULTIMATE MEDLEY,FLOOR LEGENDS -BPL S2 SDVX-,ADV,13
FLOOR,プリュネシエル,瀬名 feat. 音羽ことり。,ADV,11
FLOOR,Cuz we <3 this Game,打打だいず,ADV,14
FLOOR,Xeno Gravity,xi,ADV,14
FLOOR,NEMSYS ARENA World Hexathlon,隣の庭は青い(庭師+Aoi),ADV,15
FLOOR,異次元の孤独～カナタノキミヘ～,RoughSkreamZ feat. Sennzai,ADV,13
FLOOR,Crawl Out Immortal,U-ske feat.Parfaitty,ADV,12
FLOOR,SΛMVICΛ,seatrus -Reborn-,ADV,13
FLOOR,MΔX FLAVØR,EmoCosine overlay,ADV,14
FLOOR,Ars Magna,Riz,ADV,13
FLOOR,Inevitable Magic,Alkome,ADV,13
FLOOR,LOVE TONIC,影虎。,ADV,12
BEMANI,waxing and wanding,青龍,ADV,13
FLOOR,グリーディ・スターズ！,みーに feat. しろさきあや,ADV,12
FLOOR,Di-Da-De-Doo,Yu_Asahina ft.Mizutama,ADV,13
FLOOR,Break Through Δpex,Halv feat.Kuroa*,ADV,13
FLOOR,イグジスター,東雲蛍 feat. はぁち,ADV,12
その他,カミサマ・ネコサマ,猫又おかゆ,ADV,10
その他,毒杯スワロウ,猫又おかゆ,ADV,12
FLOOR,花火のおもちゃ箱,Yu-dachi,ADV,12
その他,もぐもぐYUMMY！,猫又おかゆ,ADV,9
FLOOR,La Nostra Storia!,polysha w/ mikanzil,ADV,13
BEMANI,Ambivalent Vermilia,"BEMANI Sound Team ""二代目朱雀 feat.朱雀""",ADV,14
FLOOR,V!LLA!N,Kaname,ADV,12
FLOOR,ON THE WORLD,Yuta Imai,ADV,13
BEMANI,ちょえちょえまぎか,Pizuya's Cell,ADV,12
BEMANI,Deep tenDon Reflex,"BEMANI Sound Team ""Coyaan""",ADV,13
FLOOR,TOYBOX CANNØN=͟͟͞ Σ≡=｡ﾟ:*.:+｡.☆,Mono.,ADV,13
FLOOR,群青纏う朱の槍,めと（Metomate）,ADV,13
FLOOR,CHOVERY GOOSE!!!,MYUKKE.,ADV,12
FLOOR,トリコエリヌム▽コンチェルト,qfeileadh,ADV,13
FLOOR,We Are All The Dreamer,Hommarju ft. かぼちゃ,ADV,12
FLOOR,Double or Nothing,Tatsunoshin,ADV,13
その他,アンチグラビティ・ガール,月ノ美兎,ADV,12
その他,コントレイル,葛葉,ADV,11
その他,Virtual to LIVE,にじさんじ,ADV,10
その他,Circuit Surfer,kors k,ADV,14
BEMANI,ちくわパフェだよ☆ＣＫＰ (Yvya Remix),"Remixed by BEMANI Sound Team ""Yvya""",ADV,12
ひなビタ♪/バンめし♪,ポラリスノウタ,ここなつ2.0,ADV,10
BEMANI,めうめうぺったんたん！！ (ZAQUVA Remix),"Remixed by BEMANI Sound Team ""ZAQUVA""",ADV,13
FLOOR,Λkasha,BlackY feat. Risa Yuzuki,ADV,15
FLOOR,=∴NOMADE∵OTION=,qfeileadh + yuichi NAGAO,ADV,13
FLOOR,OVEЯ+TUЯE,kanone VS nora2r,ADV,14
FLOOR,随神,影虎。,ADV,13
FLOOR,TOKAKU=ALMiRAJ,MYUKKE.,ADV,12
FLOOR,Burst Λnd reBoost,めと（Metomate）,ADV,14
FLOOR,レインボウ・フレーバー,みーに feat. 杠葉えりか,ADV,12
ボーカロイド,ポッピンキャンディ☆フィーバー！,キノシタ feat.音街ウナ・鏡音リン,ADV,12
ボーカロイド,ポジティブ☆ダンスタイム,キノシタ feat.音街ウナ・鏡音リン,ADV,11
FLOOR,GEROL (Yooh Remix),Yooh,ADV,12
FLOOR,Sayonara Planet Wars (Sot-C Remix),Sot-C,ADV,13
FLOOR,ドリームエンド・サバイバー(Hidra-Xjeil Remix),Hidra-Xjeil,ADV,12
FLOOR,Lovesick Lovetune(brz_style),brz1128 feat.しろさきあや,ADV,11
その他,おにけもだんす,いろはにほへっと あやふぶみ(白上フブキ/百鬼あやめ/大神ミオ),ADV,12
BEMANI,朧,白上フブキ,ADV,11
その他,KINGWORLD,白上フブキ,ADV,12
その他,Say!ファンファーレ!,白上フブキ,ADV,9
その他,Happiness World,BABACORN(宝鐘マリン/白上フブキ),ADV,10
BEMANI,QQ,"BEMANI Sound Team ""PHQUASE & ZAQUVA""",ADV,14
BEMANI,Stylus,"BEMANI Sound Team ""HuΣeR""",ADV,13
SDVXオリジナル,HeaveИ's Rain,モリモリあつし,ADV,15
SDVXオリジナル,Undead Raving Scare,RoughSkreamZ,ADV,14
SDVXオリジナル,and After the Merry BADEND,polysha,ADV,14
SDVXオリジナル,Enter The Rave,Tatsunoshin,ADV,13
SDVXオリジナル,SHARK IMPACT,ryhki,ADV,13
SDVXオリジナル,十三不塔,隣の卓は役満(庭師+Aoi),ADV,13
SDVXオリジナル,リュミレイラ,後藤 feat. nayuta,ADV,13
BEMANI,Amazing Mirage,lapix,ADV,12
BEMANI,Element of SPADA,猫叉Master feat.霜月はるか,ADV,11
BEMANI,KAMAITACHI,DJ TECHNORCH fw. GUHROOVY,ADV,13
BEMANI,Follow Tomorrow,HHH×MM×ST,ADV,10
BEMANI,Please Welcome Mr.C,C-Show,ADV,13
BEMANI,One More Lovely,Risk Junk,ADV,14
FLOOR,Voice 7 Voice!!!!!!!,かめりあ feat. ななひら,ADV,13
FLOOR,Demetel (Erixa ”MYTH” Remix),Erixa,ADV,11
FLOOR,Dawn of Asia(Alkome Remix),Alkome,ADV,12
FLOOR,ませまてぃっく♡ま＋ま＝まじっく！　～徹夜の追込みエナジーまっくす！～,KAH feat.こにゃばた,ADV,13
BEMANI,suspicions,"BEMANI Sound Team ""猫叉Master VS dj TAKA""",ADV,13
BEMANI,THE PEERLESS UNDER HEAVEN,"Yuta Imai Vs. BEMANI Sound Team ""L.E.D.-G""",ADV,13
BEMANI,stellar rain,"BEMANI Sound Team ""PHQUASE""",ADV,12
SDVXオリジナル,APØCALYPSE RAY,xi,ADV,15
BEMANI,パーフェクトイーター,"BEMANI Sound Team ""PON"" feat.かなたん",ADV,12
BEMANI,累乗のカルマ,めと（Metomate）,ADV,13
SDVXオリジナル,ΣMERGENCY CODΣ,概念,ADV,13
SDVXオリジナル,Spectacular“V”Adventure!,Enterskip,ADV,14
SDVXオリジナル,BLISS,ミハイル + K.key,ADV,13
SDVXオリジナル,Breakneck Pursuit,Ashrount,ADV,14
SDVXオリジナル,Marielle,ゆんゆん,ADV,13
SDVXオリジナル,忘れないように、失くさないように,Mono.,ADV,13
その他,おちゃめ機能,ゴジマジP feat. 重音テト,ADV,11
その他,おねがいダーリン,OИE,ADV,12
FLOOR,Absurd Gaff (Metallize Remix),Metal Giant,ADV,14
FLOOR,うぇるかむ -||祭みっくす||-,忠兵衛,ADV,13
BEMANI,Shera,MYUKKE.,ADV,12
BEMANI,birth,Yu_Asahina,ADV,13
BEMANI,Prayer,溝口ゆうま feat. 大瀬良あい,ADV,12
FLOOR,劇場版ムーニャポヨポヨスッポコニャーゴ~侵略だいず帝国！ドラマティック宇宙大戦争~,打打だいず,ADV,13
FLOOR,The EXworld of sound,"Remix by Aoi, Vocal by Kuroa*",ADV,13
FLOOR,トーキョーサマーナイト（華金Remix）,あまみ×ひなみ,ADV,12
FLOOR,Pixelated Platform (Super Honey!),そよもぎ,ADV,12
BEMANI,凛として咲く花の如く,大神ミオ,ADV,11
FLOOR,Juωpscare!!,coTatsu,ADV,12
FLOOR,Second Game,Tracy feat. miko,ADV,11
FLOOR,D.I.X.,日夜すずり feat. 凜々,ADV,13
FLOOR,ハッピーエンド,technoplanet feat. Kuroto Sion,ADV,13
FLOOR,PRIDE of the FIREBALL,かぼちゃ feat. CO-DA,ADV,12
POPS&アニメ,Realize／アニメ「Re:ゼロから始める異世界生活」より,鈴木このみ,ADV,9
POPS&アニメ,Redo／アニメ「Re:ゼロから始める異世界生活」より,鈴木このみ,ADV,10
FLOOR,CadenzaMaiden,u-z feat.紫咲ほたる,ADV,12
FLOOR,機械仕掛けの魔法使い,Tsubusare BOZZ feat.madoka*,ADV,11
FLOOR,天穹のアルカナビット,打打だいず + Tanchiky + siromaru,ADV,13
FLOOR,For.*tune,Capchii × low meow × Uzumaki,ADV,11
東方アレンジ,無意識レクイエム (cosmobsp rmx),cosMo＠暴走P (original arranged by 森羅万象),ADV,14
東方アレンジ,マツヨイナイトバグ,ビートまりおとまろん,ADV,13
東方アレンジ,無意識レクイエム,森羅万象,ADV,12
東方アレンジ,Lost Emotion feat. nomico,Alstroemeria Records,ADV,11
FLOOR,アルファ・スカイ,みーに feat. しろさきあや,ADV,13
FLOOR,いでぃおで結構！,諸星なな feat.加藤はるか,ADV,12
その他,ENERGY SYNERGY MATRIX,Tanchiky,ADV,12
FLOOR,Zero-Day Exploit(One-Day Fusion Mix),庭師,ADV,12
その他,WWW,HIMEHINA,ADV,10
その他,チェイスチェイスジョーカーズのうた,カギコ&チノン（CV:金元寿子&大空直美）,ADV,11
FLOOR,Chocolate Planet (いるちょこRemix),irucaice feat. ちょこ,ADV,12
FLOOR,Distorted Floor -Boosted-,M-UE vs. siromaru,ADV,13
その他,"Hello, Hologram",HIMEHINA,ADV,12
ボーカロイド,ヒバナ-Reloaded-,DECO*27,ADV,11
その他,Blossom,Synthion,ADV,12
BEMANI,Aerial Skydive,Dirty Androids,ADV,12
BEMANI,quaver♪,Risk Junk,ADV,13
BEMANI,FUJIMORI -祭- FESTIVAL,VENUS,ADV,11
BEMANI,Black or Red?,コスモドライバー  join. shully & Nimo,ADV,12
BEMANI,リリーゼと炎龍レーヴァテイン,黒猫ダンジョン,ADV,13
FLOOR,赫焉のヴァルキュリア -Ragnarøk-,ryhki,ADV,14
FLOOR,CUDDLIE CUDDLIE,ゆんゆん,ADV,12
FLOOR,Garland,ミハイル + K.key,ADV,12
FLOOR,SuddeИDeath,xi vs. モリモリあつし,ADV,15
FLOOR,S(TAR)²☆pistol,Mono.,ADV,13
FLOOR,ステラ・イミグレーション,後藤 feat. リリカ,ADV,12
FLOOR,Brave Power Leader 《 = Voltage = 》,概念,ADV,13
FLOOR,HALO,Tatsunoshin,ADV,14
FLOOR,零天視,隣の庭は青い(庭師+Aoi),ADV,13
BEMANI,アガット,Bazole,ADV,13
BEMANI,Welcome to the Mosh Pit,lapix,ADV,12
BEMANI,[E],dj MAX STEROID,ADV,11
BEMANI,少年リップルズ,常盤ゆう,ADV,13
その他,過去を喰らう,花譜,ADV,12
その他,食虫植物,理芽,ADV,10
その他,フォニイ,ツミキ feat.可不,ADV,11
FLOOR,Glory of Fighters,RoughSkreamZ,ADV,14
FLOOR,All We Need is HAPPY END!!!,polysha,ADV,14
SDVXオリジナル,Tickled Pink,"BEMANI Sound Team ""ZAQUVA""",ADV,13
FLOOR,DEUX EX MĀXHINĀ,Ashrount,ADV,14
FLOOR,MILITARY R04D,Enterskip,ADV,14
BEMANI,禊,Nhato,ADV,13
BEMANI,恋愛＝精度×認識力,"立秋 vs. BEMANI Sound Team ""L.E.D.-G"" feat.ちょこ＆ななひら",ADV,14
BEMANI,儚キ戀ノ幻想譚,まろん feat. あやぽんず＊ (森羅万象),ADV,12
FLOOR,Thousand Triggers,めと（Metomate）,ADV,13
FLOOR,trea→journey,CHUBAY,ADV,14
FLOOR,イグノアザーズ,U-ske feat. 安土桃,ADV,12
FLOOR,Paradigm Shift,あまみ×ひなみ,ADV,13
FLOOR,Fl0ating:,yuichi NAGAO,ADV,12
FLOOR,Petit espoir,しーけー,ADV,13
FLOOR,最果ての勇者にラブソングを,deli.+駄々子,ADV,13
FLOOR,灼ナル刃、破カヰ譜,Symholic feat.狛茉璃奈,ADV,12
FLOOR,Initiating League,EmoCosine vs. nora2r,ADV,13
FLOOR,Scat Jazz Dance,Super Shrimp,ADV,12
FLOOR,Ice Fortress,荒谷サトル,ADV,12
SDVXオリジナル,graduation,星野音楽工房,ADV,13
その他,シル・ヴ・プレジデント,P丸様。,ADV,10
FLOOR,MURASAME,Hommarju,ADV,11
FLOOR,ENDGAME,Yuta Imai,ADV,13
FLOOR,ИADIR,Ashrount vs polysha,ADV,13
FLOOR,WINNING ROAD,setu-O,ADV,12
FLOOR,Chat perché,Ange;art + Nota,ADV,13
ボーカロイド,グッバイ宣言,Chinozo,ADV,12
その他,透明声彩,YuNi,ADV,11
FLOOR,神罰,cosMo＠暴走P,ADV,13
FLOOR,Never Ending Future,#EmoCosine,ADV,13
FLOOR,Hydroblast,Aoi vs. siromaru,ADV,12
FLOOR,Μοῦσα,ushiee,ADV,12
FLOOR,Re:call,pan+meal feat.駄々子,ADV,12
BEMANI,[ ]DENTITY,"BEMANI Sound Team ""HuΣeR""",ADV,14
その他,Awakening Wings,伊達朱里紗,ADV,12
BEMANI,VOLAQUAS,"BEMANI Sound Team ""DJ TOTTO VS 兎々""",ADV,14
BEMANI,Snowmelt,"nora2r × BEMANI Sound Team ""Yvya""",ADV,13
BEMANI,perditus†paradisus,iconoclasm,ADV,14
BEMANI,White Stream,"BEMANI Sound Team ""ZAQUVA""",ADV,13
その他,インドア系ならトラックメイカー,Yunomi & nicamoq,ADV,9
ボーカロイド,ヴァンパイア,DECO*27,ADV,11
SDVXオリジナル,You Are My Best RivaL!!,cosMo＠暴走P,ADV,15
FLOOR,Imperator,Xe (αirlemoneX),ADV,13
FLOOR,ØƵ,Hommarju ft. Mayumi Morinaga,ADV,14
FLOOR,SHARK ATTACK,ryhki,ADV,12
FLOOR,Re:Rose Gun Shoooot!,あるふぁ,ADV,12
その他,Spider Dance / スパイダーダンス,Toby Fox,ADV,11
その他,SAVE the World,Toby Fox,ADV,12
その他,Heartache / 心の痛み,Toby Fox,ADV,10
その他,Battle Against a True Hero / 本物のヒーローとの戦い,Toby Fox,ADV,12
その他,MEGALOVANIA,Toby Fox,ADV,13
FLOOR,Splash Underwater,siqlo,ADV,12
FLOOR,涙の女神と無形のエトワル,Yu-dachi,ADV,13
FLOOR,夢幻泡影,wa.,ADV,12
SDVXオリジナル,Revvable Engine,nora2r,ADV,13
SDVXオリジナル,いまきみに,"Silentroom as ""少年R""",ADV,15
SDVXオリジナル,赫焉,打打だいず vs. siromaru,ADV,14
SDVXオリジナル,光風霽月,影虎。,ADV,13
SDVXオリジナル,STIGMA,U-ske feat. 棗いつき,ADV,13
SDVXオリジナル,VΛZiLiSQ,BlackY,ADV,14
SDVXオリジナル,Fαtα∠ Ent∠mEnt,CHUBAY,ADV,14
SDVXオリジナル,Lost Parliament,Juggernaut.,ADV,13
その他,あいあむなんばーわんパトラちゃん様,周防パトラ,ADV,13
その他,ぶいちゅっばの歌,周防パトラ,ADV,12
その他,ASGORE / アズゴア,Toby Fox,ADV,12
その他,Spear of Justice / 正義の槍,Toby Fox,ADV,11
その他,Death by Glamour / 華麗なる死闘,Toby Fox,ADV,12
その他,Finale / フィナーレ,Toby Fox,ADV,13
その他,Bonetrousle,Toby Fox,ADV,10
SDVXオリジナル,Avalanx,隣の庭は青い(庭師+Aoi),ADV,14
SDVXオリジナル,極夜、暁を望んで,めと（Metomate）,ADV,13
SDVXオリジナル,Grandeur,CANVAS x RoughSketch feat. Quimär,ADV,13
SDVXオリジナル,Stairway to the sun,Noah,ADV,13
SDVXオリジナル,すべてが幻になった後で,かめりあ・超機装幻楽隊,ADV,14
SDVXオリジナル,Bl∞min',MisoilePunch♪ -Forever-,ADV,15
SDVXオリジナル,LaμreLs ~the Angelus~,Ashrount,ADV,14
FLOOR,Across the Starlight,かゆき,ADV,13
SDVXオリジナル,Kontrol Line,Yooh,ADV,13
FLOOR,Twinkle Rookie,Halv,ADV,12
FLOOR,NOT YOUR IDOL,Yuta Imai,ADV,13
FLOOR,PHOTON BLAXT,seatrus,ADV,12
FLOOR,メテオライツ・プレリュード,みーに,ADV,11
BEMANI,"ピアノ独奏無言歌 ""灰燼""","BEMANI Sound Team ""Virkato Wakhmaninov""",ADV,14
ひなビタ♪/バンめし♪,イエルウタ,ここなつ2.0,ADV,9
ひなビタ♪/バンめし♪,カシオペアノヒカリ,ここなつ2.0,ADV,11
ひなビタ♪/バンめし♪,ステラレギア,ここなつ2.0,ADV,11
ひなビタ♪/バンめし♪,ハートシェイプ・スピカ,ここなつ2.0,ADV,12
ひなビタ♪/バンめし♪,マーメイドペレパスィ,ここなつ2.0,ADV,10
ひなビタ♪/バンめし♪,メモリーズ,ここなつ2.0,ADV,12
ひなビタ♪/バンめし♪,リバース,ここなつ2.0,ADV,11
FLOOR,Corrupting Wonderland,u-z feat.CHERICa,ADV,12
FLOOR,Struggle for Revival,NitoK,ADV,12
FLOOR,チクサクコールが懐かしい,諸星なな feat.加藤はるか,ADV,12
FLOOR,二分間の世界,Cororo,ADV,13
FLOOR,ROZELCIA,brz1128,ADV,13
BEMANI,SHOCKER BREAKER,Yu_Asahina,ADV,13
BEMANI,c2Theater,yaseta + Hidra-Xjeil,ADV,12
BEMANI,ミライチューナー,U-ske feat.すずしろ,ADV,10
BEMANI,メンタンピンドラドラ,enzo + O2i3,ADV,12
ボーカロイド,神っぽいな,ピノキオピー,ADV,10
その他,キリカ,HIMEHINA,ADV,11
その他,GOODTEK,EBIMAYO,ADV,12
FLOOR,サクラノソバニ！,Ray_Oh feat.みかん汁,ADV,12
その他,THE WORLD REVOLVING,Toby Fox,ADV,13
FLOOR,紫焔双穿,かめりあ,ADV,14
その他,DATAERR0R,Cosmograph,ADV,13
FLOOR,Decadence Mission,Jerico,ADV,13
FLOOR,爆烈歓迎♪エクストリーム飲茶旋風脚ッ!!,BlackY feat. Risa Yuzuki,ADV,13
FLOOR,Heroine is here,クルトン feat.ケィニ,ADV,11
FLOOR,FAR GONE,493Water,ADV,13
その他,フリコドウル,HIMEHINA,ADV,12
その他,Berry Go!!,Freezer feat.妃苺,ADV,12
FLOOR,Holy Trail,satie,ADV,13
FLOOR,Memory Flow,兎波かなで feat.とうな,ADV,13
FLOOR,勇者の卒業式,Verdammt,ADV,11
FLOOR,ユキバレ＊ぱれいど,coTatsu,ADV,11
SDVXオリジナル,Resonant Gear,Endorfin.,ADV,11
BEMANI,WICKeD CRφSS,OSTER project,ADV,12
BEMANI,CLAMARE,MAX MAXIMIZER,ADV,14
BEMANI,Crystalia,DJ TOTTO,ADV,13
BEMANI,SPECIAL SUMMER CAMPAIGN!,Lucky Vacuum,ADV,13
BEMANI,Flip Flap,kors k,ADV,11
FLOOR,蝕,めと（Metomate）,ADV,13
FLOOR,十の試煉,打打だいず vs. siromaru,ADV,14
FLOOR,Xb10r,隣の庭は青い(庭師+Aoi),ADV,14
FLOOR,火狐之舞,影虎。,ADV,13
FLOOR,MixxioN,MisoilePunch♪,ADV,15
FLOOR,Rhapsody ⚙f Triumph,かめりあ・超機裝旋楽隊,ADV,14
FLOOR,refluxio,Juggernaut.,ADV,13
FLOOR,EncorE & cALL,CHUBAY,ADV,14
FLOOR,Wings to fly high,Noah,ADV,13
FLOOR,AIM HIGHER,U-ske feat. 棗いつき,ADV,13
FLOOR,All for One,CANVAS feat. Quimär,ADV,13
FLOOR,AμreoLe ~for Triumph~,Ashrount,ADV,14
FLOOR,XHRONOXAPSULΞ,Silentroom,ADV,15
FLOOR,ZEUS,BlackY,ADV,14
その他,↑↑↓↓←→←→BA,meiyo,ADV,10
BEMANI,2 Beasts Unchained,kors k vs Yooh,ADV,14
BEMANI,ピアノ協奏曲第１番”蠍火”,virkato,ADV,14
BEMANI,Fegrix,Xceon vs DJ Command (Eurobeat Union),ADV,13
SDVXオリジナル,ゔぉるみっくす!!!!,かめりあ feat. ななひら,ADV,13
SDVXオリジナル,sparky spark,kamome sano,ADV,12
SDVXオリジナル,Test Flight,黒魔,ADV,12
SDVXオリジナル,Perfect Ultimate Celebration!!,2時間でPUCされたかぼちゃ,ADV,13
SDVXオリジナル,Foolish Again,lapix,ADV,12
SDVXオリジナル,PLANISPHERE,SOUND HOLIC feat. Nana Takahashi,ADV,11
SDVXオリジナル,夢の終わり、世界のはじまり。,TAKU1175 ft.駄々子,ADV,11
FLOOR,Unleashed Redness,DecisionS (kanone + nora2r),ADV,13
FLOOR,party:stage,かゆき,ADV,12
FLOOR,Rapsodia d'amore,xi,ADV,14
BEMANI,Aftermath,"BEMANI Sound Team ""猫叉Master & あさき & Yvya""",ADV,12
BEMANI,オリガミカル・スウィートラヴ,かめりあ feat. ななひら,ADV,12
BEMANI,キカイノミルユメ,はがね,ADV,10
BEMANI,～仔羊のナヴァラン・クリシェを添えて～,PiyoPiyo Kitchen,ADV,13
BEMANI,NIN-NIN-NIN!!,よああああ（ああああ＋yoa）,ADV,12
BEMANI,Refrain,お月さま交響曲,ADV,13
その他,Halloween Is Chaos,RoughSketch feat.北小路ヒスイ,ADV,11
BEMANI,eXtridia,unatra×Nego_tiator,ADV,13
BEMANI,Star☆Beat,PandaBoY feat.ななひら,ADV,13
BEMANI,スノウイコン,mazuka153,ADV,11
BEMANI,みたらしプラトニック (feat. nicamoq),Yunomi,ADV,11
BEMANI,Red＋White＝Kawaii,こすも８ｂｉｔ,ADV,13
その他,藍の華,HIMEHINA,ADV,12
POPS&アニメ,ヒトガタ,HIMEHINA,ADV,10
その他,Mr.VIRTUALIZER,HIMEHINA,ADV,8
東方アレンジ,スカーレット警察のゲットーパトロール24時,七条レタスグループ,ADV,11
東方アレンジ,天弓天華オトハナビ,ビートまりおとまろん,ADV,12
東方アレンジ,デンデラパーティーナイト,森羅万象,ADV,11
東方アレンジ,LUCKY CAT,ちょこふぁん,ADV,11
FLOOR,Archangelio,Juggernaut.,ADV,13
FLOOR,Going My Future!,#EmoCosine,ADV,13
FLOOR,フェアリーテイル・ラヴァーズ,みーに＠メルヘン風紀委員会書記,ADV,12
その他,竹,立秋 feat.ちょこ,ADV,14
東方アレンジ,PRESERVED VAMPIRE,SOUND HOLIC feat. Nana Takahashi,ADV,12
東方アレンジ,Love Love Scarlet,イノライfeat.怜花,ADV,11
FLOOR,XXanadu#climaXX,概念,ADV,13
FLOOR,Bigbang Faker,BlackY,ADV,13
BEMANI,Triple Cross,"BEMANI Sound Team ""dj TAKA & DJ YOSHITAKA & SYUNN""",ADV,13
SDVXオリジナル,《Re:miniscence》,かねこちはる,ADV,15
ボーカロイド,R.I.P.ゴシップの海,cosMo＠暴走P,ADV,13
BEMANI,STEEL NEEDLE,Scorpion,ADV,13
FLOOR,I Left for my Right,あの日字数制限に負けて追い出された「ゃ」,ADV,12
FLOOR,The King Of Red,Hommarju,ADV,13
FLOOR,The Clown of 24stairs,Yu_Asahina,ADV,14
FLOOR,まみむめ🍄まるっと🍄まっしゅるーむ🍄🍄,"かめりあ as ""まいたけラヴ"" feat. ななひら as ""エリンギ大好き""",ADV,13
FLOOR,黎明の情,TAKU1175 ft.駄々子,ADV,12
東方アレンジ,Empty Backdoor,森羅万象,ADV,11
東方アレンジ,驪駒早鬼は馬並み☆プロテイン,ARM × 狐夢想 feat.ななひら,ADV,11
東方アレンジ,限界突破リザレクション,まろん vs. モリモリあつし feat. ビートまりお,ADV,13
東方アレンジ,Jailbreaker,Hommarju feat. かぼちゃ,ADV,12
東方アレンジ,BEAT MAGIC,ランコ feat. Eurobeat Union,ADV,10
SDVXオリジナル,Reverenced Flower,ぺのれり,ADV,14
FLOOR,End of Guilty,kanone,ADV,12
FLOOR,charm♡you,U-ske feat.花柚,ADV,11
FLOOR,文月,nonomori feat. 亜沙美,ADV,10
SDVXオリジナル,Puni Puni Parade,MARON (IOSYS),ADV,14
BEMANI,ユメブキ,"紫崎 雪,Risa Yuzuki,709sec. by BEMANI Sound Team ""PHQUASE & SYUNN""",ADV,13
BEMANI,斑咲花,"mami,駄々子 by BEMANI Sound Team ""Akhuta Works""",ADV,12
BEMANI,カジノファイヤーことみちゃん,ARM feat. 山本椛 + Brasscapsule,ADV,13
BEMANI,スーパー戦湯ババンバーン,"すわひでお,秋成,かぼちゃ,藍月なくる,NU-KO by BEMANI Sound Team ""八戸亀生羅""",ADV,12
BEMANI,LIKE A VAMPIRE,"koyomi,星野奏子 by BEMANI Sound Team ""TAKA""",ADV,12
その他,Destined Marionette,ビートまりお（COOL&CREATE）,ADV,12
SDVXオリジナル,BAYONEX,"かめりあ as ""Revenge of Riot""",ADV,14
BEMANI,MOVE! (We Keep It Movin'),"Jonny Dynamite!,Lisa - paint with stars -,Rio Hiiragi by BEMANI Sound Team ""U1-ASAMi""",ADV,10
BEMANI,MA・TSU・RI,"かなたん,アマギセーラ,ぁゅ by BEMANI Sound Team ""藤森崇多""",ADV,10
SDVXオリジナル,αzalea,BlackY,ADV,14
その他,- Jupiter -,SHIKI,ADV,11
その他,Pure Ruby,SHIKI,ADV,12
FLOOR,Continuous Moment,影虎。,ADV,12
FLOOR,Chakra,uma,ADV,11
FLOOR,Restless Waitress,winddrums,ADV,13
FLOOR,"Aqua,Luna-rium",凛々咲,ADV,10
FLOOR,Vallasotiena,ろひ,ADV,13
FLOOR,G4ME ØVEЯ,Takenoko boy feat. metyao,ADV,13
SDVXオリジナル,ドゥサンコオデッセイ!!,cosMo＠暴走P,ADV,14
FLOOR,2094,Yuta Imai vs Blacklolita,ADV,12
FLOOR,Cappuccino Hearts,nora2r,ADV,13
FLOOR,Xymatic Scope,MasKaleido feat. ぁゅ,ADV,12
FLOOR,WILD FIRE,がるる,ADV,12
BEMANI,ABSOLUTE(ismK passionate remix),ismK,ADV,12
東方アレンジ,イヤホンロマンス,COOL&CREATE × 宝鐘マリン,ADV,12
BEMANI,EGOISM 440 (Ange;art remix),Ange;art,ADV,13
東方アレンジ,Over the Border,COOL&CREATE × 宝鐘マリン feat.不知火フレア,ADV,10
東方アレンジ,キャプテン・マリンのケツアンカー,COOL&CREATE × 宝鐘マリン,ADV,11
FLOOR,Gimme dreamin',BlackY feat. Risa Yuzuki,ADV,12
FLOOR,孤月群雲に沈む,めと（Metomate）,ADV,11
FLOOR,€omet popcorn,pan,ADV,13
FLOOR,PSYCHO+HEROES,かめりあ,ADV,13
東方アレンジ,シアワセうさぎ・ぺこみこマリン,COOL&CREATE × 兎田ぺこら、さくらみこ、宝鐘マリン,ADV,9
FLOOR,Screaming!!,CielArc,ADV,11
FLOOR,Devastated Territory,ryhki,ADV,12
BEMANI,ナナホシのうた,Retropolitaliens(Ms.+駄々子),ADV,10
FLOOR,Hurt me plenty,Noah,ADV,13
BEMANI,ばらんが!!!!,かめりあ feat. ななひら,ADV,12
東方アレンジ,"Help me, ERINNNNNN!! #幻想郷ホロイズムver.",COOL&CREATE × 宝鐘マリンと愉快な仲間たち,ADV,12
東方アレンジ,ホイホイ☆幻想ホロイズム,COOL&CREATE × 宝鐘マリン with ホロイズムファンタジー,ADV,12
FLOOR,Your SOUL Is Mine,fZy,ADV,13
FLOOR,Enter The Fire,Yooh,ADV,11
FLOOR,恋は君のそばでサクラサク,榮田一貴 feat.冬乃桜＆永久毎日,ADV,10
FLOOR,FEEL THE FORCE,brz1128,ADV,13
FLOOR,M-O-R-F-I-N-E,u-z feat.紫咲ほたる,ADV,12
BEMANI,Chewingood!!!,TORIENA,ADV,12
BEMANI,ディスコルディア,"ぺのれり vs. BEMANI Sound Team ""HuΣeR""",ADV,14
BEMANI,Verflucht,Tyrfing,ADV,13
FLOOR,神にした彼女が示す世界線,上村香月,ADV,13
FLOOR,#Namescapes,#Namescapes,ADV,12
BEMANI,Impress(siqlo's Hi-Tech Veats),siqlo,ADV,11
BEMANI,Elemental Creation -xiRemix-,xi,ADV,13
BEMANI,nostos -ark remix-,Se-U-Ra + しーけー,ADV,12
BEMANI,Blue Forest(NightBounce Remix),kanone,ADV,10
BEMANI,Macuilxochitl (Latin Jazz Mix),technoplanet,ADV,13
FLOOR,運命超過乃巡合,Aoi feat. Gra+yanshu,ADV,12
FLOOR,恋愛♡悪戯！？まじかる☆ぱふゅ～む！！,さわわ feat.杠葉えりか＆凜々,ADV,13
FLOOR,りむむむむむむ,立秋 feat.ちょこ,ADV,12
FLOOR,Vanishing Eidos,めと（Metomate）,ADV,13
FLOOR,木洩れ日に咲く,seatrus feat.杠葉えりか,ADV,11
FLOOR,SuperMiracleEnsemble,fnylsp,ADV,13
FLOOR,響く静寂,テヅカ,ADV,12
FLOOR,Metagame Matador,RoughSketch vs MAD CHILD,ADV,13
FLOOR,Le Merle Noir,Rigel Theatre,ADV,9
FLOOR,恋獄対刃,あるふぁ＋凜々,ADV,11
FLOOR,Innocent Azure,kuro,ADV,13
FLOOR,月下の舞兎祭,Aoi feat. Kuroa*,ADV,12
FLOOR,Souhait bleu,しーけー,ADV,12
FLOOR,Now loading…,つきみぐー、×如月結愛,ADV,10
FLOOR,Fun walk!!,Enterskip,ADV,11
FLOOR,Verstärkt Killer,MALVA.,ADV,11
FLOOR,Whip☆Drip,pan+テヅカ feat.桃雛なの,ADV,13
FLOOR,ラヴ♡チャンス!!,Ponchi♪ feat.はぁち,ADV,13
BEMANI,ABSOLUTE (saminun mix),あさり(saminun),ADV,12
ひなビタ♪/バンめし♪,アリスサイド・キャスリング,メリー・バッド・メルヘン,ADV,11
その他,Air,SHIKI,ADV,13
BEMANI,EMERALDAS (Yuta Imai Remix),Yuta Imai,ADV,13
BEMANI,#EmoCloche,#EmoCosine,ADV,13
ボーカロイド,オルターエゴ,Misumi,ADV,11
BEMANI,onslaught -Retaliation of Bahamūt-,かめりあ,ADV,14
その他,キラメキ居残り大戦争,森羅万象,ADV,12
その他,Chronomia,Lime,ADV,14
東方アレンジ,穢れなきユーフォリア,幽閉サテライト,ADV,10
その他,Sakura Fubuki,Street,ADV,12
BEMANI,SHION -sublimation mix-,BlackY feat. Risa Yuzuki,ADV,12
BEMANI,Scars of FAUNA(ろひ Remix),ろひ,ADV,13
その他,777,RoughSketch (Notebook Records),ADV,14
ひなビタ♪/バンめし♪,追憶のアリア,Blanc Bunny Bandit,ADV,9
その他,Destr0yer,削除 feat. Nikki Simmons,ADV,12
東方アレンジ,トランスダンスアナーキー,暁Records,ADV,11
BEMANI,ナスカの丘 (Hi-NRG Remix),Hyuji feat. LIQU@。& TadashiYamamoto,ADV,10
BEMANI,ナナホシ(lovely bubbly party mix!),naka3,ADV,11
ひなビタ♪/バンめし♪,花は折りたし梢は高し,夜叉姫神楽,ADV,10
ボーカロイド,*ハロー、プラネット。,sasakure.UK,ADV,8
ひなビタ♪/バンめし♪,叛逆のディスパレート,Vanitas Lacrimosa,ADV,12
その他,Bad Elixir,xi,ADV,13
SDVXオリジナル,VALKYRIE ASSAULT,"BEMANI Sound Team ""SYUNN""",ADV,13
東方アレンジ,緋色月下、狂咲ノ絶 (nayuta 2017 ver),EastNewSound,ADV,11
東方アレンジ,不可測的メトロポリス,少女フラクタル,ADV,9
その他,プナイプナイたいそう,立秋 feat.ちょこ,ADV,13
BEMANI,POSSESSION (Aoi Q.E.D. RMX),Aoi,ADV,13
東方アレンジ,門門しましょ,ビートまりお（COOL&CREATE）,ADV,10
ボーカロイド,ラストリゾート,Ayase,ADV,8
東方アレンジ,WARNING×WARNING×WARNING,暁Records,ADV,10
FLOOR,eternite,Ryo Arue,ADV,13
その他,ここからよろしく大作戦143,"BEMANI Sound Team ""あさき隊""",ADV,10
FLOOR,Thank you for your playing music,かぼちゃ feat. miko,ADV,13
その他,Symphonic Tear,"BEMANI Sound Team ""TAG""",ADV,13
BEMANI,世界の果てに約束の凱歌を -VOLTEX Mix-,"BEMANI Sound Team ""Sota Fujimori""",ADV,12
FLOOR,Defining Future,！すでのな,ADV,13
FLOOR,Non RolicK!!大冒険,Croire,ADV,12
FLOOR,who I am,カエルとネコ,ADV,10
FLOOR,le coeur patissiere,U-ske feat.Ri9,ADV,11
SDVXオリジナル,apo:llioth,Juggernaut.,ADV,13
SDVXオリジナル,With It This Heaven?,technoplanet,ADV,13
SDVXオリジナル,Calamity Tempest,Diceros Bicornis,ADV,14
SDVXオリジナル,Daisycutter,ETIA.,ADV,14
SDVXオリジナル,飄える翼追い掛けて,かめりあ feat. かめりあ,ADV,14
SDVXオリジナル,MAYHEM,RoughSketch x CANVAS feat. Quimär,ADV,15
SDVXオリジナル,ΛΛemoria,MisoilePunch♪,ADV,14
その他,プログレなぞなぞクイズのテーマ,"BEMANI Sound Team ""プログレッシブなぞなぞ星人""",ADV,12
FLOOR,SLEEPWALKER,monoq+RIZARDI,ADV,13
FLOOR,トーキョーサマーナイト,みーに,ADV,10
FLOOR,floating girl,あるふぁ feat. とおる,ADV,10
FLOOR,Hexennacht,rider,ADV,12
FLOOR,Holy Legacy,すのうまん,ADV,11
FLOOR,Ring！Run！Nyan!!,MisomyL,ADV,13
FLOOR,Valkyrja ~Aldrlag~,ℱsinfonia (Yu_Asahina 溝口ゆうま かなたん 大瀬良あい),ADV,12
FLOOR,おどりましょうよ！ドラゴンさん ～転生したらゲーム曲でした～,諸星なな feat.加藤はるか＆廣瀬祐輝,ADV,11
FLOOR,Φnd:you,かゆき,ADV,13
FLOOR,Blessing Bouquet,setu-O,ADV,13
FLOOR,Me:Tear,タケノコ少年 feat. 荒巻,ADV,12
FLOOR,MICHIZURE,708/残響P,ADV,11
FLOOR,Innocent,Alkome,ADV,13
FLOOR,Ethereal Lotus,wa. + 杠葉えりか,ADV,13
BEMANI,cloche(といぼっくすうぃんぐ　みっくす),coTatsu,ADV,11
BEMANI,Jetcoaster Windy,"BEMANI Sound Team ""dj TAKA"" feat.のの",ADV,11
FLOOR,濁色踊るオートマタ,めと（Metomate）,ADV,11
BEMANI,Blue Forest (Prog Keys Remix),とろまる,ADV,12
FLOOR,星の詩,しーけー feat.arinco,ADV,10
FLOOR,Lazurite,sazanami,ADV,12
BEMANI,狂水一華,"BEMANI Sound Team ""HuΣeR Vs. SYUNN"" feat.いちか",ADV,13
BEMANI,m1dy Deluxe,m1dy,ADV,13
BEMANI,New Decade,Sota F.,ADV,12
BEMANI,Lisa-RICCIA,DJ YOSHITAKA,ADV,14
FLOOR,iberis,gaburyu feat. Frosch,ADV,9
FLOOR,Electric Injury,siqlo,ADV,13
FLOOR,月々紅花,7mai,ADV,13
FLOOR,恋するレインガール,MasKaleido feat. ぁゅ,ADV,11
FLOOR,Sparkling Laser Beam,you,ADV,12
FLOOR,遷,隣の庭は青い(庭師+Aoi),ADV,12
BEMANI,Leviathan,山本真央樹,ADV,13
その他,METATRON,SHIKI,ADV,13
BEMANI,うさぬこぬんぬんファンタジー！,ARM(IOSYS) feat. 普透明度,ADV,11
FLOOR,VVelcome!!,MisoilePunch♪,ADV,15
FLOOR,†:OLPHEUX:†,Juggernaut.,ADV,14
FLOOR,GEMINI LA2ER,ミカルコスモ(せらみかる×cosMo＠暴走P),ADV,13
FLOOR,春告胡蝶,BlackY feat. Risa Yuzuki,ADV,13
FLOOR,ミュージックプレイヤー,Retropolitaliens(Ms.+駄々子),ADV,12
FLOOR,LubedeR,C-Show,ADV,14
FLOOR,Redshift 2nd Ignition,technoplanet,ADV,14
FLOOR,Яe:son D'être,SCHOOL CASTE(石見＆とおる),ADV,12
BEMANI,memento mori -intro-,あさき,ADV,12
その他,Xroniàl Xéro(EXIT TUNES),"かめりあ as ""menaXe inXonnu""",ADV,14
FLOOR,Ichi-Go! DX Pancake!,梅干茶漬け,ADV,12
FLOOR,おはようからおやすみまでかまってポメポメ,立秋 feat.ちょこ,ADV,13
FLOOR,Dooooope,RiMo,ADV,10
FLOOR,DO-IT-AMA-SITE!!!,MYUKKE.,ADV,12
FLOOR,Flaa Behavior,borzy,ADV,11
FLOOR,floorkiller,テヅカ,ADV,11
BEMANI,Sparkle Smilin',"BEMANI Sound Team ""Qrispy Joybox"" feat.いちか",ADV,12
BEMANI,DEEP PSYCHEDELIC STRIKER,影虎。,ADV,11
BEMANI,POSSESSION(Gowrock Remix),Gowrock,ADV,12
BEMANI,Re：Elemental Creation,uma meets モリモリあつし,ADV,13
POPS&アニメ,Daydream café (Euro Hopping Mix),"Remixed by BEMANI Sound Team ""TAG"" feat. ななひら",ADV,11
BEMANI,卑弥呼,朱雀 VS 玄武,ADV,14
POPS&アニメ,ふ・れ・ん・ど・し・た・い（WEREHEREMIX),Remixed by ボルテ学園生活部,ADV,11
POPS&アニメ,ユニバーページ（i-world Mix）,"Remixed by BEMANI Sound Team ""Yvya"" feat. かなたん",ADV,10
ひなビタ♪/バンめし♪,御伽噺に幕切れを,夜叉姫神楽,ADV,12
ひなビタ♪/バンめし♪,逆さま♥シンデレラパレード,メリー・バッド・メルヘン,ADV,11
ひなビタ♪/バンめし♪,至上のラトゥーリア,Vanitas Lacrimosa,ADV,10
ひなビタ♪/バンめし♪,ROOM,Blanc Bunny Bandit,ADV,9
FLOOR,Over The Top,Ashrount,ADV,14
FLOOR,トマヨイ,Spacelectro feat.椎木レク,ADV,13
FLOOR,Historia of Velnoti,KV.S&はらたま,ADV,12
FLOOR,夢見草奇譚,Paradise Eve feat.しゃみお,ADV,11
FLOOR,World of Iris,polysha,ADV,13
BEMANI,αρχη,Dormir,ADV,13
BEMANI,Nebulas,"BEMANI Sound Team ""Yvya""",ADV,13
BEMANI,Our Love,lapix,ADV,13
BEMANI,The First Step,Yooh,ADV,11
BEMANI,BLAZE∞BREEZE,"BEMANI Sound Team ""TAG×PON""",ADV,12
BEMANI,ラブキラ☆スプラッシュ,"BEMANI Sound Team ""Sota F."" feat.いちか",ADV,10
BEMANI,EGOISM -Rebuild-,HAMA topground,ADV,10
その他,L9,paraoka,ADV,13
BEMANI,Mynarco(Nagomu 2Step Remix),Akizuki Nagomu feat. fu-ko,ADV,13
BEMANI,焦がれ唄,ちきんぐ feat.TEA,ADV,10
BEMANI,Still Lonesome,PSYQUI,ADV,11
BEMANI,Bioslaves,mazuka153,ADV,12
BEMANI,Bolérrot,かねこちはる,ADV,12
BEMANI,MeteorA,Verseus,ADV,13
POPS&アニメ,かくしん的☆めたまるふぉ～ぜっ！（crabMixx）,土間うまる（CV.田中あいみ） Remixed by いぬ,ADV,8
POPS&アニメ,鏡面の波（ramble mix）,"YURiKA Remixed by BEMANI Sound Team ""DJ TOTTO""",ADV,10
FLOOR,色を喪った街,かめりあ feat. かめりあ,ADV,14
BEMANI,ENDYMION,fallen shepherd ft. RabbiTon Strings,ADV,14
FLOOR,Katharsis,u-z feat.CHERICa,ADV,13
FLOOR,SAMURAI TIGER,ぽんきち&ゆんゆん,ADV,13
FLOOR,666,RoughSketch,ADV,15
FLOOR,ZEИITH,Ashrount vs polysha,ADV,13
FLOOR,9TH5IN,ETIA.,ADV,14
FLOOR,ЯeviveR,Diceros Bicornis,ADV,14
BEMANI,Impress (bansou Remix),bansou,ADV,12
BEMANI,Elemental Creation (kamome sano Remix),kamome sano,ADV,13
SDVXオリジナル,VIVIDWAVERS,SDVX SOUND UNION,ADV,12
ひなビタ♪/バンめし♪,ハレ トキドキ メランコリック,ここなつ2.0,ADV,8
ひなビタ♪/バンめし♪,Finally Dive -kors k Remix-,ここなつ2.0,ADV,11
その他,ANGER of the GOD(EXIT TUNES),BlackY,ADV,13
BEMANI,ABSOLUTE (EUROBEAT REMIX),Tracy vs. Yu_Asahina,ADV,11
BEMANI,Valanga(polysha Remix),polysha,ADV,13
BEMANI,SHION (ロースピード幻想チューン Remix),HOUJIROU feat. 駄々子,ADV,9
FLOOR,Vividly Impromptu,BlackY,ADV,13
FLOOR,祭囃子,709sec. feat.Yui Chinen,ADV,11
その他,ULTRA B+K,nora2r,ADV,11
その他,MilK,モリモリあつし,ADV,11
BEMANI,ランカーキラーガール,中島由貴 × いちか,ADV,12
BEMANI,蛇神,Zektbach,ADV,13
FLOOR,Call of the World,お月さま交響曲,ADV,13
FLOOR,Turn the story,technoplanet feat. Kuroto Sion,ADV,13
BEMANI,Harmonia,ATSUMI UEDA,ADV,11
FLOOR,Jacob’s Elevator,まろん (IOSYS),ADV,12
BEMANI,Übertreffen,TAKA respect for J.S.B.,ADV,13
FLOOR,ЯegreT of MemoRy,からとP vs タケノコ少年,ADV,12
SDVXオリジナル,OZONE,"BEMANI Sound Team ""Sota Fujimori""",ADV,12
SDVXオリジナル,Believe In Yourself,kors k,ADV,13
SDVXオリジナル,OUTERHEΛVEN,Juggernaut.,ADV,14
SDVXオリジナル,"* Erm, could it be a Spatiotemporal ShockWAVE Syndrome...?",かめりあ,ADV,15
SDVXオリジナル,θコトノハθカプセルθ,cosMo＠暴走P,ADV,14
SDVXオリジナル,Teufel,Hommarju,ADV,13
SDVXオリジナル,Butterfly Twist,Yooh,ADV,12
SDVXオリジナル,Pulsar,はがね,ADV,12
SDVXオリジナル,pique,星野音楽工房,ADV,13
FLOOR,ultra turbo,kamome sano,ADV,11
FLOOR,近未来百鬼夜行譚～死返之巻～,近未来妖怪活劇をかぼちゃが謡う！　いざ！,ADV,12
SDVXオリジナル,タイムトラベル,モリモリあつし,ADV,12
FLOOR,PARTY TIME!,RoughSketch & Hommarju,ADV,13
その他,AXION,削除,ADV,12
FLOOR,D1g1t1ze b0dy,シルクパラソル（yoa＆かゆき） feat. まめこ,ADV,10
その他,Nhelv,Silentroom,ADV,13
FLOOR,Pixelated Platform,pan,ADV,10
BEMANI,Afterimage d'automne,"BEMANI Sound Team ""猫叉劇団""",ADV,13
BEMANI,おーまい！らぶりー！すうぃーてぃ！だーりん！,"BEMANI Sound Team ""PON"" feat.NU-KO",ADV,11
BEMANI,最小三倍完全数,DJ TECHNORCH,ADV,13
BEMANI,Six String Proof,"BEMANI Sound Team ""Yvya × Mutsuhiko Izumi""",ADV,12
BEMANI,toy boxer,"BEMANI Sound Team ""S-C-U & SYUNN""",ADV,12
BEMANI,Trill auf G,"BEMANI Sound Team ""dj TAKA""",ADV,14
BEMANI,BLACK JACKAL,Akira Complex,ADV,11
BEMANI,voltississimo,"BEMANI Sound Team ""PHQUASE""",ADV,14
BEMANI,ミッドナイト☆WAR,いちか,ADV,12
ボーカロイド,Sweetiex2(EXIT TUNES),Dixie Flatline,ADV,9
SDVXオリジナル,Typhoon Craaash!!,A-One,ADV,13
SDVXオリジナル,ねこみみ(=ФωФ=)ぱんでみみっく,ねこみりん feat.小宮真央,ADV,13
ボーカロイド,ロキ,みきとP,ADV,10
SDVXオリジナル,ΣgØ,かぼちゃ,ADV,15
SDVXオリジナル,ΩVERFLOW,BlackY,ADV,13
その他,Quark,Hate vs Brilliance,ADV,11
SDVXオリジナル,Ghost Family Living In Graveyard,RoughSketch,ADV,14
SDVXオリジナル,Sudden Visitor,黒魔,ADV,12
その他,Black Lotus,wa.,ADV,13
SDVXオリジナル,petits fours,kamome sano,ADV,12
SDVXオリジナル,星の透る夏空に願う,Yu-dachi,ADV,13
その他,MARENOL,LeaF,ADV,12
SDVXオリジナル,Lancelot ～Flame of the Rebellion～,ぺのれり,ADV,14
SDVXオリジナル,Aerial Fortress,xi,ADV,13
SDVXオリジナル,Dogeza Stairs,ビートまりお（COOL&CREATE）,ADV,13
SDVXオリジナル,LECTORIA,Cranky,ADV,13
FLOOR,eighth-slave,Yu_Asahina,ADV,13
FLOOR,Cynical Joker,brz1128,ADV,12
FLOOR,PIZZATIME,Tsubusare BOZZ,ADV,12
FLOOR,Mischievous theater,黒魔,ADV,12
SDVXオリジナル,mqlo,C-Show,ADV,13
FLOOR,エンゲージ〆ント,Croire,ADV,12
FLOOR,CLOUDS FLYER -sdvx edit-,ginkiha,ADV,11
FLOOR,偶然？ 必然？ アンビバレンス！,諸星なな feat.加藤はるか&YKI,ADV,10
FLOOR,Sunflower Vibes,Dustvoxx,ADV,12
FLOOR,V Sen5eS,MasKaleido VS 709sec.,ADV,13
SDVXオリジナル,Liar rain,しーけー,ADV,12
SDVXオリジナル,rE:Voltagers,Tanchiky,ADV,13
FLOOR,empty,Λerdammt,ADV,11
FLOOR,JǛPITΨR ♃ GЯÃVITÝ,YumAeL ex. 溝口ゆうま,ADV,13
ボーカロイド,ストリーミングハート,DECO*27,ADV,12
FLOOR,FIRST：DREAMS,uma vs. モリモリあつし,ADV,13
ボーカロイド,妄想税,DECO*27,ADV,11
ボーカロイド,弱虫モンブラン,DECO*27,ADV,10
FLOOR,アライヴ,あらいぐまファクトリー feat. okogeeechann,ADV,11
FLOOR,Into The Madness,Yuta Imai,ADV,12
SDVXオリジナル,Cloud Crasher,Hommarju,ADV,13
FLOOR,Circulator,Reaper,ADV,12
SDVXオリジナル,Barbless Ego,MAD CHILD,ADV,13
FLOOR,To:BrandNewDeadline,せいぎのあおぢる,ADV,13
東方アレンジ,悪戯センセーション,森羅万象,ADV,12
東方アレンジ,ΩBIRD,SOUND HOLIC feat. Nana Takahashi,ADV,12
東方アレンジ,Get over!!,猫大樹,ADV,10
東方アレンジ,Sweetest Paranoia,Amateras Records feat.築山さえ×抹(魂音泉),ADV,10
東方アレンジ,諏訪大信仰,ビートまりお＋あまね（COOL&CREATE）,ADV,12
東方アレンジ,DESIRE,溝口ゆうま feat. 大瀬良あい,ADV,11
東方アレンジ,Little Big Princess(DJ katsu EDIT),DiGiTAL WiNG with 空音,ADV,9
FLOOR,Atropa bella-donna,HOUJIROU,ADV,13
FLOOR,Adrenaline Rush,siqlo,ADV,11
FLOOR,clear:wings,かゆき,ADV,11
FLOOR,Xicholauncher,隣の庭は青い(庭師+Aoi),ADV,12
FLOOR,THE凸GENERATOR,cosMo＠暴走P,ADV,14
FLOOR,シープドリーミン,テヅカ feat. 大西あみみ,ADV,10
FLOOR,Chocolate Parade,Freezer feat.妃苺,ADV,12
FLOOR,ツマミ戦隊 タテレンジャー,ツマミ戦隊 タテレンジャー,ADV,12
FLOOR,Tribal Trial,Yooh,ADV,10
FLOOR,Barbatos,Crawk × Capchii,ADV,13
BEMANI,50th Memorial Songs -The BEMANI History-,BEMANI Sound Team,ADV,12
BEMANI,50th Memorial Songs -二人の時 ～under the cherry blossoms～-,BEMANI Sound Team,ADV,11
BEMANI,50th Memorial Songs -Flagship medley-,BEMANI Sound Team,ADV,11
FLOOR,アオアラシ,やどりぎ,ADV,13
FLOOR,Enchanté,winddrums,ADV,13
FLOOR,Bye or not,PSYQUI feat. mikanzil,ADV,11
FLOOR,VIVID DEBUT!,#EmoCosine,ADV,11
FLOOR,港町レディ,フーリンキャットマーク,ADV,10
FLOOR,Enigma II,とろまる,ADV,12
FLOOR,Aurolla,MisoilePunch♪,ADV,13
FLOOR,Glorious Journey,古屋直雪,ADV,13
FLOOR,Sacrifice Escape: 不条理の模倣による感情と代償,memex,ADV,11
FLOOR,翠雨の祷,Cororo feat.Yuria Miyazono,ADV,13
FLOOR,SociuS,Ellim Gnirps vs よみぃ,ADV,12
BEMANI,50th Memorial Songs -Beginning Story-,BEMANI Sound Team,ADV,9
ひなビタ♪/バンめし♪,革命パッショネイト,日向美ビタースイーツ♪,ADV,12
FLOOR,Sharkbait,ryhki,ADV,12
ひなビタ♪/バンめし♪,スイーツはとまらない♪,日向美ビタースイーツ♪,ADV,11
SDVXオリジナル,TENKAICHI ULTIMATE BOSSRUSH MEDLEY,TENKAICHI LEGENDS,ADV,14
ひなビタ♪/バンめし♪,熱情のサパデアード,日向美ビタースイーツ♪,ADV,12
FLOOR,Hi-Fi!!双子'S,technoplanet feat. ＯＲＩ姫 & やみん,ADV,10
FLOOR,120秒のエンドロール,colorless（からとP feat.脱線ぐーぅ）,ADV,11
ひなビタ♪/バンめし♪,ヒカリユリイカ,ここなつ,ADV,10
FLOOR,び,立秋 feat.ちょこ,ADV,13
ひなビタ♪/バンめし♪,ベビーステップ,ここなつ,ADV,11
FLOOR,無魎大数,cosMo＠暴走P,ADV,12
東方アレンジ,Addicted Moon,Amateras Records feat.築山さえ,ADV,10
東方アレンジ,ARROW RAIN feat. ayame,Alstroemeria Records,ADV,13
SDVXオリジナル,伊邪那美白山姫大神,Morrigan feat. リリィ,ADV,12
SDVXオリジナル,雲海,椎名　豪,ADV,11
SDVXオリジナル,vivid landscape,paraoka,ADV,12
その他,Enjoy This Time,DJ Noriken feat. yukacco,ADV,11
SDVXオリジナル,On take SUN,Sampling Masters MEGA,ADV,13
その他,怪盗Ｆの台本～消えたダイヤの謎～(EXIT TUNES),ひとしずく×やま△ feat.松下、eclair、おさむらいさん、柿チョコ、コニー、しゅーず、che:櫻井、nero、びびあん、mao（bass）、ゆう十、リシェ,ADV,11
東方アレンジ,Colors,REDALiCE feat.野宮あゆみ,ADV,10
東方アレンジ,Colorless feat.ももかみ,Spacelectro,ADV,12
SDVXオリジナル,君は Fantasista,杉下 トキヤ,ADV,12
SDVXオリジナル,GaLaXyEggPlanT,sasakure.UK,ADV,13
その他,GALAXY BURST(EXIT TUNES),かめりあ,ADV,13
東方アレンジ,クレイジークレイジーダンサーズ,ビートまりお＋あまね（COOL&CREATE）,ADV,12
ボーカロイド,消失(Hommarju Remix)(EXIT TUNES),cosMo＠暴走P,ADV,13
その他,Jack-the-Ripper◆,sasakure.UK,ADV,13
ボーカロイド,すきなことだけでいいです,ピノキオピー,ADV,10
SDVXオリジナル,scary night,岸田教団＆THE明星ロケッツ,ADV,11
東方アレンジ,全力ハッピーライフ,森羅万象,ADV,11
東方アレンジ,Together Going My Way,DiGiTAL WiNG with 空音,ADV,10
東方アレンジ,抜刀,猫大樹,ADV,11
SDVXオリジナル,bistro twins☆☆☆,OSTER project feat. かなたん,ADV,11
SDVXオリジナル,Believe (y)our Wings {V:IVID RAYS},RASIS COLORS（かめりあ ft. 紫崎 雪、ぁゅ、かぼちゃ、Kuroa*、SOPHY、みかん汁、みゅい）,ADV,11
SDVXオリジナル,Believe (y)our Wings {GRA5P WAVES},GRACE COLORS（かめりあ ft. 紫崎 雪、藍月なくる、荒巻、ＯＲＩ姫、かなたん、駄々子、はるの、ななひら）,ADV,11
SDVXオリジナル,FlowerNation,ゆうゆ feat. 華,ADV,10
SDVXオリジナル,BLIZZARD BEAT,SOUND HOLIC feat. Nana Takahashi,ADV,11
東方アレンジ,Princess Lily,溝口ゆうま feat. 大瀬良あい,ADV,11
ボーカロイド,ぼくらの16bit戦争,sasakure.UK,ADV,11
SDVXオリジナル,真夏の海の修道女,bermei.inazawa,ADV,10
東方アレンジ,真夏の蜜と唇 fm. 希望の星は青霄に昇る,ARM (IOSYS) ft. yukina (TUMENECO),ADV,12
東方アレンジ,迷夢ソウル,夕月椿(EastNewSound),ADV,10
東方アレンジ,零次元エクスプレス,SOUND HOLIC feat. Nana Takahashi,ADV,11
SDVXオリジナル,lEyl,t+pazolite feat. incl*incr,ADV,13
その他,Record one's Dream,uma vs. モリモリあつし,ADV,11
その他,Revolution(EXIT TUNES),lapix,ADV,12
BEMANI,V,TAKA,ADV,12
FLOOR,ULTRAVELOCITY,はがね,ADV,12
FLOOR,ΣmbryØ,かぼちゃ,ADV,15
FLOOR,Cross Fire,Hommarju vs RoughSketch,ADV,14
FLOOR,GODHEART,BlackY,ADV,14
FLOOR,THE HEAVEN,Juggernaut.,ADV,12
FLOOR,祝福の色彩は想い結ぶ君たち迄,Yu-dachi,ADV,13
FLOOR,Destiny,Yooh,ADV,13
FLOOR,*Feels Seasickness...*,かめりあ,ADV,15
その他,Adansonia,sweez / Meine Meinung,ADV,8
ボーカロイド,ゴーストルール,DECO*27,ADV,11
その他,スペクトラム,エルリ鳥 (O-SE + ueda),ADV,9
ボーカロイド,すろぉもぉしょん,ピノキオピー,ADV,9
その他,セイシュンライナー(EXIT TUNES),蝶々P meets まじ娘,ADV,12
ボーカロイド,moon(EXIT TUNES),iroha(sasaki),ADV,7
ボーカロイド,モザイクロール,DECO*27,ADV,10
SDVXオリジナル,ALTONA,SOUND HOLIC Vs. SWING HOLIC,ADV,12
SDVXオリジナル,She Turns Me On,"BEMANI Sound Team ""Sota Fujimori""",ADV,13
SDVXオリジナル,真っ白な靴,豚乙女,ADV,13
SDVXオリジナル,REDO the NIGHT,岸田教団＆THE明星ロケッツ,ADV,12
BEMANI,MODEL FT4,"BEMANI Sound Team ""Mutsuhiko Izumi""",ADV,13
BEMANI,Yum Yum Sweetie,t+pazolite,ADV,13
ボーカロイド,アンハッピーリフレイン,wowaka,ADV,10
その他,KIRAMEKI OVERDRIVE,FALL,ADV,8
ボーカロイド,Twilight ∞ nighT(EXIT TUNES),ひとしずく×やま△,ADV,8
その他,Poison AND÷OR Affection,LeaF,ADV,10
ボーカロイド,ローリンガール,wowaka,ADV,9
BEMANI,Catch Our Fire!,中島由貴,ADV,11
FLOOR,Divine's or Deal,winddrums vs cosMo,ADV,13
FLOOR,ファイナルレター,かねこちはる,ADV,12
FLOOR,ブチ上げ候！現代忍者三姉妹,溝口ゆうま feat. みこ♡なち♡あい,ADV,12
FLOOR,Musha Vibration,NA7,ADV,12
BEMANI,Sulk,SYUNN,ADV,11
BEMANI,†渚の小悪魔ラヴリィ～レイディオ†,夏色ビキニのPrim,ADV,13
BEMANI,Midnight City Warfare,sky_delta,ADV,13
その他,ouroboros -twin stroke of the end-,Cranky VS MASAKI「グルーヴコースター」より,ADV,13
SDVXオリジナル,逆月,"BEMANI Sound Team ""HuΣeR"" feat.Fernweh",ADV,14
その他,Xevel,Tatsh「CHUNITHM」より,ADV,13
その他,Taiko Drum Monster,steμ feat. siroa「太鼓の達人」より,ADV,13
BEMANI,Elemental Creation,dj TAKA meets DJ YOSHITAKA,ADV,14
BEMANI,Empathetic,Sota÷Des,ADV,11
BEMANI,お米の美味しい炊き方、そしてお米を食べることによるその効果。,大日本鉄倶楽部【あさき＆９６】,ADV,11
BEMANI,GAIA,猫叉L.E.D.Master+,ADV,12
BEMANI,Synergy For Angels,TAG×U1-ASAMi,ADV,12
BEMANI,STULTI,MAX MAXIMIZER VS DJ TOTTO,ADV,13
BEMANI,晴天Bon Voyage,TOMOSUKE × seiya-murai feat. ALT,ADV,10
BEMANI,創世ノート,PON+wac,ADV,12
BEMANI,虹色の花,Akhuta y OJ,ADV,10
BEMANI,ラキラキ,Mutsuhiko Izumi & S-C-U,ADV,11
東方アレンジ,Invisible Bullets,brz1128,ADV,12
東方アレンジ,Venomous Firefly,かめりあ,ADV,13
東方アレンジ,Tic Exe,Se-U-Ra,ADV,11
東方アレンジ,Night Rockin' Bird,kanone,ADV,12
東方アレンジ,Nostalgic Blood of the Strife,Laur,ADV,13
東方アレンジ,Princess K,Retropolitaliens(Ms.+駄々子),ADV,10
SDVXオリジナル,PROVOES*PROPOSE <<êl fine>>,"Yu_Asahina as ""papyrus""",ADV,13
東方アレンジ,マイネ・クライネ・ナハトムジーク,Die Ellipse (deli. with 倉田美和),ADV,10
FLOOR,Akzeriyyuth,Team&Dj Grimoire,ADV,13
ボーカロイド,異世界ノットパンピー(EXIT TUNES),164 feat.GUMI,ADV,10
ボーカロイド,嘘とぬいぐるみ(EXIT TUNES),Dixie Flatline,ADV,8
FLOOR,Coldlapse,Aoi vs. r0y,ADV,12
FLOOR,No way,影虎。,ADV,11
FLOOR,Beyond the BLUE,Ayato × sak × 田島千種,ADV,13
東方アレンジ,4NT1 D34D,N-Driver,ADV,9
東方アレンジ,Breakin' Asia,かたぎり,ADV,13
東方アレンジ,蓬莱フェスティボー,溝口ゆうま feat. みこ♡なち♡あい,ADV,11
東方アレンジ,Lunatic Sprinter,さわわ,ADV,12
BEMANI,SUPER SUMMER SALE,"BEMANI Sound Team ""U1 overground""",ADV,11
BEMANI,星座が恋した瞬間を。,"BEMANI Sound Team ""DJ TOTTO feat.MarL""",ADV,11
BEMANI,Puberty Dysthymia,"BEMANI Sound Team ""person09""",ADV,12
BEMANI,風鈴花火,"BEMANI Sound Team ""劇団レコード""feat.結良まり",ADV,10
BEMANI,Prey,"BEMANI Sound Team ""Dustup""",ADV,13
BEMANI,Life is beautiful,"BEMANI Sound Team ""猫叉Master""",ADV,11
BEMANI,Rejoin,"BEMANI Sound Team ""HuΣeR feat.PON""",ADV,11
その他,Sleepless days,猫叉Master feat.Mayumi Morinaga,ADV,10
その他,MAXIVCORD,"BEMANI Sound Team ""dj TAKA""",ADV,11
その他,Let's Bounce !!,"BEMANI Sound Team ""Sota F.""",ADV,9
東方アレンジ,灼熱のBlazin' Beat,CielArc,ADV,10
東方アレンジ,Burning Spark!,uma & nmk feat. 橘花音,ADV,11
東方アレンジ,Black night,Noah,ADV,13
SDVXオリジナル,まじかる生主＠りすなちゃん,DJ SHARPNEL feat. みらい,ADV,12
東方アレンジ,Liévre -blanche-,Diartzh,ADV,12
SDVXオリジナル,Another Chapter,からとP feat.リた☆,ADV,11
SDVXオリジナル,Absolute Domination,Laur,ADV,14
SDVXオリジナル,オニユリ,ぺのれり,ADV,13
SDVXオリジナル,Xronièr,"かめりあ as ""fluX Xroisé""",ADV,15
SDVXオリジナル,コメット⇒スケイター,U-ske feat.棗いつき,ADV,11
SDVXオリジナル,サイコパスラビット,うさぎ愛好会PSYCHOPATH(cosMo×syuri22),ADV,13
SDVXオリジナル,水簾ノ調,Capchii × Crawk,ADV,12
SDVXオリジナル,スラッシュ//シスターズ,はるなば with すずしろ&桃箱,ADV,12
SDVXオリジナル,そして黄金郷へ,TAKU1175 × かにまゆ,ADV,12
SDVXオリジナル,光射す澪のユズリハ,Cororo feat.Yuria Miyazono,ADV,13
SDVXオリジナル,Failnaught,xi,ADV,14
SDVXオリジナル,Fly Like You,technoplanet,ADV,14
SDVXオリジナル,Made In Love,黒魔,ADV,10
その他,FREEDOM DiVE,xi,ADV,14
FLOOR,Dark Matter,Yooh,ADV,11
FLOOR,ひとりぼっちの魔王,Verdammt,ADV,9
FLOOR,ホワイトパレード,梅干茶漬け,ADV,13
FLOOR,Justitia Gladius,kanone,ADV,12
FLOOR,Levier'n NābYss,MisoilePunch♪ ~Take No Complete~,ADV,13
東方アレンジ,Invisible Full Moon 古屋直雪 remix,古屋直雪,ADV,10
東方アレンジ,Victim of Nights,すのうまん,ADV,12
東方アレンジ,少女綺想曲 -G.X.N. Remix-,激戦の人,ADV,12
東方アレンジ,Mysterious Nights,あさり,ADV,9
FLOOR,BLAZING_LAZER,brz1128,ADV,12
FLOOR,Melty Sweets,Ironami,ADV,11
SDVXオリジナル,Reb∞t,"BEMANI Sound Team ""TAG""",ADV,13
東方アレンジ,KIMIDORI Streak!!,梅干茶漬け,ADV,12
FLOOR,Gate of Atlantis,MasKaleido,ADV,13
ボーカロイド,失敗作少女(EXIT TUNES),かいりきベア,ADV,10
東方アレンジ,Secret Traveler -MeniRemix-,Adust Rain,ADV,10
FLOOR,Knights Assault,零 -zero-,ADV,12
東方アレンジ,プレインエイジア(MRM REMIX),モリモリあつし,ADV,12
ボーカロイド,見世物ライフ(EXIT TUNES),"otetsu,164,蝶々P",ADV,10
FLOOR,MeteorGlow Aftermath,pan,ADV,13
BEMANI,ECHIDNA,HuΣeR,ADV,12
BEMANI,Chrono Diver -PENDULUMs-,猫叉L.E.D.Master+,ADV,14
SDVXオリジナル,Nexta,lapix,ADV,12
東方アレンジ,ILL-STARRED Diver,polysha,ADV,11
東方アレンジ,煙,庭師,ADV,12
FLOOR,SUPER BUBBLE JOURNEY,こふ,ADV,11
BEMANI,Touch My Body,anubasu-anubasu,ADV,12
東方アレンジ,誰が為に兎は舞う＝狂速狂騒曲＝,うさぎ愛好会(cosMo×syuri22),ADV,13
FLOOR,Blue Stream,とろまる,ADV,12
BEMANI,片翼のディザイア,Endorfin.,ADV,12
FLOOR,LastΩmegA,BlackY,ADV,13
BEMANI,La Danza del Fuego,Kiryu,ADV,11
BEMANI,Redshift,technoplanet,ADV,13
東方アレンジ,アワデコノヨヲ,AMAZE,ADV,12
FLOOR,Iridescent Clouds,Hidra-Xjeil,ADV,11
FLOOR,SAtAN,P*Light,ADV,13
東方アレンジ,disordered asia,シイナフユキ,ADV,10
FLOOR,Divine's:Bugscript,かゆき,ADV,13
東方アレンジ,Two of Us,Sound CYCLONE,ADV,8
東方アレンジ,Dreaming feat. nomico,Alstroemeria Records,ADV,10
東方アレンジ,私の恋色。,テヅカ feat. 大西あみみ,ADV,11
SDVXオリジナル,Arcade Prison,MAD CHILD vs. siromaru,ADV,11
BEMANI,Evans,DJ YOSHITAKA,ADV,13
その他,Oriens,ginkiha,ADV,12
その他,Decoy(EXIT TUNES),Yooh,ADV,12
その他,New Leaf(EXIT TUNES),BlackY vs. Yooh,ADV,13
その他,β(EXIT TUNES),BlackY,ADV,11
BEMANI,RHYZING BEAT,PHQUASE,ADV,12
その他,Re：End of a Dream,uma vs. モリモリあつし,ADV,13
SDVXオリジナル,業焔繚乱,BlackY,ADV,12
BEMANI,Sky High,Cuvelia,ADV,13
SDVXオリジナル,スピーカーガール！,TAKU1175 feat.かなたん,ADV,10
BEMANI,CHERNOBOG,漆黒のEBONY,ADV,13
BEMANI,ビビットストリーム,DJ TOTTO,ADV,10
BEMANI,Phlox,Sota Fujimori 2nd Season,ADV,12
SDVXオリジナル,BELOBOG,"BEMANI Sound Team ""純白のIVORY""",ADV,14
BEMANI,蟲の棲む処,かめりあ feat. Nana Takahashi,ADV,12
SDVXオリジナル,Royal Judgement,Kobaryo,ADV,11
BEMANI,ロプノールの商隊,Akhuta,ADV,12
BEMANI,惑星☆ロリポップ,SOUND HOLIC feat. Nana Takahashi,ADV,11
BEMANI,分けるな危険！モモモモモモーイズム,ARM×狐夢想 feat. 桃井はるこ,ADV,11
FLOOR,Awakening,technoplanet,ADV,14
FLOOR,Wings of Glory,Crawk × Capchii,ADV,12
FLOOR,crossing blue,ぺのれり,ADV,13
FLOOR,Xéroa,かめりあ,ADV,14
FLOOR,BlueMoon Princess,うさぎ愛好会(cosMo×syuri22),ADV,13
FLOOR,プラネタジャーニー,U-ske feat.棗いつき,ADV,11
FLOOR,メルヘン風紀委員会,はるなば with すずしろ&桃箱,ADV,11
FLOOR,Яe's NoVǢ,からとP feat.リた☆,ADV,12
ボーカロイド,からくりピエロ(EXIT TUNES),40mP,ADV,8
SDVXオリジナル,GERBERA-For Finalists-,remixed by cosMo＠暴走P,ADV,13
その他,Libera me,Cranky,ADV,11
ボーカロイド,ワールズエンド・ダンスホール,wowaka,ADV,10
FLOOR,I,黒魔,ADV,15
FLOOR,A Lasting Promise,Laur,ADV,14
FLOOR,CUTE-Reflection,7mai,ADV,11
FLOOR,Cloud 9,雄之助,ADV,13
FLOOR,Sacrifice and Faith,ℱsinfonia（Yu_Asahina　溝口ゆうま　かなたん　大瀬良  あい）,ADV,12
FLOOR,神話に芽吹く,Cororo,ADV,12
FLOOR,僕らの時間,テヅカ feat. 大西あみみ,ADV,11
FLOOR,羅生門,TAKU1175 × かにまゆ,ADV,13
FLOOR,Last Resort,xi,ADV,14
FLOOR,BREAKNECK NY☆N! NY★N!,ZerA,ADV,12
FLOOR,planetarium,SUi,ADV,12
BEMANI,MONOLITH,TOMOSUKE,ADV,13
FLOOR,Lionheart,P4koo,ADV,11
FLOOR,Random Box,LATI,ADV,10
BEMANI,CARNIVOROUS,SOUND HOLIC feat. Nana Takahashi,ADV,11
BEMANI,スカイダイバー,ヒゲドライバー feat.ヒゲドライVAN,ADV,11
BEMANI,SPACE VILLAGE,サイバー劇レコ,ADV,12
BEMANI,それは花火のような恋,夏色バーニングラブ☆Prim,ADV,12
BEMANI,トキメキストリーム,Qrispy Joybox,ADV,10
BEMANI,びいすと！,ビートまりおとARM,ADV,12
SDVXオリジナル,VOLTEXES IV,"BEMANI Sound Team ""Sota Fujimori""",ADV,11
BEMANI,メイビ～初恋！？ビスケット☆大作戦,DJ TOTTO×mitsu feat.BisCo(CV:洲崎綾),ADV,13
BEMANI,Lost wing at.0,猫叉Master+,ADV,12
BEMANI,cobalt,Des-ROW・組スペシアル,ADV,11
BEMANI,НУМЛ,Zutt,ADV,12
FLOOR,極彩天奏,かゆき,ADV,12
FLOOR,Zelophilia,ぺのれり feat.ぁゅ,ADV,12
FLOOR,ツキアカリ,タケノコ少年,ADV,11
FLOOR,ボーイミーツ・ブルー,うさぎ愛好会(cosMo×syuri22),ADV,10
ひなビタ♪/バンめし♪,ルミナスデイズ,ここなつ,ADV,8
FLOOR,Lowermost revolt,かめりあ feat. 歌劇派学生,ADV,13
FLOOR,Royal Action,BlackY,ADV,12
FLOOR,KAC 2013 ULTIMATE MEDLEY -HISTORIA SOUND VOLTEX- Empress Side,FLOOR LEGENDS -KAC 2013-,ADV,13
FLOOR,おにいちゃんハイテック,立秋 feat.ちょこ,ADV,10
FLOOR,Chaotic Romance,はるなば,ADV,11
FLOOR,Khionos TiARA,Ellim Gnirps vs よみぃ,ADV,13
FLOOR,Goddess Bless you,winddrums,ADV,12
FLOOR,Xibercannon,隣の庭は青い(庭師+Aoi),ADV,12
FLOOR,Destruction & Qreation,polysha+inusack,ADV,10
FLOOR,DropZ-Line-,Getty vs. DJ DiA,ADV,12
BEMANI,Be a Hero!,中島由貴,ADV,11
FLOOR,PIERROT KNIfE,まろん (IOSYS),ADV,11
SDVXオリジナル,OPEN MY GATE,ARM×狐夢想 feat. RINA (I've),ADV,12
SDVXオリジナル,All Clear!!,sky_delta,ADV,11
SDVXオリジナル,Cy-Bird,Yooh,ADV,11
SDVXオリジナル,#SpeedyCats,RoughSketch a.k.a. uno(IOSYS),ADV,13
SDVXオリジナル,TWO-TORIAL,"BEMANI Sound Team ""PHQUASE vs DJ TOTTO""",ADV,14
SDVXオリジナル,Hug!! Vs. Hug!!,はるなば,ADV,13
SDVXオリジナル,BEAST BASS BOMB,Hommarju,ADV,11
SDVXオリジナル,Far Away,lapix,ADV,12
SDVXオリジナル,闇夜に舞うは紅の華,TAKU1175,ADV,12
SDVXオリジナル,GERBERA,"BEMANI Sound Team ""TAG""",ADV,12
FLOOR,It's a new day!,パピ子りんft.ビタミンな兄貴♂＆ゆずり,ADV,7
FLOOR,HP:1,Verdammt,ADV,12
FLOOR,QUAKE,Polyphonix,ADV,11
FLOOR,゜*。Chantilly Fille。*°,Ange;art,ADV,11
FLOOR,春時雨,まし,ADV,9
FLOOR,Fairy in Strasbourg,Laur,ADV,8
FLOOR,Poppin’Cats!!,やどりぎ,ADV,11
その他,DREAMING-ING!!,ときめきアイドル project,ADV,10
その他,怒槌,光吉猛修「CHUNITHM」より,ADV,12
その他,Scarlet Lance,MASAKI（ZUNTATA）「グルーヴコースター」より,ADV,12
その他,セイクリッド ルイン,Drop＆祇羽 feat. 葉月ゆら「太鼓の達人」より,ADV,12
SDVXオリジナル,炎夏の音,Vocal by 駄々子,ADV,10
SDVXオリジナル,狂騒こども節,Vocal by かなたん,ADV,11
SDVXオリジナル,新米天使のメランコリー,Vocal by 荒巻,ADV,10
SDVXオリジナル,地球防衛乙女パンナコッター,Vocal by はるの,ADV,8
SDVXオリジナル,テレポーテーションでやってきた彼とのその後の顛末,Vocal by 藍月なくる,ADV,9
SDVXオリジナル,ペタ靴と憂夜リムーバー,Vocal by ＯＲＩ姫,ADV,11
ひなビタ♪/バンめし♪,キリステゴメン,東雲夏陽,ADV,11
ひなビタ♪/バンめし♪,けもののおうじゃ★めうめう,日向美ビタースイーツ♪,ADV,10
ひなビタ♪/バンめし♪,シノビシノノメ,東雲心菜,ADV,10
ひなビタ♪/バンめし♪,銃弾は解を撃ち抜いて,日向美ビタースイーツ♪,ADV,10
ひなビタ♪/バンめし♪,Drizzly Venom,日向美ビタースイーツ♪,ADV,9
ひなビタ♪/バンめし♪,ナイト・オブ・ロンド,日向美ビタースイーツ♪,ADV,10
ひなビタ♪/バンめし♪,ミラクル・スイート・スイーツ・マジック！！,日向美ビタースイーツ♪,ADV,9
FLOOR,couleur automnes de chocolat,Citrus and Ocean Colour,ADV,10
FLOOR,Ghost Trigger,u-z feat.CHERICa,ADV,12
FLOOR,Sadistic Stabbing,ぬゆりとびす,ADV,11
BEMANI,Time to Air (jazz it up style),borzy,ADV,10
東方アレンジ,チルノのパーフェクトさんすう教室　⑨周年バージョン,IOSYSと愉快な⑨周年フレンズ,ADV,11
その他,Doppelganger,LeaF,ADV,12
FLOOR,NEON LOVE♥POTION!!!,パイタン,ADV,11
FLOOR,444,ZYTOKINE feat. aki,ADV,11
BEMANI,waxing and wanding(SS Remix),しま兄,ADV,9
FLOOR,WONDER_WOBBLER,brz,ADV,9
BEMANI,Glitter Flatter Scatter,Project B-,ADV,13
東方アレンジ,Claidheamh Soluis-光の剣- feat.はるの,猫大樹,ADV,8
東方アレンジ,のぼれ八坂坂！,ビートまりおとARM,ADV,10
東方アレンジ,胸の中で誰かが,幽閉サテライト,ADV,9
FLOOR,Apocrypha,お月さま交響曲,ADV,10
FLOOR,Grand-Guignol,モリモリあつし,ADV,12
FLOOR,獅子奮迅,a_hisa vs KV.S&はらたま,ADV,11
FLOOR,Spirit of the Beast,ikaruga_nex fw.tcheb,ADV,13
FLOOR,Fáfnir,Aoi Sumito a.k.a. あおいひと,ADV,11
BEMANI,Concertino in Blue,佐々木博史,ADV,12
SDVXオリジナル,ULTiMATE INFLATiON,cosMo＠暴走Genocider,ADV,13
SDVXオリジナル,神獄烙桜,かゆき,ADV,13
SDVXオリジナル,Juggler's Maddness,Lite Show Magic,ADV,13
SDVXオリジナル,Staring at star,MisoilePunch♪ ～タケノコ添え～,ADV,14
SDVXオリジナル,セイレーン ～悲壮の竪琴～,ぺのれり,ADV,14
SDVXオリジナル,Dyscontrolled Galaxy,かめりあ,ADV,14
SDVXオリジナル,Deadly force,Noah,ADV,14
SDVXオリジナル,FIN4LE ～終止線の彼方へ～,カモメサノエレクトリックオーケストラ,ADV,15
SDVXオリジナル,WHITEOUT,かねこちはる,ADV,15
SDVXオリジナル,Mirrorwall,BlackY,ADV,13
BEMANI,Theme of Ricerca,HuΣeR feat.ゆきまめ,ADV,11
その他,Altale,削除,ADV,10
その他,PUPA,モリモリあつし,ADV,13
FLOOR,Game Over,Ancraft,ADV,11
FLOOR,JUNKIE FLAVOR,yaseta + Hidra-Xjeil,ADV,12
FLOOR,dreamin' of u,Jun Kuroda,ADV,10
FLOOR,rhythmology study,古屋直雪,ADV,11
FLOOR,Legendary Road,kanone,ADV,13
東方アレンジ,SACRIFICE feat. ayame,Alstroemeria Records,ADV,11
東方アレンジ,廃獄ドリームランド,SOUND HOLIC feat. Nana Takahashi,ADV,10
東方アレンジ,Burn everything,LiLA'c Records,ADV,8
東方アレンジ,冒涜的選択のアレグリア ft. Mayumi Morinaga,Iceon(Frost Fragment),ADV,7
東方アレンジ,Root Consciousness,溝口ゆうま feat.大瀬良あい vs. QURELESS,ADV,10
FLOOR,オンディーヌの泪,かねこちはる,ADV,11
FLOOR,ゴーストマスコット,はるなば feat.みかん汁,ADV,10
FLOOR,Gorgetech,Shiron,ADV,12
東方アレンジ,少女救世論,暁Records,ADV,7
東方アレンジ,Sweet Requiem,REDALiCE & aran,ADV,12
FLOOR,SprrRush!!,MisoilePunch♪ feat.KIRARI,ADV,9
東方アレンジ,つるぺったん,Silver Forest feat. くろねこ アキ さきち カガリ,ADV,10
FLOOR,ぱあ,立秋 feat.ちょこ,ADV,9
東方アレンジ,Finale,A-One,ADV,9
東方アレンジ,I feel something for you,556ミリメートル,ADV,7
東方アレンジ,透明な記憶の風穴,少女フラクタル,ADV,10
東方アレンジ,FIRE IN MY HEART,Spacelectro,ADV,8
東方アレンジ,幽玄の桜,音召缶 feat.Renna,ADV,10
東方アレンジ,雷鼓サンダービート,ARM(IOSYS) feat.ビートまりお(COOL&CREATE),ADV,11
東方アレンジ,Regretful Flower,Amateras Records feat.築山さえ,ADV,11
東方アレンジ,私とあなたのMYOURENJI☆,歌恋人,ADV,7
FLOOR,Vigor,Yooh,ADV,11
FLOOR,The Golden Era,polysha,ADV,11
BEMANI,405nm(Shu※mix),Shu※,ADV,10
BEMANI,Mind Mapping(ag Remix),ag,ADV,9
ひなビタ♪/バンめし♪,恋とキングコング,日向美ビタースイーツ♪,ADV,8
東方アレンジ,Technical Master,天音 (Rolling Contact),ADV,8
東方アレンジ,Dystopia,DiGiTAL WiNG feat.花たん/YURiCa,ADV,7
東方アレンジ,トーホータノシ (feat. 抹),魂音泉,ADV,10
東方アレンジ,NEWBORN CRYING,ZYTOKINE feat. nachi,ADV,9
東方アレンジ,物凄いスペースシャトルでこいしが物凄いうた,Halozy feat. ななひら,ADV,11
東方アレンジ,Crystallize Forest,奏瀬いちこ feat.Silver Forest,ADV,8
東方アレンジ,Blue Fire,REDALiCE feat. 野宮あゆみ,ADV,8
東方アレンジ,Voltage Higher,A-One,ADV,10
FLOOR,Gaze ft. 紫崎 雪,Omnis,ADV,10
FLOOR,Junk Mania,udouddo&VALLEYSTONE,ADV,11
BEMANI,雪月花 (Shiron & Sound Artz Remix),Shiron vs. Sound Artz,ADV,9
BEMANI,Narcissus At Oasis (Freezer Remix),Freezer,ADV,10
BEMANI,We Go Down,DJ Genki feat. SHIN from HYPERNOVA With 三代,ADV,11
その他,The Formula,Junk,ADV,12
FLOOR,Inscape,technoplanet,ADV,11
FLOOR,VAMPIRE,nyankobrq,ADV,8
FLOOR,クリスタルミサイル,フーリンキャットマーク～with 鳴紗,ADV,7
FLOOR,Smoked Turkey Rag,a_hisa,ADV,9
FLOOR,Cepheus,しらこいし,ADV,12
FLOOR,FLOOR INFECTION Medley from SOUND VOLTEX×jubeat,United Composers from SOUND VOLTEX,ADV,13
FLOOR,湖底遺跡のヴィダー・ハル,borzy & 結月そら,ADV,8
FLOOR,sink into the dream,uma,ADV,10
BEMANI,Genesis At Oasis (Hirayasu Matsudo Remix),Hirayasu Matsudo,ADV,10
ボーカロイド,パンダヒーロー,ハチ,ADV,7
BEMANI,POLICY BREAK Medley from SOUND VOLTEX×jubeat,United Composers from jubeat,ADV,12
ボーカロイド,マトリョシカ,ハチ,ADV,9
BEMANI,Line 4 Ruin -kohumix-,こふ,ADV,11
ひなビタ♪/バンめし♪,ナナイロライト,ここなつ,ADV,7
FLOOR,iLLness LiLin,かねこちはる,ADV,15
FLOOR,ΩVERSOUL,BlackY,ADV,13
FLOOR,Gamerz FestivaL,うさぎ愛好会(cosMo×syuri22),ADV,13
FLOOR,Sailing Force,ぺのれり,ADV,14
FLOOR,超☆超☆光☆速☆出☆前☆最☆速!!! スピード★スター★かなで,かめりあ feat. ななひら,ADV,15
BEMANI,Rebellio,MAX MAXIMIZER VS DJ TOTTO,ADV,13
BEMANI,Fly far bounce,猫叉Master,ADV,11
BEMANI,恋歌疾風！かるたクイーンいろは,ねこまんまチーム！,ADV,12
FLOOR,Carry Me Away,lapix,ADV,11
BEMANI,壊Rave*it!! 壊Rave*it!!,LeaF,ADV,13
FLOOR,SO FLY ME TO YOU,ローゼライト powered by mu-ray,ADV,7
BEMANI,Narcissus At Oasis -影虎。 style-,影虎。,ADV,10
BEMANI,Boss Rush,USAO,ADV,12
BEMANI,If,Pa's Lam System,ADV,11
FLOOR,infinite:youniverse,かゆき,ADV,11
FLOOR,Immortal saga,Noah,ADV,13
FLOOR,Fin.ArcDeaR,MisoilePunch♪ ～タケノコ添え～,ADV,14
FLOOR,HE4VEN ～天国へようこそ～,カモメサノエレクトリックオーケストラ,ADV,15
FLOOR,Make Magic,Lite Show Magic,ADV,13
東方アレンジ,ケムマキunderground,t+pazolite feat. リズナ,ADV,12
東方アレンジ,盗宝,猫大樹,ADV,10
東方アレンジ,刃の如く ft. ネコメアリ,Iceon(Frost Fragment),ADV,8
ひなビタ♪/バンめし♪,デュアルメモリ,ここなつ,ADV,9
BEMANI,Engraved Mark-Gow's ill! RMX-,Gowrock,ADV,10
BEMANI,Sakura Mirage -Drum'n World-,Kairys,ADV,10
FLOOR,準備運動,すのうまん,ADV,13
FLOOR,fancy cake!!,あるふぁ,ADV,9
BEMANI,Rebuilding of Paradise Lost,Laur,ADV,12
FLOOR,黎明スケッチブック,アメツチ絵日記,ADV,11
FLOOR,ドリームエンド・サバイバー,ぽんきち,ADV,13
FLOOR,キュリオシティ,庭師,ADV,12
FLOOR,Noisy Minority,DJ Grimoire,ADV,12
BEMANI,3y3s (JMBS FUNKOT RMX),"Jockie ""MASTA BASS"" Suama",ADV,11
その他,Aragami,xi,ADV,11
東方アレンジ,Alice Maestera feat. nomico,Alstroemeria Records,ADV,7
東方アレンジ,斑鳩,豊田竜行,ADV,8
ボーカロイド,インビジブル(EXIT TUNES),kemu,ADV,11
ボーカロイド,インフルエンサー・イズ・デッド(EXIT TUNES),じーざす（ワンダフル☆オポチュニティ！）,ADV,10
ボーカロイド,裏表ラバーズ,wowaka,ADV,8
ボーカロイド,永遠に幸せになる方法、見つけました。(EXIT TUNES),うたたP,ADV,10
FLOOR,EDEN of TRUTH,Braflare(kanone&かぼちゃ),ADV,10
BEMANI,Aurora(Latinized Style),mommy,ADV,9
その他,オトゲラヴ！,ねこみりん feat.小宮真央×みゆ×えみゅう。,ADV,8
BEMANI,朧 (kamome sano remix),kamome sano feat. Kuroa*,ADV,10
その他,Candy Star,DJ Genki feat. yukacco,ADV,10
BEMANI,きゅん×きゅんばっきゅん☆LOVE,松下feat.Sota & wac,ADV,10
FLOOR,JUGGLE,Ras,ADV,12
その他,JULIAN,Queen P.A.L.,ADV,10
FLOOR,水槽のクジラ,テヅカ feat. 大西あみみ,ADV,10
BEMANI,starmine (nora2r Remix),nora2r,ADV,11
BEMANI,Second Heaven GravityPfArrange,cosMo＠暴走P,ADV,10
ボーカロイド,千本桜,黒うさP feat.初音ミク,ADV,7
BEMANI,零の位相,kradness,ADV,11
FLOOR,Dharma,Massive New Krew,ADV,12
FLOOR,Chocolate Planet,Freezer feat.妃苺,ADV,11
東方アレンジ,Take to Lips,Sound CYCLONE feat.大瀬良あい&℃iel,ADV,7
東方アレンジ,トラウマ催眠少女さとり！,DJ SHARPNEL feat. 一ノ瀬月琉,ADV,11
その他,TRICKL4SH 220,Lite Show Magic,ADV,11
その他,Dreadnought,Mastermind(xi+nora2r),ADV,12
その他,New Game feat.Mayumi Morinaga,The 4th,ADV,8
東方アレンジ,Nostalgia,矢鴇つかさ feat. 三澤秋,ADV,8
その他,HiGHER,REDALiCE,ADV,9
FLOOR,Four Leaves,Endorfin.,ADV,10
FLOOR,Heavenly Adventure,Soleily,ADV,9
SDVXオリジナル,HEAVENLY SMILE,VALLEYSTONE feat. 紫崎 雪,ADV,9
BEMANI,bass 2 bass [Tracy vs. Astronomical Remix],Tracy vs. Astronomical,ADV,9
その他,Poppin' Shower,P*Light,ADV,8
その他,焔 -MAGMA-,SOUND HOLIC feat. Nana Takahashi,ADV,10
東方アレンジ,LOVE EAST,暁Records,ADV,8
その他,Solar Storm,xi「グルーヴコースター 3 リンクフィーバー」より,ADV,12
BEMANI,{albus},かめりあ,ADV,11
FLOOR,いつかの夢、またねの約束。,TAKU1175 ft. 駄々子,ADV,10
FLOOR,#Endroll,uno & D.watt (IOSYS TRAX),ADV,11
FLOOR,Quaint Echo,KLing(Aoi+Yunosuke),ADV,12
FLOOR,Zero-Day Exploit,Trerey-U,ADV,11
ひなビタ♪/バンめし♪,ヒミツダイヤル,ここなつ,ADV,7
BEMANI,Metamorphobia,winddrums,ADV,12
FLOOR,ゆうしゃのふゆやすみ,Verdammt,ADV,10
FLOOR,REGALIA,Riz,ADV,12
東方アレンジ,シアワセうさぎ,あまね＋ビートまりお（COOL&CREATE）,ADV,8
東方アレンジ,Lonly Ranunculus,Amateras Records feat.築山さえ,ADV,9
BEMANI,JOMANDA,DJ YOSHITAKA,ADV,12
SDVXオリジナル,極圏,cosMo VS dj TAKA,ADV,12
東方アレンジ,アルティメットトゥルース -Phantasm-,ふりらい feat. あにょ,ADV,10
東方アレンジ,Issen,tanso a.k.a. モリヤマサト,ADV,9
東方アレンジ,Clash of swords,Noah,ADV,12
東方アレンジ,ジャンピン・スマイル,梅干茶漬け,ADV,10
東方アレンジ,Spice Road,C-CLAYS feat.小峠舞,ADV,8
東方アレンジ,東方妖々夢 ULTIMATE MEDLEY,uma vs. モリモリあつし,ADV,12
東方アレンジ,Phantom dinning tonight!,Tomoya feat. 黒崎朔夜,ADV,10
東方アレンジ,lost chain,まぁ言うてかぼちゃの色も橙だし多分大丈夫,ADV,9
FLOOR,IKAROS DYNAMITE!!!!,BlackY,ADV,12
FLOOR,Emperor's Divide,にゃそ,ADV,12
FLOOR,cross the future,uma,ADV,12
FLOOR,GEOMETRIA,Shiron,ADV,12
BEMANI,絶対零度,かねこちはる,ADV,12
FLOOR,↓↓↓,庭師,ADV,12
BEMANI,ネコクマウササー,溝口ゆうま feat. みこ♡なち♡あい,ADV,11
FLOOR,Prayer,ぺのれり,ADV,12
ひなビタ♪/バンめし♪,バイナリスター,ここなつ,ADV,8
東方アレンジ,Shirogane,nmk vs b-UMB feat.青砥 雫 a.k.a. ℃iel,ADV,8
東方アレンジ,そして紫の幻想曲は全てを受け入れる,黄泉路テヂーモ×dawn-system,ADV,11
東方アレンジ,Fabula Nova,unatra,ADV,9
東方アレンジ,MAGATORO,上村香月,ADV,10
東方アレンジ,You Know-SDVX EDIT-,源屋 with Kuroa*,ADV,9
ボーカロイド,ANTI THE∞HOLiC(EXIT TUNES),GAiA×cosMo＠暴走P,ADV,9
その他,０=Xerostrumental=(EXIT TUNES),cosMo＠暴走P,ADV,10
その他,Halcyon,xi,ADV,11
SDVXオリジナル,FLügeL《Λrp:ΣggyØ》,かねこちはる,ADV,13
ひなビタ♪/バンめし♪,イブの時代っ！,日向美ビタースイーツ♪,ADV,8
BEMANI,Angelic Jelly,t+pazolite,ADV,12
BEMANI,Grand Chariot,xi,ADV,11
BEMANI,StrayedCatz,削除,ADV,8
BEMANI,Sephirot,SHIKI,ADV,9
BEMANI,ZEPHYRANTHES,TAG,ADV,10
SDVXオリジナル,DIABLOSIS::Nāga,sky_delta,ADV,13
BEMANI,Triple Counter,DJ YOSHITAKA meets dj TAKA,ADV,12
SDVXオリジナル,NEO TREASON,lapix,ADV,12
SDVXオリジナル,Lord=Crossight,ぺのれり,ADV,12
FLOOR,eastward -sdvx edit-,ginkiha,ADV,10
FLOOR,Voynich:Manuscript,かゆき,ADV,11
SDVXオリジナル,Completeness Under Incompleteness,"かめりあ as ""Reverse of Riot""",ADV,12
FLOOR,The End of War,たちのん as Project Mayhem,ADV,12
SDVXオリジナル,Celestial stinger,Noah,ADV,12
その他,B.B.K.K.B.K.K.,nora2r,ADV,11
東方アレンジ,akasha-assembly,溝口ゆうま from セブンスヘブンAmmy's,ADV,12
SDVXオリジナル,ウエンレラの氷華,Cororo,ADV,12
東方アレンジ,Everything but the Girl,発熱巫女～ず,ADV,8
SDVXオリジナル,Ok!! Hug Me,はるなば,ADV,12
東方アレンジ,Death Blossom,REDALiCE feat. Ayumi Nomiya,ADV,10
東方アレンジ,Never Let It End,FELT,ADV,9
BEMANI,Paradission,BlackY,ADV,12
BEMANI,MERRiESTxHOLiC,miko♡nachi feat.u-z,ADV,9
BEMANI,Laughin' Muffin,Gowrock,ADV,11
東方アレンジ,Locus of Control,EastNewSound feat. 3L from NJK Record,ADV,9
BEMANI,Lo-Fi-M,yaseta,ADV,12
東方アレンジ,或る春の日,豚乙女,ADV,9
東方アレンジ,ゲキツイムラサ,ビートまりお（COOL&CREATE）,ADV,11
東方アレンジ,善悪の頂にある真実,幽閉サテライト feat. senya,ADV,8
東方アレンジ,Solitude & Nightmare,猫大樹,ADV,10
東方アレンジ,Discover the Life,A-One,ADV,11
東方アレンジ,ancient garden,Cororo,ADV,9
BEMANI,踊るフィーバーロボ,ダニエル&eimy と よしくん,ADV,11
SDVXオリジナル,Get back here,Hommarju,ADV,11
BEMANI,Time to Air -Fly High Remix-,xi,ADV,12
東方アレンジ,Deadly Dolly Dance,Shiron,ADV,12
東方アレンジ,花ノ下連歌,Jan★Key,ADV,11
BEMANI,Mermaid girl (Tropical Remix),Hyuji feat. LIQU@。,ADV,10
東方アレンジ,Ultimate Ascension,かめりあ,ADV,12
東方アレンジ,Smooth Wind,とろまる,ADV,11
東方アレンジ,鳥と桜と嘴と,マッカチン企画,ADV,8
東方アレンジ,NECRO PARTY,VALLEYSTONE vs udouddo,ADV,11
東方アレンジ,ハイスピヰド・ランパンシヰ,はがね,ADV,11
東方アレンジ,"Help me, ERINNNNNN!! -VENUS mix-",VENUS,ADV,12
東方アレンジ,仙酌絶唱のファンタジア,博麗神社例大祭コラボユニット,ADV,10
BEMANI,I'm so happy(Happy Hoppin Remix),polysha,ADV,8
東方アレンジ,碧の疾風,君の美術館,ADV,9
FLOOR,UROBØROS,溝口ゆうま feat. 大瀬良あい,ADV,11
BEMANI,Critical Crystal(brz_remix),brz,ADV,10
東方アレンジ,Sweet little Lily,奏瀬いちこ (Silver Forest),ADV,8
BEMANI,雪月花 -さわわRemix-,さわわ,ADV,12
東方アレンジ,"Help me, ERINNNNNN!! -Cranky remix-",ビートまりお × Cranky,ADV,12
BEMANI,Mind Mapping (hard liquid remix),borzy,ADV,10
ひなビタ♪/バンめし♪,双星ルミネセンス,一舞 ＆ 夏陽,ADV,10
FLOOR,Apex of the World,uma&hurirai feat.ましろ,ADV,11
FLOOR,Endless GRAVITY,kanone,ADV,12
東方アレンジ,crescent moon,FELT,ADV,9
東方アレンジ,GRISAILLE,SOUND HOLIC feat. Nana Takahashi,ADV,10
FLOOR,侍Annihilate!!,QURELESS,ADV,13
東方アレンジ,CENSORED!!,t+pazolite,ADV,12
SDVXオリジナル,Destroy,Yooh,ADV,12
FLOOR,ブチアゲドクター☆ハイテッコ三姉妹,溝口ゆうま feat. みこ♡なち♡あい,ADV,11
FLOOR,relegation grimoire,tsuzu,ADV,9
東方アレンジ,恋繋エピローグ,Amateras Records feat.KUMI(ヲタみん),ADV,10
東方アレンジ,幻想郷DEMPASTICグリーティング,ARM(IOSYS) feat. 愛原千尋,ADV,11
東方アレンジ,墨染 ft. ネコメアリ,Iceon(Frost Fragment),ADV,9
東方アレンジ,断罪は遍く人間の元に,Unlucky Morpheus,ADV,10
東方アレンジ,弾幕注意報2014,東京アクティブNEETs,ADV,10
東方アレンジ,Prominence,矢鴇つかさ feat. 佳織みちる,ADV,9
BEMANI,アキネイション,ビートまりお（COOL&CREATE）,ADV,12
BEMANI,The star in eclipse,しーけー,ADV,12
BEMANI,Din Don Dan (Fusion Remix),TAKU1175 feat.かなたん,ADV,11
その他,Dualive(EXIT TUNES),Quarks(kradness×Camellia),ADV,11
BEMANI,爆なな☆てすとロイヤー,ARM feat.ななひら,ADV,11
その他,GO BACK 2 YOUR RAVE,nora2r,ADV,10
ひなビタ♪/バンめし♪,カタルシスの月,日向美ビタースイーツ♪,ADV,11
BEMANI,黒髪乱れし修羅となりて～凛 edition～,日向美ビタースイーツ♪,ADV,13
ひなビタ♪/バンめし♪,虚空と光明のディスクール,日向美ビタースイーツ♪,ADV,7
ひなビタ♪/バンめし♪,水月鏡花のコノテーション,日向美ビタースイーツ♪,ADV,10
ひなビタ♪/バンめし♪,滅びに至るエランプシス,日向美ビタースイーツ♪,ADV,9
東方アレンジ,Question.,Tracy feat.築山さえ,ADV,10
東方アレンジ,人形裁判 -THIRD IMPACT-,激戦の人,ADV,11
東方アレンジ,-約束-,ばんし,ADV,9
その他,Parousia,xi,ADV,11
SDVXオリジナル,archive::zip,kamome sano,ADV,10
SDVXオリジナル,Inixia,xi,ADV,11
BEMANI,Virtual Bit,KAN TAKAHIKO,ADV,11
SDVXオリジナル,ERROR CODE,C-Show,ADV,12
SDVXオリジナル,XROSS THE XOUL,BlackY vs. Yooh,ADV,12
東方アレンジ,S1CK_F41RY,HOUJIROU,ADV,11
東方アレンジ,Phantom Ensemble (ゆんゆん Remix),ゆんゆん,ADV,8
東方アレンジ,Russet,wellow,ADV,10
SDVXオリジナル,Renegade Fruits,t+pazolite,ADV,12
BEMANI,She is my wife,SUPER STAR 満-MITSURU-,ADV,11
東方アレンジ,お嫁にしなさいっ！,ARM＋夕野ヨシミ (IOSYS),ADV,9
東方アレンジ,響縁,豚乙女,ADV,10
FLOOR,Enigma,とろまる,ADV,12
FLOOR,MG277,eicaTV vs kanone,ADV,12
SDVXオリジナル,Never Fails,lapix,ADV,12
FLOOR,Fox4-Raize-,Getty vs. DJ DiA,ADV,12
FLOOR,Follow Up,あるふぁ,ADV,11
FLOOR,REVOLVER,sky_delta,ADV,12
FLOOR,KAC 2013 ULTIMATE MEDLEY -HISTORIA SOUND VOLTEX- Emperor Side,FLOOR LEGENDS -KAC 2013-,ADV,13
東方アレンジ,しゅわスパ大作戦☆ (カシオれ！くーにゃんリミックス),uno(IOSYS) feat.miko,ADV,10
東方アレンジ,チルノとまりおのパーフェクトさんすう教室,ビートまりお（COOL&CREATE）,ADV,12
FLOOR,Demise Quartet,Shiron＋こふ×モリモリあつしと提供でお送りします。,ADV,12
東方アレンジ,"Help me, ERINNNNNN!! - SH Style -",SOUND HOLIC feat. Nana Takahashi,ADV,9
東方アレンジ,Ultimate Fury,Arch vs n3pu,ADV,10
東方アレンジ,JEHANNEDARC,BlackY,ADV,13
東方アレンジ,spectroscape,kuroburger,ADV,10
東方アレンジ,ツインソウル～輪廻する旋律～,C-CLAYS feat.小峠舞,ADV,9
東方アレンジ,常夏！！クリスタライズ・シャーベット,Ayatsugu_Otowa,ADV,11
BEMANI,伐折羅-vajra-,DJ TOTTO VS 兎々,ADV,13
ひなビタ♪/バンめし♪,アナーキーインザ夕景,ここなつ Produced by ぬゆり,ADV,12
ひなビタ♪/バンめし♪,キズナ,東雲心菜 Produced by 上村香月,ADV,8
ひなビタ♪/バンめし♪,「ここなつ☆」は夢のカタチ,ここなつ Produced by A than_Lily,ADV,11
ひなビタ♪/バンめし♪,Finally Dive,ここなつ Produced by lapix,ADV,10
ひなビタ♪/バンめし♪,モラトリアムノオト,東雲夏陽 Produced by シンゴ（マッカチン企画）＆アラ,ADV,9
FLOOR,End to end,Noah,ADV,12
FLOOR,EMPIRE OF FLAME,かめりあ,ADV,12
FLOOR,Candy Colored Hearts,はるなば,ADV,13
FLOOR,雲の彼方,Cororo,ADV,11
FLOOR,NEO GRAVITY,lapix,ADV,12
FLOOR,Lachryma《Re:Queen’M》,かねこちはる,ADV,13
SDVXオリジナル,VOLTEXES,Sota Fujimori,ADV,10
SDVXオリジナル,VOLTEXES II,Sota Fujimori,ADV,9
SDVXオリジナル,VOLTEXES III,Sota Fujimori,ADV,11
ひなビタ♪/バンめし♪,激アツ☆マジヤバ☆チアガール,日向美ビタースイーツ♪,ADV,9
ひなビタ♪/バンめし♪,漆黒のスペシャルプリンセスサンデー,日向美ビタースイーツ♪,ADV,12
ひなビタ♪/バンめし♪,地方創生☆チクワクティクス,日向美ビタースイーツ♪,ADV,10
ひなビタ♪/バンめし♪,neko＊neko,日向美ビタースイーツ♪,ADV,7
ひなビタ♪/バンめし♪,フラッター現象の顛末と単一指向性の感情論,日向美ビタースイーツ♪,ADV,10
BEMANI,Chloé,DJ Totoriott,ADV,11
FLOOR,Aliquam,たちのん,ADV,11
FLOOR,XHAOS JUDGE,BlackYooh vs. siromaru,ADV,12
その他,conflict,siromaru + cranky,ADV,12
FLOOR,Stleq,ぬゆり,ADV,11
FLOOR,Never Ending,syzfonics,ADV,11
FLOOR,Nofram,unatra,ADV,11
ボーカロイド,冥天・ヘメロカリス,u-z,ADV,12
ひなビタ♪/バンめし♪,コンフェイト＊コンチェルト,ここなつ Produced by U-ske,ADV,7
ひなビタ♪/バンめし♪,千客万来☆無問題！,ここなつ Produced by uma,ADV,10
ひなビタ♪/バンめし♪,ムラサキグルマ,ここなつ Produced by はるなば,ADV,11
ひなビタ♪/バンめし♪,闇夜舞踏会 -緋碧と蝶のためのmasquerade-,ここなつ Produced by あおいひと with イオ,ADV,9
FLOOR,Asian Chip City,提供,ADV,10
ボーカロイド,About me(EXIT TUNES),蝶々P,ADV,7
東方アレンジ,Angels And Demons,すのうまん,ADV,10
FLOOR,Oriental Blossom,影翔鼓舞,ADV,10
ボーカロイド,我楽多イノセンス(EXIT TUNES),Last Note.,ADV,10
FLOOR,CUTIE☆EX-DREAM,BlackY,ADV,12
FLOOR,君がいる場所へ,VALLEYSTONE feat. 紫崎 雪,ADV,9
東方アレンジ,交渉人・西行寺幽々子 vs スカーレット警察,七条レタスグループ starring nachi,ADV,8
FLOOR,The setting sun,DJ YASETAKA,ADV,11
FLOOR,Seraphim,Yooh,ADV,12
ボーカロイド,ダブルラリアット,アゴアニキ,ADV,8
FLOOR,twilight signal,XIzE,ADV,8
FLOOR,ドゥンガドゥンガ狂詩曲,かねこちはる + はぁち + 飛鳥男,ADV,10
ボーカロイド,ハッピーシンセサイザ,EasyPop,ADV,7
FLOOR,Backflow,lapix,ADV,10
FLOOR,Beyond the Sandstorm,JourneyCat,ADV,9
FLOOR,Pieces of a Dream,uma vs. モリモリあつし,ADV,12
FLOOR,Pet Peeve,Hirayasu Matsudo,ADV,12
東方アレンジ,Mayohiga Spurt,さわわ,ADV,11
ボーカロイド,みくみくにしてあげる♪【してやんよ】,ika,ADV,9
ボーカロイド,メランコリック,Junky,ADV,7
東方アレンジ,Utopia,溝口ゆうま feat. 大瀬良あい,ADV,9
SDVXオリジナル,月光乱舞,P*Light,ADV,12
FLOOR,continew,Verdammt,ADV,11
FLOOR,ちぇいす いん ざ さんしゃいん！！！,ぺのれり,ADV,11
FLOOR,FAKE STYLE II,FAKE TYPE.,ADV,10
FLOOR,Blacksphere,s-don as Iriss,ADV,12
FLOOR,Le ××××,Orange Vox+ ft.konomi*,ADV,9
FLOOR,零れる夢のレミニセンス,borzy & 結月そら,ADV,8
その他,ショットガン・ラヴァーズ(EXIT TUNES),のぼる↑ feat. 松下,ADV,10
FLOOR,じゅーじゅー♥焼肉の火からフェニックス！？～再誕の†炭火焼き～,かめりあ feat. ななひら,ADV,12
SDVXオリジナル,HAELE III ~Angel Worlds~,Yu_Asahina ft. Ritsuka,ADV,11
BEMANI,ドーパミン,U1 overground,ADV,12
FLOOR,crêpe suzette,kamome sano,ADV,10
FLOOR,Shiawase Transmission,you,ADV,10
東方アレンジ,双翼 - Black Wings - SDVX Edit. -,SOUND HOLIC feat. 709sec. & YURiCa,ADV,11
東方アレンジ,Treasure,発熱巫女～ず,ADV,8
東方アレンジ,星の器 feat. らっぷびと,魂音泉,ADV,9
東方アレンジ,三つ数えろ,豚乙女,ADV,10
FLOOR,Lucky*Clover,Shiron＋こふ×モリモリあつしと提供でお送りします。,ADV,11
SDVXオリジナル,マサカリブレイド,REDALiCE,ADV,12
その他,Garakuta Doll Play,t+pazolite 「maimai」より,ADV,12
その他,きたさいたま2000,LindaAI-CUE（BNGI）「太鼓の達人」より,ADV,12
その他,Got more raves？,E.G.G.「グルーヴコースター」より,ADV,13
BEMANI,FLOWER,DJ YOSHITAKA 「jubeat」より,ADV,11
ひなビタ♪/バンめし♪,ちくわパフェだよ☆ＣＫＰ,日向美ビタースイーツ♪,ADV,11
ひなビタ♪/バンめし♪,都会征服Girls☆,日向美ビタースイーツ♪,ADV,8
ひなビタ♪/バンめし♪,ホーンテッド★メイドランチ,日向美ビタースイーツ♪,ADV,12
ひなビタ♪/バンめし♪,めうめうぺったんたん！！,日向美ビタースイーツ♪,ADV,9
ひなビタ♪/バンめし♪,滅亡天使 † にこきゅっぴん,日向美ビタースイーツ♪,ADV,10
FLOOR,Warriors Aboot,RoughSketch vs MAD CHILD,ADV,12
ボーカロイド,Vampire's Territory,u-z,ADV,11
FLOOR,紅の剣舞,かねこちはる,ADV,12
FLOOR,Shanghai Wu Long ～上海舞龍～,Hommarju,ADV,11
FLOOR,Sourire,とろまる,ADV,9
FLOOR,ハナビラ:リンクス,かゆき＆yoa feat.もちこまめ,ADV,10
FLOOR,Firestorm,ETIA.,ADV,12
FLOOR,My name is TSUMABUKI,KO3,ADV,8
その他,気まぐれスターダム(EXIT TUNES),TOKOTOKO(西沢さんP) feat.りぶ,ADV,9
FLOOR,ギャラクシィ・トラベラー,U-ske feat.ななひら,ADV,10
東方アレンジ,Starlight Dance Floor,発熱巫女～ず,ADV,8
FLOOR,6弦とピアノのためのエチュード op.4,ke-ji,ADV,10
ボーカロイド,ECHO(EXIT TUNES),CIRCRUSH,ADV,8
ボーカロイド,深海シティアンダーグラウンド(EXIT TUNES),田中B,ADV,8
FLOOR,eternita,cosMo＠暴走P,ADV,11
ボーカロイド,消失(EXIT TUNES),cosMo＠暴走P,ADV,13
ボーカロイド,暴走(EXIT TUNES),cosMo＠暴走P,ADV,10
BEMANI,夏色DIARY -Summer Dazzlin' Vacation miX-,猫叉王子 feat. PHQUASE vs. MAD CHILD,ADV,11
SDVXオリジナル,ΑΩ,BlackY,ADV,12
FLOOR,veRtrageS,Riz vs. Shiron,ADV,13
その他,XyHATTE(EXIT TUNES),cosMo＠暴走Ultimate,ADV,12
BEMANI,citrus,kamome sano,ADV,11
SDVXオリジナル,Blastix Riotz,"かめりあ as ""Bang Riot""",ADV,13
SDVXオリジナル,Preserved Valkyria,ぺのれり,ADV,12
FLOOR,Witch in Sweetsland,COOKIE MONSTERS(winddrums+黒魔),ADV,12
FLOOR,Ops:Code-Rapture-,Getty vs. DJ DiA,ADV,14
FLOOR,Cold Inflation,kanone vs. Yooh,ADV,10
FLOOR,UnivEarth,Antinomic Paradox,ADV,12
FLOOR,Le Fruit Défendu,モリモリあつし+Verdammt,ADV,11
BEMANI,TOXIC VIBRATION,SOUND HOLIC Vs. T.Kakuta feat. YURiCa,ADV,12
BEMANI,ΕΛΠΙΣ,dj TAKA,ADV,11
BEMANI,灼熱Beach Side Bunny,DJ Mass MAD Izm*,ADV,12
BEMANI,リカーシブ・ファンクション,OSTER project,ADV,11
東方アレンジ,Opium and Purple haze,D.watt(OTAKU-ELITE Recordings),ADV,10
東方アレンジ,シャ ビ ドゥ 素敵な恋の魔法,ARM feat. ちよこ(IOSYS),ADV,10
FLOOR,ネメシス SDVX Edit,Larca,ADV,11
FLOOR,BOUNCE BOUNCE BOUNCE,ZYTOKINE feat. itori,ADV,8
BEMANI,Sounds Of Summer,Hommarju,ADV,12
FLOOR,Innocent Floor,P*Light,ADV,12
BEMANI,In The Breeze,96 & Sota ft. Mayumi Morinaga,ADV,11
FLOOR,INF-B《L-aste-R》,かねこちはる,ADV,12
FLOOR,Twin Blaster,polysha+tcheb,ADV,11
FLOOR,disco KAWAii,uno feat.ちよこ(IOSYS),ADV,9
FLOOR,New Days,10calorie,ADV,10
FLOOR,Princessどうかお願い!!,20文字と言う字数制限に挑み続けるかぼち,ADV,9
その他,あれこれそれどれ(EXIT TUNES),YM feat.赤飯,ADV,10
東方アレンジ,Innocent Eyes,FELT,ADV,8
東方アレンジ,感情の魔天楼 ～ Arr.Demetori,Demetori,ADV,11
ボーカロイド,Crazy ∞ nighT(EXIT TUNES),ひとしずく×やま△,ADV,8
ひなビタ♪/バンめし♪,ロンロンへ　ライライライ！,ここなつ,ADV,10
BEMANI,"gigadelic (かめりあ's ""The TERA"" RMX)",かめりあ,ADV,13
BEMANI,The Wind of Gold(飛翔鳶 Remix),飛翔鳶交響楽団,ADV,8
BEMANI,Monkey Business(Band Edit.),daph,ADV,10
BEMANI,Wuv U(pico/ustic rmx),kamome sano,ADV,11
SDVXオリジナル,無双,SOUND HOLIC Vs. VENUS feat. Nana Takahashi,ADV,11
FLOOR,好きトキメキとキス,かねこちはる feat. はぁち,ADV,11
FLOOR,時計仕掛けのメリーゴーランド,餡若feat.みゅい,ADV,9
FLOOR,Pon-Pon-Pompoko Dai-Sen-Saw!,黒魔,ADV,12
FLOOR,Lovesick Lovetune,VALLEYSTONE feat. 紫崎 雪,ADV,8
FLOOR,One & Only,Salk2d,ADV,8
BEMANI,EBONY & IVORY,OSTER project,ADV,11
BEMANI,パ→ピ→プ→Yeah!,ヒゲドライバー join. shully & Nimo,ADV,12
ボーカロイド,シリョクケンサ(EXIT TUNES),40mP,ADV,7
FLOOR,Happy Sensation,IckPo,ADV,11
FLOOR,Milkyway - memorable -,こふ,ADV,10
BEMANI,Our Faith (takdrive remix),takdrive,ADV,10
FLOOR,ON FIRE,ニシジマユーキ,ADV,8
FLOOR,The willow and snow,saminun,ADV,8
FLOOR,Discloze,lapix,ADV,10
BEMANI,Virtual Sunrise (nana's Festival EDM Remix) feat. Kanae Asaba,nana(Sevencolors),ADV,7
BEMANI,Monkey Business -Satire mix-,LeaF,ADV,11
BEMANI,量子の海のリントヴルム,黒猫ダンジョン,ADV,12
東方アレンジ,妖隠し -あやかしかくし-,DJ TOTTO feat.3L,ADV,9
東方アレンジ,千年ノ理,猫叉Master,ADV,8
東方アレンジ,竹取飛翔 ～ Lunatic Princess (Ryu☆Remix),Ryu☆,ADV,10
東方アレンジ,ほおずき程度には赤い頭髪,Akhuta,ADV,11
東方アレンジ,Scarlet Moon,REDALiCE feat. Ayumi Nomiya,ADV,10
東方アレンジ,Struggle,Masayoshi Minoshima(ALR),ADV,8
東方アレンジ,取り残された美術(Arranged:HiZuMi),幽閉サテライト feat. senya,ADV,7
東方アレンジ,NEON WORLD,SOUND HOLIC feat. Nana Takahashi,ADV,10
SDVXオリジナル,HAVOX,BlackY vs. Yooh,ADV,13
東方アレンジ,BEAT-NEW-WORLD,ビートまりお（COOL&CREATE）,ADV,11
東方アレンジ,プレインエイジア -PHQ remix-,PHQUASE,ADV,10
東方アレンジ,ホメ猫☆センセーション,P*Light feat. mow*2,ADV,9
東方アレンジ,Russian Caravan Rhapsody,Power Of Nature,ADV,9
ボーカロイド,朝色の紙飛行機(EXIT TUNES),かめりあ,ADV,11
FLOOR,AYAKASHI,Hommarju,ADV,12
ボーカロイド,女言葉の消失,Sota Fujimori,ADV,10
FLOOR,Poison Blood,udouddo,ADV,11
ボーカロイド,M.A.Y.U.(EXIT TUNES),Ryu☆ feat.MAYU,ADV,11
FLOOR,Everlasting Message,ぺのれり,ADV,13
FLOOR,混乱少女♥そふらんちゃん!!,かめりあ feat. ななひら,ADV,12
FLOOR,Sayonara Planet Wars,黒魔,ADV,13
FLOOR,Chant du Cygne,ke-ji,ADV,12
FLOOR,到達してしまった僕らと夢と希望の最之果,Ayatsugu_Otowa,ADV,13
FLOOR,KAC 2012 ULTIMATE MEDLEY -HISTORIA SOUND VOLTEX-,FLOOR LEGENDS -KAC 2012-,ADV,12
ボーカロイド,Just Be Friends(EXIT TUNES),Dixie Flatline,ADV,7
東方アレンジ,Scream out! (SDVX EDIT),A-One,ADV,12
FLOOR,tricky trick,kamome sano,ADV,10
東方アレンジ,Paranoia,DiGiTAL WiNG feat.花たん,ADV,9
BEMANI,FIRE FIREは電気スウィングの夢を見るか？,millstones,ADV,10
FLOOR,Borealis,ginkiha,ADV,11
ボーカロイド,無気力クーデター(EXIT TUNES),Last Note.,ADV,11
BEMANI,Wuv U (Colorful QT3 nekomix),ねこみりん feat.えみゅう。×みゆ×小宮真央,ADV,10
FLOOR,Invitation from Mr.C,C-Show,ADV,12
FLOOR,2 MINUTES FIGHTERS,P*Light,ADV,12
FLOOR,LegenD.,Yooh,ADV,12
FLOOR,World's end,Noah,ADV,12
ひなビタ♪/バンめし♪,キモチコネクト,東雲心菜 meets 日向美ビタースイーツ♪,ADV,9
FLOOR,瞬間ドリップ♪秘蜜のケーキセット,そよもぎ,ADV,11
FLOOR,macaron,colate,ADV,10
その他,CRITICAL LINE(EXIT TUNES),Ryu☆ feat.kradness,ADV,12
BEMANI,鬼天,兎々,ADV,12
BEMANI,Go↓Go↑Girls&Boys!,松下feat.Sota & wac,ADV,9
SDVXオリジナル,INDEPENDENT SKY,SOUND HOLIC feat. Nana Takahashi,ADV,9
BEMANI,TIEFSEE,SOUND HOLIC Vs. dj TAKA feat. YURiCa,ADV,12
ひなビタ♪/バンめし♪,ツーマンライブ,東雲夏陽 meets 日向美ビタースイーツ♪,ADV,8
東方アレンジ,囲い無き世は一期の月影,豚乙女,ADV,10
東方アレンジ,君色サブリミナル(Arranged: Iceon),幽閉サテライト feat. senya,ADV,9
BEMANI,The Sampling Paradise (P*Light Remix),P*Light,ADV,11
ボーカロイド,心臓デモクラシー(EXIT TUNES),みきとP,ADV,8
その他,脱獄(EXIT TUNES),Neru feat.灯油,ADV,9
BEMANI,Pure Evil (Kobaryo FTN-Remix),Kobaryo,ADV,13
その他,鬼KYOKAN(EXIT TUNES),じーざす（ワンダフル☆オポチュニティ！） feat. kradness×れをる,ADV,11
ボーカロイド,幸せになれる隠しコマンドがあるらしい(EXIT TUNES),うたたP feat. 結月ゆかり,ADV,12
ボーカロイド,ツギハギスタッカート(EXIT TUNES),とあ,ADV,8
FLOOR,Scarlet Pinheel,ぺのれり,ADV,10
FLOOR,False Cross,BlackY,ADV,11
FLOOR,Prelude-Hereafter-,源屋,ADV,10
FLOOR,恋愛方程式,パピ子りんft.ビタミンな兄貴♂＆ゆずり,ADV,8
FLOOR,感情Xerography,8284 feat. 榎楠,ADV,9
FLOOR,きらきらタイム☆,さわわ,ADV,11
FLOOR,Twin Rocket,uno feat.ちよこ(IOSYS),ADV,11
FLOOR,TU-MA-MI△ALL-NIGHTER,xi underground,ADV,10
FLOOR,Hustle Beat!!,とろまる,ADV,10
東方アレンジ,THUNDERCRACK,IRON ATTACK!,ADV,11
東方アレンジ,The Starry true,Liz Triangle,ADV,7
東方アレンジ,メイガスナイト ～ Arr.Demetori,Demetori,ADV,10
東方アレンジ,Liminality,FELT,ADV,9
ひなビタ♪/バンめし♪,ポメグラネイト,ここなつ,ADV,9
ボーカロイド,イグジスタンス(EXIT TUNES),スズム,ADV,12
FLOOR,F.K.S.,Nizikawa,ADV,11
その他,木彫り鯰と右肩ゾンビ(EXIT TUNES),赤飯,ADV,8
BEMANI,gigadelic(m3rkAb4# R3m!x),ikaruga_nex,ADV,11
ボーカロイド,鎖の少女(EXIT TUNES),のぼる↑,ADV,10
東方アレンジ,最速最高シャッターガール,ビートまりお（COOL&CREATE）,ADV,11
BEMANI,The Wind of Gold -HΔPPY MIX-,sky_delta,ADV,10
東方アレンジ,しゅわスパ大作戦☆ - SDVX Edit. -,SOUND HOLIC feat. Nana Takahashi,ADV,9
東方アレンジ,Jump!,Syrufit feat.綾倉盟 / 市松椿,ADV,10
東方アレンジ,SkyDrive!,Amateras Records feat.築山さえ,ADV,9
ボーカロイド,月見夜ラビット(EXIT TUNES),蝶々P,ADV,11
FLOOR,トリコロール・ダイアリー,梅干茶漬け,ADV,11
ボーカロイド,ナイフ(EXIT TUNES),パワーコードP,ADV,10
FLOOR,Never Regret Anything,影虎。,ADV,9
FLOOR,Hyper☆Chipspace,Saiph,ADV,9
BEMANI,Virtual Sunrise (MYTK Remix),MYTK,ADV,9
FLOOR,Violet Soul,Soleily,ADV,10
ボーカロイド,飛花落葉(EXIT TUNES),なつめ千秋,ADV,10
東方アレンジ,Pieces,発熱巫女～ず,ADV,8
BEMANI,FIRE FIRE(Kazmasa Remix),Kazmasa,ADV,11
FLOOR,Find the Answer,みゅー feat. ゆいこんぬ,ADV,8
FLOOR,bloom,Gowrock,ADV,9
FLOOR,Belly Flopper,O2i3,ADV,10
ボーカロイド,星屑ユートピア(EXIT TUNES),otetsu,ADV,7
FLOOR,ぼくらしかしらない,ぬゆり,ADV,10
ボーカロイド,MEGANE(EXIT TUNES),Ultra-Noob,ADV,8
東方アレンジ,物凄い狂っとるフランちゃんが物凄いうた,Halozy feat. ななひら,ADV,11
FLOOR,Liming Light,negi,ADV,10
FLOOR,Rubeus,RedMuffleR,ADV,11
BEMANI,Our Faith (Faithful MTL Remix),DOUBLE HELIX,ADV,11
BEMANI,The Sampling Paradise (N-Driver Style),N-Driver,ADV,12
BEMANI,Virtual Sunrise (xac remix),xac,ADV,10
BEMANI,Pure Evil-Aya2g Drm'n Tech Rmx-,Ayatsugu_Otowa,ADV,12
ボーカロイド,I love you even now,nana(Sevencolors),ADV,9
ボーカロイド,アルテミス,FILTER SYSTEM,ADV,10
ボーカロイド,VILE CAT,TAKU1175,ADV,11
ボーカロイド,shiny rainbow flower,C-YA,ADV,10
ボーカロイド,断片Story,Salk2d,ADV,11
ボーカロイド,始まりへと続く帰り道,たちのん,ADV,7
ボーカロイド,further the future,上村香月,ADV,8
東方アレンジ,Attack on Dwarf,unatra,ADV,10
東方アレンジ,werewolf howls.,かめりあ,ADV,12
東方アレンジ,Pristine Bigband,Y*Quartet project,ADV,10
東方アレンジ,Mist Tek,you,ADV,9
東方アレンジ,Little princess has no identity.,0kash,ADV,11
ひなビタ♪/バンめし♪,キミヱゴサーチ,ここなつ,ADV,8
ボーカロイド,Scene(EXIT TUNES),ジミーサムＰ,ADV,10
ボーカロイド,しんでしまうとはなさけない！(EXIT TUNES),ワンダフル☆オポチュニティ！,ADV,11
ボーカロイド,ハウトゥー世界征服(EXIT TUNES),Neru,ADV,9
BEMANI,打打打打打打打打打打,ヒゲドライバー join. SELEN,ADV,11
FLOOR,Appliqué,モリモリあつし,ADV,11
FLOOR,Wish upon Twin Stars,xi,ADV,11
FLOOR,Growth Memories,Hidra-Xjeil,ADV,12
FLOOR,CODE -CRiMSON-,Shiron,ADV,12
FLOOR,はわわｗ！な展開っ！,かねこちはる feat. 紫崎 雪,ADV,11
ボーカロイド,有頂天ビバーチェ(EXIT TUNES),Last Note.,ADV,11
ボーカロイド,白い雪のプリンセスは(EXIT TUNES),のぼる↑,ADV,10
ボーカロイド,ナキムシロボ(EXIT TUNES),ラムネ(村人P),ADV,10
ボーカロイド,僕は空気が嫁ない(EXIT TUNES),cosMo＠暴走P,ADV,10
BEMANI,朱と碧のランページ,NU-KO,ADV,13
BEMANI,gigadelic -stance xxxx-,Hate,ADV,11
東方アレンジ,コミカルなミシャグジとラジエーション(PUNK IT ver.),void & ARM feat. ななひら & ちよこ,ADV,10
東方アレンジ,最果てのコトバ,幽閉サテライト (Arranged:Iceon) feat. senya,ADV,8
BEMANI,The Wind of Gold (folkcore remix),borzy,ADV,9
東方アレンジ,sweet dream,平茸＋夕野ヨシミ＋山本椛,ADV,9
BEMANI,FIRE FIRE -DARK BLAZE REMIX-,Yooh,ADV,13
BEMANI,Monkey Business (lapix Remix),lapix,ADV,10
BEMANI,Wuv U -More2 HAPPY Re-Mix Special-,Yu_Asahina,ADV,10
SDVXオリジナル,INSECTICIDE,Camellia,ADV,12
BEMANI,御千手メディテーション,昇天家族,ADV,12
BEMANI,KHAMEN BREAK,くふおー,ADV,12
BEMANI,Cleopatrysm,ピラミッ℃,ADV,12
ボーカロイド,悪性ロリィタマキャヴェリズム(EXIT TUNES),かいりきベア,ADV,12
東方アレンジ,Wave of Craze,Shiron,ADV,11
ボーカロイド,キリトリセン(EXIT TUNES),40mP,ADV,9
東方アレンジ,幻想浄瑠璃-Aya2g Tech Dance Remix-,Ayatsugu_Otowa,ADV,9
東方アレンジ,Flying!,Tracy feat.築山さえ,ADV,10
ボーカロイド,ぼくらのタイムカプセル(EXIT TUNES),ラムネ(村人P),ADV,11
東方アレンジ,柳の下のデュラハン hard chaos mix,albel.,ADV,12
東方アレンジ,wander+wonder+wand,uma,ADV,9
ひなビタ♪/バンめし♪,ミライプリズム,ここなつ,ADV,8
ボーカロイド,Idola,iconoclasm feat.GUMI,ADV,12
ボーカロイド,憂恋☆アクティベーション,u-z,ADV,10
ボーカロイド,幻想系世界修復少女(EXIT TUNES),Last Note.,ADV,11
ボーカロイド,City Edge,winddrums,ADV,8
ボーカロイド,second spring storm,Spacelectro,ADV,7
ボーカロイド,ドキドキ☆流星トラップガール!!,流星トラップボーイズ,ADV,8
ボーカロイド,バンブーソード・ガール(EXIT TUNES),cosMo＠暴走P,ADV,12
ボーカロイド,Baby Sherry,ぺのれり,ADV,11
東方アレンジ,Get out of my sight,void(IOSYS) feat. 厚志(石鹸屋)&周平(Silently Shooting Traitors),ADV,11
東方アレンジ,SPARKING 2012,IRON ATTACK!,ADV,10
東方アレンジ,ゼンマイ恋時計（T.E.B Summer Mix),A-One,ADV,11
東方アレンジ,#FairyJoke #SDVX_Edit,uno(IOSYS),ADV,11
東方アレンジ,マスパでシュッ☆メイドウィッチまりさちゃん,ARM(IOSYS) feat. 桃井はるこ,ADV,9
東方アレンジ,Lemures Prelude,EastNewSound,ADV,9
BEMANI,Sakura Mirage,Ryu☆,ADV,12
FLOOR,カレクレンマ,"Music by アサヒナユウ, Vocal by みかん汁",ADV,10
東方アレンジ,患部で止まってすぐ溶ける ～ 狂気の優曇華院,ARM(IOSYS),ADV,10
FLOOR,SPARKLING FANTASY,"Music by BlackY, Vocal by ぁゅ",ADV,9
東方アレンジ,ってゐ！ ～えいえんてゐVer～,石鹸屋,ADV,8
東方アレンジ,Mami Mami Zone,REDALiCE feat. 野宮あゆみ,ADV,10
FLOOR,mon$tage,"Music by Hommarju, Vocal by かぼちゃ",ADV,11
東方アレンジ,八雲藍の唯心論,君の美術館,ADV,9
東方アレンジ,信仰は儚き人間の為に ～ Arr.Demetori,Demetori,ADV,11
東方アレンジ,竹取飛翔,岸田教団＆THE明星ロケッツ,ADV,9
東方アレンジ,NEXT BILLIONAIRE,SOUND HOLIC feat. Nana Takahashi,ADV,10
東方アレンジ,Phantasm Brigade,Silver Forest,ADV,8
東方アレンジ,夕立、君と隠れ処,幽閉サテライト (Arranged:Iceon) feat. senya,ADV,9
FLOOR,Unlimited Field,"Music by 上村香月, Vocal by Kuroa*",ADV,11
ボーカロイド,終点(EXIT TUNES),cosMo＠暴走P,ADV,11
ボーカロイド,少女暴動(EXIT TUNES),Last Note.,ADV,12
FLOOR,冬に桜が咲くようなキセキ。,"Music by nmk/佐原誠&kei_iwata, Vocal by SOPHY",ADV,9
ボーカロイド,Rebirth(EXIT TUNES),164 feat. GUMI,ADV,10
FLOOR,REPLiCA,"Music by Hommarju, Vocal by ぁゅ",ADV,8
東方アレンジ,WAVE WAVE WAVE,ZYTOKINE feat. itori,ADV,10
東方アレンジ,KiLLeR MeRMaiD,QURELESS,ADV,12
東方アレンジ,Frantic Wolf,Jerico,ADV,10
東方アレンジ,Mist In Hell,LUNA,ADV,11
東方アレンジ,REVERSE LIMITED!(SDVX Edit),MUZIK SERVANT feat.CHERICa,ADV,11
FLOOR,Innocent Tempest,Diceros Bicornis,ADV,12
FLOOR,侵蝕コード：666　-今日ちょっと指（略-,かぼちゃ「黒幕はあやつぐ」と供述しており,ADV,10
FLOOR,ボルテ体操第一,Kaoru feat.FG75,ADV,12
FLOOR,流れ星と君の歌,"Music by 沙野カモメ, Vocal by SOPHY",ADV,9
FLOOR,ぱられる,"Music by akira asano feat.Tia, Vocal by みゅい",ADV,7
FLOOR,Liar World Monologue,"Music by ismK, Vocal by Kuroa*",ADV,9
FLOOR,odds and ends,MarcheИ,ADV,9
FLOOR,はなむけ,ふる,ADV,9
FLOOR,Harpuia,BlackY,ADV,11
SDVXオリジナル,Virtual Sunrise,kors k,ADV,10
SDVXオリジナル,Pure Evil,kors k,ADV,12
FLOOR,Black Emperor,黒魔,ADV,11
FLOOR,Hoshizora Illumination,you,ADV,10
ボーカロイド,Arcadia,CHRIS (Sound Libero),ADV,7
ボーカロイド,十六夜桜-Zakura-,u-z,ADV,9
ボーカロイド,群青硝子のスピカ,unatra / カラクサ,ADV,8
ボーカロイド,超爽快☆パッショネイト・フィーバー,Ayatsugu_Otowa,ADV,10
ボーカロイド,FLYING OUT TO THE SKY,かめりあ,ADV,10
FLOOR,嘘と接吻,yozaquar feat.ぁゅ,ADV,9
ボーカロイド,神となり彼が見た境界線,上村香月,ADV,10
FLOOR,crazy cinema story,黒魔,ADV,8
FLOOR,Fiat Lux,xi,ADV,11
ボーカロイド,きょうもハレバレ(EXIT TUNES),ふわりP feat. GUMI's,ADV,8
ボーカロイド,君と僕とその空白と(EXIT TUNES),のぼる↑ feat.GUMI,ADV,9
ボーカロイド,茅蜩モラトリアム(EXIT TUNES),TOTAL OBJECTION feat.GUMI,ADV,10
ボーカロイド,命のユースティティア(EXIT TUNES),Neru,ADV,10
その他,WAVE(EXIT TUNES),niki feat.kradness,ADV,11
FLOOR,絢爛創世絵巻物,ke-ji,ADV,8
FLOOR,"コンベア速度Max!? しゃいにん☆廻転ズシ""Sushi&Peace""",かめりあ feat. ななひら,ADV,11
FLOOR,snow motion,こふ,ADV,8
BEMANI,IX,dj TAKA VS DJ TOTTO feat.藍,ADV,12
FLOOR,Future MUSiC,Ym1024 feat. lamie*,ADV,7
ボーカロイド,ウバワレ,TAKU1175,ADV,10
FLOOR,EOS -INFINITE EDIT-,ginkiha,ADV,11
BEMANI,Engraved Mark,Ryu☆ ∞ Des-ROW,ADV,11
BEMANI,Squeeze,VENUS feat. Mutsuhiko Izumi,ADV,12
BEMANI,デッドボヲルdeホームラン,猫叉Masterβ2,ADV,9
BEMANI,轟け！恋のビーンボール！！,ダイナミック野球兄弟 v.s. クロスファイヤーPrim,ADV,11
FLOOR,Verse IV,ZOGRAPHOS (Yu_Asahina+Yamajet),ADV,12
BEMANI,野球の遊び方　そしてその歴史　～決定版～,あさき大監督,ADV,11
FLOOR,LittleGameStar,An,ADV,10
FLOOR,イゴモヨス＝オムルのテーマによるブヨブヨ・スケッチの試み,日本楽音ノイズ協会,ADV,10
FLOOR,will o' the wisp,XIzE,ADV,10
FLOOR,Profession,syzfonics,ADV,12
FLOOR,雪女,かねこちはる,ADV,12
東方アレンジ,おお われら喜び讃うべし、主よ,すのうまん,ADV,10
東方アレンジ,上海紅茶館 ～ Chinese Tea Orchid Remix,Yooh,ADV,10
東方アレンジ,U.N.オーエンは彼女なのか？haru_naba Remix,はるなば,ADV,11
東方アレンジ,Lunatic Rough Party!!,かめりあ,ADV,10
FLOOR,超越してしまった彼女と其を生み落した理由,Ayatsugu_Otowa,ADV,12
FLOOR,Bangin' Burst,かめりあ,ADV,13
FLOOR,For UltraPlayers,cosMo＠暴走P,ADV,13
FLOOR,BLACK or WHITE?,BlackYooh vs. siromaru,ADV,12
FLOOR,Hellfire,Hommarju,ADV,12
FLOOR,Last Concerto,ke-ji,ADV,12
BEMANI,Stella Sinistra,Akhuta Philharmonic Orchestra,ADV,11
BEMANI,HYENA,Hommarju,ADV,12
BEMANI,PUNISHER,TAG×PON,ADV,10
BEMANI,マインド・ゲーム,96 with メカショッチョー,ADV,9
FLOOR,Erlung,削除,ADV,10
FLOOR,choux à la crème,kamome sano,ADV,11
FLOOR,take a step forward,uma,ADV,10
FLOOR,TrailBlazer,cold kiss,ADV,9
FLOOR,Last Battalion,ETIA.,ADV,10
その他,クノイチでも恋がしたい(EXIT TUNES),みきとP feat. 松下,ADV,10
ボーカロイド,shiningray(EXIT TUNES),164 feat.GUMI,ADV,8
ボーカロイド,タイムマシン(EXIT TUNES),1640mP,ADV,8
FLOOR,Decretum,Project Mayhem,ADV,11
FLOOR,Dignity,Yooh,ADV,11
FLOOR,ムーニャポヨポヨスッポコニャーゴ,全日本スッポコニャーゴ親衛隊,ADV,10
東方アレンジ,We Are The Scarlet (SDVX Edit),天音 (Rolling Contact),ADV,10
東方アレンジ,Devotion,void (Mournfinale),ADV,7
東方アレンジ,ルーネイトエルフ(Riz Mix),Riz,ADV,10
BEMANI,True Blue,dj TAKA feat.AiMEE,ADV,11
FLOOR,Shadows in the Light,Sta,ADV,9
FLOOR,Demetel,ETIA.,ADV,7
FLOOR,トラウィスカルパンテクートリ,Noah,ADV,9
FLOOR,ゆうしゃのなつやすみ,Verdammt,ADV,9
東方アレンジ,"Electric ""Sister"" Bitch",t+pazolite,ADV,10
東方アレンジ,桜華月想-SDVX EDIT-,源屋 feat. 3L,ADV,8
東方アレンジ,やばいつよくてあたまいいあたいのうた,Shiron feat. Kuroa*,ADV,10
ボーカロイド,- dirty rouge -,ぺのれり,ADV,10
FLOOR,BUBBLE RAVER,P*Light,ADV,9
FLOOR,Paradoxy,lapix,ADV,9
FLOOR,Rings of Rainbow,Hommarju,ADV,10
FLOOR,LEMON SUMMER,パイタン,ADV,10
東方アレンジ,赤より紅い夢-Aya2g Tech Dance Remix-,Ayatsugu_Otowa,ADV,9
東方アレンジ,Indomitable Spirit,Tracy feat.ほたる,ADV,8
東方アレンジ,Catadioptric,Jerico,ADV,7
ボーカロイド,放課後ストライド(EXIT TUNES),Last Note.,ADV,11
ボーカロイド,マネマネサイコトロピック(EXIT TUNES),かいりきベア,ADV,9
東方アレンジ,夢の空、約束の場所,Illusion Sonic,ADV,7
東方アレンジ,ワヴル魔法図書館,wobble magic library,ADV,10
東方アレンジ,最終鬼畜妹フランドール・S,ビートまりお（COOL&CREATE）,ADV,12
東方アレンジ,Shiny Up!,C-CLAYS,ADV,7
東方アレンジ,Hail Storm,FELT,ADV,7
FLOOR,INFINITY OVERDRIVE,DecisionS(kanone + nora2r),ADV,11
FLOOR,Crack Traxxxx,Lite Show Magic (t+pazolite vs C-Show),ADV,11
FLOOR,XROSS INFECTION,BlackY vs. Yooh,ADV,13
FLOOR,Double Universe,Hommarju vs P*Light,ADV,11
FLOOR,Dawn of Asia,ginkiha+kamome sano,ADV,11
BEMANI,8 -eight-,Tom-H@ck feat.Nadia,ADV,10
東方アレンジ,Over the Starlit sky,MUZIK SERVANT feat.CHERICa,ADV,9
BEMANI,snow storm -euphoria-,Yooh,ADV,11
ボーカロイド,曾根崎心中(EXIT TUNES),デッドボールP,ADV,10
東方アレンジ,Darkness Pleasure,Hull feat.℃iel,ADV,7
BEMANI,DEADLOCK XXX,BlackY,ADV,11
東方アレンジ,魔法少女達の百年祭(masty core remix),masty,ADV,10
ボーカロイド,ユクエシレズ(EXIT TUNES),こじろー feat.GUMI,ADV,9
ボーカロイド,ありふれたせかいせいふく(EXIT TUNES),ピノキオP,ADV,9
東方アレンジ,ウサテイ,あまね＋ビートまりお（COOL&CREATE）,ADV,8
FLOOR,Quietus Ray,xi,ADV,11
東方アレンジ,Starlight Vision,矢鴇つかさ feat. 三澤秋 (SoundOnline),ADV,7
ボーカロイド,ハローラフター(EXIT TUNES),Last Note.,ADV,7
ボーカロイド,VERSUS!!,しけもく,ADV,10
FLOOR,Booths of Fighters,"RoughSketch + DD""ナカタ""Metal",ADV,11
BEMANI,Playing With Fire,kors k,ADV,10
東方アレンジ,愛くるしフール -Not EASY!!-,2ボス如きに負けるかぼちゃではなｙうわー,ADV,10
東方アレンジ,赤より紅い夢 -lucid dream Mix-,くるぶっこちゃん,ADV,9
東方アレンジ,太陽はやめて！ぼくらのスカーレット警察,七条レタスグループ starring ココ,ADV,8
東方アレンジ,U.N. Owen was her? (Hyuji Remix),Hyuji,ADV,9
東方アレンジ,Lunartic Dial,Shiron,ADV,10
FLOOR,Voice 2 Voice,MAD CHILD,ADV,10
FLOOR,Smile,Hommarju feat. 実谷なな,ADV,7
BEMANI,Daily Lunch Special ～DeliciousREMIX～,提供,ADV,10
ボーカロイド,デストロイマーチ,桜華,ADV,11
BEMANI,Unicorn tail Dustboxxxx RMX,Dustboxxxx,ADV,10
BEMANI,恋はどう？モロ◎波動OK☆方程式!!,あべにゅうぷろじぇくと feat.佐倉紗織 produced by ave;new,ADV,9
東方アレンジ,Venona,DOUBLE HELIX【たちのん&零-zero-】,ADV,10
東方アレンジ,Silver Impact,Arch,ADV,8
東方アレンジ,Cirno Break,さわわ,ADV,10
東方アレンジ,#Fairy_dancing_in_lake,uno(IOSYS),ADV,11
東方アレンジ,モモンが門番ばんっ☆,ねこみりん feat.みゆ,ADV,9
東方アレンジ,U.N.オーエンは彼女なのか？(TO-HOlic mix),C-Show,ADV,11
BEMANI,音楽 -resolve-,Yu_Asahina,ADV,11
BEMANI,少年は空を辿る Prog Piano Remix,とろまる,ADV,9
FLOOR,獣性オーバーフロウ,PROCYON KNIGHTS PROJECT,ADV,10
FLOOR,HAPPY HEART BEAT,ヒゲドライバー,ADV,8
FLOOR,華陽炎-Hana Kagerou-,源屋 feat.Kuroa*,ADV,10
BEMANI,BabeL ～Next Story～,Power Of Nature,ADV,10
ボーカロイド,いーあるふぁんくらぶ(EXIT TUNES),みきとP,ADV,7
ボーカロイド,え？あぁ、そう。(EXIT TUNES),蝶々P,ADV,9
FLOOR,OVERDRIVERS,P*Light feat. mow*2,ADV,10
FLOOR,GEROL,Hommarju,ADV,11
BEMANI,Sakura Reflection 音頭 -盆踊Remix-,源屋,ADV,9
BEMANI,Survival Games (Hommarju Remix),Hommarju,ADV,9
FLOOR,サヨナラデイズ,七誌,ADV,9
FLOOR,Joyeuse,ke-ji,ADV,10
ボーカロイド,HΨ=世界創造=EΨ(EXIT TUNES),"黒猫アンティーク feat.IA,GUMI",ADV,7
SDVXオリジナル,つぶやき魔法少女りむる,DJ SHARPNEL feat. みらい,ADV,10
ボーカロイド,トリノコシティ(EXIT TUNES),40mP,ADV,7
ボーカロイド,ネトゲ廃人シュプレヒコール(EXIT TUNES),さつき が てんこもり,ADV,9
FLOOR,HAELEQUIN,orangentle / Yu_Asahina,ADV,11
ボーカロイド,迷妄少年と小世界(EXIT TUNES),164 feat. GUMI,ADV,8
FLOOR,殯,かねこちはる,ADV,7
FLOOR,悪いところがひとつもない！,臨界モスキー党,ADV,9
BEMANI,アルストロメリア KURO-HACO Remix,kuroburger,ADV,10
FLOOR,C18H27NO3,Team Grimoire,ADV,10
BEMANI,カラルの月 Verdammt Remix,Verdammt,ADV,7
ボーカロイド,隅田川夏恋歌 (I/O Angel mix),Daisuke Ohnuma(大福P),ADV,8
ボーカロイド,Bad ∞ End ∞ Night(EXIT TUNES),ひとしずく×やま△,ADV,8
ボーカロイド,ラクガキスト(EXIT TUNES),cosMo＠暴走P feat.GUMI,ADV,10
FLOOR,Lieselotte,wa.,ADV,8
ボーカロイド,ロストワンの号哭(EXIT TUNES),Neru,ADV,8
BEMANI,I'm so Happy,Ryu☆,ADV,9
BEMANI,VALLIS-NERIA,DJ YOSHITAKA,ADV,11
FLOOR,En FIRE-G SOUL,Yooh,ADV,9
BEMANI,音楽 -壊音楽 mix-,LeaF,ADV,11
ボーカロイド,こちら、幸福安心委員会です。(EXIT TUNES),うたたP,ADV,12
ボーカロイド,サリシノハラ(EXIT TUNES),みきとP,ADV,9
ボーカロイド,サンドリヨン(EXIT TUNES),Dios/シグナルP,ADV,9
FLOOR,honey trap,そよもぎ,ADV,7
FLOOR,Party Stream !!,DJ Amane,ADV,9
FLOOR,ませまてぃっく♥ま+ま=まじっく！,かめりあ feat. ななひら,ADV,9
FLOOR,WobbleTangleFestival,Relect,ADV,8
東方アレンジ,Antinomie (SDVX EDIT),void(IOSYS) feat. 厚志(石鹸屋),ADV,10
FLOOR,Qubism,Hate vs Brilliance,ADV,11
東方アレンジ,Keep Going!,REDALiCE feat. 野宮あゆみ,ADV,9
東方アレンジ,天狗の落とし文 feat. ｙｔｒ,魂音泉,ADV,9
東方アレンジ,Two Fates,発熱巫女～ず,ADV,6
FLOOR,Tomato Leaf Breaks,millstones,ADV,9
東方アレンジ,Power of Battle (SDVX EDIT),RoughSketch vs REDALiCE feat.イザベル,ADV,10
BEMANI,Fly to Next World (syzfonics Remix),syzfonics,ADV,7
東方アレンジ,魔境堕天録サリエル,Unlucky Morpheus,ADV,9
東方アレンジ,アノ華咲クヤ,幽閉サテライト with 岸田教団＆THE明星ロケッツ feat.ichigo & senya,ADV,11
BEMANI,UNLIMITED FIRE (DJ Amane Remix),DJ Amane,ADV,9
FLOOR,Vindicator,void (Mournfinale),ADV,9
東方アレンジ,エピクロスの虹はもう見えない,SYNC.ART'S feat. 美里,ADV,7
東方アレンジ,神々の祈り,舞風-MAIKAZE/沙紗飛鳥,ADV,7
FLOOR,Goodbye-bye Planet,黒魔,ADV,10
東方アレンジ,げきオコスティックファイナリアリティぷんぷんマスタースパーク,ARM(IOSYS) feat.ビートまりお(COOL&CREATE),ADV,11
BEMANI,concon (picom'n'bass rmx),kamome sano,ADV,10
BEMANI,Sakura Reflection (P*Light Slayer Remix),P*Light,ADV,11
BEMANI,She is my wife すーぱーアイドル☆ミツル子Remixちゃん,高井さんとuno(IOSYS),ADV,10
その他,十面相（フリーダムver.）(EXIT TUNES),YM feat.__(アンダーバー）,ADV,7
FLOOR,GIGI BABA,ヒゲドライバー,ADV,9
ボーカロイド,自由のための不自由,上村香月,ADV,9
東方アレンジ,SCAPEGOAT BOY - SDVX Edit. -,SOUND HOLIC feat. Nana Takahashi,ADV,8
FLOOR,Starlight Express,ginkiha,ADV,9
FLOOR,青春☆してるかい？READY&LADY!,LV.4 feat.みゆ,ADV,10
東方アレンジ,星霜輪廻～Repeat～,EastNewSound feat. 茶太,ADV,8
東方アレンジ,蒼空に舞え、墨染の桜,さゆり (Silver Forest),ADV,6
FLOOR,Diffused Reflection,ニシジマユーキ,ADV,10
BEMANI,Daily Lunch Special (tpz Overcute Remix),t+pazolite,ADV,9
FLOOR,DELETED MOTION,たちのん,ADV,11
その他,トーキョープレジャーグラウンド(EXIT TUNES),灯油,ADV,10
東方アレンジ,東方妖々夢 ～the maximum moving about～,石鹸屋,ADV,8
FLOOR,dream control,C-YA,ADV,10
FLOOR,Next infection,Sanaas,ADV,10
ボーカロイド,非公開日誌(EXIT TUNES),みきとP feat.GUMI,ADV,7
その他,ファンタジースター(EXIT TUNES),ぐるたみん,ADV,8
FLOOR,Foolish Hero,lapix,ADV,10
BEMANI,Mother Ship (C-YA MIX),C-YA,ADV,11
東方アレンジ,待チ人ハ来ズ。,豚乙女,ADV,7
FLOOR,Raptate,削除,ADV,9
その他,ワールド・ランプシェード(EXIT TUNES),りょーくん,ADV,7
ボーカロイド,仇返しシンドローム(EXIT TUNES),まふまふ feat.IA,ADV,10
ボーカロイド,孤独の番人(EXIT TUNES),SCL Project（natsuP）feat. MAYU,ADV,8
ボーカロイド,ドロボウナイトトリック(EXIT TUNES),ゆちゃP feat.GUMI,ADV,12
ボーカロイド,ルービックキューブ(EXIT TUNES),otetsu feat.GUMI,ADV,9
東方アレンジ,Strawberry Crisis,CROW'SCLAW,ADV,10
東方アレンジ,秘封倶楽部の未踏世界,君の美術館,ADV,9
東方アレンジ,Wheel,Syrufit feat.綾倉盟 / 市松椿,ADV,11
FLOOR,The world of sound,"Music by Ryuwitty, Vocal by Kuroa*",ADV,11
FLOOR,STARDUST MERMAID,"Music by MasKaleido, Vocal by ぁゅ",ADV,7
FLOOR,ずっとそばにいさせてよね！,"Music by 音遊人 -mu-jin-, Vocal by みかん汁",ADV,8
FLOOR,七色のウタ,"Music by 上村香月, Vocal by みゅい",ADV,9
FLOOR,Hello world!,"Music by 源屋, Vocal by SOPHY",ADV,10
FLOOR,超恋愛☆エクストリーム・ガール,"Music by Ayatsugu_Otowa, Vocal by みゅい",ADV,10
FLOOR,draw!!!!,"Music by PHQUASE, Vocal by ぁゅ",ADV,8
FLOOR,僕たちは此処にいる,でもたまに居場所とか見失うかぼちゃ,ADV,9
FLOOR,Life is Beautiful,"Music by コバヤシユウヤ, Vocal by Kuroa*",ADV,9
東方アレンジ,Earthquake Super Shock - SDVX Edit. -,SOUND HOLIC feat. Nana Takahashi,ADV,10
ボーカロイド,一途な片思い、実らせたい小さな幸せ。(EXIT TUNES),うたたP feat. MAYU,ADV,8
ボーカロイド,過食性:アイドル症候群(EXIT TUNES),スズム feat.GUMI＆MAYU,ADV,10
ボーカロイド,ケッペキショウ(EXIT TUNES),すこっぷ feat.GUMI,ADV,10
ボーカロイド,金縛りの逢を,はるなば,ADV,11
ボーカロイド,センチメント,uno(IOSYS),ADV,7
ボーカロイド,Disagree Feelings,uno(IOSYS),ADV,11
ボーカロイド,MANDARA,さたな,ADV,10
ボーカロイド,境界インサニティー,Toma+o,ADV,11
ボーカロイド,true feeling？～本当の気持ち♪～,shin,ADV,10
ボーカロイド,ナツノメイロ,stereoberry,ADV,11
ボーカロイド,灰色の空想をつかんで,じろうす,ADV,8
東方アレンジ,泡沫、哀のまほろば,幽閉サテライト feat. senya,ADV,8
東方アレンジ,究極焼肉レストラン！お燐の地獄亭！,ARM(IOSYS),ADV,10
東方アレンジ,Silent Story,発熱巫女～ず,ADV,8
東方アレンジ,DesireDrive,岸田教団＆THE明星ロケッツ,ADV,10
東方アレンジ,ナイト・オブ・ナイツ,ビートまりお（COOL&CREATE）,ADV,11
東方アレンジ,-Rayrain-,こなぐすり,ADV,9
東方アレンジ,色は匂へど散りぬるを,幽閉サテライト feat. senya,ADV,8
東方アレンジ,ケロ⑨destiny,Silver Forest feat. めらみぽっぷ,ADV,10
東方アレンジ,"Help me, ERINNNNNN!!（2004 ver.）",ビートまりお（COOL&CREATE）,ADV,10
東方アレンジ,魔理沙は大変なものを盗んでいきました,ARM(IOSYS),ADV,9
東方アレンジ,物凄い勢いでけーねが物凄いうた,Halozy feat. ななひら,ADV,10
東方アレンジ,Rot in hell！！,EastNewSound,ADV,8
FLOOR,croiX,TeamGrimoire+あま猫,ADV,12
FLOOR,Gott,Hommarju,ADV,11
FLOOR,Dynasty,Yooh,ADV,12
FLOOR,PANIC HOLIC,C-Show,ADV,11
FLOOR,Max Burning!!,BlackY,ADV,13
FLOOR,Absurd Gaff,siromaru,ADV,12
FLOOR,EGG,ginkiha,ADV,9
FLOOR,éclair au chocolat,kamome sano,ADV,9
FLOOR,大宇宙ステージ,黒魔,ADV,11
FLOOR,TRIGGER★HAPPY,P*Light,ADV,10
FLOOR,VISION,nora2r,ADV,8
ボーカロイド,カミサマネジマキ(EXIT TUNES),kemu feat. GUMI,ADV,10
ボーカロイド,チェックメイト(EXIT TUNES),ゆちゃP feat. GUMI,ADV,7
ボーカロイド,地球最後の告白を(EXIT TUNES),kemu feat. GUMI,ADV,8
ボーカロイド,ディストピア・ジパング(EXIT TUNES),cosMo＠暴走P feat. GUMI,ADV,8
ボーカロイド,ノイジーラバーソウル(EXIT TUNES),Last Note. feat. GUMI,ADV,10
FLOOR,V.I.P.,ismK,ADV,11
ボーカロイド,エスケープ・フロム・ディストピア(EXIT TUNES),cosMo＠暴走P feat. MAYU,ADV,7
ボーカロイド,腐れ外道とチョコレゐト(EXIT TUNES),ピノキオP,ADV,10
ボーカロイド,十面相(EXIT TUNES),YM feat. GUMI,ADV,8
ボーカロイド,人生リセットボタン(EXIT TUNES),kemu feat. GUMI,ADV,11
ボーカロイド,ルートスフィア(EXIT TUNES),Last Note. feat. GUMI,ADV,6
FLOOR,Soundscape,Hommarju,ADV,9
BEMANI,AA BlackY mix,BlackY,ADV,12
BEMANI,Tomorrow Perfume (tpz Despair Remix),t+pazolite,ADV,9
ボーカロイド,pandora (Maozon Remix),Maozon,ADV,8
BEMANI,Freeway Shuffle -More2 HAPPY Re-Mix-,Yu_Asahina,ADV,10
BEMANI,Abyss (sharp stepp remix),borzy,ADV,10
BEMANI,Tomorrow Perfume (C-Show Remix),C-Show,ADV,12
BEMANI,Blue Rain Dustboxxxx RMX,Dustboxxxx,ADV,10
ボーカロイド,Ray,源屋,ADV,8
BEMANI,rainbow flyer -gratitude remix-,PHQUASE,ADV,9
東方アレンジ,明星ロケット,岸田教団＆THE明星ロケッツ,ADV,8
東方アレンジ,幻想のサテライト,豚乙女,ADV,11
東方アレンジ,月に叢雲華に風,幽閉サテライト feat. senya,ADV,9
東方アレンジ,Runway Drive,FELT,ADV,7
東方アレンジ,Grip & Break down !! - SDVX Edit. -,SOUND HOLIC feat. Nana Takahashi,ADV,10
東方アレンジ,taboo tears you up 2008,REDALiCE,ADV,10
東方アレンジ,チルノのパーフェクトさんすう教室,ARM(IOSYS),ADV,10
東方アレンジ,Bad Apple!! feat. nomico,Alstroemeria Records,ADV,7
ボーカロイド,再教育(EXIT TUNES),Neru,ADV,7
その他,dreamin' feat.Ryu☆(EXIT TUNES),Mayumi Morinaga  (moimoi),ADV,10
ボーカロイド,ハートブレイク・ヘッドライン(EXIT TUNES),40mP feat. GUMI,ADV,8
ボーカロイド,Black Board(EXIT TUNES),蝶々P,ADV,9
ボーカロイド,ポーカーフェイス(EXIT TUNES),ゆちゃP feat. GUMI,ADV,9
ボーカロイド,イカサマライフゲイム(EXIT TUNES),kemu feat. GUMI,ADV,10
ボーカロイド,セツナトリップ(EXIT TUNES),Last Note. feat. GUMI,ADV,10
ボーカロイド,恋愛勇者(EXIT TUNES),Last Note. feat. GUMI,ADV,8
ボーカロイド,六兆年と一夜物語(EXIT TUNES),kemu feat. IA,ADV,10
ボーカロイド,炉心融解(EXIT TUNES),iroha,ADV,7
BEMANI,Ganymede kamome mix,kamome sano,ADV,11
BEMANI,GAMBOL (dfk SLC rmx),D.F.K.Soundsystem,ADV,10
BEMANI,Clione Hommarju Remix,Hommarju,ADV,8
BEMANI,SEED (DJ Noriken Remix),DJ Noriken,ADV,12
FLOOR,Distorted Floor,RoughSketch,ADV,11
FLOOR,Fire Strike,Junk,ADV,10
FLOOR,freaky freak,kamome sano,ADV,12
FLOOR,World Vertex,void,ADV,12
ボーカロイド,天ノ弱(EXIT TUNES),164 feat. GUMI,ADV,9
BEMANI,Ignited Night burst,N-driver,ADV,10
FLOOR,Onigo,Hommarju,ADV,11
FLOOR,caramel ribbon,P*Light,ADV,9
その他,君にエールを・・・！ （DJ UTO REMIX）(EXIT TUNES),Mayumi Morinaga,ADV,10
BEMANI,サヨナラ・ヘヴン （かめりあ's NEKOMATAelectroRMX）,かめりあ,ADV,8
FLOOR,Space Diver Tama,黒魔,ADV,8
FLOOR,SOUL EXPLOSION,kanone,ADV,9
BEMANI,.59 -BOOTH BOOST REMIX-,IDEA+RHYTHM,ADV,10
その他,Nyan Cat(EXIT TUNES),daniwellP feat. 桃音モモ,ADV,8
FLOOR,香港功夫大旋風,Daisuke Ohnuma,ADV,11
FLOOR,レトロスペクティビリー・メリーゴーランド,はるなば,ADV,7
BEMANI,恋する☆宇宙戦争っ！！ あばばばみっくす,ARM (IOSYS),ADV,12
BEMANI,突撃!ガラスのニーソ姫! D.watt nu-denpa RMX,D.watt(IOSYS),ADV,10
その他,おにゃのこ　きねんび(EXIT TUNES),赤飯,ADV,9
その他,カーニバル(EXIT TUNES),otetsu feat.灯油,ADV,10
その他,キミノメヲ(EXIT TUNES),そらる,ADV,9
その他,ソラヘドライブ(EXIT TUNES),ぐるたみん,ADV,8
その他,春色ポートレート(EXIT TUNES),しゃむおん,ADV,4
ボーカロイド,RPGシンドローム,幽閉カタルシス,ADV,10
SDVXオリジナル,cloud,EZFG,ADV,9
ボーカロイド,世界はネコのもの,Nem,ADV,6
SDVXオリジナル,TYCOON,SOUND HOLIC feat. Nana Takahashi,ADV,10
BEMANI,neu BSP style,cosMo＠暴走P,ADV,9
ボーカロイド,wound,KEENO,ADV,8
ボーカロイド,不思議玩具ガンガラディンドン,マチゲリータ,ADV,8
BEMANI,FLOWER REDALiCE Remix,REDALiCE,ADV,11
SDVXオリジナル,ヤサイマシ☆ニンニクアブラオオメ,azuma feat. ななひら,ADV,8
ボーカロイド,U&M,emon,ADV,5
その他,Vampire Killer scar-ed Pf rmx,fu_mou,ADV,6
ボーカロイド,サイコパスコミュニケーション,ゆちゃP,ADV,7
ボーカロイド,Second Heaven Lamaze-REMIX,ラマーズP,ADV,8
ボーカロイド,Xepher Light and Darkness Dragon REMIX,デッドボールP,ADV,9
ボーカロイド,Diamond Dust Black Diamond Dust,azuma,ADV,8
BEMANI,遠く Dexholic Mix,Dixie Flatline feat.祭屋,ADV,6
BEMANI,冥 Rockin' SWING REMIX,164,ADV,13
ボーカロイド,RED ZONE NeoClassical Party Remix,幽閉カタルシス,ADV,11
BEMANI,ALBIDA Powerless Mix,無力P,ADV,12
SDVXオリジナル,It's over,ゆよゆっぺ feat.めらみぽっぷ,ADV,8
SDVXオリジナル,Iterator,yanagi,ADV,9
ボーカロイド,Evans VolteX Pf arrange,cosMo＠暴走P,ADV,9
BEMANI,ガッテンだ!! Novoiski Remix,ノボイスキ,ADV,7
SDVXオリジナル,good high school,baker,ADV,5
その他,「月風魔伝」龍骨鬼戦 yks Remix,yuukiss,ADV,8
ボーカロイド,ごりらがいるんだ,ピノキオP,ADV,8
BEMANI,jet coaster☆girl sasakure.UK tRiCkStAr Remix,sasakure.UK feat. mirto,ADV,5
SDVXオリジナル,dilemma,豚乙女,ADV,6
ボーカロイド,SurVALI,YM,ADV,8
BEMANI,smooooch・∀・ KN mix,KN,ADV,8
ボーカロイド,とある少年の一日,蝶々P,ADV,11
ボーカロイド,ナナイロ,otetsu,ADV,7
ボーカロイド,西日暮里の踊り,家の裏でマンボウが死んでるP,ADV,7
SDVXオリジナル,Ha･lle･lu･jah,SOUND HOLIC feat. Nana Takahashi,ADV,8
ボーカロイド,バタフライキャット,daniwell,ADV,8
SDVXオリジナル,PULSE LASER,ヒゲドライバー,ADV,9
BEMANI,ヒマワリ MUZIK SERVANT Remix,MUZIK SERVANT,ADV,8
ボーカロイド,ふしぎなくすり いっきのみっくす,ゆうゆ,ADV,6
BEMANI,Broken 8cmix,iroha(sasaki),ADV,12
BEMANI,MAX 300 takamatt MIN REMIX,takamatt,ADV,9
BEMANI,Love♡Shine わんだふるmix,ARM (IOSYS) feat. 一ノ瀬月琉 (monotone),ADV,7
ボーカロイド,Love♡sicK,8#Prince(八王子P),ADV,7
ボーカロイド,Rebellious stage,Dios/シグナルP,ADV,6
ボーカロイド,凛として咲く花の如く スプーキィテルミィンミックス,マチゲリータ,ADV,6
BEMANI,chaplet,DJ TOTTO,EXH,16.0
FLOOR,天鯨譚,テヅカ x otoshi.b,EXH,16.0
BEMANI,Plan 8,Ryu☆,EXH,17.5
FLOOR,"CAKE,Cake'n Cake!",苺咲べりぃ,EXH,15.0
SDVXオリジナル,Blue Diamond,青龍改,EXH,17.5
FLOOR,ИEXTAGE,polysha&Ashrount,EXH,16.0
その他,イガク,原口沙輔,EXH,15.0
ボーカロイド,いますぐ輪廻,なきそ,EXH,13.0
その他,L (SDVX ver.),Ice,EXH,15.0
その他,L2 -Reminiscence- (SDVX ver.),Ice,EXH,17.5
その他,お返事まだカナ？おじさん構文！,吉本おじさん,EXH,15.0
東方アレンジ,稲田姫様に叱られちゃいました＃ ～ Romantic Shortfall,りりぃろっくfeat.ЄИ1GM4&桃寝ちのい,EXH,16.0
その他,サイエンス,MIMI,EXH,14.0
その他,Synthesis.,tn-shi,EXH,17.0
その他,snooze,wotaku feat. SHIKI,EXH,14.0
その他,777 (Vocal ver.),RoughSketch feat.ななひら,EXH,17.5
東方アレンジ,Celestial Conquest,xi,EXH,17.0
FLOOR,"Zany Arcadia ""E""",天束 vs. siromaru,EXH,17.5
その他,デッドライン症候群,irom,EXH,14.0
東方アレンジ,Necromantic,暁Records,EXH,14.0
東方アレンジ,ハートインワンダーランド,森羅万象,EXH,15.0
FLOOR,Black Out,Hommarju,EXH,16.0
東方アレンジ,"Help me, ERINNNNNN!!",ビートまりお,EXH,15.0
FLOOR,Massive Strength,Riz,EXH,15.0
その他,モンダイナイトリッパー！,名取さな,EXH,14.0
東方アレンジ,ンポロロッカ,かめりあ,EXH,15.0
FLOOR,双星の冒険録,やどりぎ,EXH,15.0
BEMANI,天泣,"BEMANI Sound Team ""meteorologists""",EXH,17.0
FLOOR,Blessed Horizon,Qutabire,EXH,15.0
BEMANI,めた・メタ？ひまわり＊パンチ,ひまわり＊パンチ,EXH,14.0
FLOOR,#Evil_Signs_of_Bloodlines,RoughSkreamZ,EXH,15.0
その他,555 (Please call me “Go! Go! Go!”),RoughSketch,EXH,17.0
その他,Temporal Veil,Gardens,EXH,16.0
その他,フラッフィー・アドベンチャー！,みーに feat. まより,EXH,14.0
FLOOR,Divine Ether,あまみ×ひなみ,EXH,15.0
FLOOR,Sunlit toybox,Juggernaut. + しーけー,EXH,16.0
FLOOR,マジかる☆doll ユタニケちゃん,Tsubusare BOZZ feat.madoka*,EXH,15.0
その他,シンクロニティ,おめがシスターズ,EXH,14.0
東方アレンジ,FLOOD_FLOOR,brz1128,EXH,15.0
東方アレンジ,落赤,Acotto feat. 記憶に残る,EXH,14.0
FLOOR,ハートビート×スラッガー,あまみ×ひなみ,EXH,15.0
FLOOR,FLAVOR-G,utzbo,EXH,16.0
BEMANI,朱と碧のランページ,covered by 儒烏風亭らでん(ReGLOSS),EXH,14.0
BEMANI,カジノファイヤーことみちゃん,covered by 一条莉々華(ReGLOSS),EXH,15.0
その他,Shooting Star,ReGLOSS,EXH,13.0
BEMANI,murmur twins (guitar pop ver.),covered by 音乃瀬奏(ReGLOSS),EXH,14.0
BEMANI,リメンバーリメンバー,covered by 轟はじめ(ReGLOSS),EXH,13.0
その他,FRENZY HEART,EBIMAYO,EXH,17.0
その他,HOLOGRAPHY,RYOQUCHA,EXH,15.0
その他,Like the Starlight,uma,EXH,16.0
東方アレンジ,東風に鳴き翠嵐を想う,めと（Metomate）,EXH,15.0
東方アレンジ,Breath of Faith,satie,EXH,14.0
BEMANI,焔華,movies(moimoi×Xceon×Dai.),EXH,14.0
その他,オーバーライド,吉田夜世,EXH,15.0
BEMANI,Timepiece phase Ⅱ,佐々木博史,EXH,17.0
その他,ライアーダンサー,マサラダ,EXH,14.0
東方アレンジ,幻想プロミネンス,deli. vs 駄々子 vs かなたん,EXH,15.0
その他,右肩の蝶 (空澄セナ Cover),のりP,EXH,14.0
東方アレンジ,Misfortune Crawler,Aoi,EXH,16.0
SDVXオリジナル,// If Summer Ever Comes_,黒魔,EXH,17.5
SDVXオリジナル,ØVER《Δ》,EmoCosine overlay,EXH,17.5
SDVXオリジナル,オムニシエント・ゼロ,ke-ji（CERTIA）,EXH,17.5
SDVXオリジナル,カミツレの成り方,テヅカ feat. 遠山小春,EXH,16.0
SDVXオリジナル,KINGDOM COME,RoughSketch,EXH,18.6
SDVXオリジナル,Grαnd Arχitect,CHUBAY,EXH,16.0
SDVXオリジナル,Lollipop Error 404,Tsubusare BOZZ feat.madoka*,EXH,16.0
東方アレンジ,千歳に泡影,Inaori feat.兎角あかり,EXH,14.0
東方アレンジ,Lost Gear Syndrome,polysha vs. モリモリあつし,EXH,16.0
BEMANI,EYE OF THE HEAVEN,"BEMANI Sound Team ""U1-ASAMi""",EXH,17.5
BEMANI,Electronic Sports Complex,栄免建設,EXH,17.0
BEMANI,EROICA,"BEMANI Sound Team ""HERO""",EXH,17.0
BEMANI,Secret Rouge,ハレトキドキ,EXH,14.0
BEMANI,Snow Garland Fairy,"BEMANI Sound Team ""KE!JU""",EXH,16.0
その他,ぐしゃ,ポラリスピー,EXH,14.0
その他,Dear Deer,Hylen,EXH,16.0
その他,DISTORDER,DJ Myosuke,EXH,17.0
ボーカロイド,アイスクリームマジック,雪乃イト,EXH,14.0
ボーカロイド,エクスプロウル,晴いちばん,EXH,15.0
その他,惑星ループ (花芽すみれ Cover),ナユタン星人,EXH,14.0
ボーカロイド,ギャ・ギャ・ギャ・ギャラクシー！,つきみぐー、,EXH,14.0
ボーカロイド,悲報！ワイ！ニート！,Shu,EXH,15.0
ボーカロイド,あおばの足音,駄菓子O型,EXH,14.0
ボーカロイド,覚悟せよ！エンタンメ～ン ～より身の切り売り自暴自棄版～,マキシウキョウ,EXH,15.0
BEMANI,Windy Fairy,DJ TOTTO,EXH,14.0
BEMANI,幻影ノ消失,Xceon feat. Mayumi Morinaga,EXH,14.0
BEMANI,SCHWARZSCHILD FIELD,L.E.D.,EXH,15.0
BEMANI,Towards The Horizon,かめりあ,EXH,16.0
BEMANI,ビューティフル レシート,Lucky Vacuum,EXH,16.0
その他,CO5M1C R4ILR0AD,kanone,EXH,15.0
その他,ヒュブリスの頂に聳えるのは,qfeileadh feat.のあ,EXH,16.0
その他,Ö<3rf10₩,momocaca (月乃×Capchii),EXH,17.0
その他,Crossfade,La prière,EXH,14.0
その他,星界のアルペジオ,yuichi NAGAO,EXH,16.0
SDVXオリジナル,神凪,BlackY feat. Risa Yuzuki,EXH,18.8
SDVXオリジナル,Gryphone,ETIA.,EXH,17.5
SDVXオリジナル,黒蝶のワルツ,ぺのれり,EXH,17.5
SDVXオリジナル,Who then no 灯,星野音楽工房,EXH,17.5
その他,神威,TJ.hangneil,EXH,17.0
ボーカロイド,テレパシ,DECO*27,EXH,15.0
ボーカロイド,What's up? Pop!,Capchii feat. 初音ミク,EXH,17.5
BEMANI,Caldwell 99,BlackY,EXH,16.0
BEMANI,シュレーディンガーの猫,Cait Sith,EXH,17.0
その他,かくれんぼ (胡桃のあ Cover),AliA,EXH,14.0
SDVXオリジナル,Ardenok,kanone VS nora2r,EXH,17.5
SDVXオリジナル,Our garden is blue.,庭師+Aoi,EXH,18.6
SDVXオリジナル,Golden Rotation,xi,EXH,16.0
SDVXオリジナル,Jupiter,technoplanet feat. Tamako Kinoshita,EXH,16.0
SDVXオリジナル,Titanomachia,打打だいず vs. siromaru,EXH,17.5
SDVXオリジナル,流転に咲く魂の花,めと（Metomate）,EXH,16.0
FLOOR,回想音楽 - Thank you for your playing music,deli.+駄々子,EXH,14.0
FLOOR,caramel ribbon (Tatsunoshin Remix),Tatsunoshin,EXH,15.0
FLOOR,XROSS INFECTION -xiRemix-,xi,EXH,17.5
FLOOR,The world of sound -celestial mix-,BlackY feat. Risa Yuzuki,EXH,16.0
FLOOR,Dynasty -dal segno-,Ashrount,EXH,16.0
その他,いいわけバニー,兎田ぺこら,EXH,13.0
その他,最強女神†ウーサペコラ,兎田ぺこら,EXH,15.0
その他,全人類　兎化計画！,兎田ぺこら,EXH,16.0
その他,ララララビット！！,兎田ぺこら,EXH,14.0
ひなビタ♪/バンめし♪,じもとっこスイーツ♪,ホララ・ホリック with 日向美ビタースイーツ♪,EXH,15.0
ひなビタ♪/バンめし♪,チョコレートスマイル,日向美ビタースイーツ♪ & ここなつ,EXH,14.0
ひなビタ♪/バンめし♪,ロマンシングエスケープ,ここなつ2.0,EXH,13.0
FLOOR,孤独のドロップハンター,otoshi.b×でか大×みゅい,EXH,14.0
FLOOR,ぼくらのはじまりのおと,Shiron+こふ×モリモリあつしと提供でお送りしました。,EXH,16.0
FLOOR,MiRÀi,#EmoCosine,EXH,15.0
FLOOR,Line markeR,打打だいず,EXH,15.0
FLOOR,reSTART yOUR STORIES,setu-O,EXH,16.0
FLOOR,C18H27NO3(ryhki remix),ryhki,EXH,16.0
FLOOR,Crack Traxxxx (108x3 BPM Remix),RoughSketch,EXH,16.0
FLOOR,大宇宙ステージ奈落変,めと（Metomate）,EXH,15.0
FLOOR,"Profession (αirlemoneX ""Mechanical Engineering"" Remix)",αirlemoneX,EXH,15.0
ボーカロイド,強風オールバック,Yukopi,EXH,13.0
その他,テトリス,柊マグネタイト,EXH,15.0
その他,人マニア,原口沙輔,EXH,14.0
ボーカロイド,メズマライザー,サツキ,EXH,16.0
FLOOR,一水山風,Enterskip,EXH,16.0
FLOOR,Superstar!,Tatsunoshin,EXH,17.5
FLOOR,永久の粒虹,Yu-dachi,EXH,15.0
FLOOR,鳳凰誓歌,流星のサイトシーイング feat.雪希,EXH,14.0
FLOOR,Lunatic Mare,Alkome,EXH,16.0
SDVXオリジナル,ヴァルプルギスの夜,すっかりBPM200以下の曲を作れない体に改造されてしまった哀れなかぼちゃを見るがいい,EXH,16.0
SDVXオリジナル,Guinevere～白き妖精～,ぺのれり,EXH,17.5
SDVXオリジナル,細氷,かねこちはる,EXH,17.5
SDVXオリジナル,X1GNUS,BlackY,EXH,16.0
SDVXオリジナル,Never Forget Evergreen,黒魔,EXH,16.0
SDVXオリジナル,Nebula Dysorder,かめりあ,EXH,17.5
SDVXオリジナル,For All The Challengers,cosMo＠暴走P,EXH,16.0
SDVXオリジナル,Little Red Riding Hood,RoughSketch,EXH,16.0
SDVXオリジナル,while (screen is blue),kamome sano,EXH,17.5
その他,Everything B.K.,nora2r,EXH,15.0
その他,B.B.K.K.B.K.K. (USAO Remix),nora2r Remixed by USAO,EXH,16.0
その他,B.B.K.K.B.K.K. (影虎。 & siqlo PsyRemix),nora2r Remixed by 影虎。 & siqlo,EXH,14.0
FLOOR,ΛNXIENT:LEGΛXIEZ,Ashrount,EXH,16.0
FLOOR,ØverwriteTheCatastrophe,deli.+駄々子,EXH,15.0
FLOOR,Cumulonimbus,Hidra-Xjeil,EXH,15.0
FLOOR,Kool Awesome Croon,Super Shrimp,EXH,16.0
その他,I'm Your Treasure Box ＊あなたは マリンせんちょうを たからばこからみつけた。,宝鐘マリン,EXH,14.0
その他,Ahoy!! 我ら宝鐘海賊団☆,宝鐘マリン,EXH,15.0
その他,美少女無罪♡パイレーツ,宝鐘マリン,EXH,15.0
その他,幽霊船戦,宝鐘マリン,EXH,16.0
BEMANI,Come to Life,ARM (IOSYS) feat. Nicole Curry,EXH,16.0
BEMANI,COSMIC V3LOCITY,"BEMANI Sound Team ""Coyaan & KE!JU & ZAQUVA""",EXH,17.0
BEMANI,SOLAR ECLIPSE,"Yuta Imai Vs. BEMANI Sound Team ""Yvya""",EXH,17.0
FLOOR,Imitated Visions,荒谷サトル,EXH,16.0
FLOOR,こどもかくしのアンダーランド,iru feat. 桃寝ちのい,EXH,16.0
FLOOR,憧憬のファンファーレ,CHUBAY,EXH,16.0
FLOOR,Xinca,隣の庭は青い(庭師+Aoi),EXH,17.5
FLOOR,JACK -the KING Ki11ing-,打打だいず vs. siromaru,EXH,17.5
FLOOR,すべてを賭して,ke-ji,EXH,16.0
FLOOR,Don't you dare play GOD,technoplanet feat. Tamako Kinoshita,EXH,18.7
FLOOR,Voice 2 Voice n Voice,Acotto,EXH,15.0
POPS&アニメ,Growing Up／アニメ「この素晴らしい世界に祝福を！３」より,Machico,EXH,14.0
FLOOR,GIGI BABA(brz_style),brz1128,EXH,15.0
FLOOR,"PANIC HOLIC (かめりあ's ""24600 POWER"" Remix)",かめりあ,EXH,16.0
FLOOR,Four Leaves (Whitelily. remix),Whitelily.(みーに&しろさきあや),EXH,14.0
BEMANI,OROCHI STRIKE,"Hommarju & BEMANI Sound Team ""兎々""",EXH,16.0
BEMANI,Blφφdy Cφncertφ,OSTER project & RoughSketch,EXH,16.0
BEMANI,REINCARNATION,P*Light,EXH,17.0
BEMANI,Lichtsäule,"かめりあ & BEMANI Sound Team ""PHQUASE""",EXH,17.5
BEMANI,Re:RHYZE,beatnation RHYZE,EXH,16.0
FLOOR,We Are GamerZ!,Ninja Never DieS!,EXH,16.0
FLOOR,∞vitUniverse,Lime,EXH,16.0
FLOOR,ハガネノツルギ,coTatsu,EXH,15.0
FLOOR,¡¡Fanta∽cramble!!,Potwi,EXH,15.0
東方アレンジ,残像ニ繋ガレタ追憶ノHIDEAWAY,"SOUND HOLIC Vs. BEMANI Sound Team ""KE!JU"" feat. Nana Takahashi",EXH,14.0
東方アレンジ,SUPER HEROINE!!,"Amateras Records vs BEMANI Sound Team ""TATSUYA"" feat. miko",EXH,15.0
東方アレンジ,弾幕信仰,"豚乙女×BEMANI Sound Team ""PON""",EXH,16.0
東方アレンジ,閉塞的フレーション,"Pizuya's Cell VS BEMANI Sound Team ""dj TAKA""",EXH,15.0
BEMANI,ARACHNE,MAX MAXIMIZER,EXH,16.0
BEMANI,梅雪夜,Qrispy Joybox feat.mao,EXH,14.0
BEMANI,Crazy Jackpot,Hommarju,EXH,15.0
BEMANI,黒紅掬い,猫叉Master feat.霜月はるか,EXH,15.0
BEMANI,Poochie,kors k,EXH,16.0
FLOOR,アイの雫,kuro,EXH,16.0
FLOOR,Almandite,7mai,EXH,16.0
FLOOR,邪魔をしないで,Symholic feat.狛茉璃奈,EXH,15.0
FLOOR,Hopscotch,GrivR.,EXH,15.0
FLOOR,XΛLT=ØVER,Ashrount,EXH,17.0
FLOOR,Entropic EnĤαncemEnt,CHUBAY,EXH,17.0
FLOOR,SAD1STIC Я04D,Enterskip,EXH,17.0
FLOOR,Sweetie Beauti Magic,打打だいず feat. 凜々,EXH,16.0
FLOOR,月明りの旅人たち,coTatsu,EXH,14.0
FLOOR,Two of Wonder Lights,technoplanet feat. Tamako Kinoshita,EXH,16.0
FLOOR,トキノコエト,setu-O meets 駄々子,EXH,15.0
FLOOR,Vigor(siqlo's Hi-Tech Veats),siqlo,EXH,14.0
FLOOR,おにいちゃんグリッチホップ ～eternal love remix～,HOUJIROU feat. 杠葉えりか,EXH,14.0
FLOOR,Scarlet Pinheel -appassionato-,BlackY,EXH,16.0
FLOOR,ミュージックプレイヤー （J-pop Remix）,technoplanet feat. Risa Yuzuki,EXH,16.0
FLOOR,WobbleTangleFestival (影虎。 & ikaruga_nex's HDM RMX),影虎。 & ikaruga_nex,EXH,15.0
FLOOR,King's Gambit,brz1128,EXH,16.0
FLOOR,七七七夕,Mono. + uynet,EXH,16.0
FLOOR,HEAVEN KNOWS,U-ske feat.石橋桃,EXH,15.0
FLOOR,You Only Live Twice,Sephid feat. aria,EXH,15.0
その他,愛昧ショコラーテ,角巻わため,EXH,13.0
その他,曇天羊,角巻わため,EXH,14.0
その他,My song,角巻わため,EXH,15.0
その他,What an amazing swing,角巻わため,EXH,15.0
FLOOR,Appliqué(Vocal Remix),nonomori feat. Nanao,EXH,15.0
FLOOR,Gate of Atlantis (Vocal ∞ Mix),MasKaleido feat. ぁゅ,EXH,15.0
FLOOR,The setting sun(burst),nozakita kazumi,EXH,15.0
FLOOR,Max Burning!!(GαineN Beyond yΩu Remix),概念,EXH,16.0
FLOOR,ARISE,Juggernaut.,EXH,17.0
FLOOR,Allegro Saetta,天束 vs. siromaru,EXH,17.0
FLOOR,{ eXLIPXe },{ かめりあ },EXH,18.8
FLOOR,ウイジン,"CHUBAY as ""NOVICE""",EXH,15.0
FLOOR,Ex concordia felicitas,Connexio,EXH,15.0
FLOOR,Colorful Magical Parade,Tsubusare BOZZ feat.madoka*,EXH,15.0
FLOOR,StellarflightS,otoshi.b,EXH,16.0
FLOOR,Knew Order,あまみ×ひなみ,EXH,16.0
FLOOR,NO SURRENDER,493Water,EXH,16.0
FLOOR,BEMANI PRO LEAGUE -SEASON 2- SOUND VOLTEX ULTIMATE MEDLEY,FLOOR LEGENDS -BPL S2 SDVX-,EXH,16.0
FLOOR,プリュネシエル,瀬名 feat. 音羽ことり。,EXH,14.0
FLOOR,Cuz we <3 this Game,打打だいず,EXH,17.0
FLOOR,Xeno Gravity,xi,EXH,17.5
FLOOR,NEMSYS ARENA World Hexathlon,隣の庭は青い(庭師+Aoi),EXH,18.7
FLOOR,異次元の孤独～カナタノキミヘ～,RoughSkreamZ feat. Sennzai,EXH,16.0
FLOOR,Crawl Out Immortal,U-ske feat.Parfaitty,EXH,15.0
FLOOR,SΛMVICΛ,seatrus -Reborn-,EXH,16.0
FLOOR,MΔX FLAVØR,EmoCosine overlay,EXH,16.0
FLOOR,Ars Magna,Riz,EXH,16.0
FLOOR,Inevitable Magic,Alkome,EXH,16.0
FLOOR,LOVE TONIC,影虎。,EXH,15.0
BEMANI,waxing and wanding,青龍,EXH,16.0
FLOOR,グリーディ・スターズ！,みーに feat. しろさきあや,EXH,15.0
FLOOR,Di-Da-De-Doo,Yu_Asahina ft.Mizutama,EXH,15.0
FLOOR,Break Through Δpex,Halv feat.Kuroa*,EXH,16.0
FLOOR,イグジスター,東雲蛍 feat. はぁち,EXH,16.0
その他,カミサマ・ネコサマ,猫又おかゆ,EXH,14.0
その他,毒杯スワロウ,猫又おかゆ,EXH,15.0
FLOOR,花火のおもちゃ箱,Yu-dachi,EXH,15.0
その他,もぐもぐYUMMY！,猫又おかゆ,EXH,14.0
FLOOR,La Nostra Storia!,polysha w/ mikanzil,EXH,16.0
BEMANI,Ambivalent Vermilia,"BEMANI Sound Team ""二代目朱雀 feat.朱雀""",EXH,17.0
FLOOR,V!LLA!N,Kaname,EXH,15.0
FLOOR,ON THE WORLD,Yuta Imai,EXH,16.0
BEMANI,ちょえちょえまぎか,Pizuya's Cell,EXH,15.0
BEMANI,Deep tenDon Reflex,"BEMANI Sound Team ""Coyaan""",EXH,16.0
FLOOR,TOYBOX CANNØN=͟͟͞ Σ≡=｡ﾟ:*.:+｡.☆,Mono.,EXH,16.0
FLOOR,群青纏う朱の槍,めと（Metomate）,EXH,16.0
FLOOR,CHOVERY GOOSE!!!,MYUKKE.,EXH,15.0
FLOOR,トリコエリヌム▽コンチェルト,qfeileadh,EXH,16.0
FLOOR,We Are All The Dreamer,Hommarju ft. かぼちゃ,EXH,15.0
FLOOR,Double or Nothing,Tatsunoshin,EXH,16.0
その他,アンチグラビティ・ガール,月ノ美兎,EXH,15.0
その他,コントレイル,葛葉,EXH,14.0
その他,Virtual to LIVE,にじさんじ,EXH,14.0
その他,Circuit Surfer,kors k,EXH,17.0
BEMANI,ちくわパフェだよ☆ＣＫＰ (Yvya Remix),"Remixed by BEMANI Sound Team ""Yvya""",EXH,15.0
ひなビタ♪/バンめし♪,ポラリスノウタ,ここなつ2.0,EXH,14.0
BEMANI,めうめうぺったんたん！！ (ZAQUVA Remix),"Remixed by BEMANI Sound Team ""ZAQUVA""",EXH,16.0
FLOOR,Λkasha,BlackY feat. Risa Yuzuki,EXH,18.7
FLOOR,=∴NOMADE∵OTION=,qfeileadh + yuichi NAGAO,EXH,16.0
FLOOR,OVEЯ+TUЯE,kanone VS nora2r,EXH,17.0
FLOOR,随神,影虎。,EXH,16.0
FLOOR,TOKAKU=ALMiRAJ,MYUKKE.,EXH,15.0
FLOOR,Burst Λnd reBoost,めと（Metomate）,EXH,17.5
FLOOR,レインボウ・フレーバー,みーに feat. 杠葉えりか,EXH,15.0
ボーカロイド,ポッピンキャンディ☆フィーバー！,キノシタ feat.音街ウナ・鏡音リン,EXH,15.0
ボーカロイド,ポジティブ☆ダンスタイム,キノシタ feat.音街ウナ・鏡音リン,EXH,14.0
FLOOR,GEROL (Yooh Remix),Yooh,EXH,15.0
FLOOR,Sayonara Planet Wars (Sot-C Remix),Sot-C,EXH,16.0
FLOOR,ドリームエンド・サバイバー(Hidra-Xjeil Remix),Hidra-Xjeil,EXH,15.0
FLOOR,Lovesick Lovetune(brz_style),brz1128 feat.しろさきあや,EXH,14.0
その他,おにけもだんす,いろはにほへっと あやふぶみ(白上フブキ/百鬼あやめ/大神ミオ),EXH,14.0
BEMANI,朧,白上フブキ,EXH,14.0
その他,KINGWORLD,白上フブキ,EXH,15.0
その他,Say!ファンファーレ!,白上フブキ,EXH,14.0
その他,Happiness World,BABACORN(宝鐘マリン/白上フブキ),EXH,13.0
BEMANI,QQ,"BEMANI Sound Team ""PHQUASE & ZAQUVA""",EXH,17.0
BEMANI,Stylus,"BEMANI Sound Team ""HuΣeR""",EXH,16.0
SDVXオリジナル,HeaveИ's Rain,モリモリあつし,EXH,18.3
SDVXオリジナル,Undead Raving Scare,RoughSkreamZ,EXH,17.5
SDVXオリジナル,and After the Merry BADEND,polysha,EXH,17.5
SDVXオリジナル,Enter The Rave,Tatsunoshin,EXH,16.0
SDVXオリジナル,SHARK IMPACT,ryhki,EXH,16.0
SDVXオリジナル,十三不塔,隣の卓は役満(庭師+Aoi),EXH,16.0
SDVXオリジナル,リュミレイラ,後藤 feat. nayuta,EXH,16.0
BEMANI,Amazing Mirage,lapix,EXH,15.0
BEMANI,Element of SPADA,猫叉Master feat.霜月はるか,EXH,14.0
BEMANI,KAMAITACHI,DJ TECHNORCH fw. GUHROOVY,EXH,16.0
BEMANI,Follow Tomorrow,HHH×MM×ST,EXH,14.0
BEMANI,Please Welcome Mr.C,C-Show,EXH,16.0
BEMANI,One More Lovely,Risk Junk,EXH,17.0
FLOOR,Voice 7 Voice!!!!!!!,かめりあ feat. ななひら,EXH,16.0
FLOOR,Demetel (Erixa ”MYTH” Remix),Erixa,EXH,14.0
FLOOR,Dawn of Asia(Alkome Remix),Alkome,EXH,15.0
FLOOR,ませまてぃっく♡ま＋ま＝まじっく！　～徹夜の追込みエナジーまっくす！～,KAH feat.こにゃばた,EXH,16.0
BEMANI,suspicions,"BEMANI Sound Team ""猫叉Master VS dj TAKA""",EXH,16.0
BEMANI,THE PEERLESS UNDER HEAVEN,"Yuta Imai Vs. BEMANI Sound Team ""L.E.D.-G""",EXH,16.0
BEMANI,stellar rain,"BEMANI Sound Team ""PHQUASE""",EXH,15.0
SDVXオリジナル,APØCALYPSE RAY,xi,EXH,18.5
BEMANI,パーフェクトイーター,"BEMANI Sound Team ""PON"" feat.かなたん",EXH,15.0
BEMANI,累乗のカルマ,めと（Metomate）,EXH,16.0
SDVXオリジナル,ΣMERGENCY CODΣ,概念,EXH,16.0
SDVXオリジナル,Spectacular“V”Adventure!,Enterskip,EXH,17.0
SDVXオリジナル,BLISS,ミハイル + K.key,EXH,16.0
SDVXオリジナル,Breakneck Pursuit,Ashrount,EXH,17.0
SDVXオリジナル,Marielle,ゆんゆん,EXH,16.0
SDVXオリジナル,忘れないように、失くさないように,Mono.,EXH,16.0
その他,おちゃめ機能,ゴジマジP feat. 重音テト,EXH,14.0
その他,おねがいダーリン,OИE,EXH,15.0
FLOOR,Absurd Gaff (Metallize Remix),Metal Giant,EXH,17.0
FLOOR,うぇるかむ -||祭みっくす||-,忠兵衛,EXH,16.0
BEMANI,Shera,MYUKKE.,EXH,15.0
BEMANI,birth,Yu_Asahina,EXH,16.0
BEMANI,Prayer,溝口ゆうま feat. 大瀬良あい,EXH,15.0
FLOOR,劇場版ムーニャポヨポヨスッポコニャーゴ~侵略だいず帝国！ドラマティック宇宙大戦争~,打打だいず,EXH,16.0
FLOOR,The EXworld of sound,"Remix by Aoi, Vocal by Kuroa*",EXH,16.0
FLOOR,トーキョーサマーナイト（華金Remix）,あまみ×ひなみ,EXH,14.0
FLOOR,Pixelated Platform (Super Honey!),そよもぎ,EXH,15.0
BEMANI,凛として咲く花の如く,大神ミオ,EXH,14.0
FLOOR,Juωpscare!!,coTatsu,EXH,15.0
FLOOR,Second Game,Tracy feat. miko,EXH,14.0
FLOOR,D.I.X.,日夜すずり feat. 凜々,EXH,16.0
FLOOR,ハッピーエンド,technoplanet feat. Kuroto Sion,EXH,16.0
FLOOR,PRIDE of the FIREBALL,かぼちゃ feat. CO-DA,EXH,15.0
POPS&アニメ,Realize／アニメ「Re:ゼロから始める異世界生活」より,鈴木このみ,EXH,14.0
POPS&アニメ,Redo／アニメ「Re:ゼロから始める異世界生活」より,鈴木このみ,EXH,14.0
FLOOR,CadenzaMaiden,u-z feat.紫咲ほたる,EXH,16.0
FLOOR,機械仕掛けの魔法使い,Tsubusare BOZZ feat.madoka*,EXH,14.0
FLOOR,天穹のアルカナビット,打打だいず + Tanchiky + siromaru,EXH,16.0
FLOOR,For.*tune,Capchii × low meow × Uzumaki,EXH,14.0
東方アレンジ,無意識レクイエム (cosmobsp rmx),cosMo＠暴走P (original arranged by 森羅万象),EXH,16.0
東方アレンジ,マツヨイナイトバグ,ビートまりおとまろん,EXH,16.0
東方アレンジ,無意識レクイエム,森羅万象,EXH,15.0
東方アレンジ,Lost Emotion feat. nomico,Alstroemeria Records,EXH,14.0
FLOOR,アルファ・スカイ,みーに feat. しろさきあや,EXH,15.0
FLOOR,いでぃおで結構！,諸星なな feat.加藤はるか,EXH,14.0
その他,ENERGY SYNERGY MATRIX,Tanchiky,EXH,16.0
FLOOR,Zero-Day Exploit(One-Day Fusion Mix),庭師,EXH,15.0
その他,WWW,HIMEHINA,EXH,14.0
その他,チェイスチェイスジョーカーズのうた,カギコ&チノン（CV:金元寿子&大空直美）,EXH,14.0
FLOOR,Chocolate Planet (いるちょこRemix),irucaice feat. ちょこ,EXH,15.0
FLOOR,Distorted Floor -Boosted-,M-UE vs. siromaru,EXH,16.0
その他,"Hello, Hologram",HIMEHINA,EXH,15.0
ボーカロイド,ヒバナ-Reloaded-,DECO*27,EXH,14.0
その他,Blossom,Synthion,EXH,16.0
BEMANI,Aerial Skydive,Dirty Androids,EXH,15.0
BEMANI,quaver♪,Risk Junk,EXH,16.0
BEMANI,FUJIMORI -祭- FESTIVAL,VENUS,EXH,14.0
BEMANI,Black or Red?,コスモドライバー  join. shully & Nimo,EXH,15.0
BEMANI,リリーゼと炎龍レーヴァテイン,黒猫ダンジョン,EXH,16.0
FLOOR,赫焉のヴァルキュリア -Ragnarøk-,ryhki,EXH,17.0
FLOOR,CUDDLIE CUDDLIE,ゆんゆん,EXH,15.0
FLOOR,Garland,ミハイル + K.key,EXH,15.0
FLOOR,SuddeИDeath,xi vs. モリモリあつし,EXH,19.1
FLOOR,S(TAR)²☆pistol,Mono.,EXH,16.0
FLOOR,ステラ・イミグレーション,後藤 feat. リリカ,EXH,15.0
FLOOR,Brave Power Leader 《 = Voltage = 》,概念,EXH,16.0
FLOOR,HALO,Tatsunoshin,EXH,17.0
FLOOR,零天視,隣の庭は青い(庭師+Aoi),EXH,16.0
BEMANI,アガット,Bazole,EXH,16.0
BEMANI,Welcome to the Mosh Pit,lapix,EXH,15.0
BEMANI,[E],dj MAX STEROID,EXH,14.0
BEMANI,少年リップルズ,常盤ゆう,EXH,16.0
その他,過去を喰らう,花譜,EXH,15.0
その他,食虫植物,理芽,EXH,13.0
その他,フォニイ,ツミキ feat.可不,EXH,14.0
FLOOR,Glory of Fighters,RoughSkreamZ,EXH,17.5
FLOOR,All We Need is HAPPY END!!!,polysha,EXH,17.0
SDVXオリジナル,Tickled Pink,"BEMANI Sound Team ""ZAQUVA""",EXH,16.0
FLOOR,DEUX EX MĀXHINĀ,Ashrount,EXH,17.0
FLOOR,MILITARY R04D,Enterskip,EXH,17.0
BEMANI,禊,Nhato,EXH,16.0
BEMANI,恋愛＝精度×認識力,"立秋 vs. BEMANI Sound Team ""L.E.D.-G"" feat.ちょこ＆ななひら",EXH,17.5
BEMANI,儚キ戀ノ幻想譚,まろん feat. あやぽんず＊ (森羅万象),EXH,15.0
FLOOR,Thousand Triggers,めと（Metomate）,EXH,16.0
FLOOR,trea→journey,CHUBAY,EXH,16.0
FLOOR,イグノアザーズ,U-ske feat. 安土桃,EXH,15.0
FLOOR,Paradigm Shift,あまみ×ひなみ,EXH,16.0
FLOOR,Fl0ating:,yuichi NAGAO,EXH,15.0
FLOOR,Petit espoir,しーけー,EXH,16.0
FLOOR,最果ての勇者にラブソングを,deli.+駄々子,EXH,16.0
FLOOR,灼ナル刃、破カヰ譜,Symholic feat.狛茉璃奈,EXH,15.0
FLOOR,Initiating League,EmoCosine vs. nora2r,EXH,16.0
FLOOR,Scat Jazz Dance,Super Shrimp,EXH,16.0
FLOOR,Ice Fortress,荒谷サトル,EXH,15.0
SDVXオリジナル,graduation,星野音楽工房,EXH,16.0
その他,シル・ヴ・プレジデント,P丸様。,EXH,14.0
FLOOR,MURASAME,Hommarju,EXH,16.0
FLOOR,ENDGAME,Yuta Imai,EXH,16.0
FLOOR,ИADIR,Ashrount vs polysha,EXH,16.0
FLOOR,WINNING ROAD,setu-O,EXH,15.0
FLOOR,Chat perché,Ange;art + Nota,EXH,16.0
ボーカロイド,グッバイ宣言,Chinozo,EXH,15.0
その他,透明声彩,YuNi,EXH,14.0
FLOOR,神罰,cosMo＠暴走P,EXH,16.0
FLOOR,Never Ending Future,#EmoCosine,EXH,16.0
FLOOR,Hydroblast,Aoi vs. siromaru,EXH,15.0
FLOOR,Μοῦσα,ushiee,EXH,15.0
FLOOR,Re:call,pan+meal feat.駄々子,EXH,14.0
BEMANI,[ ]DENTITY,"BEMANI Sound Team ""HuΣeR""",EXH,17.5
その他,Awakening Wings,伊達朱里紗,EXH,14.0
BEMANI,VOLAQUAS,"BEMANI Sound Team ""DJ TOTTO VS 兎々""",EXH,17.0
BEMANI,Snowmelt,"nora2r × BEMANI Sound Team ""Yvya""",EXH,16.0
BEMANI,perditus†paradisus,iconoclasm,EXH,17.5
BEMANI,White Stream,"BEMANI Sound Team ""ZAQUVA""",EXH,16.0
その他,インドア系ならトラックメイカー,Yunomi & nicamoq,EXH,15.0
ボーカロイド,ヴァンパイア,DECO*27,EXH,14.0
SDVXオリジナル,You Are My Best RivaL!!,cosMo＠暴走P,EXH,18.7
FLOOR,Imperator,Xe (αirlemoneX),EXH,16.0
FLOOR,ØƵ,Hommarju ft. Mayumi Morinaga,EXH,16.0
FLOOR,SHARK ATTACK,ryhki,EXH,16.0
FLOOR,Re:Rose Gun Shoooot!,あるふぁ,EXH,15.0
その他,Spider Dance / スパイダーダンス,Toby Fox,EXH,14.0
その他,SAVE the World,Toby Fox,EXH,15.0
その他,Heartache / 心の痛み,Toby Fox,EXH,13.0
その他,Battle Against a True Hero / 本物のヒーローとの戦い,Toby Fox,EXH,15.0
その他,MEGALOVANIA,Toby Fox,EXH,16.0
FLOOR,Splash Underwater,siqlo,EXH,14.0
FLOOR,涙の女神と無形のエトワル,Yu-dachi,EXH,16.0
FLOOR,夢幻泡影,wa.,EXH,15.0
SDVXオリジナル,Revvable Engine,nora2r,EXH,16.0
SDVXオリジナル,いまきみに,"Silentroom as ""少年R""",EXH,18.5
SDVXオリジナル,赫焉,打打だいず vs. siromaru,EXH,17.5
SDVXオリジナル,光風霽月,影虎。,EXH,16.0
SDVXオリジナル,STIGMA,U-ske feat. 棗いつき,EXH,16.0
SDVXオリジナル,VΛZiLiSQ,BlackY,EXH,17.0
SDVXオリジナル,Fαtα∠ Ent∠mEnt,CHUBAY,EXH,17.0
SDVXオリジナル,Lost Parliament,Juggernaut.,EXH,16.0
その他,あいあむなんばーわんパトラちゃん様,周防パトラ,EXH,16.0
その他,ぶいちゅっばの歌,周防パトラ,EXH,15.0
その他,ASGORE / アズゴア,Toby Fox,EXH,15.0
その他,Spear of Justice / 正義の槍,Toby Fox,EXH,14.0
その他,Death by Glamour / 華麗なる死闘,Toby Fox,EXH,15.0
その他,Finale / フィナーレ,Toby Fox,EXH,16.0
その他,Bonetrousle,Toby Fox,EXH,13.0
SDVXオリジナル,Avalanx,隣の庭は青い(庭師+Aoi),EXH,17.5
SDVXオリジナル,極夜、暁を望んで,めと（Metomate）,EXH,16.0
SDVXオリジナル,Grandeur,CANVAS x RoughSketch feat. Quimär,EXH,16.0
SDVXオリジナル,Stairway to the sun,Noah,EXH,16.0
SDVXオリジナル,すべてが幻になった後で,かめりあ・超機装幻楽隊,EXH,17.5
SDVXオリジナル,Bl∞min',MisoilePunch♪ -Forever-,EXH,18.5
SDVXオリジナル,LaμreLs ~the Angelus~,Ashrount,EXH,17.5
FLOOR,Across the Starlight,かゆき,EXH,16.0
SDVXオリジナル,Kontrol Line,Yooh,EXH,16.0
FLOOR,Twinkle Rookie,Halv,EXH,15.0
FLOOR,NOT YOUR IDOL,Yuta Imai,EXH,16.0
FLOOR,PHOTON BLAXT,seatrus,EXH,15.0
FLOOR,メテオライツ・プレリュード,みーに,EXH,14.0
BEMANI,"ピアノ独奏無言歌 ""灰燼""","BEMANI Sound Team ""Virkato Wakhmaninov""",EXH,17.5
ひなビタ♪/バンめし♪,イエルウタ,ここなつ2.0,EXH,13.0
ひなビタ♪/バンめし♪,カシオペアノヒカリ,ここなつ2.0,EXH,14.0
ひなビタ♪/バンめし♪,ステラレギア,ここなつ2.0,EXH,14.0
ひなビタ♪/バンめし♪,ハートシェイプ・スピカ,ここなつ2.0,EXH,15.0
ひなビタ♪/バンめし♪,マーメイドペレパスィ,ここなつ2.0,EXH,13.0
ひなビタ♪/バンめし♪,メモリーズ,ここなつ2.0,EXH,15.0
ひなビタ♪/バンめし♪,リバース,ここなつ2.0,EXH,13.0
FLOOR,Corrupting Wonderland,u-z feat.CHERICa,EXH,15.0
FLOOR,Struggle for Revival,NitoK,EXH,15.0
FLOOR,チクサクコールが懐かしい,諸星なな feat.加藤はるか,EXH,15.0
FLOOR,二分間の世界,Cororo,EXH,16.0
FLOOR,ROZELCIA,brz1128,EXH,16.0
BEMANI,SHOCKER BREAKER,Yu_Asahina,EXH,16.0
BEMANI,c2Theater,yaseta + Hidra-Xjeil,EXH,15.0
BEMANI,ミライチューナー,U-ske feat.すずしろ,EXH,13.0
BEMANI,メンタンピンドラドラ,enzo + O2i3,EXH,14.0
ボーカロイド,神っぽいな,ピノキオピー,EXH,14.0
その他,キリカ,HIMEHINA,EXH,14.0
その他,GOODTEK,EBIMAYO,EXH,15.0
FLOOR,サクラノソバニ！,Ray_Oh feat.みかん汁,EXH,15.0
その他,THE WORLD REVOLVING,Toby Fox,EXH,16.0
FLOOR,紫焔双穿,かめりあ,EXH,17.5
その他,DATAERR0R,Cosmograph,EXH,16.0
FLOOR,Decadence Mission,Jerico,EXH,16.0
FLOOR,爆烈歓迎♪エクストリーム飲茶旋風脚ッ!!,BlackY feat. Risa Yuzuki,EXH,16.0
FLOOR,Heroine is here,クルトン feat.ケィニ,EXH,14.0
FLOOR,FAR GONE,493Water,EXH,16.0
その他,フリコドウル,HIMEHINA,EXH,15.0
その他,Berry Go!!,Freezer feat.妃苺,EXH,15.0
FLOOR,Holy Trail,satie,EXH,16.0
FLOOR,Memory Flow,兎波かなで feat.とうな,EXH,15.0
FLOOR,勇者の卒業式,Verdammt,EXH,14.0
FLOOR,ユキバレ＊ぱれいど,coTatsu,EXH,14.0
SDVXオリジナル,Resonant Gear,Endorfin.,EXH,14.0
BEMANI,WICKeD CRφSS,OSTER project,EXH,15.0
BEMANI,CLAMARE,MAX MAXIMIZER,EXH,17.0
BEMANI,Crystalia,DJ TOTTO,EXH,16.0
BEMANI,SPECIAL SUMMER CAMPAIGN!,Lucky Vacuum,EXH,16.0
BEMANI,Flip Flap,kors k,EXH,14.0
FLOOR,蝕,めと（Metomate）,EXH,16.0
FLOOR,十の試煉,打打だいず vs. siromaru,EXH,17.0
FLOOR,Xb10r,隣の庭は青い(庭師+Aoi),EXH,17.5
FLOOR,火狐之舞,影虎。,EXH,16.0
FLOOR,MixxioN,MisoilePunch♪,EXH,18.7
FLOOR,Rhapsody ⚙f Triumph,かめりあ・超機裝旋楽隊,EXH,17.5
FLOOR,refluxio,Juggernaut.,EXH,16.0
FLOOR,EncorE & cALL,CHUBAY,EXH,17.0
FLOOR,Wings to fly high,Noah,EXH,16.0
FLOOR,AIM HIGHER,U-ske feat. 棗いつき,EXH,16.0
FLOOR,All for One,CANVAS feat. Quimär,EXH,16.0
FLOOR,AμreoLe ~for Triumph~,Ashrount,EXH,17.5
FLOOR,XHRONOXAPSULΞ,Silentroom,EXH,18.7
FLOOR,ZEUS,BlackY,EXH,17.0
その他,↑↑↓↓←→←→BA,meiyo,EXH,14.0
BEMANI,2 Beasts Unchained,kors k vs Yooh,EXH,17.0
BEMANI,ピアノ協奏曲第１番”蠍火”,virkato,EXH,17.5
BEMANI,Fegrix,Xceon vs DJ Command (Eurobeat Union),EXH,16.0
SDVXオリジナル,ゔぉるみっくす!!!!,かめりあ feat. ななひら,EXH,16.0
SDVXオリジナル,sparky spark,kamome sano,EXH,15.0
SDVXオリジナル,Test Flight,黒魔,EXH,15.0
SDVXオリジナル,Perfect Ultimate Celebration!!,2時間でPUCされたかぼちゃ,EXH,16.0
SDVXオリジナル,Foolish Again,lapix,EXH,15.0
SDVXオリジナル,PLANISPHERE,SOUND HOLIC feat. Nana Takahashi,EXH,14.0
SDVXオリジナル,夢の終わり、世界のはじまり。,TAKU1175 ft.駄々子,EXH,14.0
FLOOR,Unleashed Redness,DecisionS (kanone + nora2r),EXH,16.0
FLOOR,party:stage,かゆき,EXH,16.0
FLOOR,Rapsodia d'amore,xi,EXH,17.5
BEMANI,Aftermath,"BEMANI Sound Team ""猫叉Master & あさき & Yvya""",EXH,15.0
BEMANI,オリガミカル・スウィートラヴ,かめりあ feat. ななひら,EXH,15.0
BEMANI,キカイノミルユメ,はがね,EXH,13.0
BEMANI,～仔羊のナヴァラン・クリシェを添えて～,PiyoPiyo Kitchen,EXH,16.0
BEMANI,NIN-NIN-NIN!!,よああああ（ああああ＋yoa）,EXH,14.0
BEMANI,Refrain,お月さま交響曲,EXH,16.0
その他,Halloween Is Chaos,RoughSketch feat.北小路ヒスイ,EXH,15.0
BEMANI,eXtridia,unatra×Nego_tiator,EXH,15.0
BEMANI,Star☆Beat,PandaBoY feat.ななひら,EXH,16.0
BEMANI,スノウイコン,mazuka153,EXH,14.0
BEMANI,みたらしプラトニック (feat. nicamoq),Yunomi,EXH,14.0
BEMANI,Red＋White＝Kawaii,こすも８ｂｉｔ,EXH,16.0
その他,藍の華,HIMEHINA,EXH,15.0
POPS&アニメ,ヒトガタ,HIMEHINA,EXH,14.0
その他,Mr.VIRTUALIZER,HIMEHINA,EXH,13.0
東方アレンジ,スカーレット警察のゲットーパトロール24時,七条レタスグループ,EXH,15.0
東方アレンジ,天弓天華オトハナビ,ビートまりおとまろん,EXH,16.0
東方アレンジ,デンデラパーティーナイト,森羅万象,EXH,15.0
東方アレンジ,LUCKY CAT,ちょこふぁん,EXH,14.0
FLOOR,Archangelio,Juggernaut.,EXH,16.0
FLOOR,Going My Future!,#EmoCosine,EXH,16.0
FLOOR,フェアリーテイル・ラヴァーズ,みーに＠メルヘン風紀委員会書記,EXH,15.0
その他,竹,立秋 feat.ちょこ,EXH,17.5
東方アレンジ,PRESERVED VAMPIRE,SOUND HOLIC feat. Nana Takahashi,EXH,15.0
東方アレンジ,Love Love Scarlet,イノライfeat.怜花,EXH,14.0
FLOOR,XXanadu#climaXX,概念,EXH,16.0
FLOOR,Bigbang Faker,BlackY,EXH,16.0
BEMANI,Triple Cross,"BEMANI Sound Team ""dj TAKA & DJ YOSHITAKA & SYUNN""",EXH,16.0
SDVXオリジナル,《Re:miniscence》,かねこちはる,EXH,18.7
ボーカロイド,R.I.P.ゴシップの海,cosMo＠暴走P,EXH,16.0
BEMANI,STEEL NEEDLE,Scorpion,EXH,16.0
FLOOR,I Left for my Right,あの日字数制限に負けて追い出された「ゃ」,EXH,15.0
FLOOR,The King Of Red,Hommarju,EXH,16.0
FLOOR,The Clown of 24stairs,Yu_Asahina,EXH,17.0
FLOOR,まみむめ🍄まるっと🍄まっしゅるーむ🍄🍄,"かめりあ as ""まいたけラヴ"" feat. ななひら as ""エリンギ大好き""",EXH,15.0
FLOOR,黎明の情,TAKU1175 ft.駄々子,EXH,14.0
東方アレンジ,Empty Backdoor,森羅万象,EXH,14.0
東方アレンジ,驪駒早鬼は馬並み☆プロテイン,ARM × 狐夢想 feat.ななひら,EXH,14.0
東方アレンジ,限界突破リザレクション,まろん vs. モリモリあつし feat. ビートまりお,EXH,16.0
東方アレンジ,Jailbreaker,Hommarju feat. かぼちゃ,EXH,15.0
東方アレンジ,BEAT MAGIC,ランコ feat. Eurobeat Union,EXH,13.0
SDVXオリジナル,Reverenced Flower,ぺのれり,EXH,17.0
FLOOR,End of Guilty,kanone,EXH,16.0
FLOOR,charm♡you,U-ske feat.花柚,EXH,15.0
FLOOR,文月,nonomori feat. 亜沙美,EXH,14.0
SDVXオリジナル,Puni Puni Parade,MARON (IOSYS),EXH,16.0
BEMANI,ユメブキ,"紫崎 雪,Risa Yuzuki,709sec. by BEMANI Sound Team ""PHQUASE & SYUNN""",EXH,16.0
BEMANI,斑咲花,"mami,駄々子 by BEMANI Sound Team ""Akhuta Works""",EXH,15.0
BEMANI,カジノファイヤーことみちゃん,ARM feat. 山本椛 + Brasscapsule,EXH,16.0
BEMANI,スーパー戦湯ババンバーン,"すわひでお,秋成,かぼちゃ,藍月なくる,NU-KO by BEMANI Sound Team ""八戸亀生羅""",EXH,15.0
BEMANI,LIKE A VAMPIRE,"koyomi,星野奏子 by BEMANI Sound Team ""TAKA""",EXH,15.0
その他,Destined Marionette,ビートまりお（COOL&CREATE）,EXH,16.0
SDVXオリジナル,BAYONEX,"かめりあ as ""Revenge of Riot""",EXH,17.5
BEMANI,MOVE! (We Keep It Movin'),"Jonny Dynamite!,Lisa - paint with stars -,Rio Hiiragi by BEMANI Sound Team ""U1-ASAMi""",EXH,14.0
BEMANI,MA・TSU・RI,"かなたん,アマギセーラ,ぁゅ by BEMANI Sound Team ""藤森崇多""",EXH,14.0
SDVXオリジナル,αzalea,BlackY,EXH,17.5
その他,- Jupiter -,SHIKI,EXH,14.0
その他,Pure Ruby,SHIKI,EXH,15.0
FLOOR,Continuous Moment,影虎。,EXH,15.0
FLOOR,Chakra,uma,EXH,14.0
FLOOR,Restless Waitress,winddrums,EXH,16.0
FLOOR,"Aqua,Luna-rium",凛々咲,EXH,13.0
FLOOR,Vallasotiena,ろひ,EXH,16.0
FLOOR,G4ME ØVEЯ,Takenoko boy feat. metyao,EXH,16.0
SDVXオリジナル,ドゥサンコオデッセイ!!,cosMo＠暴走P,EXH,17.0
FLOOR,2094,Yuta Imai vs Blacklolita,EXH,14.0
FLOOR,Cappuccino Hearts,nora2r,EXH,16.0
FLOOR,Xymatic Scope,MasKaleido feat. ぁゅ,EXH,15.0
FLOOR,WILD FIRE,がるる,EXH,14.0
BEMANI,ABSOLUTE(ismK passionate remix),ismK,EXH,15.0
東方アレンジ,イヤホンロマンス,COOL&CREATE × 宝鐘マリン,EXH,14.0
BEMANI,EGOISM 440 (Ange;art remix),Ange;art,EXH,16.0
東方アレンジ,Over the Border,COOL&CREATE × 宝鐘マリン feat.不知火フレア,EXH,13.0
東方アレンジ,キャプテン・マリンのケツアンカー,COOL&CREATE × 宝鐘マリン,EXH,14.0
FLOOR,Gimme dreamin',BlackY feat. Risa Yuzuki,EXH,15.0
FLOOR,孤月群雲に沈む,めと（Metomate）,EXH,14.0
FLOOR,€omet popcorn,pan,EXH,16.0
FLOOR,PSYCHO+HEROES,かめりあ,EXH,16.0
東方アレンジ,シアワセうさぎ・ぺこみこマリン,COOL&CREATE × 兎田ぺこら、さくらみこ、宝鐘マリン,EXH,13.0
FLOOR,Screaming!!,CielArc,EXH,14.0
FLOOR,Devastated Territory,ryhki,EXH,15.0
BEMANI,ナナホシのうた,Retropolitaliens(Ms.+駄々子),EXH,14.0
FLOOR,Hurt me plenty,Noah,EXH,16.0
BEMANI,ばらんが!!!!,かめりあ feat. ななひら,EXH,15.0
東方アレンジ,"Help me, ERINNNNNN!! #幻想郷ホロイズムver.",COOL&CREATE × 宝鐘マリンと愉快な仲間たち,EXH,15.0
東方アレンジ,ホイホイ☆幻想ホロイズム,COOL&CREATE × 宝鐘マリン with ホロイズムファンタジー,EXH,15.0
FLOOR,Your SOUL Is Mine,fZy,EXH,16.0
FLOOR,Enter The Fire,Yooh,EXH,14.0
FLOOR,恋は君のそばでサクラサク,榮田一貴 feat.冬乃桜＆永久毎日,EXH,13.0
FLOOR,FEEL THE FORCE,brz1128,EXH,16.0
FLOOR,M-O-R-F-I-N-E,u-z feat.紫咲ほたる,EXH,15.0
BEMANI,Chewingood!!!,TORIENA,EXH,15.0
BEMANI,ディスコルディア,"ぺのれり vs. BEMANI Sound Team ""HuΣeR""",EXH,17.5
BEMANI,Verflucht,Tyrfing,EXH,16.0
FLOOR,神にした彼女が示す世界線,上村香月,EXH,15.0
FLOOR,#Namescapes,#Namescapes,EXH,15.0
BEMANI,Impress(siqlo's Hi-Tech Veats),siqlo,EXH,14.0
BEMANI,Elemental Creation -xiRemix-,xi,EXH,16.0
BEMANI,nostos -ark remix-,Se-U-Ra + しーけー,EXH,15.0
BEMANI,Blue Forest(NightBounce Remix),kanone,EXH,14.0
BEMANI,Macuilxochitl (Latin Jazz Mix),technoplanet,EXH,16.0
FLOOR,運命超過乃巡合,Aoi feat. Gra+yanshu,EXH,14.0
FLOOR,恋愛♡悪戯！？まじかる☆ぱふゅ～む！！,さわわ feat.杠葉えりか＆凜々,EXH,16.0
FLOOR,りむむむむむむ,立秋 feat.ちょこ,EXH,15.0
FLOOR,Vanishing Eidos,めと（Metomate）,EXH,15.0
FLOOR,木洩れ日に咲く,seatrus feat.杠葉えりか,EXH,15.0
FLOOR,SuperMiracleEnsemble,fnylsp,EXH,16.0
FLOOR,響く静寂,テヅカ,EXH,14.0
FLOOR,Metagame Matador,RoughSketch vs MAD CHILD,EXH,16.0
FLOOR,Le Merle Noir,Rigel Theatre,EXH,14.0
FLOOR,恋獄対刃,あるふぁ＋凜々,EXH,14.0
FLOOR,Innocent Azure,kuro,EXH,16.0
FLOOR,月下の舞兎祭,Aoi feat. Kuroa*,EXH,15.0
FLOOR,Souhait bleu,しーけー,EXH,16.0
FLOOR,Now loading…,つきみぐー、×如月結愛,EXH,14.0
FLOOR,Fun walk!!,Enterskip,EXH,15.0
FLOOR,Verstärkt Killer,MALVA.,EXH,14.0
FLOOR,Whip☆Drip,pan+テヅカ feat.桃雛なの,EXH,15.0
FLOOR,ラヴ♡チャンス!!,Ponchi♪ feat.はぁち,EXH,16.0
BEMANI,ABSOLUTE (saminun mix),あさり(saminun),EXH,14.0
ひなビタ♪/バンめし♪,アリスサイド・キャスリング,メリー・バッド・メルヘン,EXH,14.0
その他,Air,SHIKI,EXH,16.0
BEMANI,EMERALDAS (Yuta Imai Remix),Yuta Imai,EXH,16.0
BEMANI,#EmoCloche,#EmoCosine,EXH,15.0
ボーカロイド,オルターエゴ,Misumi,EXH,15.0
BEMANI,onslaught -Retaliation of Bahamūt-,かめりあ,EXH,17.5
その他,キラメキ居残り大戦争,森羅万象,EXH,15.0
その他,Chronomia,Lime,EXH,17.0
東方アレンジ,穢れなきユーフォリア,幽閉サテライト,EXH,15.0
その他,Sakura Fubuki,Street,EXH,15.0
BEMANI,SHION -sublimation mix-,BlackY feat. Risa Yuzuki,EXH,15.0
BEMANI,Scars of FAUNA(ろひ Remix),ろひ,EXH,16.0
その他,777,RoughSketch (Notebook Records),EXH,17.0
ひなビタ♪/バンめし♪,追憶のアリア,Blanc Bunny Bandit,EXH,13.0
その他,Destr0yer,削除 feat. Nikki Simmons,EXH,15.0
東方アレンジ,トランスダンスアナーキー,暁Records,EXH,15.0
BEMANI,ナスカの丘 (Hi-NRG Remix),Hyuji feat. LIQU@。& TadashiYamamoto,EXH,14.0
BEMANI,ナナホシ(lovely bubbly party mix!),naka3,EXH,13.0
ひなビタ♪/バンめし♪,花は折りたし梢は高し,夜叉姫神楽,EXH,14.0
ボーカロイド,*ハロー、プラネット。,sasakure.UK,EXH,14.0
ひなビタ♪/バンめし♪,叛逆のディスパレート,Vanitas Lacrimosa,EXH,15.0
その他,Bad Elixir,xi,EXH,16.0
SDVXオリジナル,VALKYRIE ASSAULT,"BEMANI Sound Team ""SYUNN""",EXH,16.0
東方アレンジ,緋色月下、狂咲ノ絶 (nayuta 2017 ver),EastNewSound,EXH,15.0
東方アレンジ,不可測的メトロポリス,少女フラクタル,EXH,13.0
その他,プナイプナイたいそう,立秋 feat.ちょこ,EXH,16.0
BEMANI,POSSESSION (Aoi Q.E.D. RMX),Aoi,EXH,16.0
東方アレンジ,門門しましょ,ビートまりお（COOL&CREATE）,EXH,14.0
ボーカロイド,ラストリゾート,Ayase,EXH,12.0
東方アレンジ,WARNING×WARNING×WARNING,暁Records,EXH,14.0
FLOOR,eternite,Ryo Arue,EXH,16.0
その他,ここからよろしく大作戦143,"BEMANI Sound Team ""あさき隊""",EXH,14.0
FLOOR,Thank you for your playing music,かぼちゃ feat. miko,EXH,16.0
その他,Symphonic Tear,"BEMANI Sound Team ""TAG""",EXH,16.0
BEMANI,世界の果てに約束の凱歌を -VOLTEX Mix-,"BEMANI Sound Team ""Sota Fujimori""",EXH,15.0
FLOOR,Defining Future,！すでのな,EXH,16.0
FLOOR,Non RolicK!!大冒険,Croire,EXH,15.0
FLOOR,who I am,カエルとネコ,EXH,14.0
FLOOR,le coeur patissiere,U-ske feat.Ri9,EXH,14.0
SDVXオリジナル,apo:llioth,Juggernaut.,EXH,16.0
SDVXオリジナル,With It This Heaven?,technoplanet,EXH,16.0
SDVXオリジナル,Calamity Tempest,Diceros Bicornis,EXH,17.5
SDVXオリジナル,Daisycutter,ETIA.,EXH,17.5
SDVXオリジナル,飄える翼追い掛けて,かめりあ feat. かめりあ,EXH,17.5
SDVXオリジナル,MAYHEM,RoughSketch x CANVAS feat. Quimär,EXH,18.3
SDVXオリジナル,ΛΛemoria,MisoilePunch♪,EXH,17.5
その他,プログレなぞなぞクイズのテーマ,"BEMANI Sound Team ""プログレッシブなぞなぞ星人""",EXH,15.0
FLOOR,SLEEPWALKER,monoq+RIZARDI,EXH,15.0
FLOOR,トーキョーサマーナイト,みーに,EXH,14.0
FLOOR,floating girl,あるふぁ feat. とおる,EXH,13.0
FLOOR,Hexennacht,rider,EXH,15.0
FLOOR,Holy Legacy,すのうまん,EXH,14.0
FLOOR,Ring！Run！Nyan!!,MisomyL,EXH,16.0
FLOOR,Valkyrja ~Aldrlag~,ℱsinfonia (Yu_Asahina 溝口ゆうま かなたん 大瀬良あい),EXH,15.0
FLOOR,おどりましょうよ！ドラゴンさん ～転生したらゲーム曲でした～,諸星なな feat.加藤はるか＆廣瀬祐輝,EXH,14.0
FLOOR,Φnd:you,かゆき,EXH,16.0
FLOOR,Blessing Bouquet,setu-O,EXH,16.0
FLOOR,Me:Tear,タケノコ少年 feat. 荒巻,EXH,15.0
FLOOR,MICHIZURE,708/残響P,EXH,14.0
FLOOR,Innocent,Alkome,EXH,16.0
FLOOR,Ethereal Lotus,wa. + 杠葉えりか,EXH,15.0
BEMANI,cloche(といぼっくすうぃんぐ　みっくす),coTatsu,EXH,14.0
BEMANI,Jetcoaster Windy,"BEMANI Sound Team ""dj TAKA"" feat.のの",EXH,14.0
FLOOR,濁色踊るオートマタ,めと（Metomate）,EXH,14.0
BEMANI,Blue Forest (Prog Keys Remix),とろまる,EXH,14.0
FLOOR,星の詩,しーけー feat.arinco,EXH,14.0
FLOOR,Lazurite,sazanami,EXH,15.0
BEMANI,狂水一華,"BEMANI Sound Team ""HuΣeR Vs. SYUNN"" feat.いちか",EXH,16.0
BEMANI,m1dy Deluxe,m1dy,EXH,16.0
BEMANI,New Decade,Sota F.,EXH,15.0
BEMANI,Lisa-RICCIA,DJ YOSHITAKA,EXH,17.0
FLOOR,iberis,gaburyu feat. Frosch,EXH,13.0
FLOOR,Electric Injury,siqlo,EXH,16.0
FLOOR,月々紅花,7mai,EXH,15.0
FLOOR,恋するレインガール,MasKaleido feat. ぁゅ,EXH,14.0
FLOOR,Sparkling Laser Beam,you,EXH,14.0
FLOOR,遷,隣の庭は青い(庭師+Aoi),EXH,14.0
BEMANI,Leviathan,山本真央樹,EXH,16.0
その他,METATRON,SHIKI,EXH,16.0
BEMANI,うさぬこぬんぬんファンタジー！,ARM(IOSYS) feat. 普透明度,EXH,14.0
FLOOR,VVelcome!!,MisoilePunch♪,EXH,18.4
FLOOR,†:OLPHEUX:†,Juggernaut.,EXH,17.5
FLOOR,GEMINI LA2ER,ミカルコスモ(せらみかる×cosMo＠暴走P),EXH,16.0
FLOOR,春告胡蝶,BlackY feat. Risa Yuzuki,EXH,16.0
FLOOR,ミュージックプレイヤー,Retropolitaliens(Ms.+駄々子),EXH,15.0
FLOOR,LubedeR,C-Show,EXH,17.5
FLOOR,Redshift 2nd Ignition,technoplanet,EXH,17.5
FLOOR,Яe:son D'être,SCHOOL CASTE(石見＆とおる),EXH,15.0
BEMANI,memento mori -intro-,あさき,EXH,16.0
その他,Xroniàl Xéro(EXIT TUNES),"かめりあ as ""menaXe inXonnu""",EXH,17.5
FLOOR,Ichi-Go! DX Pancake!,梅干茶漬け,EXH,15.0
FLOOR,おはようからおやすみまでかまってポメポメ,立秋 feat.ちょこ,EXH,16.0
FLOOR,Dooooope,RiMo,EXH,13.0
FLOOR,DO-IT-AMA-SITE!!!,MYUKKE.,EXH,14.0
FLOOR,Flaa Behavior,borzy,EXH,13.0
FLOOR,floorkiller,テヅカ,EXH,14.0
BEMANI,Sparkle Smilin',"BEMANI Sound Team ""Qrispy Joybox"" feat.いちか",EXH,14.0
BEMANI,DEEP PSYCHEDELIC STRIKER,影虎。,EXH,14.0
BEMANI,POSSESSION(Gowrock Remix),Gowrock,EXH,15.0
BEMANI,Re：Elemental Creation,uma meets モリモリあつし,EXH,16.0
POPS&アニメ,Daydream café (Euro Hopping Mix),"Remixed by BEMANI Sound Team ""TAG"" feat. ななひら",EXH,14.0
BEMANI,卑弥呼,朱雀 VS 玄武,EXH,17.5
POPS&アニメ,ふ・れ・ん・ど・し・た・い（WEREHEREMIX),Remixed by ボルテ学園生活部,EXH,15.0
POPS&アニメ,ユニバーページ（i-world Mix）,"Remixed by BEMANI Sound Team ""Yvya"" feat. かなたん",EXH,14.0
ひなビタ♪/バンめし♪,御伽噺に幕切れを,夜叉姫神楽,EXH,15.0
ひなビタ♪/バンめし♪,逆さま♥シンデレラパレード,メリー・バッド・メルヘン,EXH,14.0
ひなビタ♪/バンめし♪,至上のラトゥーリア,Vanitas Lacrimosa,EXH,13.0
ひなビタ♪/バンめし♪,ROOM,Blanc Bunny Bandit,EXH,12.0
FLOOR,Over The Top,Ashrount,EXH,16.0
FLOOR,トマヨイ,Spacelectro feat.椎木レク,EXH,15.0
FLOOR,Historia of Velnoti,KV.S&はらたま,EXH,15.0
FLOOR,夢見草奇譚,Paradise Eve feat.しゃみお,EXH,14.0
FLOOR,World of Iris,polysha,EXH,16.0
BEMANI,αρχη,Dormir,EXH,15.0
BEMANI,Nebulas,"BEMANI Sound Team ""Yvya""",EXH,16.0
BEMANI,Our Love,lapix,EXH,16.0
BEMANI,The First Step,Yooh,EXH,14.0
BEMANI,BLAZE∞BREEZE,"BEMANI Sound Team ""TAG×PON""",EXH,15.0
BEMANI,ラブキラ☆スプラッシュ,"BEMANI Sound Team ""Sota F."" feat.いちか",EXH,14.0
BEMANI,EGOISM -Rebuild-,HAMA topground,EXH,14.0
その他,L9,paraoka,EXH,16.0
BEMANI,Mynarco(Nagomu 2Step Remix),Akizuki Nagomu feat. fu-ko,EXH,16.0
BEMANI,焦がれ唄,ちきんぐ feat.TEA,EXH,13.0
BEMANI,Still Lonesome,PSYQUI,EXH,14.0
BEMANI,Bioslaves,mazuka153,EXH,14.0
BEMANI,Bolérrot,かねこちはる,EXH,15.0
BEMANI,MeteorA,Verseus,EXH,16.0
POPS&アニメ,かくしん的☆めたまるふぉ～ぜっ！（crabMixx）,土間うまる（CV.田中あいみ） Remixed by いぬ,EXH,13.0
POPS&アニメ,鏡面の波（ramble mix）,"YURiKA Remixed by BEMANI Sound Team ""DJ TOTTO""",EXH,14.0
FLOOR,色を喪った街,かめりあ feat. かめりあ,EXH,17.5
BEMANI,ENDYMION,fallen shepherd ft. RabbiTon Strings,EXH,17.5
FLOOR,Katharsis,u-z feat.CHERICa,EXH,16.0
FLOOR,SAMURAI TIGER,ぽんきち&ゆんゆん,EXH,16.0
FLOOR,666,RoughSketch,EXH,18.5
FLOOR,ZEИITH,Ashrount vs polysha,EXH,16.0
FLOOR,9TH5IN,ETIA.,EXH,17.0
FLOOR,ЯeviveR,Diceros Bicornis,EXH,17.5
BEMANI,Impress (bansou Remix),bansou,EXH,14.0
BEMANI,Elemental Creation (kamome sano Remix),kamome sano,EXH,16.0
SDVXオリジナル,VIVIDWAVERS,SDVX SOUND UNION,EXH,15.0
ひなビタ♪/バンめし♪,ハレ トキドキ メランコリック,ここなつ2.0,EXH,14.0
ひなビタ♪/バンめし♪,Finally Dive -kors k Remix-,ここなつ2.0,EXH,14.0
その他,ANGER of the GOD(EXIT TUNES),BlackY,EXH,17.0
BEMANI,ABSOLUTE (EUROBEAT REMIX),Tracy vs. Yu_Asahina,EXH,14.0
BEMANI,Valanga(polysha Remix),polysha,EXH,16.0
BEMANI,SHION (ロースピード幻想チューン Remix),HOUJIROU feat. 駄々子,EXH,13.0
FLOOR,Vividly Impromptu,BlackY,EXH,16.0
FLOOR,祭囃子,709sec. feat.Yui Chinen,EXH,14.0
その他,ULTRA B+K,nora2r,EXH,14.0
その他,MilK,モリモリあつし,EXH,15.0
BEMANI,ランカーキラーガール,中島由貴 × いちか,EXH,15.0
BEMANI,蛇神,Zektbach,EXH,16.0
FLOOR,Call of the World,お月さま交響曲,EXH,16.0
FLOOR,Turn the story,technoplanet feat. Kuroto Sion,EXH,16.0
BEMANI,Harmonia,ATSUMI UEDA,EXH,14.0
FLOOR,Jacob’s Elevator,まろん (IOSYS),EXH,15.0
BEMANI,Übertreffen,TAKA respect for J.S.B.,EXH,16.0
FLOOR,ЯegreT of MemoRy,からとP vs タケノコ少年,EXH,15.0
SDVXオリジナル,OZONE,"BEMANI Sound Team ""Sota Fujimori""",EXH,15.0
SDVXオリジナル,Believe In Yourself,kors k,EXH,16.0
SDVXオリジナル,OUTERHEΛVEN,Juggernaut.,EXH,17.0
SDVXオリジナル,"* Erm, could it be a Spatiotemporal ShockWAVE Syndrome...?",かめりあ,EXH,18.9
SDVXオリジナル,θコトノハθカプセルθ,cosMo＠暴走P,EXH,17.0
SDVXオリジナル,Teufel,Hommarju,EXH,16.0
SDVXオリジナル,Butterfly Twist,Yooh,EXH,15.0
SDVXオリジナル,Pulsar,はがね,EXH,15.0
SDVXオリジナル,pique,星野音楽工房,EXH,16.0
FLOOR,ultra turbo,kamome sano,EXH,14.0
FLOOR,近未来百鬼夜行譚～死返之巻～,近未来妖怪活劇をかぼちゃが謡う！　いざ！,EXH,14.0
SDVXオリジナル,タイムトラベル,モリモリあつし,EXH,16.0
FLOOR,PARTY TIME!,RoughSketch & Hommarju,EXH,16.0
その他,AXION,削除,EXH,15.0
FLOOR,D1g1t1ze b0dy,シルクパラソル（yoa＆かゆき） feat. まめこ,EXH,14.0
その他,Nhelv,Silentroom,EXH,16.0
FLOOR,Pixelated Platform,pan,EXH,14.0
BEMANI,Afterimage d'automne,"BEMANI Sound Team ""猫叉劇団""",EXH,15.0
BEMANI,おーまい！らぶりー！すうぃーてぃ！だーりん！,"BEMANI Sound Team ""PON"" feat.NU-KO",EXH,14.0
BEMANI,最小三倍完全数,DJ TECHNORCH,EXH,16.0
BEMANI,Six String Proof,"BEMANI Sound Team ""Yvya × Mutsuhiko Izumi""",EXH,14.0
BEMANI,toy boxer,"BEMANI Sound Team ""S-C-U & SYUNN""",EXH,15.0
BEMANI,Trill auf G,"BEMANI Sound Team ""dj TAKA""",EXH,17.0
BEMANI,BLACK JACKAL,Akira Complex,EXH,14.0
BEMANI,voltississimo,"BEMANI Sound Team ""PHQUASE""",EXH,17.0
BEMANI,ミッドナイト☆WAR,いちか,EXH,16.0
ボーカロイド,Sweetiex2(EXIT TUNES),Dixie Flatline,EXH,12.0
SDVXオリジナル,Typhoon Craaash!!,A-One,EXH,15.0
SDVXオリジナル,ねこみみ(=ФωФ=)ぱんでみみっく,ねこみりん feat.小宮真央,EXH,16.0
ボーカロイド,ロキ,みきとP,EXH,14.0
SDVXオリジナル,ΣgØ,かぼちゃ,EXH,18.3
SDVXオリジナル,ΩVERFLOW,BlackY,EXH,16.0
その他,Quark,Hate vs Brilliance,EXH,14.0
SDVXオリジナル,Ghost Family Living In Graveyard,RoughSketch,EXH,17.5
SDVXオリジナル,Sudden Visitor,黒魔,EXH,15.0
その他,Black Lotus,wa.,EXH,16.0
SDVXオリジナル,petits fours,kamome sano,EXH,15.0
SDVXオリジナル,星の透る夏空に願う,Yu-dachi,EXH,16.0
その他,MARENOL,LeaF,EXH,14.0
SDVXオリジナル,Lancelot ～Flame of the Rebellion～,ぺのれり,EXH,17.5
SDVXオリジナル,Aerial Fortress,xi,EXH,16.0
SDVXオリジナル,Dogeza Stairs,ビートまりお（COOL&CREATE）,EXH,16.0
SDVXオリジナル,LECTORIA,Cranky,EXH,16.0
FLOOR,eighth-slave,Yu_Asahina,EXH,16.0
FLOOR,Cynical Joker,brz1128,EXH,15.0
FLOOR,PIZZATIME,Tsubusare BOZZ,EXH,15.0
FLOOR,Mischievous theater,黒魔,EXH,14.0
SDVXオリジナル,mqlo,C-Show,EXH,16.0
FLOOR,エンゲージ〆ント,Croire,EXH,15.0
FLOOR,CLOUDS FLYER -sdvx edit-,ginkiha,EXH,14.0
FLOOR,偶然？ 必然？ アンビバレンス！,諸星なな feat.加藤はるか&YKI,EXH,13.0
FLOOR,Sunflower Vibes,Dustvoxx,EXH,15.0
FLOOR,V Sen5eS,MasKaleido VS 709sec.,EXH,15.0
SDVXオリジナル,Liar rain,しーけー,EXH,15.0
SDVXオリジナル,rE:Voltagers,Tanchiky,EXH,16.0
FLOOR,empty,Λerdammt,EXH,14.0
FLOOR,JǛPITΨR ♃ GЯÃVITÝ,YumAeL ex. 溝口ゆうま,EXH,16.0
ボーカロイド,ストリーミングハート,DECO*27,EXH,14.0
FLOOR,FIRST：DREAMS,uma vs. モリモリあつし,EXH,16.0
ボーカロイド,妄想税,DECO*27,EXH,14.0
ボーカロイド,弱虫モンブラン,DECO*27,EXH,13.0
FLOOR,アライヴ,あらいぐまファクトリー feat. okogeeechann,EXH,14.0
FLOOR,Into The Madness,Yuta Imai,EXH,14.0
SDVXオリジナル,Cloud Crasher,Hommarju,EXH,16.0
FLOOR,Circulator,Reaper,EXH,15.0
SDVXオリジナル,Barbless Ego,MAD CHILD,EXH,15.0
FLOOR,To:BrandNewDeadline,せいぎのあおぢる,EXH,16.0
東方アレンジ,悪戯センセーション,森羅万象,EXH,14.0
東方アレンジ,ΩBIRD,SOUND HOLIC feat. Nana Takahashi,EXH,15.0
東方アレンジ,Get over!!,猫大樹,EXH,13.0
東方アレンジ,Sweetest Paranoia,Amateras Records feat.築山さえ×抹(魂音泉),EXH,14.0
東方アレンジ,諏訪大信仰,ビートまりお＋あまね（COOL&CREATE）,EXH,15.0
東方アレンジ,DESIRE,溝口ゆうま feat. 大瀬良あい,EXH,14.0
東方アレンジ,Little Big Princess(DJ katsu EDIT),DiGiTAL WiNG with 空音,EXH,13.0
FLOOR,Atropa bella-donna,HOUJIROU,EXH,16.0
FLOOR,Adrenaline Rush,siqlo,EXH,14.0
FLOOR,clear:wings,かゆき,EXH,14.0
FLOOR,Xicholauncher,隣の庭は青い(庭師+Aoi),EXH,15.0
FLOOR,THE凸GENERATOR,cosMo＠暴走P,EXH,17.5
FLOOR,シープドリーミン,テヅカ feat. 大西あみみ,EXH,14.0
FLOOR,Chocolate Parade,Freezer feat.妃苺,EXH,15.0
FLOOR,ツマミ戦隊 タテレンジャー,ツマミ戦隊 タテレンジャー,EXH,15.0
FLOOR,Tribal Trial,Yooh,EXH,14.0
FLOOR,Barbatos,Crawk × Capchii,EXH,16.0
BEMANI,50th Memorial Songs -The BEMANI History-,BEMANI Sound Team,EXH,14.0
BEMANI,50th Memorial Songs -二人の時 ～under the cherry blossoms～-,BEMANI Sound Team,EXH,14.0
BEMANI,50th Memorial Songs -Flagship medley-,BEMANI Sound Team,EXH,14.0
FLOOR,アオアラシ,やどりぎ,EXH,15.0
FLOOR,Enchanté,winddrums,EXH,15.0
FLOOR,Bye or not,PSYQUI feat. mikanzil,EXH,14.0
FLOOR,VIVID DEBUT!,#EmoCosine,EXH,14.0
FLOOR,港町レディ,フーリンキャットマーク,EXH,13.0
FLOOR,Enigma II,とろまる,EXH,15.0
FLOOR,Aurolla,MisoilePunch♪,EXH,16.0
FLOOR,Glorious Journey,古屋直雪,EXH,16.0
FLOOR,Sacrifice Escape: 不条理の模倣による感情と代償,memex,EXH,14.0
FLOOR,翠雨の祷,Cororo feat.Yuria Miyazono,EXH,16.0
FLOOR,SociuS,Ellim Gnirps vs よみぃ,EXH,15.0
BEMANI,50th Memorial Songs -Beginning Story-,BEMANI Sound Team,EXH,13.0
ひなビタ♪/バンめし♪,革命パッショネイト,日向美ビタースイーツ♪,EXH,15.0
FLOOR,Sharkbait,ryhki,EXH,15.0
ひなビタ♪/バンめし♪,スイーツはとまらない♪,日向美ビタースイーツ♪,EXH,14.0
SDVXオリジナル,TENKAICHI ULTIMATE BOSSRUSH MEDLEY,TENKAICHI LEGENDS,EXH,17.5
ひなビタ♪/バンめし♪,熱情のサパデアード,日向美ビタースイーツ♪,EXH,14.0
FLOOR,Hi-Fi!!双子'S,technoplanet feat. ＯＲＩ姫 & やみん,EXH,14.0
FLOOR,120秒のエンドロール,colorless（からとP feat.脱線ぐーぅ）,EXH,14.0
ひなビタ♪/バンめし♪,ヒカリユリイカ,ここなつ,EXH,13.0
FLOOR,び,立秋 feat.ちょこ,EXH,16.0
ひなビタ♪/バンめし♪,ベビーステップ,ここなつ,EXH,14.0
FLOOR,無魎大数,cosMo＠暴走P,EXH,15.0
東方アレンジ,Addicted Moon,Amateras Records feat.築山さえ,EXH,13.0
東方アレンジ,ARROW RAIN feat. ayame,Alstroemeria Records,EXH,16.0
SDVXオリジナル,伊邪那美白山姫大神,Morrigan feat. リリィ,EXH,15.0
SDVXオリジナル,雲海,椎名　豪,EXH,14.0
SDVXオリジナル,vivid landscape,paraoka,EXH,15.0
その他,Enjoy This Time,DJ Noriken feat. yukacco,EXH,14.0
SDVXオリジナル,On take SUN,Sampling Masters MEGA,EXH,16.0
その他,怪盗Ｆの台本～消えたダイヤの謎～(EXIT TUNES),ひとしずく×やま△ feat.松下、eclair、おさむらいさん、柿チョコ、コニー、しゅーず、che:櫻井、nero、びびあん、mao（bass）、ゆう十、リシェ,EXH,14.0
東方アレンジ,Colors,REDALiCE feat.野宮あゆみ,EXH,14.0
東方アレンジ,Colorless feat.ももかみ,Spacelectro,EXH,14.0
SDVXオリジナル,君は Fantasista,杉下 トキヤ,EXH,15.0
SDVXオリジナル,GaLaXyEggPlanT,sasakure.UK,EXH,16.0
その他,GALAXY BURST(EXIT TUNES),かめりあ,EXH,16.0
東方アレンジ,クレイジークレイジーダンサーズ,ビートまりお＋あまね（COOL&CREATE）,EXH,15.0
ボーカロイド,消失(Hommarju Remix)(EXIT TUNES),cosMo＠暴走P,EXH,15.0
その他,Jack-the-Ripper◆,sasakure.UK,EXH,17.0
ボーカロイド,すきなことだけでいいです,ピノキオピー,EXH,13.0
SDVXオリジナル,scary night,岸田教団＆THE明星ロケッツ,EXH,14.0
東方アレンジ,全力ハッピーライフ,森羅万象,EXH,14.0
東方アレンジ,Together Going My Way,DiGiTAL WiNG with 空音,EXH,13.0
東方アレンジ,抜刀,猫大樹,EXH,14.0
SDVXオリジナル,bistro twins☆☆☆,OSTER project feat. かなたん,EXH,14.0
SDVXオリジナル,Believe (y)our Wings {V:IVID RAYS},RASIS COLORS（かめりあ ft. 紫崎 雪、ぁゅ、かぼちゃ、Kuroa*、SOPHY、みかん汁、みゅい）,EXH,14.0
SDVXオリジナル,Believe (y)our Wings {GRA5P WAVES},GRACE COLORS（かめりあ ft. 紫崎 雪、藍月なくる、荒巻、ＯＲＩ姫、かなたん、駄々子、はるの、ななひら）,EXH,14.0
SDVXオリジナル,FlowerNation,ゆうゆ feat. 華,EXH,14.0
SDVXオリジナル,BLIZZARD BEAT,SOUND HOLIC feat. Nana Takahashi,EXH,15.0
東方アレンジ,Princess Lily,溝口ゆうま feat. 大瀬良あい,EXH,15.0
ボーカロイド,ぼくらの16bit戦争,sasakure.UK,EXH,14.0
SDVXオリジナル,真夏の海の修道女,bermei.inazawa,EXH,14.0
東方アレンジ,真夏の蜜と唇 fm. 希望の星は青霄に昇る,ARM (IOSYS) ft. yukina (TUMENECO),EXH,15.0
東方アレンジ,迷夢ソウル,夕月椿(EastNewSound),EXH,13.0
東方アレンジ,零次元エクスプレス,SOUND HOLIC feat. Nana Takahashi,EXH,14.0
SDVXオリジナル,lEyl,t+pazolite feat. incl*incr,EXH,16.0
その他,Record one's Dream,uma vs. モリモリあつし,EXH,14.0
その他,Revolution(EXIT TUNES),lapix,EXH,14.0
BEMANI,V,TAKA,EXH,15.0
FLOOR,ULTRAVELOCITY,はがね,EXH,15.0
FLOOR,ΣmbryØ,かぼちゃ,EXH,18.4
FLOOR,Cross Fire,Hommarju vs RoughSketch,EXH,17.5
FLOOR,GODHEART,BlackY,EXH,17.0
FLOOR,THE HEAVEN,Juggernaut.,EXH,15.0
FLOOR,祝福の色彩は想い結ぶ君たち迄,Yu-dachi,EXH,16.0
FLOOR,Destiny,Yooh,EXH,16.0
FLOOR,*Feels Seasickness...*,かめりあ,EXH,18.7
その他,Adansonia,sweez / Meine Meinung,EXH,13.0
ボーカロイド,ゴーストルール,DECO*27,EXH,15.0
その他,スペクトラム,エルリ鳥 (O-SE + ueda),EXH,13.0
ボーカロイド,すろぉもぉしょん,ピノキオピー,EXH,14.0
その他,セイシュンライナー(EXIT TUNES),蝶々P meets まじ娘,EXH,15.0
ボーカロイド,moon(EXIT TUNES),iroha(sasaki),EXH,13.0
ボーカロイド,モザイクロール,DECO*27,EXH,14.0
SDVXオリジナル,ALTONA,SOUND HOLIC Vs. SWING HOLIC,EXH,15.0
SDVXオリジナル,She Turns Me On,"BEMANI Sound Team ""Sota Fujimori""",EXH,15.0
SDVXオリジナル,真っ白な靴,豚乙女,EXH,16.0
SDVXオリジナル,REDO the NIGHT,岸田教団＆THE明星ロケッツ,EXH,15.0
BEMANI,MODEL FT4,"BEMANI Sound Team ""Mutsuhiko Izumi""",EXH,16.0
BEMANI,Yum Yum Sweetie,t+pazolite,EXH,15.0
ボーカロイド,アンハッピーリフレイン,wowaka,EXH,14.0
その他,KIRAMEKI OVERDRIVE,FALL,EXH,13.0
ボーカロイド,Twilight ∞ nighT(EXIT TUNES),ひとしずく×やま△,EXH,13.0
その他,Poison AND÷OR Affection,LeaF,EXH,14.0
ボーカロイド,ローリンガール,wowaka,EXH,12.0
BEMANI,Catch Our Fire!,中島由貴,EXH,15.0
FLOOR,Divine's or Deal,winddrums vs cosMo,EXH,16.0
FLOOR,ファイナルレター,かねこちはる,EXH,16.0
FLOOR,ブチ上げ候！現代忍者三姉妹,溝口ゆうま feat. みこ♡なち♡あい,EXH,14.0
FLOOR,Musha Vibration,NA7,EXH,15.0
BEMANI,Sulk,SYUNN,EXH,14.0
BEMANI,†渚の小悪魔ラヴリィ～レイディオ†,夏色ビキニのPrim,EXH,15.0
BEMANI,Midnight City Warfare,sky_delta,EXH,16.0
その他,ouroboros -twin stroke of the end-,Cranky VS MASAKI「グルーヴコースター」より,EXH,16.0
SDVXオリジナル,逆月,"BEMANI Sound Team ""HuΣeR"" feat.Fernweh",EXH,17.0
その他,Xevel,Tatsh「CHUNITHM」より,EXH,16.0
その他,Taiko Drum Monster,steμ feat. siroa「太鼓の達人」より,EXH,16.0
BEMANI,Elemental Creation,dj TAKA meets DJ YOSHITAKA,EXH,17.0
BEMANI,Empathetic,Sota÷Des,EXH,13.0
BEMANI,お米の美味しい炊き方、そしてお米を食べることによるその効果。,大日本鉄倶楽部【あさき＆９６】,EXH,15.0
BEMANI,GAIA,猫叉L.E.D.Master+,EXH,15.0
BEMANI,Synergy For Angels,TAG×U1-ASAMi,EXH,14.0
BEMANI,STULTI,MAX MAXIMIZER VS DJ TOTTO,EXH,16.0
BEMANI,晴天Bon Voyage,TOMOSUKE × seiya-murai feat. ALT,EXH,13.0
BEMANI,創世ノート,PON+wac,EXH,15.0
BEMANI,虹色の花,Akhuta y OJ,EXH,13.0
BEMANI,ラキラキ,Mutsuhiko Izumi & S-C-U,EXH,14.0
東方アレンジ,Invisible Bullets,brz1128,EXH,15.0
東方アレンジ,Venomous Firefly,かめりあ,EXH,16.0
東方アレンジ,Tic Exe,Se-U-Ra,EXH,14.0
東方アレンジ,Night Rockin' Bird,kanone,EXH,14.0
東方アレンジ,Nostalgic Blood of the Strife,Laur,EXH,16.0
東方アレンジ,Princess K,Retropolitaliens(Ms.+駄々子),EXH,13.0
SDVXオリジナル,PROVOES*PROPOSE <<êl fine>>,"Yu_Asahina as ""papyrus""",EXH,16.0
東方アレンジ,マイネ・クライネ・ナハトムジーク,Die Ellipse (deli. with 倉田美和),EXH,13.0
FLOOR,Akzeriyyuth,Team&Dj Grimoire,EXH,15.0
ボーカロイド,異世界ノットパンピー(EXIT TUNES),164 feat.GUMI,EXH,13.0
ボーカロイド,嘘とぬいぐるみ(EXIT TUNES),Dixie Flatline,EXH,13.0
FLOOR,Coldlapse,Aoi vs. r0y,EXH,15.0
FLOOR,No way,影虎。,EXH,14.0
FLOOR,Beyond the BLUE,Ayato × sak × 田島千種,EXH,16.0
東方アレンジ,4NT1 D34D,N-Driver,EXH,13.0
東方アレンジ,Breakin' Asia,かたぎり,EXH,16.0
東方アレンジ,蓬莱フェスティボー,溝口ゆうま feat. みこ♡なち♡あい,EXH,15.0
東方アレンジ,Lunatic Sprinter,さわわ,EXH,15.0
BEMANI,SUPER SUMMER SALE,"BEMANI Sound Team ""U1 overground""",EXH,15.0
BEMANI,星座が恋した瞬間を。,"BEMANI Sound Team ""DJ TOTTO feat.MarL""",EXH,14.0
BEMANI,Puberty Dysthymia,"BEMANI Sound Team ""person09""",EXH,15.0
BEMANI,風鈴花火,"BEMANI Sound Team ""劇団レコード""feat.結良まり",EXH,13.0
BEMANI,Prey,"BEMANI Sound Team ""Dustup""",EXH,16.0
BEMANI,Life is beautiful,"BEMANI Sound Team ""猫叉Master""",EXH,14.0
BEMANI,Rejoin,"BEMANI Sound Team ""HuΣeR feat.PON""",EXH,14.0
その他,Sleepless days,猫叉Master feat.Mayumi Morinaga,EXH,14.0
その他,MAXIVCORD,"BEMANI Sound Team ""dj TAKA""",EXH,14.0
その他,Let's Bounce !!,"BEMANI Sound Team ""Sota F.""",EXH,13.0
東方アレンジ,灼熱のBlazin' Beat,CielArc,EXH,13.0
東方アレンジ,Burning Spark!,uma & nmk feat. 橘花音,EXH,13.0
東方アレンジ,Black night,Noah,EXH,15.0
SDVXオリジナル,まじかる生主＠りすなちゃん,DJ SHARPNEL feat. みらい,EXH,15.0
東方アレンジ,Liévre -blanche-,Diartzh,EXH,14.0
SDVXオリジナル,Another Chapter,からとP feat.リた☆,EXH,14.0
SDVXオリジナル,Absolute Domination,Laur,EXH,17.5
SDVXオリジナル,オニユリ,ぺのれり,EXH,16.0
SDVXオリジナル,Xronièr,"かめりあ as ""fluX Xroisé""",EXH,18.8
SDVXオリジナル,コメット⇒スケイター,U-ske feat.棗いつき,EXH,14.0
SDVXオリジナル,サイコパスラビット,うさぎ愛好会PSYCHOPATH(cosMo×syuri22),EXH,16.0
SDVXオリジナル,水簾ノ調,Capchii × Crawk,EXH,15.0
SDVXオリジナル,スラッシュ//シスターズ,はるなば with すずしろ&桃箱,EXH,15.0
SDVXオリジナル,そして黄金郷へ,TAKU1175 × かにまゆ,EXH,15.0
SDVXオリジナル,光射す澪のユズリハ,Cororo feat.Yuria Miyazono,EXH,16.0
SDVXオリジナル,Failnaught,xi,EXH,17.5
SDVXオリジナル,Fly Like You,technoplanet,EXH,17.5
SDVXオリジナル,Made In Love,黒魔,EXH,13.0
その他,FREEDOM DiVE,xi,EXH,17.5
FLOOR,Dark Matter,Yooh,EXH,14.0
FLOOR,ひとりぼっちの魔王,Verdammt,EXH,13.0
FLOOR,ホワイトパレード,梅干茶漬け,EXH,16.0
FLOOR,Justitia Gladius,kanone,EXH,15.0
FLOOR,Levier'n NābYss,MisoilePunch♪ ~Take No Complete~,EXH,16.0
東方アレンジ,Invisible Full Moon 古屋直雪 remix,古屋直雪,EXH,13.0
東方アレンジ,Victim of Nights,すのうまん,EXH,15.0
東方アレンジ,少女綺想曲 -G.X.N. Remix-,激戦の人,EXH,14.0
東方アレンジ,Mysterious Nights,あさり,EXH,13.0
FLOOR,BLAZING_LAZER,brz1128,EXH,16.0
FLOOR,Melty Sweets,Ironami,EXH,14.0
SDVXオリジナル,Reb∞t,"BEMANI Sound Team ""TAG""",EXH,16.0
東方アレンジ,KIMIDORI Streak!!,梅干茶漬け,EXH,15.0
FLOOR,Gate of Atlantis,MasKaleido,EXH,16.0
ボーカロイド,失敗作少女(EXIT TUNES),かいりきベア,EXH,14.0
東方アレンジ,Secret Traveler -MeniRemix-,Adust Rain,EXH,14.0
FLOOR,Knights Assault,零 -zero-,EXH,14.0
東方アレンジ,プレインエイジア(MRM REMIX),モリモリあつし,EXH,14.0
ボーカロイド,見世物ライフ(EXIT TUNES),"otetsu,164,蝶々P",EXH,13.0
FLOOR,MeteorGlow Aftermath,pan,EXH,16.0
BEMANI,ECHIDNA,HuΣeR,EXH,15.0
BEMANI,Chrono Diver -PENDULUMs-,猫叉L.E.D.Master+,EXH,17.0
SDVXオリジナル,Nexta,lapix,EXH,15.0
東方アレンジ,ILL-STARRED Diver,polysha,EXH,13.0
東方アレンジ,煙,庭師,EXH,14.0
FLOOR,SUPER BUBBLE JOURNEY,こふ,EXH,14.0
BEMANI,Touch My Body,anubasu-anubasu,EXH,15.0
東方アレンジ,誰が為に兎は舞う＝狂速狂騒曲＝,うさぎ愛好会(cosMo×syuri22),EXH,16.0
FLOOR,Blue Stream,とろまる,EXH,14.0
BEMANI,片翼のディザイア,Endorfin.,EXH,15.0
FLOOR,LastΩmegA,BlackY,EXH,16.0
BEMANI,La Danza del Fuego,Kiryu,EXH,14.0
BEMANI,Redshift,technoplanet,EXH,16.0
東方アレンジ,アワデコノヨヲ,AMAZE,EXH,15.0
FLOOR,Iridescent Clouds,Hidra-Xjeil,EXH,14.0
FLOOR,SAtAN,P*Light,EXH,16.0
東方アレンジ,disordered asia,シイナフユキ,EXH,13.0
FLOOR,Divine's:Bugscript,かゆき,EXH,15.0
東方アレンジ,Two of Us,Sound CYCLONE,EXH,12.0
東方アレンジ,Dreaming feat. nomico,Alstroemeria Records,EXH,13.0
東方アレンジ,私の恋色。,テヅカ feat. 大西あみみ,EXH,13.0
SDVXオリジナル,Arcade Prison,MAD CHILD vs. siromaru,EXH,14.0
BEMANI,Evans,DJ YOSHITAKA,EXH,15.0
その他,Oriens,ginkiha,EXH,14.0
その他,Decoy(EXIT TUNES),Yooh,EXH,14.0
その他,New Leaf(EXIT TUNES),BlackY vs. Yooh,EXH,15.0
その他,β(EXIT TUNES),BlackY,EXH,14.0
BEMANI,RHYZING BEAT,PHQUASE,EXH,15.0
その他,Re：End of a Dream,uma vs. モリモリあつし,EXH,16.0
SDVXオリジナル,業焔繚乱,BlackY,EXH,15.0
BEMANI,Sky High,Cuvelia,EXH,15.0
SDVXオリジナル,スピーカーガール！,TAKU1175 feat.かなたん,EXH,13.0
BEMANI,CHERNOBOG,漆黒のEBONY,EXH,16.0
BEMANI,ビビットストリーム,DJ TOTTO,EXH,13.0
BEMANI,Phlox,Sota Fujimori 2nd Season,EXH,14.0
SDVXオリジナル,BELOBOG,"BEMANI Sound Team ""純白のIVORY""",EXH,17.5
BEMANI,蟲の棲む処,かめりあ feat. Nana Takahashi,EXH,15.0
SDVXオリジナル,Royal Judgement,Kobaryo,EXH,14.0
BEMANI,ロプノールの商隊,Akhuta,EXH,14.0
BEMANI,惑星☆ロリポップ,SOUND HOLIC feat. Nana Takahashi,EXH,13.0
BEMANI,分けるな危険！モモモモモモーイズム,ARM×狐夢想 feat. 桃井はるこ,EXH,14.0
FLOOR,Awakening,technoplanet,EXH,17.5
FLOOR,Wings of Glory,Crawk × Capchii,EXH,15.0
FLOOR,crossing blue,ぺのれり,EXH,16.0
FLOOR,Xéroa,かめりあ,EXH,17.5
FLOOR,BlueMoon Princess,うさぎ愛好会(cosMo×syuri22),EXH,16.0
FLOOR,プラネタジャーニー,U-ske feat.棗いつき,EXH,14.0
FLOOR,メルヘン風紀委員会,はるなば with すずしろ&桃箱,EXH,14.0
FLOOR,Яe's NoVǢ,からとP feat.リた☆,EXH,15.0
ボーカロイド,からくりピエロ(EXIT TUNES),40mP,EXH,12.0
SDVXオリジナル,GERBERA-For Finalists-,remixed by cosMo＠暴走P,EXH,17.5
その他,Libera me,Cranky,EXH,14.0
ボーカロイド,ワールズエンド・ダンスホール,wowaka,EXH,14.0
FLOOR,I,黒魔,EXH,18.4
FLOOR,A Lasting Promise,Laur,EXH,17.5
FLOOR,CUTE-Reflection,7mai,EXH,14.0
FLOOR,Cloud 9,雄之助,EXH,16.0
FLOOR,Sacrifice and Faith,ℱsinfonia（Yu_Asahina　溝口ゆうま　かなたん　大瀬良  あい）,EXH,15.0
FLOOR,神話に芽吹く,Cororo,EXH,15.0
FLOOR,僕らの時間,テヅカ feat. 大西あみみ,EXH,14.0
FLOOR,羅生門,TAKU1175 × かにまゆ,EXH,15.0
FLOOR,Last Resort,xi,EXH,17.0
FLOOR,BREAKNECK NY☆N! NY★N!,ZerA,EXH,15.0
FLOOR,planetarium,SUi,EXH,15.0
BEMANI,MONOLITH,TOMOSUKE,EXH,15.0
FLOOR,Lionheart,P4koo,EXH,14.0
FLOOR,Random Box,LATI,EXH,13.0
BEMANI,CARNIVOROUS,SOUND HOLIC feat. Nana Takahashi,EXH,13.0
BEMANI,スカイダイバー,ヒゲドライバー feat.ヒゲドライVAN,EXH,13.0
BEMANI,SPACE VILLAGE,サイバー劇レコ,EXH,14.0
BEMANI,それは花火のような恋,夏色バーニングラブ☆Prim,EXH,14.0
BEMANI,トキメキストリーム,Qrispy Joybox,EXH,13.0
BEMANI,びいすと！,ビートまりおとARM,EXH,15.0
SDVXオリジナル,VOLTEXES IV,"BEMANI Sound Team ""Sota Fujimori""",EXH,14.0
BEMANI,メイビ～初恋！？ビスケット☆大作戦,DJ TOTTO×mitsu feat.BisCo(CV:洲崎綾),EXH,16.0
BEMANI,Lost wing at.0,猫叉Master+,EXH,15.0
BEMANI,cobalt,Des-ROW・組スペシアル,EXH,14.0
BEMANI,НУМЛ,Zutt,EXH,16.0
FLOOR,極彩天奏,かゆき,EXH,15.0
FLOOR,Zelophilia,ぺのれり feat.ぁゅ,EXH,15.0
FLOOR,ツキアカリ,タケノコ少年,EXH,14.0
FLOOR,ボーイミーツ・ブルー,うさぎ愛好会(cosMo×syuri22),EXH,13.0
ひなビタ♪/バンめし♪,ルミナスデイズ,ここなつ,EXH,12.0
FLOOR,Lowermost revolt,かめりあ feat. 歌劇派学生,EXH,16.0
FLOOR,Royal Action,BlackY,EXH,14.0
FLOOR,KAC 2013 ULTIMATE MEDLEY -HISTORIA SOUND VOLTEX- Empress Side,FLOOR LEGENDS -KAC 2013-,EXH,18.8
FLOOR,おにいちゃんハイテック,立秋 feat.ちょこ,EXH,13.0
FLOOR,Chaotic Romance,はるなば,EXH,14.0
FLOOR,Khionos TiARA,Ellim Gnirps vs よみぃ,EXH,16.0
FLOOR,Goddess Bless you,winddrums,EXH,15.0
FLOOR,Xibercannon,隣の庭は青い(庭師+Aoi),EXH,15.0
FLOOR,Destruction & Qreation,polysha+inusack,EXH,13.0
FLOOR,DropZ-Line-,Getty vs. DJ DiA,EXH,16.0
BEMANI,Be a Hero!,中島由貴,EXH,15.0
FLOOR,PIERROT KNIfE,まろん (IOSYS),EXH,14.0
SDVXオリジナル,OPEN MY GATE,ARM×狐夢想 feat. RINA (I've),EXH,14.0
SDVXオリジナル,All Clear!!,sky_delta,EXH,14.0
SDVXオリジナル,Cy-Bird,Yooh,EXH,14.0
SDVXオリジナル,#SpeedyCats,RoughSketch a.k.a. uno(IOSYS),EXH,16.0
SDVXオリジナル,TWO-TORIAL,"BEMANI Sound Team ""PHQUASE vs DJ TOTTO""",EXH,17.5
SDVXオリジナル,Hug!! Vs. Hug!!,はるなば,EXH,16.0
SDVXオリジナル,BEAST BASS BOMB,Hommarju,EXH,15.0
SDVXオリジナル,Far Away,lapix,EXH,14.0
SDVXオリジナル,闇夜に舞うは紅の華,TAKU1175,EXH,15.0
SDVXオリジナル,GERBERA,"BEMANI Sound Team ""TAG""",EXH,16.0
FLOOR,It's a new day!,パピ子りんft.ビタミンな兄貴♂＆ゆずり,EXH,12.0
FLOOR,HP:1,Verdammt,EXH,15.0
FLOOR,QUAKE,Polyphonix,EXH,14.0
FLOOR,゜*。Chantilly Fille。*°,Ange;art,EXH,14.0
FLOOR,春時雨,まし,EXH,13.0
FLOOR,Fairy in Strasbourg,Laur,EXH,13.0
FLOOR,Poppin’Cats!!,やどりぎ,EXH,15.0
その他,DREAMING-ING!!,ときめきアイドル project,EXH,13.0
その他,怒槌,光吉猛修「CHUNITHM」より,EXH,15.0
その他,Scarlet Lance,MASAKI（ZUNTATA）「グルーヴコースター」より,EXH,15.0
その他,セイクリッド ルイン,Drop＆祇羽 feat. 葉月ゆら「太鼓の達人」より,EXH,15.0
SDVXオリジナル,炎夏の音,Vocal by 駄々子,EXH,14.0
SDVXオリジナル,狂騒こども節,Vocal by かなたん,EXH,14.0
SDVXオリジナル,新米天使のメランコリー,Vocal by 荒巻,EXH,13.0
SDVXオリジナル,地球防衛乙女パンナコッター,Vocal by はるの,EXH,12.0
SDVXオリジナル,テレポーテーションでやってきた彼とのその後の顛末,Vocal by 藍月なくる,EXH,12.0
SDVXオリジナル,ペタ靴と憂夜リムーバー,Vocal by ＯＲＩ姫,EXH,14.0
ひなビタ♪/バンめし♪,キリステゴメン,東雲夏陽,EXH,14.0
ひなビタ♪/バンめし♪,けもののおうじゃ★めうめう,日向美ビタースイーツ♪,EXH,14.0
ひなビタ♪/バンめし♪,シノビシノノメ,東雲心菜,EXH,13.0
ひなビタ♪/バンめし♪,銃弾は解を撃ち抜いて,日向美ビタースイーツ♪,EXH,14.0
ひなビタ♪/バンめし♪,Drizzly Venom,日向美ビタースイーツ♪,EXH,13.0
ひなビタ♪/バンめし♪,ナイト・オブ・ロンド,日向美ビタースイーツ♪,EXH,13.0
ひなビタ♪/バンめし♪,ミラクル・スイート・スイーツ・マジック！！,日向美ビタースイーツ♪,EXH,12.0
FLOOR,couleur automnes de chocolat,Citrus and Ocean Colour,EXH,14.0
FLOOR,Ghost Trigger,u-z feat.CHERICa,EXH,15.0
FLOOR,Sadistic Stabbing,ぬゆりとびす,EXH,14.0
BEMANI,Time to Air (jazz it up style),borzy,EXH,14.0
東方アレンジ,チルノのパーフェクトさんすう教室　⑨周年バージョン,IOSYSと愉快な⑨周年フレンズ,EXH,13.0
その他,Doppelganger,LeaF,EXH,16.0
FLOOR,NEON LOVE♥POTION!!!,パイタン,EXH,14.0
FLOOR,444,ZYTOKINE feat. aki,EXH,14.0
BEMANI,waxing and wanding(SS Remix),しま兄,EXH,13.0
FLOOR,WONDER_WOBBLER,brz,EXH,14.0
BEMANI,Glitter Flatter Scatter,Project B-,EXH,16.0
東方アレンジ,Claidheamh Soluis-光の剣- feat.はるの,猫大樹,EXH,13.0
東方アレンジ,のぼれ八坂坂！,ビートまりおとARM,EXH,15.0
東方アレンジ,胸の中で誰かが,幽閉サテライト,EXH,12.0
FLOOR,Apocrypha,お月さま交響曲,EXH,14.0
FLOOR,Grand-Guignol,モリモリあつし,EXH,15.0
FLOOR,獅子奮迅,a_hisa vs KV.S&はらたま,EXH,15.0
FLOOR,Spirit of the Beast,ikaruga_nex fw.tcheb,EXH,16.0
FLOOR,Fáfnir,Aoi Sumito a.k.a. あおいひと,EXH,15.0
BEMANI,Concertino in Blue,佐々木博史,EXH,15.0
SDVXオリジナル,ULTiMATE INFLATiON,cosMo＠暴走Genocider,EXH,16.0
SDVXオリジナル,神獄烙桜,かゆき,EXH,16.0
SDVXオリジナル,Juggler's Maddness,Lite Show Magic,EXH,16.0
SDVXオリジナル,Staring at star,MisoilePunch♪ ～タケノコ添え～,EXH,17.0
SDVXオリジナル,セイレーン ～悲壮の竪琴～,ぺのれり,EXH,17.5
SDVXオリジナル,Dyscontrolled Galaxy,かめりあ,EXH,17.5
SDVXオリジナル,Deadly force,Noah,EXH,17.5
SDVXオリジナル,FIN4LE ～終止線の彼方へ～,カモメサノエレクトリックオーケストラ,EXH,18.7
SDVXオリジナル,WHITEOUT,かねこちはる,EXH,18.3
SDVXオリジナル,Mirrorwall,BlackY,EXH,16.0
BEMANI,Theme of Ricerca,HuΣeR feat.ゆきまめ,EXH,15.0
その他,Altale,削除,EXH,13.0
その他,PUPA,モリモリあつし,EXH,16.0
FLOOR,Game Over,Ancraft,EXH,14.0
FLOOR,JUNKIE FLAVOR,yaseta + Hidra-Xjeil,EXH,16.0
FLOOR,dreamin' of u,Jun Kuroda,EXH,13.0
FLOOR,rhythmology study,古屋直雪,EXH,14.0
FLOOR,Legendary Road,kanone,EXH,16.0
東方アレンジ,SACRIFICE feat. ayame,Alstroemeria Records,EXH,14.0
東方アレンジ,廃獄ドリームランド,SOUND HOLIC feat. Nana Takahashi,EXH,14.0
東方アレンジ,Burn everything,LiLA'c Records,EXH,13.0
東方アレンジ,冒涜的選択のアレグリア ft. Mayumi Morinaga,Iceon(Frost Fragment),EXH,13.0
東方アレンジ,Root Consciousness,溝口ゆうま feat.大瀬良あい vs. QURELESS,EXH,13.0
FLOOR,オンディーヌの泪,かねこちはる,EXH,14.0
FLOOR,ゴーストマスコット,はるなば feat.みかん汁,EXH,13.0
FLOOR,Gorgetech,Shiron,EXH,15.0
東方アレンジ,少女救世論,暁Records,EXH,12.0
東方アレンジ,Sweet Requiem,REDALiCE & aran,EXH,16.0
FLOOR,SprrRush!!,MisoilePunch♪ feat.KIRARI,EXH,12.0
東方アレンジ,つるぺったん,Silver Forest feat. くろねこ アキ さきち カガリ,EXH,13.0
FLOOR,ぱあ,立秋 feat.ちょこ,EXH,13.0
東方アレンジ,Finale,A-One,EXH,14.0
東方アレンジ,I feel something for you,556ミリメートル,EXH,12.0
東方アレンジ,透明な記憶の風穴,少女フラクタル,EXH,12.0
東方アレンジ,FIRE IN MY HEART,Spacelectro,EXH,13.0
東方アレンジ,幽玄の桜,音召缶 feat.Renna,EXH,14.0
東方アレンジ,雷鼓サンダービート,ARM(IOSYS) feat.ビートまりお(COOL&CREATE),EXH,15.0
東方アレンジ,Regretful Flower,Amateras Records feat.築山さえ,EXH,14.0
東方アレンジ,私とあなたのMYOURENJI☆,歌恋人,EXH,12.0
FLOOR,Vigor,Yooh,EXH,14.0
FLOOR,The Golden Era,polysha,EXH,15.0
BEMANI,405nm(Shu※mix),Shu※,EXH,14.0
BEMANI,Mind Mapping(ag Remix),ag,EXH,13.0
ひなビタ♪/バンめし♪,恋とキングコング,日向美ビタースイーツ♪,EXH,12.0
東方アレンジ,Technical Master,天音 (Rolling Contact),EXH,14.0
東方アレンジ,Dystopia,DiGiTAL WiNG feat.花たん/YURiCa,EXH,12.0
東方アレンジ,トーホータノシ (feat. 抹),魂音泉,EXH,14.0
東方アレンジ,NEWBORN CRYING,ZYTOKINE feat. nachi,EXH,12.0
東方アレンジ,物凄いスペースシャトルでこいしが物凄いうた,Halozy feat. ななひら,EXH,15.0
東方アレンジ,Crystallize Forest,奏瀬いちこ feat.Silver Forest,EXH,11.0
東方アレンジ,Blue Fire,REDALiCE feat. 野宮あゆみ,EXH,12.0
東方アレンジ,Voltage Higher,A-One,EXH,14.0
FLOOR,Gaze ft. 紫崎 雪,Omnis,EXH,12.0
FLOOR,Junk Mania,udouddo&VALLEYSTONE,EXH,15.0
BEMANI,雪月花 (Shiron & Sound Artz Remix),Shiron vs. Sound Artz,EXH,14.0
BEMANI,Narcissus At Oasis (Freezer Remix),Freezer,EXH,14.0
BEMANI,We Go Down,DJ Genki feat. SHIN from HYPERNOVA With 三代,EXH,15.0
その他,The Formula,Junk,EXH,15.0
FLOOR,Inscape,technoplanet,EXH,14.0
FLOOR,VAMPIRE,nyankobrq,EXH,12.0
FLOOR,クリスタルミサイル,フーリンキャットマーク～with 鳴紗,EXH,11.0
FLOOR,Smoked Turkey Rag,a_hisa,EXH,12.0
FLOOR,Cepheus,しらこいし,EXH,15.0
FLOOR,FLOOR INFECTION Medley from SOUND VOLTEX×jubeat,United Composers from SOUND VOLTEX,EXH,17.5
FLOOR,湖底遺跡のヴィダー・ハル,borzy & 結月そら,EXH,12.0
FLOOR,sink into the dream,uma,EXH,14.0
BEMANI,Genesis At Oasis (Hirayasu Matsudo Remix),Hirayasu Matsudo,EXH,12.0
ボーカロイド,パンダヒーロー,ハチ,EXH,10.0
BEMANI,POLICY BREAK Medley from SOUND VOLTEX×jubeat,United Composers from jubeat,EXH,16.0
ボーカロイド,マトリョシカ,ハチ,EXH,12.0
BEMANI,Line 4 Ruin -kohumix-,こふ,EXH,14.0
ひなビタ♪/バンめし♪,ナナイロライト,ここなつ,EXH,12.0
FLOOR,iLLness LiLin,かねこちはる,EXH,17.5
FLOOR,ΩVERSOUL,BlackY,EXH,16.0
FLOOR,Gamerz FestivaL,うさぎ愛好会(cosMo×syuri22),EXH,16.0
FLOOR,Sailing Force,ぺのれり,EXH,17.5
FLOOR,超☆超☆光☆速☆出☆前☆最☆速!!! スピード★スター★かなで,かめりあ feat. ななひら,EXH,17.5
BEMANI,Rebellio,MAX MAXIMIZER VS DJ TOTTO,EXH,17.5
BEMANI,Fly far bounce,猫叉Master,EXH,13.0
BEMANI,恋歌疾風！かるたクイーンいろは,ねこまんまチーム！,EXH,15.0
FLOOR,Carry Me Away,lapix,EXH,14.0
BEMANI,壊Rave*it!! 壊Rave*it!!,LeaF,EXH,15.0
FLOOR,SO FLY ME TO YOU,ローゼライト powered by mu-ray,EXH,11.0
BEMANI,Narcissus At Oasis -影虎。 style-,影虎。,EXH,13.0
BEMANI,Boss Rush,USAO,EXH,15.0
BEMANI,If,Pa's Lam System,EXH,14.0
FLOOR,infinite:youniverse,かゆき,EXH,14.0
FLOOR,Immortal saga,Noah,EXH,17.0
FLOOR,Fin.ArcDeaR,MisoilePunch♪ ～タケノコ添え～,EXH,18.0
FLOOR,HE4VEN ～天国へようこそ～,カモメサノエレクトリックオーケストラ,EXH,17.5
FLOOR,Make Magic,Lite Show Magic,EXH,16.0
東方アレンジ,ケムマキunderground,t+pazolite feat. リズナ,EXH,15.0
東方アレンジ,盗宝,猫大樹,EXH,13.0
東方アレンジ,刃の如く ft. ネコメアリ,Iceon(Frost Fragment),EXH,12.0
ひなビタ♪/バンめし♪,デュアルメモリ,ここなつ,EXH,14.0
BEMANI,Engraved Mark-Gow's ill! RMX-,Gowrock,EXH,13.0
BEMANI,Sakura Mirage -Drum'n World-,Kairys,EXH,14.0
FLOOR,準備運動,すのうまん,EXH,15.0
FLOOR,fancy cake!!,あるふぁ,EXH,12.0
BEMANI,Rebuilding of Paradise Lost,Laur,EXH,14.0
FLOOR,黎明スケッチブック,アメツチ絵日記,EXH,14.0
FLOOR,ドリームエンド・サバイバー,ぽんきち,EXH,16.0
FLOOR,キュリオシティ,庭師,EXH,15.0
FLOOR,Noisy Minority,DJ Grimoire,EXH,16.0
BEMANI,3y3s (JMBS FUNKOT RMX),"Jockie ""MASTA BASS"" Suama",EXH,14.0
その他,Aragami,xi,EXH,15.0
東方アレンジ,Alice Maestera feat. nomico,Alstroemeria Records,EXH,10.0
東方アレンジ,斑鳩,豊田竜行,EXH,13.0
ボーカロイド,インビジブル(EXIT TUNES),kemu,EXH,14.0
ボーカロイド,インフルエンサー・イズ・デッド(EXIT TUNES),じーざす（ワンダフル☆オポチュニティ！）,EXH,13.0
ボーカロイド,裏表ラバーズ,wowaka,EXH,12.0
ボーカロイド,永遠に幸せになる方法、見つけました。(EXIT TUNES),うたたP,EXH,13.0
FLOOR,EDEN of TRUTH,Braflare(kanone&かぼちゃ),EXH,13.0
BEMANI,Aurora(Latinized Style),mommy,EXH,13.0
その他,オトゲラヴ！,ねこみりん feat.小宮真央×みゆ×えみゅう。,EXH,12.0
BEMANI,朧 (kamome sano remix),kamome sano feat. Kuroa*,EXH,14.0
その他,Candy Star,DJ Genki feat. yukacco,EXH,13.0
BEMANI,きゅん×きゅんばっきゅん☆LOVE,松下feat.Sota & wac,EXH,12.0
FLOOR,JUGGLE,Ras,EXH,14.0
その他,JULIAN,Queen P.A.L.,EXH,13.0
FLOOR,水槽のクジラ,テヅカ feat. 大西あみみ,EXH,13.0
BEMANI,starmine (nora2r Remix),nora2r,EXH,14.0
BEMANI,Second Heaven GravityPfArrange,cosMo＠暴走P,EXH,14.0
ボーカロイド,千本桜,黒うさP feat.初音ミク,EXH,10.0
BEMANI,零の位相,kradness,EXH,14.0
FLOOR,Dharma,Massive New Krew,EXH,15.0
FLOOR,Chocolate Planet,Freezer feat.妃苺,EXH,15.0
東方アレンジ,Take to Lips,Sound CYCLONE feat.大瀬良あい&℃iel,EXH,12.0
東方アレンジ,トラウマ催眠少女さとり！,DJ SHARPNEL feat. 一ノ瀬月琉,EXH,14.0
その他,TRICKL4SH 220,Lite Show Magic,EXH,16.0
その他,Dreadnought,Mastermind(xi+nora2r),EXH,16.0
その他,New Game feat.Mayumi Morinaga,The 4th,EXH,11.0
東方アレンジ,Nostalgia,矢鴇つかさ feat. 三澤秋,EXH,13.0
その他,HiGHER,REDALiCE,EXH,12.0
FLOOR,Four Leaves,Endorfin.,EXH,13.0
FLOOR,Heavenly Adventure,Soleily,EXH,14.0
SDVXオリジナル,HEAVENLY SMILE,VALLEYSTONE feat. 紫崎 雪,EXH,13.0
BEMANI,bass 2 bass [Tracy vs. Astronomical Remix],Tracy vs. Astronomical,EXH,13.0
その他,Poppin' Shower,P*Light,EXH,12.0
その他,焔 -MAGMA-,SOUND HOLIC feat. Nana Takahashi,EXH,14.0
東方アレンジ,LOVE EAST,暁Records,EXH,12.0
その他,Solar Storm,xi「グルーヴコースター 3 リンクフィーバー」より,EXH,18.5
BEMANI,{albus},かめりあ,EXH,17.5
FLOOR,いつかの夢、またねの約束。,TAKU1175 ft. 駄々子,EXH,14.0
FLOOR,#Endroll,uno & D.watt (IOSYS TRAX),EXH,18.4
FLOOR,Quaint Echo,KLing(Aoi+Yunosuke),EXH,18.8
FLOOR,Zero-Day Exploit,Trerey-U,EXH,17.5
ひなビタ♪/バンめし♪,ヒミツダイヤル,ここなつ,EXH,15.0
BEMANI,Metamorphobia,winddrums,EXH,17.5
FLOOR,ゆうしゃのふゆやすみ,Verdammt,EXH,15.0
FLOOR,REGALIA,Riz,EXH,17.5
東方アレンジ,シアワセうさぎ,あまね＋ビートまりお（COOL&CREATE）,EXH,13.0
東方アレンジ,Lonly Ranunculus,Amateras Records feat.築山さえ,EXH,15.0
BEMANI,JOMANDA,DJ YOSHITAKA,EXH,17.5
SDVXオリジナル,極圏,cosMo VS dj TAKA,EXH,18.5
東方アレンジ,アルティメットトゥルース -Phantasm-,ふりらい feat. あにょ,EXH,18.5
東方アレンジ,Issen,tanso a.k.a. モリヤマサト,EXH,15.0
東方アレンジ,Clash of swords,Noah,EXH,17.0
東方アレンジ,ジャンピン・スマイル,梅干茶漬け,EXH,15.0
東方アレンジ,Spice Road,C-CLAYS feat.小峠舞,EXH,13.0
東方アレンジ,東方妖々夢 ULTIMATE MEDLEY,uma vs. モリモリあつし,EXH,18.2
東方アレンジ,Phantom dinning tonight!,Tomoya feat. 黒崎朔夜,EXH,16.0
東方アレンジ,lost chain,まぁ言うてかぼちゃの色も橙だし多分大丈夫,EXH,13.0
FLOOR,IKAROS DYNAMITE!!!!,BlackY,EXH,18.3
FLOOR,Emperor's Divide,にゃそ,EXH,17.5
FLOOR,cross the future,uma,EXH,17.0
FLOOR,GEOMETRIA,Shiron,EXH,18.6
BEMANI,絶対零度,かねこちはる,EXH,18.2
FLOOR,↓↓↓,庭師,EXH,18.2
BEMANI,ネコクマウササー,溝口ゆうま feat. みこ♡なち♡あい,EXH,15.0
FLOOR,Prayer,ぺのれり,EXH,18.3
ひなビタ♪/バンめし♪,バイナリスター,ここなつ,EXH,13.0
東方アレンジ,Shirogane,nmk vs b-UMB feat.青砥 雫 a.k.a. ℃iel,EXH,14.0
東方アレンジ,そして紫の幻想曲は全てを受け入れる,黄泉路テヂーモ×dawn-system,EXH,17.5
東方アレンジ,Fabula Nova,unatra,EXH,15.0
東方アレンジ,MAGATORO,上村香月,EXH,16.0
東方アレンジ,You Know-SDVX EDIT-,源屋 with Kuroa*,EXH,16.0
ボーカロイド,ANTI THE∞HOLiC(EXIT TUNES),GAiA×cosMo＠暴走P,EXH,17.0
その他,０=Xerostrumental=(EXIT TUNES),cosMo＠暴走P,EXH,17.5
その他,Halcyon,xi,EXH,17.5
SDVXオリジナル,FLügeL《Λrp:ΣggyØ》,かねこちはる,EXH,18.6
ひなビタ♪/バンめし♪,イブの時代っ！,日向美ビタースイーツ♪,EXH,14.0
BEMANI,Angelic Jelly,t+pazolite,EXH,16.0
BEMANI,Grand Chariot,xi,EXH,16.0
BEMANI,StrayedCatz,削除,EXH,15.0
BEMANI,Sephirot,SHIKI,EXH,13.0
BEMANI,ZEPHYRANTHES,TAG,EXH,13.0
SDVXオリジナル,DIABLOSIS::Nāga,sky_delta,EXH,17.5
BEMANI,Triple Counter,DJ YOSHITAKA meets dj TAKA,EXH,17.0
SDVXオリジナル,NEO TREASON,lapix,EXH,16.0
SDVXオリジナル,Lord=Crossight,ぺのれり,EXH,17.5
FLOOR,eastward -sdvx edit-,ginkiha,EXH,16.0
FLOOR,Voynich:Manuscript,かゆき,EXH,17.5
SDVXオリジナル,Completeness Under Incompleteness,"かめりあ as ""Reverse of Riot""",EXH,16.0
FLOOR,The End of War,たちのん as Project Mayhem,EXH,17.5
SDVXオリジナル,Celestial stinger,Noah,EXH,16.0
その他,B.B.K.K.B.K.K.,nora2r,EXH,17.0
東方アレンジ,akasha-assembly,溝口ゆうま from セブンスヘブンAmmy's,EXH,17.0
SDVXオリジナル,ウエンレラの氷華,Cororo,EXH,16.0
東方アレンジ,Everything but the Girl,発熱巫女～ず,EXH,13.0
SDVXオリジナル,Ok!! Hug Me,はるなば,EXH,16.0
東方アレンジ,Death Blossom,REDALiCE feat. Ayumi Nomiya,EXH,15.0
東方アレンジ,Never Let It End,FELT,EXH,13.0
BEMANI,Paradission,BlackY,EXH,17.5
BEMANI,MERRiESTxHOLiC,miko♡nachi feat.u-z,EXH,13.0
BEMANI,Laughin' Muffin,Gowrock,EXH,16.0
東方アレンジ,Locus of Control,EastNewSound feat. 3L from NJK Record,EXH,13.0
BEMANI,Lo-Fi-M,yaseta,EXH,16.0
東方アレンジ,或る春の日,豚乙女,EXH,14.0
東方アレンジ,ゲキツイムラサ,ビートまりお（COOL&CREATE）,EXH,17.5
東方アレンジ,善悪の頂にある真実,幽閉サテライト feat. senya,EXH,13.0
東方アレンジ,Solitude & Nightmare,猫大樹,EXH,16.0
東方アレンジ,Discover the Life,A-One,EXH,16.0
東方アレンジ,ancient garden,Cororo,EXH,16.0
BEMANI,踊るフィーバーロボ,ダニエル&eimy と よしくん,EXH,16.0
SDVXオリジナル,Get back here,Hommarju,EXH,16.0
BEMANI,Time to Air -Fly High Remix-,xi,EXH,17.5
東方アレンジ,Deadly Dolly Dance,Shiron,EXH,17.5
東方アレンジ,花ノ下連歌,Jan★Key,EXH,16.0
BEMANI,Mermaid girl (Tropical Remix),Hyuji feat. LIQU@。,EXH,15.0
東方アレンジ,Ultimate Ascension,かめりあ,EXH,18.3
東方アレンジ,Smooth Wind,とろまる,EXH,15.0
東方アレンジ,鳥と桜と嘴と,マッカチン企画,EXH,13.0
東方アレンジ,NECRO PARTY,VALLEYSTONE vs udouddo,EXH,16.0
東方アレンジ,ハイスピヰド・ランパンシヰ,はがね,EXH,16.0
東方アレンジ,"Help me, ERINNNNNN!! -VENUS mix-",VENUS,EXH,16.0
東方アレンジ,仙酌絶唱のファンタジア,博麗神社例大祭コラボユニット,EXH,15.0
BEMANI,I'm so happy(Happy Hoppin Remix),polysha,EXH,13.0
東方アレンジ,碧の疾風,君の美術館,EXH,13.0
FLOOR,UROBØROS,溝口ゆうま feat. 大瀬良あい,EXH,17.0
BEMANI,Critical Crystal(brz_remix),brz,EXH,13.0
東方アレンジ,Sweet little Lily,奏瀬いちこ (Silver Forest),EXH,13.0
BEMANI,雪月花 -さわわRemix-,さわわ,EXH,17.5
東方アレンジ,"Help me, ERINNNNNN!! -Cranky remix-",ビートまりお × Cranky,EXH,17.5
BEMANI,Mind Mapping (hard liquid remix),borzy,EXH,15.0
ひなビタ♪/バンめし♪,双星ルミネセンス,一舞 ＆ 夏陽,EXH,16.0
FLOOR,Apex of the World,uma&hurirai feat.ましろ,EXH,17.0
FLOOR,Endless GRAVITY,kanone,EXH,18.6
東方アレンジ,crescent moon,FELT,EXH,13.0
東方アレンジ,GRISAILLE,SOUND HOLIC feat. Nana Takahashi,EXH,16.0
FLOOR,侍Annihilate!!,QURELESS,EXH,18.3
東方アレンジ,CENSORED!!,t+pazolite,EXH,17.5
SDVXオリジナル,Destroy,Yooh,EXH,16.0
FLOOR,ブチアゲドクター☆ハイテッコ三姉妹,溝口ゆうま feat. みこ♡なち♡あい,EXH,15.0
FLOOR,relegation grimoire,tsuzu,EXH,14.0
東方アレンジ,恋繋エピローグ,Amateras Records feat.KUMI(ヲタみん),EXH,15.0
東方アレンジ,幻想郷DEMPASTICグリーティング,ARM(IOSYS) feat. 愛原千尋,EXH,16.0
東方アレンジ,墨染 ft. ネコメアリ,Iceon(Frost Fragment),EXH,13.0
東方アレンジ,断罪は遍く人間の元に,Unlucky Morpheus,EXH,17.0
東方アレンジ,弾幕注意報2014,東京アクティブNEETs,EXH,15.0
東方アレンジ,Prominence,矢鴇つかさ feat. 佳織みちる,EXH,13.0
BEMANI,アキネイション,ビートまりお（COOL&CREATE）,EXH,17.5
BEMANI,The star in eclipse,しーけー,EXH,17.5
BEMANI,Din Don Dan (Fusion Remix),TAKU1175 feat.かなたん,EXH,16.0
その他,Dualive(EXIT TUNES),Quarks(kradness×Camellia),EXH,17.5
BEMANI,爆なな☆てすとロイヤー,ARM feat.ななひら,EXH,16.0
その他,GO BACK 2 YOUR RAVE,nora2r,EXH,16.0
ひなビタ♪/バンめし♪,カタルシスの月,日向美ビタースイーツ♪,EXH,16.0
BEMANI,黒髪乱れし修羅となりて～凛 edition～,日向美ビタースイーツ♪,EXH,17.5
ひなビタ♪/バンめし♪,虚空と光明のディスクール,日向美ビタースイーツ♪,EXH,13.0
ひなビタ♪/バンめし♪,水月鏡花のコノテーション,日向美ビタースイーツ♪,EXH,15.0
ひなビタ♪/バンめし♪,滅びに至るエランプシス,日向美ビタースイーツ♪,EXH,13.0
東方アレンジ,Question.,Tracy feat.築山さえ,EXH,16.0
東方アレンジ,人形裁判 -THIRD IMPACT-,激戦の人,EXH,17.5
東方アレンジ,-約束-,ばんし,EXH,15.0
その他,Parousia,xi,EXH,17.5
SDVXオリジナル,archive::zip,kamome sano,EXH,14.0
SDVXオリジナル,Inixia,xi,EXH,16.0
BEMANI,Virtual Bit,KAN TAKAHIKO,EXH,17.5
SDVXオリジナル,ERROR CODE,C-Show,EXH,13.0
SDVXオリジナル,XROSS THE XOUL,BlackY vs. Yooh,EXH,16.0
東方アレンジ,S1CK_F41RY,HOUJIROU,EXH,17.5
東方アレンジ,Phantom Ensemble (ゆんゆん Remix),ゆんゆん,EXH,13.0
東方アレンジ,Russet,wellow,EXH,16.0
SDVXオリジナル,Renegade Fruits,t+pazolite,EXH,16.0
BEMANI,She is my wife,SUPER STAR 満-MITSURU-,EXH,16.0
東方アレンジ,お嫁にしなさいっ！,ARM＋夕野ヨシミ (IOSYS),EXH,15.0
東方アレンジ,響縁,豚乙女,EXH,16.0
FLOOR,Enigma,とろまる,EXH,17.5
FLOOR,MG277,eicaTV vs kanone,EXH,18.8
SDVXオリジナル,Never Fails,lapix,EXH,17.5
FLOOR,Fox4-Raize-,Getty vs. DJ DiA,EXH,18.5
FLOOR,Follow Up,あるふぁ,EXH,17.5
FLOOR,REVOLVER,sky_delta,EXH,18.5
FLOOR,KAC 2013 ULTIMATE MEDLEY -HISTORIA SOUND VOLTEX- Emperor Side,FLOOR LEGENDS -KAC 2013-,EXH,18.5
東方アレンジ,しゅわスパ大作戦☆ (カシオれ！くーにゃんリミックス),uno(IOSYS) feat.miko,EXH,16.0
東方アレンジ,チルノとまりおのパーフェクトさんすう教室,ビートまりお（COOL&CREATE）,EXH,17.5
FLOOR,Demise Quartet,Shiron＋こふ×モリモリあつしと提供でお送りします。,EXH,18.5
東方アレンジ,"Help me, ERINNNNNN!! - SH Style -",SOUND HOLIC feat. Nana Takahashi,EXH,13.0
東方アレンジ,Ultimate Fury,Arch vs n3pu,EXH,16.0
東方アレンジ,JEHANNEDARC,BlackY,EXH,18.1
東方アレンジ,spectroscape,kuroburger,EXH,16.0
東方アレンジ,ツインソウル～輪廻する旋律～,C-CLAYS feat.小峠舞,EXH,13.0
東方アレンジ,常夏！！クリスタライズ・シャーベット,Ayatsugu_Otowa,EXH,17.5
BEMANI,伐折羅-vajra-,DJ TOTTO VS 兎々,EXH,18.6
ひなビタ♪/バンめし♪,アナーキーインザ夕景,ここなつ Produced by ぬゆり,EXH,16.0
ひなビタ♪/バンめし♪,キズナ,東雲心菜 Produced by 上村香月,EXH,13.0
ひなビタ♪/バンめし♪,「ここなつ☆」は夢のカタチ,ここなつ Produced by A than_Lily,EXH,16.0
ひなビタ♪/バンめし♪,Finally Dive,ここなつ Produced by lapix,EXH,15.0
ひなビタ♪/バンめし♪,モラトリアムノオト,東雲夏陽 Produced by シンゴ（マッカチン企画）＆アラ,EXH,13.0
FLOOR,End to end,Noah,EXH,18.6
FLOOR,EMPIRE OF FLAME,かめりあ,EXH,18.7
FLOOR,Candy Colored Hearts,はるなば,EXH,17.5
FLOOR,雲の彼方,Cororo,EXH,17.5
FLOOR,NEO GRAVITY,lapix,EXH,18.3
FLOOR,Lachryma《Re:Queen’M》,かねこちはる,EXH,18.5
SDVXオリジナル,VOLTEXES,Sota Fujimori,EXH,15.0
SDVXオリジナル,VOLTEXES II,Sota Fujimori,EXH,15.0
SDVXオリジナル,VOLTEXES III,Sota Fujimori,EXH,16.0
ひなビタ♪/バンめし♪,激アツ☆マジヤバ☆チアガール,日向美ビタースイーツ♪,EXH,13.0
ひなビタ♪/バンめし♪,漆黒のスペシャルプリンセスサンデー,日向美ビタースイーツ♪,EXH,17.0
ひなビタ♪/バンめし♪,地方創生☆チクワクティクス,日向美ビタースイーツ♪,EXH,15.0
ひなビタ♪/バンめし♪,neko＊neko,日向美ビタースイーツ♪,EXH,13.0
ひなビタ♪/バンめし♪,フラッター現象の顛末と単一指向性の感情論,日向美ビタースイーツ♪,EXH,15.0
BEMANI,Chloé,DJ Totoriott,EXH,16.0
FLOOR,Aliquam,たちのん,EXH,17.5
FLOOR,XHAOS JUDGE,BlackYooh vs. siromaru,EXH,18.8
その他,conflict,siromaru + cranky,EXH,17.5
FLOOR,Stleq,ぬゆり,EXH,17.5
FLOOR,Never Ending,syzfonics,EXH,15.0
FLOOR,Nofram,unatra,EXH,17.5
ボーカロイド,冥天・ヘメロカリス,u-z,EXH,18.4
ひなビタ♪/バンめし♪,コンフェイト＊コンチェルト,ここなつ Produced by U-ske,EXH,14.0
ひなビタ♪/バンめし♪,千客万来☆無問題！,ここなつ Produced by uma,EXH,16.0
ひなビタ♪/バンめし♪,ムラサキグルマ,ここなつ Produced by はるなば,EXH,18.4
ひなビタ♪/バンめし♪,闇夜舞踏会 -緋碧と蝶のためのmasquerade-,ここなつ Produced by あおいひと with イオ,EXH,16.0
FLOOR,Asian Chip City,提供,EXH,16.0
ボーカロイド,About me(EXIT TUNES),蝶々P,EXH,15.0
東方アレンジ,Angels And Demons,すのうまん,EXH,18.4
FLOOR,Oriental Blossom,影翔鼓舞,EXH,16.0
ボーカロイド,我楽多イノセンス(EXIT TUNES),Last Note.,EXH,16.0
FLOOR,CUTIE☆EX-DREAM,BlackY,EXH,17.5
FLOOR,君がいる場所へ,VALLEYSTONE feat. 紫崎 雪,EXH,13.0
東方アレンジ,交渉人・西行寺幽々子 vs スカーレット警察,七条レタスグループ starring nachi,EXH,13.0
FLOOR,The setting sun,DJ YASETAKA,EXH,17.0
FLOOR,Seraphim,Yooh,EXH,18.3
ボーカロイド,ダブルラリアット,アゴアニキ,EXH,15.0
FLOOR,twilight signal,XIzE,EXH,15.0
FLOOR,ドゥンガドゥンガ狂詩曲,かねこちはる + はぁち + 飛鳥男,EXH,16.0
ボーカロイド,ハッピーシンセサイザ,EasyPop,EXH,13.0
FLOOR,Backflow,lapix,EXH,17.5
FLOOR,Beyond the Sandstorm,JourneyCat,EXH,16.0
FLOOR,Pieces of a Dream,uma vs. モリモリあつし,EXH,17.5
FLOOR,Pet Peeve,Hirayasu Matsudo,EXH,17.5
東方アレンジ,Mayohiga Spurt,さわわ,EXH,17.5
ボーカロイド,みくみくにしてあげる♪【してやんよ】,ika,EXH,15.0
ボーカロイド,メランコリック,Junky,EXH,13.0
東方アレンジ,Utopia,溝口ゆうま feat. 大瀬良あい,EXH,16.0
SDVXオリジナル,月光乱舞,P*Light,EXH,18.2
FLOOR,continew,Verdammt,EXH,17.5
FLOOR,ちぇいす いん ざ さんしゃいん！！！,ぺのれり,EXH,16.0
FLOOR,FAKE STYLE II,FAKE TYPE.,EXH,15.0
FLOOR,Blacksphere,s-don as Iriss,EXH,16.0
FLOOR,Le ××××,Orange Vox+ ft.konomi*,EXH,15.0
FLOOR,零れる夢のレミニセンス,borzy & 結月そら,EXH,13.0
その他,ショットガン・ラヴァーズ(EXIT TUNES),のぼる↑ feat. 松下,EXH,16.0
FLOOR,じゅーじゅー♥焼肉の火からフェニックス！？～再誕の†炭火焼き～,かめりあ feat. ななひら,EXH,17.5
SDVXオリジナル,HAELE III ~Angel Worlds~,Yu_Asahina ft. Ritsuka,EXH,15.0
BEMANI,ドーパミン,U1 overground,EXH,18.6
FLOOR,crêpe suzette,kamome sano,EXH,16.0
FLOOR,Shiawase Transmission,you,EXH,16.0
東方アレンジ,双翼 - Black Wings - SDVX Edit. -,SOUND HOLIC feat. 709sec. & YURiCa,EXH,16.0
東方アレンジ,Treasure,発熱巫女～ず,EXH,13.0
東方アレンジ,星の器 feat. らっぷびと,魂音泉,EXH,16.0
東方アレンジ,三つ数えろ,豚乙女,EXH,16.0
FLOOR,Lucky*Clover,Shiron＋こふ×モリモリあつしと提供でお送りします。,EXH,17.0
SDVXオリジナル,マサカリブレイド,REDALiCE,EXH,18.3
その他,Garakuta Doll Play,t+pazolite 「maimai」より,EXH,17.5
その他,きたさいたま2000,LindaAI-CUE（BNGI）「太鼓の達人」より,EXH,18.7
その他,Got more raves？,E.G.G.「グルーヴコースター」より,EXH,17.5
BEMANI,FLOWER,DJ YOSHITAKA 「jubeat」より,EXH,18.2
ひなビタ♪/バンめし♪,ちくわパフェだよ☆ＣＫＰ,日向美ビタースイーツ♪,EXH,15.0
ひなビタ♪/バンめし♪,都会征服Girls☆,日向美ビタースイーツ♪,EXH,14.0
ひなビタ♪/バンめし♪,ホーンテッド★メイドランチ,日向美ビタースイーツ♪,EXH,17.5
ひなビタ♪/バンめし♪,めうめうぺったんたん！！,日向美ビタースイーツ♪,EXH,15.0
ひなビタ♪/バンめし♪,滅亡天使 † にこきゅっぴん,日向美ビタースイーツ♪,EXH,16.0
FLOOR,Warriors Aboot,RoughSketch vs MAD CHILD,EXH,18.4
ボーカロイド,Vampire's Territory,u-z,EXH,17.5
FLOOR,紅の剣舞,かねこちはる,EXH,17.5
FLOOR,Shanghai Wu Long ～上海舞龍～,Hommarju,EXH,18.3
FLOOR,Sourire,とろまる,EXH,16.0
FLOOR,ハナビラ:リンクス,かゆき＆yoa feat.もちこまめ,EXH,15.0
FLOOR,Firestorm,ETIA.,EXH,18.5
FLOOR,My name is TSUMABUKI,KO3,EXH,14.0
その他,気まぐれスターダム(EXIT TUNES),TOKOTOKO(西沢さんP) feat.りぶ,EXH,13.0
FLOOR,ギャラクシィ・トラベラー,U-ske feat.ななひら,EXH,14.0
東方アレンジ,Starlight Dance Floor,発熱巫女～ず,EXH,13.0
FLOOR,6弦とピアノのためのエチュード op.4,ke-ji,EXH,16.0
ボーカロイド,ECHO(EXIT TUNES),CIRCRUSH,EXH,13.0
ボーカロイド,深海シティアンダーグラウンド(EXIT TUNES),田中B,EXH,16.0
FLOOR,eternita,cosMo＠暴走P,EXH,16.0
ボーカロイド,消失(EXIT TUNES),cosMo＠暴走P,EXH,18.6
ボーカロイド,暴走(EXIT TUNES),cosMo＠暴走P,EXH,17.5
BEMANI,夏色DIARY -Summer Dazzlin' Vacation miX-,猫叉王子 feat. PHQUASE vs. MAD CHILD,EXH,17.5
SDVXオリジナル,ΑΩ,BlackY,EXH,18.3
FLOOR,veRtrageS,Riz vs. Shiron,EXH,18.5
その他,XyHATTE(EXIT TUNES),cosMo＠暴走Ultimate,EXH,18.4
BEMANI,citrus,kamome sano,EXH,15.0
SDVXオリジナル,Blastix Riotz,"かめりあ as ""Bang Riot""",EXH,18.7
SDVXオリジナル,Preserved Valkyria,ぺのれり,EXH,18.4
FLOOR,Witch in Sweetsland,COOKIE MONSTERS(winddrums+黒魔),EXH,17.5
FLOOR,Ops:Code-Rapture-,Getty vs. DJ DiA,EXH,18.4
FLOOR,Cold Inflation,kanone vs. Yooh,EXH,16.0
FLOOR,UnivEarth,Antinomic Paradox,EXH,18.6
FLOOR,Le Fruit Défendu,モリモリあつし+Verdammt,EXH,16.0
BEMANI,TOXIC VIBRATION,SOUND HOLIC Vs. T.Kakuta feat. YURiCa,EXH,17.5
BEMANI,ΕΛΠΙΣ,dj TAKA,EXH,17.5
BEMANI,灼熱Beach Side Bunny,DJ Mass MAD Izm*,EXH,18.6
BEMANI,リカーシブ・ファンクション,OSTER project,EXH,15.0
東方アレンジ,Opium and Purple haze,D.watt(OTAKU-ELITE Recordings),EXH,17.5
東方アレンジ,シャ ビ ドゥ 素敵な恋の魔法,ARM feat. ちよこ(IOSYS),EXH,15.0
FLOOR,ネメシス SDVX Edit,Larca,EXH,17.5
FLOOR,BOUNCE BOUNCE BOUNCE,ZYTOKINE feat. itori,EXH,13.0
BEMANI,Sounds Of Summer,Hommarju,EXH,16.0
FLOOR,Innocent Floor,P*Light,EXH,17.5
BEMANI,In The Breeze,96 & Sota ft. Mayumi Morinaga,EXH,16.0
FLOOR,INF-B《L-aste-R》,かねこちはる,EXH,18.7
FLOOR,Twin Blaster,polysha+tcheb,EXH,16.0
FLOOR,disco KAWAii,uno feat.ちよこ(IOSYS),EXH,14.0
FLOOR,New Days,10calorie,EXH,15.0
FLOOR,Princessどうかお願い!!,20文字と言う字数制限に挑み続けるかぼち,EXH,15.0
その他,あれこれそれどれ(EXIT TUNES),YM feat.赤飯,EXH,17.5
東方アレンジ,Innocent Eyes,FELT,EXH,13.0
東方アレンジ,感情の魔天楼 ～ Arr.Demetori,Demetori,EXH,17.5
ボーカロイド,Crazy ∞ nighT(EXIT TUNES),ひとしずく×やま△,EXH,15.0
ひなビタ♪/バンめし♪,ロンロンへ　ライライライ！,ここなつ,EXH,16.0
BEMANI,"gigadelic (かめりあ's ""The TERA"" RMX)",かめりあ,EXH,18.6
BEMANI,The Wind of Gold(飛翔鳶 Remix),飛翔鳶交響楽団,EXH,13.0
BEMANI,Monkey Business(Band Edit.),daph,EXH,16.0
BEMANI,Wuv U(pico/ustic rmx),kamome sano,EXH,16.0
SDVXオリジナル,無双,SOUND HOLIC Vs. VENUS feat. Nana Takahashi,EXH,17.0
FLOOR,好きトキメキとキス,かねこちはる feat. はぁち,EXH,15.0
FLOOR,時計仕掛けのメリーゴーランド,餡若feat.みゅい,EXH,13.0
FLOOR,Pon-Pon-Pompoko Dai-Sen-Saw!,黒魔,EXH,18.4
FLOOR,Lovesick Lovetune,VALLEYSTONE feat. 紫崎 雪,EXH,13.0
FLOOR,One & Only,Salk2d,EXH,16.0
BEMANI,EBONY & IVORY,OSTER project,EXH,17.5
BEMANI,パ→ピ→プ→Yeah!,ヒゲドライバー join. shully & Nimo,EXH,17.5
ボーカロイド,シリョクケンサ(EXIT TUNES),40mP,EXH,12.0
FLOOR,Happy Sensation,IckPo,EXH,17.0
FLOOR,Milkyway - memorable -,こふ,EXH,16.0
BEMANI,Our Faith (takdrive remix),takdrive,EXH,16.0
FLOOR,ON FIRE,ニシジマユーキ,EXH,15.0
FLOOR,The willow and snow,saminun,EXH,14.0
FLOOR,Discloze,lapix,EXH,17.0
BEMANI,Virtual Sunrise (nana's Festival EDM Remix) feat. Kanae Asaba,nana(Sevencolors),EXH,12.0
BEMANI,Monkey Business -Satire mix-,LeaF,EXH,16.0
BEMANI,量子の海のリントヴルム,黒猫ダンジョン,EXH,17.5
東方アレンジ,妖隠し -あやかしかくし-,DJ TOTTO feat.3L,EXH,16.0
東方アレンジ,千年ノ理,猫叉Master,EXH,14.0
東方アレンジ,竹取飛翔 ～ Lunatic Princess (Ryu☆Remix),Ryu☆,EXH,16.0
東方アレンジ,ほおずき程度には赤い頭髪,Akhuta,EXH,17.5
東方アレンジ,Scarlet Moon,REDALiCE feat. Ayumi Nomiya,EXH,16.0
東方アレンジ,Struggle,Masayoshi Minoshima(ALR),EXH,13.0
東方アレンジ,取り残された美術(Arranged:HiZuMi),幽閉サテライト feat. senya,EXH,13.0
東方アレンジ,NEON WORLD,SOUND HOLIC feat. Nana Takahashi,EXH,17.5
SDVXオリジナル,HAVOX,BlackY vs. Yooh,EXH,18.7
東方アレンジ,BEAT-NEW-WORLD,ビートまりお（COOL&CREATE）,EXH,17.5
東方アレンジ,プレインエイジア -PHQ remix-,PHQUASE,EXH,16.0
東方アレンジ,ホメ猫☆センセーション,P*Light feat. mow*2,EXH,16.0
東方アレンジ,Russian Caravan Rhapsody,Power Of Nature,EXH,15.0
ボーカロイド,朝色の紙飛行機(EXIT TUNES),かめりあ,EXH,15.0
FLOOR,AYAKASHI,Hommarju,EXH,17.0
ボーカロイド,女言葉の消失,Sota Fujimori,EXH,13.0
FLOOR,Poison Blood,udouddo,EXH,15.0
ボーカロイド,M.A.Y.U.(EXIT TUNES),Ryu☆ feat.MAYU,EXH,16.0
FLOOR,Everlasting Message,ぺのれり,EXH,17.5
FLOOR,混乱少女♥そふらんちゃん!!,かめりあ feat. ななひら,EXH,18.6
FLOOR,Sayonara Planet Wars,黒魔,EXH,18.6
FLOOR,Chant du Cygne,ke-ji,EXH,17.5
FLOOR,到達してしまった僕らと夢と希望の最之果,Ayatsugu_Otowa,EXH,18.3
FLOOR,KAC 2012 ULTIMATE MEDLEY -HISTORIA SOUND VOLTEX-,FLOOR LEGENDS -KAC 2012-,EXH,17.5
ボーカロイド,Just Be Friends(EXIT TUNES),Dixie Flatline,EXH,12.0
東方アレンジ,Scream out! (SDVX EDIT),A-One,EXH,16.0
FLOOR,tricky trick,kamome sano,EXH,18.2
東方アレンジ,Paranoia,DiGiTAL WiNG feat.花たん,EXH,16.0
BEMANI,FIRE FIREは電気スウィングの夢を見るか？,millstones,EXH,16.0
FLOOR,Borealis,ginkiha,EXH,17.0
ボーカロイド,無気力クーデター(EXIT TUNES),Last Note.,EXH,17.5
BEMANI,Wuv U (Colorful QT3 nekomix),ねこみりん feat.えみゅう。×みゆ×小宮真央,EXH,16.0
FLOOR,Invitation from Mr.C,C-Show,EXH,18.2
FLOOR,2 MINUTES FIGHTERS,P*Light,EXH,17.5
FLOOR,LegenD.,Yooh,EXH,18.6
FLOOR,World's end,Noah,EXH,18.9
ひなビタ♪/バンめし♪,キモチコネクト,東雲心菜 meets 日向美ビタースイーツ♪,EXH,16.0
FLOOR,瞬間ドリップ♪秘蜜のケーキセット,そよもぎ,EXH,16.0
FLOOR,macaron,colate,EXH,15.0
その他,CRITICAL LINE(EXIT TUNES),Ryu☆ feat.kradness,EXH,17.5
BEMANI,鬼天,兎々,EXH,17.5
BEMANI,Go↓Go↑Girls&Boys!,松下feat.Sota & wac,EXH,15.0
SDVXオリジナル,INDEPENDENT SKY,SOUND HOLIC feat. Nana Takahashi,EXH,13.0
BEMANI,TIEFSEE,SOUND HOLIC Vs. dj TAKA feat. YURiCa,EXH,17.5
ひなビタ♪/バンめし♪,ツーマンライブ,東雲夏陽 meets 日向美ビタースイーツ♪,EXH,16.0
東方アレンジ,囲い無き世は一期の月影,豚乙女,EXH,16.0
東方アレンジ,君色サブリミナル(Arranged: Iceon),幽閉サテライト feat. senya,EXH,14.0
BEMANI,The Sampling Paradise (P*Light Remix),P*Light,EXH,17.5
ボーカロイド,心臓デモクラシー(EXIT TUNES),みきとP,EXH,13.0
その他,脱獄(EXIT TUNES),Neru feat.灯油,EXH,13.0
BEMANI,Pure Evil (Kobaryo FTN-Remix),Kobaryo,EXH,18.2
その他,鬼KYOKAN(EXIT TUNES),じーざす（ワンダフル☆オポチュニティ！） feat. kradness×れをる,EXH,16.0
ボーカロイド,幸せになれる隠しコマンドがあるらしい(EXIT TUNES),うたたP feat. 結月ゆかり,EXH,16.0
ボーカロイド,ツギハギスタッカート(EXIT TUNES),とあ,EXH,13.0
FLOOR,Scarlet Pinheel,ぺのれり,EXH,16.0
FLOOR,False Cross,BlackY,EXH,17.5
FLOOR,Prelude-Hereafter-,源屋,EXH,15.0
FLOOR,恋愛方程式,パピ子りんft.ビタミンな兄貴♂＆ゆずり,EXH,13.0
FLOOR,感情Xerography,8284 feat. 榎楠,EXH,14.0
FLOOR,きらきらタイム☆,さわわ,EXH,17.0
FLOOR,Twin Rocket,uno feat.ちよこ(IOSYS),EXH,17.0
FLOOR,TU-MA-MI△ALL-NIGHTER,xi underground,EXH,16.0
FLOOR,Hustle Beat!!,とろまる,EXH,15.0
東方アレンジ,THUNDERCRACK,IRON ATTACK!,EXH,17.5
東方アレンジ,The Starry true,Liz Triangle,EXH,12.0
東方アレンジ,メイガスナイト ～ Arr.Demetori,Demetori,EXH,16.0
東方アレンジ,Liminality,FELT,EXH,16.0
ひなビタ♪/バンめし♪,ポメグラネイト,ここなつ,EXH,16.0
ボーカロイド,イグジスタンス(EXIT TUNES),スズム,EXH,17.5
FLOOR,F.K.S.,Nizikawa,EXH,17.5
その他,木彫り鯰と右肩ゾンビ(EXIT TUNES),赤飯,EXH,13.0
BEMANI,gigadelic(m3rkAb4# R3m!x),ikaruga_nex,EXH,17.5
ボーカロイド,鎖の少女(EXIT TUNES),のぼる↑,EXH,15.0
東方アレンジ,最速最高シャッターガール,ビートまりお（COOL&CREATE）,EXH,16.0
BEMANI,The Wind of Gold -HΔPPY MIX-,sky_delta,EXH,15.0
東方アレンジ,しゅわスパ大作戦☆ - SDVX Edit. -,SOUND HOLIC feat. Nana Takahashi,EXH,13.0
東方アレンジ,Jump!,Syrufit feat.綾倉盟 / 市松椿,EXH,13.0
東方アレンジ,SkyDrive!,Amateras Records feat.築山さえ,EXH,15.0
ボーカロイド,月見夜ラビット(EXIT TUNES),蝶々P,EXH,15.0
FLOOR,トリコロール・ダイアリー,梅干茶漬け,EXH,16.0
ボーカロイド,ナイフ(EXIT TUNES),パワーコードP,EXH,15.0
FLOOR,Never Regret Anything,影虎。,EXH,16.0
FLOOR,Hyper☆Chipspace,Saiph,EXH,16.0
BEMANI,Virtual Sunrise (MYTK Remix),MYTK,EXH,13.0
FLOOR,Violet Soul,Soleily,EXH,16.0
ボーカロイド,飛花落葉(EXIT TUNES),なつめ千秋,EXH,14.0
東方アレンジ,Pieces,発熱巫女～ず,EXH,12.0
BEMANI,FIRE FIRE(Kazmasa Remix),Kazmasa,EXH,17.5
FLOOR,Find the Answer,みゅー feat. ゆいこんぬ,EXH,12.0
FLOOR,bloom,Gowrock,EXH,13.0
FLOOR,Belly Flopper,O2i3,EXH,15.0
ボーカロイド,星屑ユートピア(EXIT TUNES),otetsu,EXH,12.0
FLOOR,ぼくらしかしらない,ぬゆり,EXH,17.5
ボーカロイド,MEGANE(EXIT TUNES),Ultra-Noob,EXH,12.0
東方アレンジ,物凄い狂っとるフランちゃんが物凄いうた,Halozy feat. ななひら,EXH,17.5
FLOOR,Liming Light,negi,EXH,13.0
FLOOR,Rubeus,RedMuffleR,EXH,17.0
BEMANI,Our Faith (Faithful MTL Remix),DOUBLE HELIX,EXH,17.5
BEMANI,The Sampling Paradise (N-Driver Style),N-Driver,EXH,16.0
BEMANI,Virtual Sunrise (xac remix),xac,EXH,15.0
BEMANI,Pure Evil-Aya2g Drm'n Tech Rmx-,Ayatsugu_Otowa,EXH,17.5
ボーカロイド,I love you even now,nana(Sevencolors),EXH,13.0
ボーカロイド,アルテミス,FILTER SYSTEM,EXH,13.0
ボーカロイド,VILE CAT,TAKU1175,EXH,18.3
ボーカロイド,shiny rainbow flower,C-YA,EXH,15.0
ボーカロイド,断片Story,Salk2d,EXH,16.0
ボーカロイド,始まりへと続く帰り道,たちのん,EXH,12.0
ボーカロイド,further the future,上村香月,EXH,15.0
東方アレンジ,Attack on Dwarf,unatra,EXH,14.0
東方アレンジ,werewolf howls.,かめりあ,EXH,18.5
東方アレンジ,Pristine Bigband,Y*Quartet project,EXH,15.0
東方アレンジ,Mist Tek,you,EXH,16.0
東方アレンジ,Little princess has no identity.,0kash,EXH,17.5
ひなビタ♪/バンめし♪,キミヱゴサーチ,ここなつ,EXH,11.0
ボーカロイド,Scene(EXIT TUNES),ジミーサムＰ,EXH,13.0
ボーカロイド,しんでしまうとはなさけない！(EXIT TUNES),ワンダフル☆オポチュニティ！,EXH,15.0
ボーカロイド,ハウトゥー世界征服(EXIT TUNES),Neru,EXH,14.0
BEMANI,打打打打打打打打打打,ヒゲドライバー join. SELEN,EXH,15.0
FLOOR,Appliqué,モリモリあつし,EXH,16.0
FLOOR,Wish upon Twin Stars,xi,EXH,17.5
FLOOR,Growth Memories,Hidra-Xjeil,EXH,18.2
FLOOR,CODE -CRiMSON-,Shiron,EXH,17.5
FLOOR,はわわｗ！な展開っ！,かねこちはる feat. 紫崎 雪,EXH,15.0
ボーカロイド,有頂天ビバーチェ(EXIT TUNES),Last Note.,EXH,16.0
ボーカロイド,白い雪のプリンセスは(EXIT TUNES),のぼる↑,EXH,15.0
ボーカロイド,ナキムシロボ(EXIT TUNES),ラムネ(村人P),EXH,13.0
ボーカロイド,僕は空気が嫁ない(EXIT TUNES),cosMo＠暴走P,EXH,15.0
BEMANI,朱と碧のランページ,NU-KO,EXH,17.0
BEMANI,gigadelic -stance xxxx-,Hate,EXH,17.5
東方アレンジ,コミカルなミシャグジとラジエーション(PUNK IT ver.),void & ARM feat. ななひら & ちよこ,EXH,15.0
東方アレンジ,最果てのコトバ,幽閉サテライト (Arranged:Iceon) feat. senya,EXH,12.0
BEMANI,The Wind of Gold (folkcore remix),borzy,EXH,14.0
東方アレンジ,sweet dream,平茸＋夕野ヨシミ＋山本椛,EXH,13.0
BEMANI,FIRE FIRE -DARK BLAZE REMIX-,Yooh,EXH,17.5
BEMANI,Monkey Business (lapix Remix),lapix,EXH,16.0
BEMANI,Wuv U -More2 HAPPY Re-Mix Special-,Yu_Asahina,EXH,15.0
SDVXオリジナル,INSECTICIDE,Camellia,EXH,18.4
BEMANI,御千手メディテーション,昇天家族,EXH,15.0
BEMANI,KHAMEN BREAK,くふおー,EXH,16.0
BEMANI,Cleopatrysm,ピラミッ℃,EXH,15.0
ボーカロイド,悪性ロリィタマキャヴェリズム(EXIT TUNES),かいりきベア,EXH,17.5
東方アレンジ,Wave of Craze,Shiron,EXH,15.0
ボーカロイド,キリトリセン(EXIT TUNES),40mP,EXH,13.0
東方アレンジ,幻想浄瑠璃-Aya2g Tech Dance Remix-,Ayatsugu_Otowa,EXH,15.0
東方アレンジ,Flying!,Tracy feat.築山さえ,EXH,13.0
ボーカロイド,ぼくらのタイムカプセル(EXIT TUNES),ラムネ(村人P),EXH,15.0
東方アレンジ,柳の下のデュラハン hard chaos mix,albel.,EXH,17.5
東方アレンジ,wander+wonder+wand,uma,EXH,15.0
ひなビタ♪/バンめし♪,ミライプリズム,ここなつ,EXH,11.0
ボーカロイド,Idola,iconoclasm feat.GUMI,EXH,17.0
ボーカロイド,憂恋☆アクティベーション,u-z,EXH,16.0
ボーカロイド,幻想系世界修復少女(EXIT TUNES),Last Note.,EXH,15.0
ボーカロイド,City Edge,winddrums,EXH,13.0
ボーカロイド,second spring storm,Spacelectro,EXH,12.0
ボーカロイド,ドキドキ☆流星トラップガール!!,流星トラップボーイズ,EXH,13.0
ボーカロイド,バンブーソード・ガール(EXIT TUNES),cosMo＠暴走P,EXH,17.5
ボーカロイド,Baby Sherry,ぺのれり,EXH,15.0
東方アレンジ,Get out of my sight,void(IOSYS) feat. 厚志(石鹸屋)&周平(Silently Shooting Traitors),EXH,15.0
東方アレンジ,SPARKING 2012,IRON ATTACK!,EXH,15.0
東方アレンジ,ゼンマイ恋時計（T.E.B Summer Mix),A-One,EXH,15.0
東方アレンジ,#FairyJoke #SDVX_Edit,uno(IOSYS),EXH,17.0
東方アレンジ,マスパでシュッ☆メイドウィッチまりさちゃん,ARM(IOSYS) feat. 桃井はるこ,EXH,13.0
東方アレンジ,Lemures Prelude,EastNewSound,EXH,14.0
BEMANI,Sakura Mirage,Ryu☆,EXH,17.5
FLOOR,カレクレンマ,"Music by アサヒナユウ, Vocal by みかん汁",EXH,15.0
東方アレンジ,患部で止まってすぐ溶ける ～ 狂気の優曇華院,ARM(IOSYS),EXH,15.0
FLOOR,SPARKLING FANTASY,"Music by BlackY, Vocal by ぁゅ",EXH,13.0
東方アレンジ,ってゐ！ ～えいえんてゐVer～,石鹸屋,EXH,12.0
東方アレンジ,Mami Mami Zone,REDALiCE feat. 野宮あゆみ,EXH,16.0
FLOOR,mon$tage,"Music by Hommarju, Vocal by かぼちゃ",EXH,16.0
東方アレンジ,八雲藍の唯心論,君の美術館,EXH,14.0
東方アレンジ,信仰は儚き人間の為に ～ Arr.Demetori,Demetori,EXH,17.5
東方アレンジ,竹取飛翔,岸田教団＆THE明星ロケッツ,EXH,15.0
東方アレンジ,NEXT BILLIONAIRE,SOUND HOLIC feat. Nana Takahashi,EXH,15.0
東方アレンジ,Phantasm Brigade,Silver Forest,EXH,13.0
東方アレンジ,夕立、君と隠れ処,幽閉サテライト (Arranged:Iceon) feat. senya,EXH,13.0
FLOOR,Unlimited Field,"Music by 上村香月, Vocal by Kuroa*",EXH,15.0
ボーカロイド,終点(EXIT TUNES),cosMo＠暴走P,EXH,16.0
ボーカロイド,少女暴動(EXIT TUNES),Last Note.,EXH,17.0
FLOOR,冬に桜が咲くようなキセキ。,"Music by nmk/佐原誠&kei_iwata, Vocal by SOPHY",EXH,15.0
ボーカロイド,Rebirth(EXIT TUNES),164 feat. GUMI,EXH,13.0
FLOOR,REPLiCA,"Music by Hommarju, Vocal by ぁゅ",EXH,13.0
東方アレンジ,WAVE WAVE WAVE,ZYTOKINE feat. itori,EXH,13.0
東方アレンジ,KiLLeR MeRMaiD,QURELESS,EXH,17.5
東方アレンジ,Frantic Wolf,Jerico,EXH,14.0
東方アレンジ,Mist In Hell,LUNA,EXH,17.0
東方アレンジ,REVERSE LIMITED!(SDVX Edit),MUZIK SERVANT feat.CHERICa,EXH,16.0
FLOOR,Innocent Tempest,Diceros Bicornis,EXH,17.5
FLOOR,侵蝕コード：666　-今日ちょっと指（略-,かぼちゃ「黒幕はあやつぐ」と供述しており,EXH,15.0
FLOOR,ボルテ体操第一,Kaoru feat.FG75,EXH,17.0
FLOOR,流れ星と君の歌,"Music by 沙野カモメ, Vocal by SOPHY",EXH,14.0
FLOOR,ぱられる,"Music by akira asano feat.Tia, Vocal by みゅい",EXH,13.0
FLOOR,Liar World Monologue,"Music by ismK, Vocal by Kuroa*",EXH,16.0
FLOOR,odds and ends,MarcheИ,EXH,15.0
FLOOR,はなむけ,ふる,EXH,13.0
FLOOR,Harpuia,BlackY,EXH,17.5
SDVXオリジナル,Virtual Sunrise,kors k,EXH,15.0
SDVXオリジナル,Pure Evil,kors k,EXH,17.5
FLOOR,Black Emperor,黒魔,EXH,18.8
FLOOR,Hoshizora Illumination,you,EXH,16.0
ボーカロイド,Arcadia,CHRIS (Sound Libero),EXH,12.0
ボーカロイド,十六夜桜-Zakura-,u-z,EXH,13.0
ボーカロイド,群青硝子のスピカ,unatra / カラクサ,EXH,15.0
ボーカロイド,超爽快☆パッショネイト・フィーバー,Ayatsugu_Otowa,EXH,16.0
ボーカロイド,FLYING OUT TO THE SKY,かめりあ,EXH,17.5
FLOOR,嘘と接吻,yozaquar feat.ぁゅ,EXH,13.0
ボーカロイド,神となり彼が見た境界線,上村香月,EXH,15.0
FLOOR,crazy cinema story,黒魔,EXH,16.0
FLOOR,Fiat Lux,xi,EXH,17.5
ボーカロイド,きょうもハレバレ(EXIT TUNES),ふわりP feat. GUMI's,EXH,12.0
ボーカロイド,君と僕とその空白と(EXIT TUNES),のぼる↑ feat.GUMI,EXH,13.0
ボーカロイド,茅蜩モラトリアム(EXIT TUNES),TOTAL OBJECTION feat.GUMI,EXH,16.0
ボーカロイド,命のユースティティア(EXIT TUNES),Neru,EXH,13.0
その他,WAVE(EXIT TUNES),niki feat.kradness,EXH,15.0
FLOOR,絢爛創世絵巻物,ke-ji,EXH,14.0
FLOOR,"コンベア速度Max!? しゃいにん☆廻転ズシ""Sushi&Peace""",かめりあ feat. ななひら,EXH,16.0
FLOOR,snow motion,こふ,EXH,13.0
BEMANI,IX,dj TAKA VS DJ TOTTO feat.藍,EXH,17.5
FLOOR,Future MUSiC,Ym1024 feat. lamie*,EXH,12.0
ボーカロイド,ウバワレ,TAKU1175,EXH,16.0
FLOOR,EOS -INFINITE EDIT-,ginkiha,EXH,13.0
BEMANI,Engraved Mark,Ryu☆ ∞ Des-ROW,EXH,16.0
BEMANI,Squeeze,VENUS feat. Mutsuhiko Izumi,EXH,16.0
BEMANI,デッドボヲルdeホームラン,猫叉Masterβ2,EXH,15.0
BEMANI,轟け！恋のビーンボール！！,ダイナミック野球兄弟 v.s. クロスファイヤーPrim,EXH,17.0
FLOOR,Verse IV,ZOGRAPHOS (Yu_Asahina+Yamajet),EXH,17.5
BEMANI,野球の遊び方　そしてその歴史　～決定版～,あさき大監督,EXH,13.0
FLOOR,LittleGameStar,An,EXH,15.0
FLOOR,イゴモヨス＝オムルのテーマによるブヨブヨ・スケッチの試み,日本楽音ノイズ協会,EXH,17.0
FLOOR,will o' the wisp,XIzE,EXH,13.0
FLOOR,Profession,syzfonics,EXH,16.0
FLOOR,雪女,かねこちはる,EXH,16.0
東方アレンジ,おお われら喜び讃うべし、主よ,すのうまん,EXH,16.0
東方アレンジ,上海紅茶館 ～ Chinese Tea Orchid Remix,Yooh,EXH,16.0
東方アレンジ,U.N.オーエンは彼女なのか？haru_naba Remix,はるなば,EXH,17.5
東方アレンジ,Lunatic Rough Party!!,かめりあ,EXH,15.0
FLOOR,超越してしまった彼女と其を生み落した理由,Ayatsugu_Otowa,EXH,17.5
FLOOR,Bangin' Burst,かめりあ,EXH,18.5
FLOOR,For UltraPlayers,cosMo＠暴走P,EXH,18.6
FLOOR,BLACK or WHITE?,BlackYooh vs. siromaru,EXH,18.4
FLOOR,Hellfire,Hommarju,EXH,17.5
FLOOR,Last Concerto,ke-ji,EXH,17.5
BEMANI,Stella Sinistra,Akhuta Philharmonic Orchestra,EXH,16.0
BEMANI,HYENA,Hommarju,EXH,17.5
BEMANI,PUNISHER,TAG×PON,EXH,16.0
BEMANI,マインド・ゲーム,96 with メカショッチョー,EXH,14.0
FLOOR,Erlung,削除,EXH,14.0
FLOOR,choux à la crème,kamome sano,EXH,16.0
FLOOR,take a step forward,uma,EXH,15.0
FLOOR,TrailBlazer,cold kiss,EXH,13.0
FLOOR,Last Battalion,ETIA.,EXH,15.0
その他,クノイチでも恋がしたい(EXIT TUNES),みきとP feat. 松下,EXH,16.0
ボーカロイド,shiningray(EXIT TUNES),164 feat.GUMI,EXH,13.0
ボーカロイド,タイムマシン(EXIT TUNES),1640mP,EXH,13.0
FLOOR,Decretum,Project Mayhem,EXH,17.5
FLOOR,Dignity,Yooh,EXH,16.0
FLOOR,ムーニャポヨポヨスッポコニャーゴ,全日本スッポコニャーゴ親衛隊,EXH,17.5
東方アレンジ,We Are The Scarlet (SDVX Edit),天音 (Rolling Contact),EXH,15.0
東方アレンジ,Devotion,void (Mournfinale),EXH,12.0
東方アレンジ,ルーネイトエルフ(Riz Mix),Riz,EXH,14.0
BEMANI,True Blue,dj TAKA feat.AiMEE,EXH,17.5
FLOOR,Shadows in the Light,Sta,EXH,13.0
FLOOR,Demetel,ETIA.,EXH,12.0
FLOOR,トラウィスカルパンテクートリ,Noah,EXH,16.0
FLOOR,ゆうしゃのなつやすみ,Verdammt,EXH,14.0
東方アレンジ,"Electric ""Sister"" Bitch",t+pazolite,EXH,16.0
東方アレンジ,桜華月想-SDVX EDIT-,源屋 feat. 3L,EXH,12.0
東方アレンジ,やばいつよくてあたまいいあたいのうた,Shiron feat. Kuroa*,EXH,15.0
ボーカロイド,- dirty rouge -,ぺのれり,EXH,15.0
FLOOR,BUBBLE RAVER,P*Light,EXH,15.0
FLOOR,Paradoxy,lapix,EXH,15.0
FLOOR,Rings of Rainbow,Hommarju,EXH,15.0
FLOOR,LEMON SUMMER,パイタン,EXH,15.0
東方アレンジ,赤より紅い夢-Aya2g Tech Dance Remix-,Ayatsugu_Otowa,EXH,16.0
東方アレンジ,Indomitable Spirit,Tracy feat.ほたる,EXH,13.0
東方アレンジ,Catadioptric,Jerico,EXH,13.0
ボーカロイド,放課後ストライド(EXIT TUNES),Last Note.,EXH,16.0
ボーカロイド,マネマネサイコトロピック(EXIT TUNES),かいりきベア,EXH,14.0
東方アレンジ,夢の空、約束の場所,Illusion Sonic,EXH,11.0
東方アレンジ,ワヴル魔法図書館,wobble magic library,EXH,15.0
東方アレンジ,最終鬼畜妹フランドール・S,ビートまりお（COOL&CREATE）,EXH,16.0
東方アレンジ,Shiny Up!,C-CLAYS,EXH,12.0
東方アレンジ,Hail Storm,FELT,EXH,12.0
FLOOR,INFINITY OVERDRIVE,DecisionS(kanone + nora2r),EXH,15.0
FLOOR,Crack Traxxxx,Lite Show Magic (t+pazolite vs C-Show),EXH,16.0
FLOOR,XROSS INFECTION,BlackY vs. Yooh,EXH,17.5
FLOOR,Double Universe,Hommarju vs P*Light,EXH,16.0
FLOOR,Dawn of Asia,ginkiha+kamome sano,EXH,15.0
BEMANI,8 -eight-,Tom-H@ck feat.Nadia,EXH,16.0
東方アレンジ,Over the Starlit sky,MUZIK SERVANT feat.CHERICa,EXH,15.0
BEMANI,snow storm -euphoria-,Yooh,EXH,17.5
ボーカロイド,曾根崎心中(EXIT TUNES),デッドボールP,EXH,15.0
東方アレンジ,Darkness Pleasure,Hull feat.℃iel,EXH,12.0
BEMANI,DEADLOCK XXX,BlackY,EXH,17.5
東方アレンジ,魔法少女達の百年祭(masty core remix),masty,EXH,15.0
ボーカロイド,ユクエシレズ(EXIT TUNES),こじろー feat.GUMI,EXH,13.0
ボーカロイド,ありふれたせかいせいふく(EXIT TUNES),ピノキオP,EXH,13.0
東方アレンジ,ウサテイ,あまね＋ビートまりお（COOL&CREATE）,EXH,15.0
FLOOR,Quietus Ray,xi,EXH,17.5
東方アレンジ,Starlight Vision,矢鴇つかさ feat. 三澤秋 (SoundOnline),EXH,12.0
ボーカロイド,ハローラフター(EXIT TUNES),Last Note.,EXH,12.0
ボーカロイド,VERSUS!!,しけもく,EXH,15.0
FLOOR,Booths of Fighters,"RoughSketch + DD""ナカタ""Metal",EXH,17.5
BEMANI,Playing With Fire,kors k,EXH,16.0
東方アレンジ,愛くるしフール -Not EASY!!-,2ボス如きに負けるかぼちゃではなｙうわー,EXH,15.0
東方アレンジ,赤より紅い夢 -lucid dream Mix-,くるぶっこちゃん,EXH,13.0
東方アレンジ,太陽はやめて！ぼくらのスカーレット警察,七条レタスグループ starring ココ,EXH,13.0
東方アレンジ,U.N. Owen was her? (Hyuji Remix),Hyuji,EXH,15.0
東方アレンジ,Lunartic Dial,Shiron,EXH,16.0
FLOOR,Voice 2 Voice,MAD CHILD,EXH,15.0
FLOOR,Smile,Hommarju feat. 実谷なな,EXH,12.0
BEMANI,Daily Lunch Special ～DeliciousREMIX～,提供,EXH,15.0
ボーカロイド,デストロイマーチ,桜華,EXH,16.0
BEMANI,Unicorn tail Dustboxxxx RMX,Dustboxxxx,EXH,16.0
BEMANI,恋はどう？モロ◎波動OK☆方程式!!,あべにゅうぷろじぇくと feat.佐倉紗織 produced by ave;new,EXH,15.0
東方アレンジ,Venona,DOUBLE HELIX【たちのん&零-zero-】,EXH,15.0
東方アレンジ,Silver Impact,Arch,EXH,13.0
東方アレンジ,Cirno Break,さわわ,EXH,16.0
東方アレンジ,#Fairy_dancing_in_lake,uno(IOSYS),EXH,16.0
東方アレンジ,モモンが門番ばんっ☆,ねこみりん feat.みゆ,EXH,15.0
東方アレンジ,U.N.オーエンは彼女なのか？(TO-HOlic mix),C-Show,EXH,16.0
BEMANI,音楽 -resolve-,Yu_Asahina,EXH,17.5
BEMANI,少年は空を辿る Prog Piano Remix,とろまる,EXH,16.0
FLOOR,獣性オーバーフロウ,PROCYON KNIGHTS PROJECT,EXH,15.0
FLOOR,HAPPY HEART BEAT,ヒゲドライバー,EXH,14.0
FLOOR,華陽炎-Hana Kagerou-,源屋 feat.Kuroa*,EXH,14.0
BEMANI,BabeL ～Next Story～,Power Of Nature,EXH,18.2
ボーカロイド,いーあるふぁんくらぶ(EXIT TUNES),みきとP,EXH,13.0
ボーカロイド,え？あぁ、そう。(EXIT TUNES),蝶々P,EXH,12.0
FLOOR,OVERDRIVERS,P*Light feat. mow*2,EXH,14.0
FLOOR,GEROL,Hommarju,EXH,16.0
BEMANI,Sakura Reflection 音頭 -盆踊Remix-,源屋,EXH,13.0
BEMANI,Survival Games (Hommarju Remix),Hommarju,EXH,13.0
FLOOR,サヨナラデイズ,七誌,EXH,12.0
FLOOR,Joyeuse,ke-ji,EXH,17.5
ボーカロイド,HΨ=世界創造=EΨ(EXIT TUNES),"黒猫アンティーク feat.IA,GUMI",EXH,12.0
SDVXオリジナル,つぶやき魔法少女りむる,DJ SHARPNEL feat. みらい,EXH,16.0
ボーカロイド,トリノコシティ(EXIT TUNES),40mP,EXH,12.0
ボーカロイド,ネトゲ廃人シュプレヒコール(EXIT TUNES),さつき が てんこもり,EXH,14.0
FLOOR,HAELEQUIN,orangentle / Yu_Asahina,EXH,17.5
ボーカロイド,迷妄少年と小世界(EXIT TUNES),164 feat. GUMI,EXH,13.0
FLOOR,殯,かねこちはる,EXH,13.0
FLOOR,悪いところがひとつもない！,臨界モスキー党,EXH,14.0
BEMANI,アルストロメリア KURO-HACO Remix,kuroburger,EXH,15.0
FLOOR,C18H27NO3,Team Grimoire,EXH,16.0
BEMANI,カラルの月 Verdammt Remix,Verdammt,EXH,12.0
ボーカロイド,隅田川夏恋歌 (I/O Angel mix),Daisuke Ohnuma(大福P),EXH,12.0
ボーカロイド,Bad ∞ End ∞ Night(EXIT TUNES),ひとしずく×やま△,EXH,13.0
ボーカロイド,ラクガキスト(EXIT TUNES),cosMo＠暴走P feat.GUMI,EXH,16.0
FLOOR,Lieselotte,wa.,EXH,15.0
ボーカロイド,ロストワンの号哭(EXIT TUNES),Neru,EXH,13.0
BEMANI,I'm so Happy,Ryu☆,EXH,16.0
BEMANI,VALLIS-NERIA,DJ YOSHITAKA,EXH,18.4
FLOOR,En FIRE-G SOUL,Yooh,EXH,13.0
BEMANI,音楽 -壊音楽 mix-,LeaF,EXH,17.5
ボーカロイド,こちら、幸福安心委員会です。(EXIT TUNES),うたたP,EXH,15.0
ボーカロイド,サリシノハラ(EXIT TUNES),みきとP,EXH,12.0
ボーカロイド,サンドリヨン(EXIT TUNES),Dios/シグナルP,EXH,13.0
FLOOR,honey trap,そよもぎ,EXH,12.0
FLOOR,Party Stream !!,DJ Amane,EXH,15.0
FLOOR,ませまてぃっく♥ま+ま=まじっく！,かめりあ feat. ななひら,EXH,15.0
FLOOR,WobbleTangleFestival,Relect,EXH,13.0
東方アレンジ,Antinomie (SDVX EDIT),void(IOSYS) feat. 厚志(石鹸屋),EXH,13.0
FLOOR,Qubism,Hate vs Brilliance,EXH,16.0
東方アレンジ,Keep Going!,REDALiCE feat. 野宮あゆみ,EXH,13.0
東方アレンジ,天狗の落とし文 feat. ｙｔｒ,魂音泉,EXH,13.0
東方アレンジ,Two Fates,発熱巫女～ず,EXH,11.0
FLOOR,Tomato Leaf Breaks,millstones,EXH,13.0
東方アレンジ,Power of Battle (SDVX EDIT),RoughSketch vs REDALiCE feat.イザベル,EXH,13.0
BEMANI,Fly to Next World (syzfonics Remix),syzfonics,EXH,12.0
東方アレンジ,魔境堕天録サリエル,Unlucky Morpheus,EXH,14.0
東方アレンジ,アノ華咲クヤ,幽閉サテライト with 岸田教団＆THE明星ロケッツ feat.ichigo & senya,EXH,14.0
BEMANI,UNLIMITED FIRE (DJ Amane Remix),DJ Amane,EXH,13.0
FLOOR,Vindicator,void (Mournfinale),EXH,15.0
東方アレンジ,エピクロスの虹はもう見えない,SYNC.ART'S feat. 美里,EXH,12.0
東方アレンジ,神々の祈り,舞風-MAIKAZE/沙紗飛鳥,EXH,10.0
FLOOR,Goodbye-bye Planet,黒魔,EXH,14.0
東方アレンジ,げきオコスティックファイナリアリティぷんぷんマスタースパーク,ARM(IOSYS) feat.ビートまりお(COOL&CREATE),EXH,14.0
BEMANI,concon (picom'n'bass rmx),kamome sano,EXH,13.0
BEMANI,Sakura Reflection (P*Light Slayer Remix),P*Light,EXH,15.0
BEMANI,She is my wife すーぱーアイドル☆ミツル子Remixちゃん,高井さんとuno(IOSYS),EXH,15.0
その他,十面相（フリーダムver.）(EXIT TUNES),YM feat.__(アンダーバー）,EXH,14.0
FLOOR,GIGI BABA,ヒゲドライバー,EXH,13.0
ボーカロイド,自由のための不自由,上村香月,EXH,11.0
東方アレンジ,SCAPEGOAT BOY - SDVX Edit. -,SOUND HOLIC feat. Nana Takahashi,EXH,14.0
FLOOR,Starlight Express,ginkiha,EXH,16.0
FLOOR,青春☆してるかい？READY&LADY!,LV.4 feat.みゆ,EXH,13.0
東方アレンジ,星霜輪廻～Repeat～,EastNewSound feat. 茶太,EXH,13.0
東方アレンジ,蒼空に舞え、墨染の桜,さゆり (Silver Forest),EXH,11.0
FLOOR,Diffused Reflection,ニシジマユーキ,EXH,12.0
BEMANI,Daily Lunch Special (tpz Overcute Remix),t+pazolite,EXH,13.0
FLOOR,DELETED MOTION,たちのん,EXH,13.0
その他,トーキョープレジャーグラウンド(EXIT TUNES),灯油,EXH,13.0
東方アレンジ,東方妖々夢 ～the maximum moving about～,石鹸屋,EXH,13.0
FLOOR,dream control,C-YA,EXH,11.0
FLOOR,Next infection,Sanaas,EXH,15.0
ボーカロイド,非公開日誌(EXIT TUNES),みきとP feat.GUMI,EXH,12.0
その他,ファンタジースター(EXIT TUNES),ぐるたみん,EXH,13.0
FLOOR,Foolish Hero,lapix,EXH,14.0
BEMANI,Mother Ship (C-YA MIX),C-YA,EXH,15.0
東方アレンジ,待チ人ハ来ズ。,豚乙女,EXH,12.0
FLOOR,Raptate,削除,EXH,12.0
その他,ワールド・ランプシェード(EXIT TUNES),りょーくん,EXH,12.0
ボーカロイド,仇返しシンドローム(EXIT TUNES),まふまふ feat.IA,EXH,15.0
ボーカロイド,孤独の番人(EXIT TUNES),SCL Project（natsuP）feat. MAYU,EXH,16.0
ボーカロイド,ドロボウナイトトリック(EXIT TUNES),ゆちゃP feat.GUMI,EXH,14.0
ボーカロイド,ルービックキューブ(EXIT TUNES),otetsu feat.GUMI,EXH,15.0
東方アレンジ,Strawberry Crisis,CROW'SCLAW,EXH,16.0
東方アレンジ,秘封倶楽部の未踏世界,君の美術館,EXH,12.0
東方アレンジ,Wheel,Syrufit feat.綾倉盟 / 市松椿,EXH,16.0
FLOOR,The world of sound,"Music by Ryuwitty, Vocal by Kuroa*",EXH,17.5
FLOOR,STARDUST MERMAID,"Music by MasKaleido, Vocal by ぁゅ",EXH,12.0
FLOOR,ずっとそばにいさせてよね！,"Music by 音遊人 -mu-jin-, Vocal by みかん汁",EXH,15.0
FLOOR,七色のウタ,"Music by 上村香月, Vocal by みゅい",EXH,13.0
FLOOR,Hello world!,"Music by 源屋, Vocal by SOPHY",EXH,13.0
FLOOR,超恋愛☆エクストリーム・ガール,"Music by Ayatsugu_Otowa, Vocal by みゅい",EXH,15.0
FLOOR,draw!!!!,"Music by PHQUASE, Vocal by ぁゅ",EXH,12.0
FLOOR,僕たちは此処にいる,でもたまに居場所とか見失うかぼちゃ,EXH,13.0
FLOOR,Life is Beautiful,"Music by コバヤシユウヤ, Vocal by Kuroa*",EXH,13.0
東方アレンジ,Earthquake Super Shock - SDVX Edit. -,SOUND HOLIC feat. Nana Takahashi,EXH,15.0
ボーカロイド,一途な片思い、実らせたい小さな幸せ。(EXIT TUNES),うたたP feat. MAYU,EXH,12.0
ボーカロイド,過食性:アイドル症候群(EXIT TUNES),スズム feat.GUMI＆MAYU,EXH,16.0
ボーカロイド,ケッペキショウ(EXIT TUNES),すこっぷ feat.GUMI,EXH,15.0
ボーカロイド,金縛りの逢を,はるなば,EXH,17.5
ボーカロイド,センチメント,uno(IOSYS),EXH,10.0
ボーカロイド,Disagree Feelings,uno(IOSYS),EXH,15.0
ボーカロイド,MANDARA,さたな,EXH,15.0
ボーカロイド,境界インサニティー,Toma+o,EXH,13.0
ボーカロイド,true feeling？～本当の気持ち♪～,shin,EXH,12.0
ボーカロイド,ナツノメイロ,stereoberry,EXH,14.0
ボーカロイド,灰色の空想をつかんで,じろうす,EXH,12.0
東方アレンジ,泡沫、哀のまほろば,幽閉サテライト feat. senya,EXH,13.0
東方アレンジ,究極焼肉レストラン！お燐の地獄亭！,ARM(IOSYS),EXH,13.0
東方アレンジ,Silent Story,発熱巫女～ず,EXH,11.0
東方アレンジ,DesireDrive,岸田教団＆THE明星ロケッツ,EXH,13.0
東方アレンジ,ナイト・オブ・ナイツ,ビートまりお（COOL&CREATE）,EXH,15.0
東方アレンジ,-Rayrain-,こなぐすり,EXH,12.0
東方アレンジ,色は匂へど散りぬるを,幽閉サテライト feat. senya,EXH,12.0
東方アレンジ,ケロ⑨destiny,Silver Forest feat. めらみぽっぷ,EXH,15.0
東方アレンジ,"Help me, ERINNNNNN!!（2004 ver.）",ビートまりお（COOL&CREATE）,EXH,13.0
東方アレンジ,魔理沙は大変なものを盗んでいきました,ARM(IOSYS),EXH,15.0
東方アレンジ,物凄い勢いでけーねが物凄いうた,Halozy feat. ななひら,EXH,15.0
東方アレンジ,Rot in hell！！,EastNewSound,EXH,13.0
FLOOR,croiX,TeamGrimoire+あま猫,EXH,17.0
FLOOR,Gott,Hommarju,EXH,16.0
FLOOR,Dynasty,Yooh,EXH,16.0
FLOOR,PANIC HOLIC,C-Show,EXH,16.0
FLOOR,Max Burning!!,BlackY,EXH,17.5
FLOOR,Absurd Gaff,siromaru,EXH,16.0
FLOOR,EGG,ginkiha,EXH,14.0
FLOOR,éclair au chocolat,kamome sano,EXH,13.0
FLOOR,大宇宙ステージ,黒魔,EXH,17.0
FLOOR,TRIGGER★HAPPY,P*Light,EXH,14.0
FLOOR,VISION,nora2r,EXH,13.0
ボーカロイド,カミサマネジマキ(EXIT TUNES),kemu feat. GUMI,EXH,15.0
ボーカロイド,チェックメイト(EXIT TUNES),ゆちゃP feat. GUMI,EXH,12.0
ボーカロイド,地球最後の告白を(EXIT TUNES),kemu feat. GUMI,EXH,12.0
ボーカロイド,ディストピア・ジパング(EXIT TUNES),cosMo＠暴走P feat. GUMI,EXH,13.0
ボーカロイド,ノイジーラバーソウル(EXIT TUNES),Last Note. feat. GUMI,EXH,15.0
FLOOR,V.I.P.,ismK,EXH,17.5
ボーカロイド,エスケープ・フロム・ディストピア(EXIT TUNES),cosMo＠暴走P feat. MAYU,EXH,15.0
ボーカロイド,腐れ外道とチョコレゐト(EXIT TUNES),ピノキオP,EXH,14.0
ボーカロイド,十面相(EXIT TUNES),YM feat. GUMI,EXH,13.0
ボーカロイド,人生リセットボタン(EXIT TUNES),kemu feat. GUMI,EXH,15.0
ボーカロイド,ルートスフィア(EXIT TUNES),Last Note. feat. GUMI,EXH,11.0
FLOOR,Soundscape,Hommarju,EXH,13.0
BEMANI,AA BlackY mix,BlackY,EXH,16.0
BEMANI,Tomorrow Perfume (tpz Despair Remix),t+pazolite,EXH,13.0
ボーカロイド,pandora (Maozon Remix),Maozon,EXH,13.0
BEMANI,Freeway Shuffle -More2 HAPPY Re-Mix-,Yu_Asahina,EXH,15.0
BEMANI,Abyss (sharp stepp remix),borzy,EXH,13.0
BEMANI,Tomorrow Perfume (C-Show Remix),C-Show,EXH,16.0
BEMANI,Blue Rain Dustboxxxx RMX,Dustboxxxx,EXH,14.0
ボーカロイド,Ray,源屋,EXH,12.0
BEMANI,rainbow flyer -gratitude remix-,PHQUASE,EXH,16.0
東方アレンジ,明星ロケット,岸田教団＆THE明星ロケッツ,EXH,13.0
東方アレンジ,幻想のサテライト,豚乙女,EXH,16.0
東方アレンジ,月に叢雲華に風,幽閉サテライト feat. senya,EXH,13.0
東方アレンジ,Runway Drive,FELT,EXH,11.0
東方アレンジ,Grip & Break down !! - SDVX Edit. -,SOUND HOLIC feat. Nana Takahashi,EXH,15.0
東方アレンジ,taboo tears you up 2008,REDALiCE,EXH,15.0
東方アレンジ,チルノのパーフェクトさんすう教室,ARM(IOSYS),EXH,13.0
東方アレンジ,Bad Apple!! feat. nomico,Alstroemeria Records,EXH,12.0
ボーカロイド,再教育(EXIT TUNES),Neru,EXH,9.0
その他,dreamin' feat.Ryu☆(EXIT TUNES),Mayumi Morinaga  (moimoi),EXH,13.0
ボーカロイド,ハートブレイク・ヘッドライン(EXIT TUNES),40mP feat. GUMI,EXH,11.0
ボーカロイド,Black Board(EXIT TUNES),蝶々P,EXH,12.0
ボーカロイド,ポーカーフェイス(EXIT TUNES),ゆちゃP feat. GUMI,EXH,12.0
ボーカロイド,イカサマライフゲイム(EXIT TUNES),kemu feat. GUMI,EXH,14.0
ボーカロイド,セツナトリップ(EXIT TUNES),Last Note. feat. GUMI,EXH,15.0
ボーカロイド,恋愛勇者(EXIT TUNES),Last Note. feat. GUMI,EXH,12.0
ボーカロイド,六兆年と一夜物語(EXIT TUNES),kemu feat. IA,EXH,14.0
ボーカロイド,炉心融解(EXIT TUNES),iroha,EXH,11.0
BEMANI,Ganymede kamome mix,kamome sano,EXH,18.3
BEMANI,GAMBOL (dfk SLC rmx),D.F.K.Soundsystem,EXH,13.0
BEMANI,Clione Hommarju Remix,Hommarju,EXH,13.0
BEMANI,SEED (DJ Noriken Remix),DJ Noriken,EXH,14.0
FLOOR,Distorted Floor,RoughSketch,EXH,15.0
FLOOR,Fire Strike,Junk,EXH,13.0
FLOOR,freaky freak,kamome sano,EXH,15.0
FLOOR,World Vertex,void,EXH,14.0
ボーカロイド,天ノ弱(EXIT TUNES),164 feat. GUMI,EXH,13.0
BEMANI,Ignited Night burst,N-driver,EXH,14.0
FLOOR,Onigo,Hommarju,EXH,16.0
FLOOR,caramel ribbon,P*Light,EXH,13.0
その他,君にエールを・・・！ （DJ UTO REMIX）(EXIT TUNES),Mayumi Morinaga,EXH,14.0
BEMANI,サヨナラ・ヘヴン （かめりあ's NEKOMATAelectroRMX）,かめりあ,EXH,12.0
FLOOR,Space Diver Tama,黒魔,EXH,15.0
FLOOR,SOUL EXPLOSION,kanone,EXH,13.0
BEMANI,.59 -BOOTH BOOST REMIX-,IDEA+RHYTHM,EXH,13.0
その他,Nyan Cat(EXIT TUNES),daniwellP feat. 桃音モモ,EXH,13.0
FLOOR,香港功夫大旋風,Daisuke Ohnuma,EXH,16.0
FLOOR,レトロスペクティビリー・メリーゴーランド,はるなば,EXH,12.0
BEMANI,恋する☆宇宙戦争っ！！ あばばばみっくす,ARM (IOSYS),EXH,15.0
BEMANI,突撃!ガラスのニーソ姫! D.watt nu-denpa RMX,D.watt(IOSYS),EXH,15.0
その他,おにゃのこ　きねんび(EXIT TUNES),赤飯,EXH,13.0
その他,カーニバル(EXIT TUNES),otetsu feat.灯油,EXH,14.0
その他,キミノメヲ(EXIT TUNES),そらる,EXH,12.0
その他,ソラヘドライブ(EXIT TUNES),ぐるたみん,EXH,12.0
その他,春色ポートレート(EXIT TUNES),しゃむおん,EXH,7.0
ボーカロイド,RPGシンドローム,幽閉カタルシス,EXH,13.0
SDVXオリジナル,cloud,EZFG,EXH,12.0
ボーカロイド,世界はネコのもの,Nem,EXH,12.0
SDVXオリジナル,TYCOON,SOUND HOLIC feat. Nana Takahashi,EXH,15.0
BEMANI,neu BSP style,cosMo＠暴走P,EXH,16.0
ボーカロイド,wound,KEENO,EXH,11.0
ボーカロイド,不思議玩具ガンガラディンドン,マチゲリータ,EXH,14.0
BEMANI,FLOWER REDALiCE Remix,REDALiCE,EXH,16.0
SDVXオリジナル,ヤサイマシ☆ニンニクアブラオオメ,azuma feat. ななひら,EXH,13.0
ボーカロイド,U&M,emon,EXH,8.0
その他,Vampire Killer scar-ed Pf rmx,fu_mou,EXH,12.0
ボーカロイド,サイコパスコミュニケーション,ゆちゃP,EXH,10.0
ボーカロイド,Second Heaven Lamaze-REMIX,ラマーズP,EXH,13.0
ボーカロイド,Xepher Light and Darkness Dragon REMIX,デッドボールP,EXH,16.0
ボーカロイド,Diamond Dust Black Diamond Dust,azuma,EXH,12.0
BEMANI,遠く Dexholic Mix,Dixie Flatline feat.祭屋,EXH,11.0
BEMANI,冥 Rockin' SWING REMIX,164,EXH,16.0
ボーカロイド,RED ZONE NeoClassical Party Remix,幽閉カタルシス,EXH,14.0
BEMANI,ALBIDA Powerless Mix,無力P,EXH,13.0
SDVXオリジナル,It's over,ゆよゆっぺ feat.めらみぽっぷ,EXH,12.0
SDVXオリジナル,Iterator,yanagi,EXH,11.0
ボーカロイド,Evans VolteX Pf arrange,cosMo＠暴走P,EXH,15.0
BEMANI,ガッテンだ!! Novoiski Remix,ノボイスキ,EXH,11.0
SDVXオリジナル,good high school,baker,EXH,8.0
その他,「月風魔伝」龍骨鬼戦 yks Remix,yuukiss,EXH,13.0
ボーカロイド,ごりらがいるんだ,ピノキオP,EXH,12.0
BEMANI,jet coaster☆girl sasakure.UK tRiCkStAr Remix,sasakure.UK feat. mirto,EXH,9.0
SDVXオリジナル,dilemma,豚乙女,EXH,10.0
ボーカロイド,SurVALI,YM,EXH,11.0
BEMANI,smooooch・∀・ KN mix,KN,EXH,13.0
ボーカロイド,とある少年の一日,蝶々P,EXH,13.0
ボーカロイド,ナナイロ,otetsu,EXH,10.0
ボーカロイド,西日暮里の踊り,家の裏でマンボウが死んでるP,EXH,12.0
SDVXオリジナル,Ha･lle･lu･jah,SOUND HOLIC feat. Nana Takahashi,EXH,13.0
ボーカロイド,バタフライキャット,daniwell,EXH,13.0
SDVXオリジナル,PULSE LASER,ヒゲドライバー,EXH,13.0
BEMANI,ヒマワリ MUZIK SERVANT Remix,MUZIK SERVANT,EXH,10.0
ボーカロイド,ふしぎなくすり いっきのみっくす,ゆうゆ,EXH,11.0
BEMANI,Broken 8cmix,iroha(sasaki),EXH,14.0
BEMANI,MAX 300 takamatt MIN REMIX,takamatt,EXH,15.0
BEMANI,Love♡Shine わんだふるmix,ARM (IOSYS) feat. 一ノ瀬月琉 (monotone),EXH,13.0
ボーカロイド,Love♡sicK,8#Prince(八王子P),EXH,12.0
ボーカロイド,Rebellious stage,Dios/シグナルP,EXH,10.0
ボーカロイド,凛として咲く花の如く スプーキィテルミィンミックス,マチゲリータ,EXH,11.0
BEMANI,chaplet,DJ TOTTO,MXM,18.2
FLOOR,天鯨譚,テヅカ x otoshi.b,MXM,18.8
BEMANI,Plan 8,Ryu☆,MXM,19.3
FLOOR,"CAKE,Cake'n Cake!",苺咲べりぃ,MXM,18.2
SDVXオリジナル,Blue Diamond,青龍改,MXM,19.8
FLOOR,ИEXTAGE,polysha&Ashrount,MXM,18.8
その他,イガク,原口沙輔,MXM,18.3
ボーカロイド,いますぐ輪廻,なきそ,MXM,17
その他,L (SDVX ver.),Ice,MXM,18.6
その他,L2 -Reminiscence- (SDVX ver.),Ice,MXM,19.3
その他,お返事まだカナ？おじさん構文！,吉本おじさん,MXM,18.7
東方アレンジ,稲田姫様に叱られちゃいました＃ ～ Romantic Shortfall,りりぃろっくfeat.ЄИ1GM4&桃寝ちのい,MXM,18.5
その他,サイエンス,MIMI,MXM,17
その他,Synthesis.,tn-shi,MXM,19.2
その他,snooze,wotaku feat. SHIKI,MXM,17
その他,777 (Vocal ver.),RoughSketch feat.ななひら,MXM,19.7
東方アレンジ,Celestial Conquest,xi,MXM,19.5
FLOOR,"Zany Arcadia ""E""",天束 vs. siromaru,MXM,19.1
その他,デッドライン症候群,irom,MXM,17
東方アレンジ,Necromantic,暁Records,MXM,17
東方アレンジ,ハートインワンダーランド,森羅万象,MXM,17.5
FLOOR,Black Out,Hommarju,MXM,18.6
東方アレンジ,"Help me, ERINNNNNN!!",ビートまりお,MXM,18.4
FLOOR,Massive Strength,Riz,MXM,18.2
その他,モンダイナイトリッパー！,名取さな,MXM,17
東方アレンジ,ンポロロッカ,かめりあ,MXM,17
FLOOR,双星の冒険録,やどりぎ,MXM,18.6
BEMANI,天泣,"BEMANI Sound Team ""meteorologists""",MXM,19.3
FLOOR,Blessed Horizon,Qutabire,MXM,18.6
BEMANI,めた・メタ？ひまわり＊パンチ,ひまわり＊パンチ,MXM,17
FLOOR,#Evil_Signs_of_Bloodlines,RoughSkreamZ,MXM,18.5
その他,555 (Please call me “Go! Go! Go!”),RoughSketch,MXM,19.1
その他,Temporal Veil,Gardens,MXM,18.4
その他,フラッフィー・アドベンチャー！,みーに feat. まより,MXM,17
FLOOR,Divine Ether,あまみ×ひなみ,MXM,18.5
FLOOR,Sunlit toybox,Juggernaut. + しーけー,MXM,18.3
FLOOR,マジかる☆doll ユタニケちゃん,Tsubusare BOZZ feat.madoka*,MXM,18.2
その他,シンクロニティ,おめがシスターズ,MXM,17
東方アレンジ,FLOOD_FLOOR,brz1128,MXM,18.3
東方アレンジ,落赤,Acotto feat. 記憶に残る,MXM,17
FLOOR,ハートビート×スラッガー,あまみ×ひなみ,MXM,18.1
FLOOR,FLAVOR-G,utzbo,MXM,18.3
BEMANI,朱と碧のランページ,covered by 儒烏風亭らでん(ReGLOSS),MXM,17
BEMANI,カジノファイヤーことみちゃん,covered by 一条莉々華(ReGLOSS),MXM,18.0
その他,Shooting Star,ReGLOSS,MXM,17
BEMANI,murmur twins (guitar pop ver.),covered by 音乃瀬奏(ReGLOSS),MXM,17
BEMANI,リメンバーリメンバー,covered by 轟はじめ(ReGLOSS),MXM,16
その他,FRENZY HEART,EBIMAYO,MXM,19.0
その他,HOLOGRAPHY,RYOQUCHA,MXM,18.3
その他,Like the Starlight,uma,MXM,18.2
東方アレンジ,東風に鳴き翠嵐を想う,めと（Metomate）,MXM,18.5
東方アレンジ,Breath of Faith,satie,MXM,17
BEMANI,焔華,movies(moimoi×Xceon×Dai.),MXM,17
その他,オーバーライド,吉田夜世,MXM,18.1
BEMANI,Timepiece phase Ⅱ,佐々木博史,MXM,19.4
その他,ライアーダンサー,マサラダ,MXM,17
東方アレンジ,幻想プロミネンス,deli. vs 駄々子 vs かなたん,MXM,18.2
その他,右肩の蝶 (空澄セナ Cover),のりP,MXM,17
東方アレンジ,Misfortune Crawler,Aoi,MXM,18.4
SDVXオリジナル,// If Summer Ever Comes_,黒魔,MXM,19.8
SDVXオリジナル,ØVER《Δ》,EmoCosine overlay,MXM,19.8
SDVXオリジナル,オムニシエント・ゼロ,ke-ji（CERTIA）,MXM,19.4
SDVXオリジナル,カミツレの成り方,テヅカ feat. 遠山小春,MXM,18.3
SDVXオリジナル,KINGDOM COME,RoughSketch,MXM,20.6
SDVXオリジナル,Grαnd Arχitect,CHUBAY,MXM,18.8
SDVXオリジナル,Lollipop Error 404,Tsubusare BOZZ feat.madoka*,MXM,18.3
東方アレンジ,千歳に泡影,Inaori feat.兎角あかり,MXM,17
東方アレンジ,Lost Gear Syndrome,polysha vs. モリモリあつし,MXM,18.1
BEMANI,EYE OF THE HEAVEN,"BEMANI Sound Team ""U1-ASAMi""",MXM,19.3
BEMANI,Electronic Sports Complex,栄免建設,MXM,19.0
BEMANI,EROICA,"BEMANI Sound Team ""HERO""",MXM,19.7
BEMANI,Secret Rouge,ハレトキドキ,MXM,17
BEMANI,Snow Garland Fairy,"BEMANI Sound Team ""KE!JU""",MXM,18.3
その他,ぐしゃ,ポラリスピー,MXM,17
その他,Dear Deer,Hylen,MXM,18.3
その他,DISTORDER,DJ Myosuke,MXM,19.1
ボーカロイド,アイスクリームマジック,雪乃イト,MXM,17
ボーカロイド,エクスプロウル,晴いちばん,MXM,18.5
その他,惑星ループ (花芽すみれ Cover),ナユタン星人,MXM,17
ボーカロイド,ギャ・ギャ・ギャ・ギャラクシー！,つきみぐー、,MXM,17
ボーカロイド,悲報！ワイ！ニート！,Shu,MXM,18.2
ボーカロイド,あおばの足音,駄菓子O型,MXM,17
ボーカロイド,覚悟せよ！エンタンメ～ン ～より身の切り売り自暴自棄版～,マキシウキョウ,MXM,18.0
BEMANI,Windy Fairy,DJ TOTTO,MXM,17
BEMANI,幻影ノ消失,Xceon feat. Mayumi Morinaga,MXM,17
BEMANI,SCHWARZSCHILD FIELD,L.E.D.,MXM,18.5
BEMANI,Towards The Horizon,かめりあ,MXM,18.3
BEMANI,ビューティフル レシート,Lucky Vacuum,MXM,18.3
その他,CO5M1C R4ILR0AD,kanone,MXM,18.3
その他,ヒュブリスの頂に聳えるのは,qfeileadh feat.のあ,MXM,18.3
その他,Ö<3rf10₩,momocaca (月乃×Capchii),MXM,19.3
その他,Crossfade,La prière,MXM,17
その他,星界のアルペジオ,yuichi NAGAO,MXM,18.0
SDVXオリジナル,神凪,BlackY feat. Risa Yuzuki,MXM,20.7
SDVXオリジナル,Gryphone,ETIA.,MXM,19.5
SDVXオリジナル,黒蝶のワルツ,ぺのれり,MXM,19.7
SDVXオリジナル,Who then no 灯,星野音楽工房,MXM,19.7
その他,神威,TJ.hangneil,MXM,19.6
ボーカロイド,テレパシ,DECO*27,MXM,18.2
ボーカロイド,What's up? Pop!,Capchii feat. 初音ミク,MXM,19.4
BEMANI,Caldwell 99,BlackY,MXM,18.3
BEMANI,シュレーディンガーの猫,Cait Sith,MXM,19.5
その他,かくれんぼ (胡桃のあ Cover),AliA,MXM,17
SDVXオリジナル,Ardenok,kanone VS nora2r,MXM,19.4
SDVXオリジナル,Our garden is blue.,庭師+Aoi,MXM,20.6
SDVXオリジナル,Golden Rotation,xi,MXM,18.5
SDVXオリジナル,Jupiter,technoplanet feat. Tamako Kinoshita,MXM,18.4
SDVXオリジナル,Titanomachia,打打だいず vs. siromaru,MXM,19.3
SDVXオリジナル,流転に咲く魂の花,めと（Metomate）,MXM,18.7
FLOOR,回想音楽 - Thank you for your playing music,deli.+駄々子,MXM,17
FLOOR,caramel ribbon (Tatsunoshin Remix),Tatsunoshin,MXM,18.3
FLOOR,XROSS INFECTION -xiRemix-,xi,MXM,19.4
FLOOR,The world of sound -celestial mix-,BlackY feat. Risa Yuzuki,MXM,18.7
FLOOR,Dynasty -dal segno-,Ashrount,MXM,18.2
その他,いいわけバニー,兎田ぺこら,MXM,17.5
その他,最強女神†ウーサペコラ,兎田ぺこら,MXM,18.0
その他,全人類　兎化計画！,兎田ぺこら,MXM,18.1
その他,ララララビット！！,兎田ぺこら,MXM,17
ひなビタ♪/バンめし♪,じもとっこスイーツ♪,ホララ・ホリック with 日向美ビタースイーツ♪,MXM,17
ひなビタ♪/バンめし♪,チョコレートスマイル,日向美ビタースイーツ♪ & ここなつ,MXM,17
ひなビタ♪/バンめし♪,ロマンシングエスケープ,ここなつ2.0,MXM,17
FLOOR,孤独のドロップハンター,otoshi.b×でか大×みゅい,MXM,17
FLOOR,ぼくらのはじまりのおと,Shiron+こふ×モリモリあつしと提供でお送りしました。,MXM,18.7
FLOOR,MiRÀi,#EmoCosine,MXM,18.4
FLOOR,Line markeR,打打だいず,MXM,18.6
FLOOR,reSTART yOUR STORIES,setu-O,MXM,18.3
FLOOR,C18H27NO3(ryhki remix),ryhki,MXM,18.2
FLOOR,Crack Traxxxx (108x3 BPM Remix),RoughSketch,MXM,18.6
FLOOR,大宇宙ステージ奈落変,めと（Metomate）,MXM,18.6
FLOOR,"Profession (αirlemoneX ""Mechanical Engineering"" Remix)",αirlemoneX,MXM,17
ボーカロイド,強風オールバック,Yukopi,MXM,17.5
その他,テトリス,柊マグネタイト,MXM,18.2
その他,人マニア,原口沙輔,MXM,17.5
ボーカロイド,メズマライザー,サツキ,MXM,18.2
FLOOR,一水山風,Enterskip,MXM,18.3
FLOOR,Superstar!,Tatsunoshin,MXM,19.5
FLOOR,永久の粒虹,Yu-dachi,MXM,18.8
FLOOR,鳳凰誓歌,流星のサイトシーイング feat.雪希,MXM,17
FLOOR,Lunatic Mare,Alkome,MXM,18.2
SDVXオリジナル,ヴァルプルギスの夜,すっかりBPM200以下の曲を作れない体に改造されてしまった哀れなかぼちゃを見るがいい,MXM,18.5
SDVXオリジナル,Guinevere～白き妖精～,ぺのれり,MXM,19.7
SDVXオリジナル,細氷,かねこちはる,MXM,19.3
SDVXオリジナル,X1GNUS,BlackY,MXM,18.6
SDVXオリジナル,Never Forget Evergreen,黒魔,MXM,18.2
SDVXオリジナル,Nebula Dysorder,かめりあ,MXM,19.9
SDVXオリジナル,For All The Challengers,cosMo＠暴走P,MXM,18.3
SDVXオリジナル,Little Red Riding Hood,RoughSketch,MXM,18.6
SDVXオリジナル,while (screen is blue),kamome sano,MXM,19.7
その他,Everything B.K.,nora2r,MXM,18.6
その他,B.B.K.K.B.K.K. (USAO Remix),nora2r Remixed by USAO,MXM,18.4
その他,B.B.K.K.B.K.K. (影虎。 & siqlo PsyRemix),nora2r Remixed by 影虎。 & siqlo,MXM,17
FLOOR,ΛNXIENT:LEGΛXIEZ,Ashrount,MXM,18.7
FLOOR,ØverwriteTheCatastrophe,deli.+駄々子,MXM,18.5
FLOOR,Cumulonimbus,Hidra-Xjeil,MXM,18.5
FLOOR,Kool Awesome Croon,Super Shrimp,MXM,18.3
その他,I'm Your Treasure Box ＊あなたは マリンせんちょうを たからばこからみつけた。,宝鐘マリン,MXM,17
その他,Ahoy!! 我ら宝鐘海賊団☆,宝鐘マリン,MXM,18.2
その他,美少女無罪♡パイレーツ,宝鐘マリン,MXM,17
その他,幽霊船戦,宝鐘マリン,MXM,18.4
BEMANI,Come to Life,ARM (IOSYS) feat. Nicole Curry,MXM,18.0
BEMANI,COSMIC V3LOCITY,"BEMANI Sound Team ""Coyaan & KE!JU & ZAQUVA""",MXM,19.4
BEMANI,SOLAR ECLIPSE,"Yuta Imai Vs. BEMANI Sound Team ""Yvya""",MXM,19.1
FLOOR,Imitated Visions,荒谷サトル,MXM,18.7
FLOOR,こどもかくしのアンダーランド,iru feat. 桃寝ちのい,MXM,18.5
FLOOR,憧憬のファンファーレ,CHUBAY,MXM,18.5
FLOOR,Xinca,隣の庭は青い(庭師+Aoi),MXM,19.2
FLOOR,JACK -the KING Ki11ing-,打打だいず vs. siromaru,MXM,19.3
FLOOR,すべてを賭して,ke-ji,MXM,18.9
FLOOR,Don't you dare play GOD,technoplanet feat. Tamako Kinoshita,MXM,20.3
FLOOR,Voice 2 Voice n Voice,Acotto,MXM,17
POPS&アニメ,Growing Up／アニメ「この素晴らしい世界に祝福を！３」より,Machico,MXM,17
FLOOR,GIGI BABA(brz_style),brz1128,MXM,18.1
FLOOR,"PANIC HOLIC (かめりあ's ""24600 POWER"" Remix)",かめりあ,MXM,18.4
FLOOR,Four Leaves (Whitelily. remix),Whitelily.(みーに&しろさきあや),MXM,17.5
BEMANI,OROCHI STRIKE,"Hommarju & BEMANI Sound Team ""兎々""",MXM,18.5
BEMANI,Blφφdy Cφncertφ,OSTER project & RoughSketch,MXM,18.5
BEMANI,REINCARNATION,P*Light,MXM,19.3
BEMANI,Lichtsäule,"かめりあ & BEMANI Sound Team ""PHQUASE""",MXM,19.5
BEMANI,Re:RHYZE,beatnation RHYZE,MXM,18.3
FLOOR,We Are GamerZ!,Ninja Never DieS!,MXM,18.3
FLOOR,∞vitUniverse,Lime,MXM,18.3
FLOOR,ハガネノツルギ,coTatsu,MXM,17.5
FLOOR,¡¡Fanta∽cramble!!,Potwi,MXM,17
東方アレンジ,残像ニ繋ガレタ追憶ノHIDEAWAY,"SOUND HOLIC Vs. BEMANI Sound Team ""KE!JU"" feat. Nana Takahashi",MXM,17
東方アレンジ,SUPER HEROINE!!,"Amateras Records vs BEMANI Sound Team ""TATSUYA"" feat. miko",MXM,17
東方アレンジ,弾幕信仰,"豚乙女×BEMANI Sound Team ""PON""",MXM,18.3
東方アレンジ,閉塞的フレーション,"Pizuya's Cell VS BEMANI Sound Team ""dj TAKA""",MXM,18.1
BEMANI,ARACHNE,MAX MAXIMIZER,MXM,18.5
BEMANI,梅雪夜,Qrispy Joybox feat.mao,MXM,17
BEMANI,Crazy Jackpot,Hommarju,MXM,18.1
BEMANI,黒紅掬い,猫叉Master feat.霜月はるか,MXM,17
BEMANI,Poochie,kors k,MXM,18.4
FLOOR,アイの雫,kuro,MXM,18.5
FLOOR,Almandite,7mai,MXM,18.6
FLOOR,邪魔をしないで,Symholic feat.狛茉璃奈,MXM,17
FLOOR,Hopscotch,GrivR.,MXM,17.5
FLOOR,XΛLT=ØVER,Ashrount,MXM,19.4
FLOOR,Entropic EnĤαncemEnt,CHUBAY,MXM,19.5
FLOOR,SAD1STIC Я04D,Enterskip,MXM,19.3
FLOOR,Sweetie Beauti Magic,打打だいず feat. 凜々,MXM,18.6
FLOOR,月明りの旅人たち,coTatsu,MXM,17
FLOOR,Two of Wonder Lights,technoplanet feat. Tamako Kinoshita,MXM,18.4
FLOOR,トキノコエト,setu-O meets 駄々子,MXM,18.2
FLOOR,Vigor(siqlo's Hi-Tech Veats),siqlo,MXM,17
FLOOR,おにいちゃんグリッチホップ ～eternal love remix～,HOUJIROU feat. 杠葉えりか,MXM,17
FLOOR,Scarlet Pinheel -appassionato-,BlackY,MXM,18.4
FLOOR,ミュージックプレイヤー （J-pop Remix）,technoplanet feat. Risa Yuzuki,MXM,18.4
FLOOR,WobbleTangleFestival (影虎。 & ikaruga_nex's HDM RMX),影虎。 & ikaruga_nex,MXM,17
FLOOR,King's Gambit,brz1128,MXM,18.2
FLOOR,七七七夕,Mono. + uynet,MXM,18.3
FLOOR,HEAVEN KNOWS,U-ske feat.石橋桃,MXM,18.6
FLOOR,You Only Live Twice,Sephid feat. aria,MXM,17
その他,愛昧ショコラーテ,角巻わため,MXM,16
その他,曇天羊,角巻わため,MXM,17
その他,My song,角巻わため,MXM,18.1
その他,What an amazing swing,角巻わため,MXM,17.5
FLOOR,Appliqué(Vocal Remix),nonomori feat. Nanao,MXM,18.3
FLOOR,Gate of Atlantis (Vocal ∞ Mix),MasKaleido feat. ぁゅ,MXM,17
FLOOR,The setting sun(burst),nozakita kazumi,MXM,17.5
FLOOR,Max Burning!!(GαineN Beyond yΩu Remix),概念,MXM,18.5
FLOOR,ARISE,Juggernaut.,MXM,19.2
FLOOR,Allegro Saetta,天束 vs. siromaru,MXM,19.2
FLOOR,{ eXLIPXe },{ かめりあ },MXM,20.8
FLOOR,ウイジン,"CHUBAY as ""NOVICE""",MXM,18.4
FLOOR,Ex concordia felicitas,Connexio,MXM,18.3
FLOOR,Colorful Magical Parade,Tsubusare BOZZ feat.madoka*,MXM,17
FLOOR,StellarflightS,otoshi.b,MXM,18.2
FLOOR,Knew Order,あまみ×ひなみ,MXM,18.3
FLOOR,NO SURRENDER,493Water,MXM,18.4
FLOOR,BEMANI PRO LEAGUE -SEASON 2- SOUND VOLTEX ULTIMATE MEDLEY,FLOOR LEGENDS -BPL S2 SDVX-,MXM,19.0
FLOOR,プリュネシエル,瀬名 feat. 音羽ことり。,MXM,17
FLOOR,Cuz we <3 this Game,打打だいず,MXM,19.7
FLOOR,Xeno Gravity,xi,MXM,19.9
FLOOR,NEMSYS ARENA World Hexathlon,隣の庭は青い(庭師+Aoi),MXM,20.7
FLOOR,異次元の孤独～カナタノキミヘ～,RoughSkreamZ feat. Sennzai,MXM,18.6
FLOOR,Crawl Out Immortal,U-ske feat.Parfaitty,MXM,18.3
FLOOR,SΛMVICΛ,seatrus -Reborn-,MXM,18.6
FLOOR,MΔX FLAVØR,EmoCosine overlay,MXM,18.7
FLOOR,Ars Magna,Riz,MXM,18.5
FLOOR,Inevitable Magic,Alkome,MXM,18.1
FLOOR,LOVE TONIC,影虎。,MXM,18.5
BEMANI,waxing and wanding,青龍,MXM,18.1
FLOOR,グリーディ・スターズ！,みーに feat. しろさきあや,MXM,18.4
FLOOR,Di-Da-De-Doo,Yu_Asahina ft.Mizutama,MXM,18.4
FLOOR,Break Through Δpex,Halv feat.Kuroa*,MXM,18.6
FLOOR,イグジスター,東雲蛍 feat. はぁち,MXM,18.6
その他,カミサマ・ネコサマ,猫又おかゆ,MXM,17
その他,毒杯スワロウ,猫又おかゆ,MXM,18.1
FLOOR,花火のおもちゃ箱,Yu-dachi,MXM,18.8
その他,もぐもぐYUMMY！,猫又おかゆ,MXM,17
FLOOR,La Nostra Storia!,polysha w/ mikanzil,MXM,18.5
BEMANI,Ambivalent Vermilia,"BEMANI Sound Team ""二代目朱雀 feat.朱雀""",MXM,19.2
FLOOR,V!LLA!N,Kaname,MXM,18.3
FLOOR,ON THE WORLD,Yuta Imai,MXM,18.7
BEMANI,ちょえちょえまぎか,Pizuya's Cell,MXM,17
BEMANI,Deep tenDon Reflex,"BEMANI Sound Team ""Coyaan""",MXM,18.3
FLOOR,TOYBOX CANNØN=͟͟͞ Σ≡=｡ﾟ:*.:+｡.☆,Mono.,MXM,18.4
FLOOR,群青纏う朱の槍,めと（Metomate）,MXM,18.5
FLOOR,CHOVERY GOOSE!!!,MYUKKE.,MXM,18.5
FLOOR,トリコエリヌム▽コンチェルト,qfeileadh,MXM,18.7
FLOOR,We Are All The Dreamer,Hommarju ft. かぼちゃ,MXM,18.2
FLOOR,Double or Nothing,Tatsunoshin,MXM,18.5
その他,アンチグラビティ・ガール,月ノ美兎,MXM,18.7
その他,コントレイル,葛葉,MXM,17
その他,Virtual to LIVE,にじさんじ,MXM,17
その他,Circuit Surfer,kors k,MXM,19.2
BEMANI,ちくわパフェだよ☆ＣＫＰ (Yvya Remix),"Remixed by BEMANI Sound Team ""Yvya""",MXM,18.5
ひなビタ♪/バンめし♪,ポラリスノウタ,ここなつ2.0,MXM,17
BEMANI,めうめうぺったんたん！！ (ZAQUVA Remix),"Remixed by BEMANI Sound Team ""ZAQUVA""",MXM,18.5
FLOOR,Λkasha,BlackY feat. Risa Yuzuki,MXM,20.4
FLOOR,=∴NOMADE∵OTION=,qfeileadh + yuichi NAGAO,MXM,18.8
FLOOR,OVEЯ+TUЯE,kanone VS nora2r,MXM,19.4
FLOOR,随神,影虎。,MXM,18.5
FLOOR,TOKAKU=ALMiRAJ,MYUKKE.,MXM,18.6
FLOOR,Burst Λnd reBoost,めと（Metomate）,MXM,19.4
FLOOR,レインボウ・フレーバー,みーに feat. 杠葉えりか,MXM,18.3
ボーカロイド,ポッピンキャンディ☆フィーバー！,キノシタ feat.音街ウナ・鏡音リン,MXM,17
ボーカロイド,ポジティブ☆ダンスタイム,キノシタ feat.音街ウナ・鏡音リン,MXM,17
FLOOR,GEROL (Yooh Remix),Yooh,MXM,17.5
FLOOR,Sayonara Planet Wars (Sot-C Remix),Sot-C,MXM,18.6
FLOOR,ドリームエンド・サバイバー(Hidra-Xjeil Remix),Hidra-Xjeil,MXM,18.2
FLOOR,Lovesick Lovetune(brz_style),brz1128 feat.しろさきあや,MXM,17
その他,おにけもだんす,いろはにほへっと あやふぶみ(白上フブキ/百鬼あやめ/大神ミオ),MXM,17
BEMANI,朧,白上フブキ,MXM,17
その他,KINGWORLD,白上フブキ,MXM,18.1
その他,Say!ファンファーレ!,白上フブキ,MXM,17
その他,Happiness World,BABACORN(宝鐘マリン/白上フブキ),MXM,16
BEMANI,QQ,"BEMANI Sound Team ""PHQUASE & ZAQUVA""",MXM,19.2
BEMANI,Stylus,"BEMANI Sound Team ""HuΣeR""",MXM,18.4
SDVXオリジナル,HeaveИ's Rain,モリモリあつし,MXM,20.6
SDVXオリジナル,Undead Raving Scare,RoughSkreamZ,MXM,19.7
SDVXオリジナル,and After the Merry BADEND,polysha,MXM,19.5
SDVXオリジナル,Enter The Rave,Tatsunoshin,MXM,18.5
SDVXオリジナル,SHARK IMPACT,ryhki,MXM,18.3
SDVXオリジナル,十三不塔,隣の卓は役満(庭師+Aoi),MXM,18.4
SDVXオリジナル,リュミレイラ,後藤 feat. nayuta,MXM,18.4
BEMANI,Amazing Mirage,lapix,MXM,18.3
BEMANI,Element of SPADA,猫叉Master feat.霜月はるか,MXM,17
BEMANI,KAMAITACHI,DJ TECHNORCH fw. GUHROOVY,MXM,18.4
BEMANI,Follow Tomorrow,HHH×MM×ST,MXM,17
BEMANI,Please Welcome Mr.C,C-Show,MXM,18.5
BEMANI,One More Lovely,Risk Junk,MXM,19.3
FLOOR,Voice 7 Voice!!!!!!!,かめりあ feat. ななひら,MXM,18.7
FLOOR,Demetel (Erixa ”MYTH” Remix),Erixa,MXM,17
FLOOR,Dawn of Asia(Alkome Remix),Alkome,MXM,17
FLOOR,ませまてぃっく♡ま＋ま＝まじっく！　～徹夜の追込みエナジーまっくす！～,KAH feat.こにゃばた,MXM,18.0
BEMANI,suspicions,"BEMANI Sound Team ""猫叉Master VS dj TAKA""",MXM,18.8
BEMANI,THE PEERLESS UNDER HEAVEN,"Yuta Imai Vs. BEMANI Sound Team ""L.E.D.-G""",MXM,18.4
BEMANI,stellar rain,"BEMANI Sound Team ""PHQUASE""",MXM,18.4
SDVXオリジナル,APØCALYPSE RAY,xi,MXM,20.3
BEMANI,パーフェクトイーター,"BEMANI Sound Team ""PON"" feat.かなたん",MXM,18.5
BEMANI,累乗のカルマ,めと（Metomate）,MXM,18.3
SDVXオリジナル,ΣMERGENCY CODΣ,概念,MXM,18.3
SDVXオリジナル,Spectacular“V”Adventure!,Enterskip,MXM,19.6
SDVXオリジナル,BLISS,ミハイル + K.key,MXM,18.6
SDVXオリジナル,Breakneck Pursuit,Ashrount,MXM,19.2
SDVXオリジナル,Marielle,ゆんゆん,MXM,18.3
SDVXオリジナル,忘れないように、失くさないように,Mono.,MXM,18.8
その他,おちゃめ機能,ゴジマジP feat. 重音テト,MXM,17
その他,おねがいダーリン,OИE,MXM,17
FLOOR,Absurd Gaff (Metallize Remix),Metal Giant,MXM,19.4
FLOOR,うぇるかむ -||祭みっくす||-,忠兵衛,MXM,18.6
BEMANI,Shera,MYUKKE.,MXM,18.0
BEMANI,birth,Yu_Asahina,MXM,18.4
BEMANI,Prayer,溝口ゆうま feat. 大瀬良あい,MXM,18.2
FLOOR,劇場版ムーニャポヨポヨスッポコニャーゴ~侵略だいず帝国！ドラマティック宇宙大戦争~,打打だいず,MXM,18.5
FLOOR,The EXworld of sound,"Remix by Aoi, Vocal by Kuroa*",MXM,18.2
FLOOR,トーキョーサマーナイト（華金Remix）,あまみ×ひなみ,MXM,17
FLOOR,Pixelated Platform (Super Honey!),そよもぎ,MXM,17
BEMANI,凛として咲く花の如く,大神ミオ,MXM,17
FLOOR,Juωpscare!!,coTatsu,MXM,18.1
FLOOR,Second Game,Tracy feat. miko,MXM,17
FLOOR,D.I.X.,日夜すずり feat. 凜々,MXM,18.7
FLOOR,ハッピーエンド,technoplanet feat. Kuroto Sion,MXM,18.5
FLOOR,PRIDE of the FIREBALL,かぼちゃ feat. CO-DA,MXM,17
POPS&アニメ,Realize／アニメ「Re:ゼロから始める異世界生活」より,鈴木このみ,MXM,17
POPS&アニメ,Redo／アニメ「Re:ゼロから始める異世界生活」より,鈴木このみ,MXM,17
FLOOR,CadenzaMaiden,u-z feat.紫咲ほたる,MXM,18.6
FLOOR,機械仕掛けの魔法使い,Tsubusare BOZZ feat.madoka*,MXM,17
FLOOR,天穹のアルカナビット,打打だいず + Tanchiky + siromaru,MXM,18.4
FLOOR,For.*tune,Capchii × low meow × Uzumaki,MXM,17
東方アレンジ,無意識レクイエム (cosmobsp rmx),cosMo＠暴走P (original arranged by 森羅万象),MXM,19.1
東方アレンジ,マツヨイナイトバグ,ビートまりおとまろん,MXM,18.1
東方アレンジ,無意識レクイエム,森羅万象,MXM,17
東方アレンジ,Lost Emotion feat. nomico,Alstroemeria Records,MXM,17
FLOOR,アルファ・スカイ,みーに feat. しろさきあや,MXM,17
FLOOR,いでぃおで結構！,諸星なな feat.加藤はるか,MXM,17
その他,ENERGY SYNERGY MATRIX,Tanchiky,MXM,18.5
FLOOR,Zero-Day Exploit(One-Day Fusion Mix),庭師,MXM,18.5
その他,WWW,HIMEHINA,MXM,17
その他,チェイスチェイスジョーカーズのうた,カギコ&チノン（CV:金元寿子&大空直美）,MXM,17.5
FLOOR,Chocolate Planet (いるちょこRemix),irucaice feat. ちょこ,MXM,17
FLOOR,Distorted Floor -Boosted-,M-UE vs. siromaru,MXM,18.0
その他,"Hello, Hologram",HIMEHINA,MXM,18.3
ボーカロイド,ヒバナ-Reloaded-,DECO*27,MXM,17
その他,Blossom,Synthion,MXM,18.0
BEMANI,Aerial Skydive,Dirty Androids,MXM,17
BEMANI,quaver♪,Risk Junk,MXM,18.2
BEMANI,FUJIMORI -祭- FESTIVAL,VENUS,MXM,17.5
BEMANI,Black or Red?,コスモドライバー  join. shully & Nimo,MXM,17
BEMANI,リリーゼと炎龍レーヴァテイン,黒猫ダンジョン,MXM,18.3
FLOOR,赫焉のヴァルキュリア -Ragnarøk-,ryhki,MXM,19.3
FLOOR,CUDDLIE CUDDLIE,ゆんゆん,MXM,17
FLOOR,Garland,ミハイル + K.key,MXM,18.4
FLOOR,SuddeИDeath,xi vs. モリモリあつし,MXM,20.9
FLOOR,S(TAR)²☆pistol,Mono.,MXM,18.2
FLOOR,ステラ・イミグレーション,後藤 feat. リリカ,MXM,17
FLOOR,Brave Power Leader 《 = Voltage = 》,概念,MXM,18.2
FLOOR,HALO,Tatsunoshin,MXM,19.2
FLOOR,零天視,隣の庭は青い(庭師+Aoi),MXM,18.5
BEMANI,アガット,Bazole,MXM,18.5
BEMANI,Welcome to the Mosh Pit,lapix,MXM,18.2
BEMANI,[E],dj MAX STEROID,MXM,17
BEMANI,少年リップルズ,常盤ゆう,MXM,18.5
その他,過去を喰らう,花譜,MXM,18.1
その他,食虫植物,理芽,MXM,16
その他,フォニイ,ツミキ feat.可不,MXM,17
FLOOR,Glory of Fighters,RoughSkreamZ,MXM,19.7
FLOOR,All We Need is HAPPY END!!!,polysha,MXM,19.4
SDVXオリジナル,Tickled Pink,"BEMANI Sound Team ""ZAQUVA""",MXM,18.3
FLOOR,DEUX EX MĀXHINĀ,Ashrount,MXM,19.6
FLOOR,MILITARY R04D,Enterskip,MXM,19.5
BEMANI,禊,Nhato,MXM,18.6
BEMANI,恋愛＝精度×認識力,"立秋 vs. BEMANI Sound Team ""L.E.D.-G"" feat.ちょこ＆ななひら",MXM,19.6
BEMANI,儚キ戀ノ幻想譚,まろん feat. あやぽんず＊ (森羅万象),MXM,18.3
FLOOR,Thousand Triggers,めと（Metomate）,MXM,18.7
FLOOR,trea→journey,CHUBAY,MXM,18.9
FLOOR,イグノアザーズ,U-ske feat. 安土桃,MXM,18.6
FLOOR,Paradigm Shift,あまみ×ひなみ,MXM,18.6
FLOOR,Fl0ating:,yuichi NAGAO,MXM,18.6
FLOOR,Petit espoir,しーけー,MXM,18.4
FLOOR,最果ての勇者にラブソングを,deli.+駄々子,MXM,18.6
FLOOR,灼ナル刃、破カヰ譜,Symholic feat.狛茉璃奈,MXM,18.4
FLOOR,Initiating League,EmoCosine vs. nora2r,MXM,18.6
FLOOR,Scat Jazz Dance,Super Shrimp,MXM,18.8
FLOOR,Ice Fortress,荒谷サトル,MXM,18.7
SDVXオリジナル,graduation,星野音楽工房,MXM,18.6
その他,シル・ヴ・プレジデント,P丸様。,MXM,17.5
FLOOR,MURASAME,Hommarju,MXM,18.8
FLOOR,ENDGAME,Yuta Imai,MXM,18.7
FLOOR,ИADIR,Ashrount vs polysha,MXM,18.4
FLOOR,WINNING ROAD,setu-O,MXM,18.8
FLOOR,Chat perché,Ange;art + Nota,MXM,18.4
ボーカロイド,グッバイ宣言,Chinozo,MXM,17
その他,透明声彩,YuNi,MXM,17
FLOOR,神罰,cosMo＠暴走P,MXM,18.8
FLOOR,Never Ending Future,#EmoCosine,MXM,18.4
FLOOR,Hydroblast,Aoi vs. siromaru,MXM,18.5
FLOOR,Μοῦσα,ushiee,MXM,17
FLOOR,Re:call,pan+meal feat.駄々子,MXM,17
BEMANI,[ ]DENTITY,"BEMANI Sound Team ""HuΣeR""",MXM,19.7
その他,Awakening Wings,伊達朱里紗,MXM,17
BEMANI,VOLAQUAS,"BEMANI Sound Team ""DJ TOTTO VS 兎々""",MXM,19.3
BEMANI,Snowmelt,"nora2r × BEMANI Sound Team ""Yvya""",MXM,18.5
BEMANI,perditus†paradisus,iconoclasm,MXM,19.6
BEMANI,White Stream,"BEMANI Sound Team ""ZAQUVA""",MXM,18.5
その他,インドア系ならトラックメイカー,Yunomi & nicamoq,MXM,17.5
ボーカロイド,ヴァンパイア,DECO*27,MXM,17
SDVXオリジナル,You Are My Best RivaL!!,cosMo＠暴走P,MXM,20.5
FLOOR,Imperator,Xe (αirlemoneX),MXM,18.5
FLOOR,ØƵ,Hommarju ft. Mayumi Morinaga,MXM,18.6
FLOOR,SHARK ATTACK,ryhki,MXM,18.4
FLOOR,Re:Rose Gun Shoooot!,あるふぁ,MXM,17
その他,Spider Dance / スパイダーダンス,Toby Fox,MXM,17
その他,SAVE the World,Toby Fox,MXM,18.0
その他,Heartache / 心の痛み,Toby Fox,MXM,16
その他,Battle Against a True Hero / 本物のヒーローとの戦い,Toby Fox,MXM,18.3
その他,MEGALOVANIA,Toby Fox,MXM,18.5
FLOOR,Splash Underwater,siqlo,MXM,17
FLOOR,涙の女神と無形のエトワル,Yu-dachi,MXM,18.7
FLOOR,夢幻泡影,wa.,MXM,18.7
SDVXオリジナル,Revvable Engine,nora2r,MXM,18.3
SDVXオリジナル,いまきみに,"Silentroom as ""少年R""",MXM,20.3
SDVXオリジナル,赫焉,打打だいず vs. siromaru,MXM,19.7
SDVXオリジナル,光風霽月,影虎。,MXM,18.8
SDVXオリジナル,STIGMA,U-ske feat. 棗いつき,MXM,18.3
SDVXオリジナル,VΛZiLiSQ,BlackY,MXM,19.1
SDVXオリジナル,Fαtα∠ Ent∠mEnt,CHUBAY,MXM,19.4
SDVXオリジナル,Lost Parliament,Juggernaut.,MXM,18.3
その他,あいあむなんばーわんパトラちゃん様,周防パトラ,MXM,18.6
その他,ぶいちゅっばの歌,周防パトラ,MXM,17
その他,ASGORE / アズゴア,Toby Fox,MXM,17
その他,Spear of Justice / 正義の槍,Toby Fox,MXM,17
その他,Death by Glamour / 華麗なる死闘,Toby Fox,MXM,17
その他,Finale / フィナーレ,Toby Fox,MXM,18.4
その他,Bonetrousle,Toby Fox,MXM,16
SDVXオリジナル,Avalanx,隣の庭は青い(庭師+Aoi),MXM,19.2
SDVXオリジナル,極夜、暁を望んで,めと（Metomate）,MXM,18.4
SDVXオリジナル,Grandeur,CANVAS x RoughSketch feat. Quimär,MXM,18.4
SDVXオリジナル,Stairway to the sun,Noah,MXM,18.3
SDVXオリジナル,すべてが幻になった後で,かめりあ・超機装幻楽隊,MXM,19.8
SDVXオリジナル,Bl∞min',MisoilePunch♪ -Forever-,MXM,20.6
SDVXオリジナル,LaμreLs ~the Angelus~,Ashrount,MXM,19.4
FLOOR,Across the Starlight,かゆき,MXM,18.5
SDVXオリジナル,Kontrol Line,Yooh,MXM,18.5
FLOOR,Twinkle Rookie,Halv,MXM,18.2
FLOOR,NOT YOUR IDOL,Yuta Imai,MXM,18.5
FLOOR,PHOTON BLAXT,seatrus,MXM,18.4
FLOOR,メテオライツ・プレリュード,みーに,MXM,17
BEMANI,"ピアノ独奏無言歌 ""灰燼""","BEMANI Sound Team ""Virkato Wakhmaninov""",MXM,19.9
ひなビタ♪/バンめし♪,イエルウタ,ここなつ2.0,MXM,16
ひなビタ♪/バンめし♪,カシオペアノヒカリ,ここなつ2.0,MXM,17
ひなビタ♪/バンめし♪,ステラレギア,ここなつ2.0,MXM,17
ひなビタ♪/バンめし♪,ハートシェイプ・スピカ,ここなつ2.0,MXM,17
ひなビタ♪/バンめし♪,マーメイドペレパスィ,ここなつ2.0,MXM,16
ひなビタ♪/バンめし♪,メモリーズ,ここなつ2.0,MXM,17.5
ひなビタ♪/バンめし♪,リバース,ここなつ2.0,MXM,16
FLOOR,Corrupting Wonderland,u-z feat.CHERICa,MXM,18.0
FLOOR,Struggle for Revival,NitoK,MXM,17.5
FLOOR,チクサクコールが懐かしい,諸星なな feat.加藤はるか,MXM,17.5
FLOOR,二分間の世界,Cororo,MXM,18.4
FLOOR,ROZELCIA,brz1128,MXM,18.4
BEMANI,SHOCKER BREAKER,Yu_Asahina,MXM,18.4
BEMANI,c2Theater,yaseta + Hidra-Xjeil,MXM,18.3
BEMANI,ミライチューナー,U-ske feat.すずしろ,MXM,16
BEMANI,メンタンピンドラドラ,enzo + O2i3,MXM,17
ボーカロイド,神っぽいな,ピノキオピー,MXM,17
その他,キリカ,HIMEHINA,MXM,17
その他,GOODTEK,EBIMAYO,MXM,18.3
FLOOR,サクラノソバニ！,Ray_Oh feat.みかん汁,MXM,17
その他,THE WORLD REVOLVING,Toby Fox,MXM,18.5
FLOOR,紫焔双穿,かめりあ,MXM,19.4
その他,DATAERR0R,Cosmograph,MXM,18.0
FLOOR,Decadence Mission,Jerico,MXM,18.0
FLOOR,爆烈歓迎♪エクストリーム飲茶旋風脚ッ!!,BlackY feat. Risa Yuzuki,MXM,18.4
FLOOR,Heroine is here,クルトン feat.ケィニ,MXM,16
FLOOR,FAR GONE,493Water,MXM,18.6
その他,フリコドウル,HIMEHINA,MXM,18.3
その他,Berry Go!!,Freezer feat.妃苺,MXM,17
FLOOR,Holy Trail,satie,MXM,19.3
FLOOR,Memory Flow,兎波かなで feat.とうな,MXM,18.2
FLOOR,勇者の卒業式,Verdammt,MXM,17
FLOOR,ユキバレ＊ぱれいど,coTatsu,MXM,16
SDVXオリジナル,Resonant Gear,Endorfin.,MXM,17
BEMANI,WICKeD CRφSS,OSTER project,MXM,17
BEMANI,CLAMARE,MAX MAXIMIZER,MXM,19.1
BEMANI,Crystalia,DJ TOTTO,MXM,18.2
BEMANI,SPECIAL SUMMER CAMPAIGN!,Lucky Vacuum,MXM,18.1
BEMANI,Flip Flap,kors k,MXM,17
FLOOR,蝕,めと（Metomate）,MXM,18.7
FLOOR,十の試煉,打打だいず vs. siromaru,MXM,19.4
FLOOR,Xb10r,隣の庭は青い(庭師+Aoi),MXM,19.7
FLOOR,火狐之舞,影虎。,MXM,18.5
FLOOR,MixxioN,MisoilePunch♪,MXM,20.6
FLOOR,Rhapsody ⚙f Triumph,かめりあ・超機裝旋楽隊,MXM,19.4
FLOOR,refluxio,Juggernaut.,MXM,18.8
FLOOR,EncorE & cALL,CHUBAY,MXM,19.4
FLOOR,Wings to fly high,Noah,MXM,18.5
FLOOR,AIM HIGHER,U-ske feat. 棗いつき,MXM,18.4
FLOOR,All for One,CANVAS feat. Quimär,MXM,18.8
FLOOR,AμreoLe ~for Triumph~,Ashrount,MXM,19.5
FLOOR,XHRONOXAPSULΞ,Silentroom,MXM,20.6
FLOOR,ZEUS,BlackY,MXM,19.5
その他,↑↑↓↓←→←→BA,meiyo,MXM,17
BEMANI,2 Beasts Unchained,kors k vs Yooh,MXM,19.4
BEMANI,ピアノ協奏曲第１番”蠍火”,virkato,MXM,19.8
BEMANI,Fegrix,Xceon vs DJ Command (Eurobeat Union),MXM,18.5
SDVXオリジナル,ゔぉるみっくす!!!!,かめりあ feat. ななひら,MXM,18.7
SDVXオリジナル,sparky spark,kamome sano,MXM,17
SDVXオリジナル,Test Flight,黒魔,MXM,18.5
SDVXオリジナル,Perfect Ultimate Celebration!!,2時間でPUCされたかぼちゃ,MXM,18.3
SDVXオリジナル,Foolish Again,lapix,MXM,17
SDVXオリジナル,PLANISPHERE,SOUND HOLIC feat. Nana Takahashi,MXM,17
SDVXオリジナル,夢の終わり、世界のはじまり。,TAKU1175 ft.駄々子,MXM,17
FLOOR,Unleashed Redness,DecisionS (kanone + nora2r),MXM,18.6
FLOOR,party:stage,かゆき,MXM,18.3
FLOOR,Rapsodia d'amore,xi,MXM,19.4
BEMANI,Aftermath,"BEMANI Sound Team ""猫叉Master & あさき & Yvya""",MXM,17.5
BEMANI,オリガミカル・スウィートラヴ,かめりあ feat. ななひら,MXM,17
BEMANI,キカイノミルユメ,はがね,MXM,16
BEMANI,～仔羊のナヴァラン・クリシェを添えて～,PiyoPiyo Kitchen,MXM,18.5
BEMANI,NIN-NIN-NIN!!,よああああ（ああああ＋yoa）,MXM,17.5
BEMANI,Refrain,お月さま交響曲,MXM,18.6
その他,Halloween Is Chaos,RoughSketch feat.北小路ヒスイ,MXM,18.2
BEMANI,eXtridia,unatra×Nego_tiator,MXM,17.5
BEMANI,Star☆Beat,PandaBoY feat.ななひら,MXM,18.1
BEMANI,スノウイコン,mazuka153,MXM,17
BEMANI,みたらしプラトニック (feat. nicamoq),Yunomi,MXM,17
BEMANI,Red＋White＝Kawaii,こすも８ｂｉｔ,MXM,18.3
その他,藍の華,HIMEHINA,MXM,18.2
POPS&アニメ,ヒトガタ,HIMEHINA,MXM,17
その他,Mr.VIRTUALIZER,HIMEHINA,MXM,16
東方アレンジ,スカーレット警察のゲットーパトロール24時,七条レタスグループ,MXM,18.4
東方アレンジ,天弓天華オトハナビ,ビートまりおとまろん,MXM,18.1
東方アレンジ,デンデラパーティーナイト,森羅万象,MXM,17
東方アレンジ,LUCKY CAT,ちょこふぁん,MXM,17
FLOOR,Archangelio,Juggernaut.,MXM,18.6
FLOOR,Going My Future!,#EmoCosine,MXM,18.3
FLOOR,フェアリーテイル・ラヴァーズ,みーに＠メルヘン風紀委員会書記,MXM,17
その他,竹,立秋 feat.ちょこ,MXM,19.5
東方アレンジ,PRESERVED VAMPIRE,SOUND HOLIC feat. Nana Takahashi,MXM,17
東方アレンジ,Love Love Scarlet,イノライfeat.怜花,MXM,17
FLOOR,XXanadu#climaXX,概念,MXM,18.4
FLOOR,Bigbang Faker,BlackY,MXM,18.0
BEMANI,Triple Cross,"BEMANI Sound Team ""dj TAKA & DJ YOSHITAKA & SYUNN""",MXM,18.1
SDVXオリジナル,《Re:miniscence》,かねこちはる,MXM,20.6
ボーカロイド,R.I.P.ゴシップの海,cosMo＠暴走P,MXM,18.2
BEMANI,STEEL NEEDLE,Scorpion,MXM,18.2
FLOOR,I Left for my Right,あの日字数制限に負けて追い出された「ゃ」,MXM,17
FLOOR,The King Of Red,Hommarju,MXM,18.6
FLOOR,The Clown of 24stairs,Yu_Asahina,MXM,19.7
FLOOR,まみむめ🍄まるっと🍄まっしゅるーむ🍄🍄,"かめりあ as ""まいたけラヴ"" feat. ななひら as ""エリンギ大好き""",MXM,18.1
FLOOR,黎明の情,TAKU1175 ft.駄々子,MXM,17
東方アレンジ,Empty Backdoor,森羅万象,MXM,17.5
東方アレンジ,驪駒早鬼は馬並み☆プロテイン,ARM × 狐夢想 feat.ななひら,MXM,17
東方アレンジ,限界突破リザレクション,まろん vs. モリモリあつし feat. ビートまりお,MXM,18.1
東方アレンジ,Jailbreaker,Hommarju feat. かぼちゃ,MXM,17.5
東方アレンジ,BEAT MAGIC,ランコ feat. Eurobeat Union,MXM,16
SDVXオリジナル,Reverenced Flower,ぺのれり,MXM,19.6
FLOOR,End of Guilty,kanone,MXM,18.6
FLOOR,charm♡you,U-ske feat.花柚,MXM,17
FLOOR,文月,nonomori feat. 亜沙美,MXM,16
SDVXオリジナル,Puni Puni Parade,MARON (IOSYS),MXM,18.1
BEMANI,ユメブキ,"紫崎 雪,Risa Yuzuki,709sec. by BEMANI Sound Team ""PHQUASE & SYUNN""",MXM,18.0
BEMANI,斑咲花,"mami,駄々子 by BEMANI Sound Team ""Akhuta Works""",MXM,17.5
BEMANI,カジノファイヤーことみちゃん,ARM feat. 山本椛 + Brasscapsule,MXM,18.4
BEMANI,スーパー戦湯ババンバーン,"すわひでお,秋成,かぼちゃ,藍月なくる,NU-KO by BEMANI Sound Team ""八戸亀生羅""",MXM,17
BEMANI,LIKE A VAMPIRE,"koyomi,星野奏子 by BEMANI Sound Team ""TAKA""",MXM,17
その他,Destined Marionette,ビートまりお（COOL&CREATE）,MXM,18.4
SDVXオリジナル,BAYONEX,"かめりあ as ""Revenge of Riot""",MXM,19.6
BEMANI,MOVE! (We Keep It Movin'),"Jonny Dynamite!,Lisa - paint with stars -,Rio Hiiragi by BEMANI Sound Team ""U1-ASAMi""",MXM,17
BEMANI,MA・TSU・RI,"かなたん,アマギセーラ,ぁゅ by BEMANI Sound Team ""藤森崇多""",MXM,17
SDVXオリジナル,αzalea,BlackY,MXM,19.2
その他,- Jupiter -,SHIKI,MXM,17.5
その他,Pure Ruby,SHIKI,MXM,18.3
FLOOR,Continuous Moment,影虎。,MXM,17.5
FLOOR,Chakra,uma,MXM,17
FLOOR,Restless Waitress,winddrums,MXM,18.1
FLOOR,"Aqua,Luna-rium",凛々咲,MXM,16
FLOOR,Vallasotiena,ろひ,MXM,18.1
FLOOR,G4ME ØVEЯ,Takenoko boy feat. metyao,MXM,18.2
SDVXオリジナル,ドゥサンコオデッセイ!!,cosMo＠暴走P,MXM,19.5
FLOOR,2094,Yuta Imai vs Blacklolita,MXM,17.5
FLOOR,Cappuccino Hearts,nora2r,MXM,18.2
FLOOR,Xymatic Scope,MasKaleido feat. ぁゅ,MXM,17
FLOOR,WILD FIRE,がるる,MXM,17
BEMANI,ABSOLUTE(ismK passionate remix),ismK,MXM,17.5
東方アレンジ,イヤホンロマンス,COOL&CREATE × 宝鐘マリン,MXM,16
BEMANI,EGOISM 440 (Ange;art remix),Ange;art,MXM,18.4
東方アレンジ,Over the Border,COOL&CREATE × 宝鐘マリン feat.不知火フレア,MXM,16
東方アレンジ,キャプテン・マリンのケツアンカー,COOL&CREATE × 宝鐘マリン,MXM,17
FLOOR,Gimme dreamin',BlackY feat. Risa Yuzuki,VVD,17
FLOOR,孤月群雲に沈む,めと（Metomate）,VVD,17
FLOOR,€omet popcorn,pan,VVD,18.0
FLOOR,PSYCHO+HEROES,かめりあ,VVD,18.3
東方アレンジ,シアワセうさぎ・ぺこみこマリン,COOL&CREATE × 兎田ぺこら、さくらみこ、宝鐘マリン,MXM,16
FLOOR,Screaming!!,CielArc,VVD,17
FLOOR,Devastated Territory,ryhki,VVD,17
BEMANI,ナナホシのうた,Retropolitaliens(Ms.+駄々子),MXM,16
FLOOR,Hurt me plenty,Noah,VVD,18.2
BEMANI,ばらんが!!!!,かめりあ feat. ななひら,MXM,18.6
東方アレンジ,"Help me, ERINNNNNN!! #幻想郷ホロイズムver.",COOL&CREATE × 宝鐘マリンと愉快な仲間たち,MXM,17
東方アレンジ,ホイホイ☆幻想ホロイズム,COOL&CREATE × 宝鐘マリン with ホロイズムファンタジー,MXM,18.1
FLOOR,Your SOUL Is Mine,fZy,VVD,18.3
FLOOR,Enter The Fire,Yooh,MXM,17
FLOOR,恋は君のそばでサクラサク,榮田一貴 feat.冬乃桜＆永久毎日,MXM,16
FLOOR,FEEL THE FORCE,brz1128,MXM,18.2
FLOOR,M-O-R-F-I-N-E,u-z feat.紫咲ほたる,MXM,17.5
BEMANI,Chewingood!!!,TORIENA,MXM,17
BEMANI,ディスコルディア,"ぺのれり vs. BEMANI Sound Team ""HuΣeR""",MXM,19.7
BEMANI,Verflucht,Tyrfing,MXM,18.9
FLOOR,神にした彼女が示す世界線,上村香月,MXM,17.5
FLOOR,#Namescapes,#Namescapes,MXM,18.4
BEMANI,Impress(siqlo's Hi-Tech Veats),siqlo,MXM,17.5
BEMANI,Elemental Creation -xiRemix-,xi,MXM,18.5
BEMANI,nostos -ark remix-,Se-U-Ra + しーけー,MXM,18.0
BEMANI,Blue Forest(NightBounce Remix),kanone,MXM,17.5
BEMANI,Macuilxochitl (Latin Jazz Mix),technoplanet,MXM,18.7
FLOOR,運命超過乃巡合,Aoi feat. Gra+yanshu,MXM,17
FLOOR,恋愛♡悪戯！？まじかる☆ぱふゅ～む！！,さわわ feat.杠葉えりか＆凜々,MXM,18.0
FLOOR,りむむむむむむ,立秋 feat.ちょこ,MXM,18.2
FLOOR,Vanishing Eidos,めと（Metomate）,MXM,18.5
FLOOR,木洩れ日に咲く,seatrus feat.杠葉えりか,MXM,17
FLOOR,SuperMiracleEnsemble,fnylsp,MXM,18.7
FLOOR,響く静寂,テヅカ,MXM,17
FLOOR,Metagame Matador,RoughSketch vs MAD CHILD,MXM,18.1
FLOOR,Le Merle Noir,Rigel Theatre,MXM,16
FLOOR,恋獄対刃,あるふぁ＋凜々,MXM,17
FLOOR,Innocent Azure,kuro,MXM,18.0
FLOOR,月下の舞兎祭,Aoi feat. Kuroa*,MXM,17
FLOOR,Souhait bleu,しーけー,MXM,18.4
FLOOR,Now loading…,つきみぐー、×如月結愛,MXM,16
FLOOR,Fun walk!!,Enterskip,MXM,17.5
FLOOR,Verstärkt Killer,MALVA.,MXM,17
FLOOR,Whip☆Drip,pan+テヅカ feat.桃雛なの,MXM,17.5
FLOOR,ラヴ♡チャンス!!,Ponchi♪ feat.はぁち,MXM,18.3
BEMANI,ABSOLUTE (saminun mix),あさり(saminun),MXM,17
ひなビタ♪/バンめし♪,アリスサイド・キャスリング,メリー・バッド・メルヘン,MXM,16
その他,Air,SHIKI,MXM,18.2
BEMANI,EMERALDAS (Yuta Imai Remix),Yuta Imai,MXM,18.0
BEMANI,#EmoCloche,#EmoCosine,MXM,18.1
ボーカロイド,オルターエゴ,Misumi,MXM,17.5
BEMANI,onslaught -Retaliation of Bahamūt-,かめりあ,MXM,19.5
その他,キラメキ居残り大戦争,森羅万象,MXM,17.5
その他,Chronomia,Lime,MXM,19.2
東方アレンジ,穢れなきユーフォリア,幽閉サテライト,MXM,17
その他,Sakura Fubuki,Street,MXM,17.5
BEMANI,SHION -sublimation mix-,BlackY feat. Risa Yuzuki,MXM,17
BEMANI,Scars of FAUNA(ろひ Remix),ろひ,MXM,18.0
その他,777,RoughSketch (Notebook Records),MXM,19.3
ひなビタ♪/バンめし♪,追憶のアリア,Blanc Bunny Bandit,MXM,16
その他,Destr0yer,削除 feat. Nikki Simmons,MXM,18.5
東方アレンジ,トランスダンスアナーキー,暁Records,MXM,17
BEMANI,ナスカの丘 (Hi-NRG Remix),Hyuji feat. LIQU@。& TadashiYamamoto,MXM,16
BEMANI,ナナホシ(lovely bubbly party mix!),naka3,MXM,16
ひなビタ♪/バンめし♪,花は折りたし梢は高し,夜叉姫神楽,MXM,16
ボーカロイド,*ハロー、プラネット。,sasakure.UK,MXM,16
ひなビタ♪/バンめし♪,叛逆のディスパレート,Vanitas Lacrimosa,MXM,17
その他,Bad Elixir,xi,MXM,19.5
SDVXオリジナル,VALKYRIE ASSAULT,"BEMANI Sound Team ""SYUNN""",MXM,19.2
東方アレンジ,緋色月下、狂咲ノ絶 (nayuta 2017 ver),EastNewSound,MXM,18.6
東方アレンジ,不可測的メトロポリス,少女フラクタル,MXM,16
その他,プナイプナイたいそう,立秋 feat.ちょこ,MXM,18.3
BEMANI,POSSESSION (Aoi Q.E.D. RMX),Aoi,MXM,18.6
東方アレンジ,門門しましょ,ビートまりお（COOL&CREATE）,MXM,17
ボーカロイド,ラストリゾート,Ayase,MXM,16
東方アレンジ,WARNING×WARNING×WARNING,暁Records,MXM,18.2
FLOOR,eternite,Ryo Arue,MXM,18.3
その他,ここからよろしく大作戦143,"BEMANI Sound Team ""あさき隊""",MXM,17
FLOOR,Thank you for your playing music,かぼちゃ feat. miko,MXM,18.2
その他,Symphonic Tear,"BEMANI Sound Team ""TAG""",MXM,18.1
BEMANI,世界の果てに約束の凱歌を -VOLTEX Mix-,"BEMANI Sound Team ""Sota Fujimori""",MXM,18.7
FLOOR,Defining Future,！すでのな,MXM,18.2
FLOOR,Non RolicK!!大冒険,Croire,MXM,17.5
FLOOR,who I am,カエルとネコ,MXM,17.5
FLOOR,le coeur patissiere,U-ske feat.Ri9,MXM,17
SDVXオリジナル,apo:llioth,Juggernaut.,MXM,18.2
SDVXオリジナル,With It This Heaven?,technoplanet,MXM,18.5
SDVXオリジナル,Calamity Tempest,Diceros Bicornis,MXM,19.4
SDVXオリジナル,Daisycutter,ETIA.,MXM,19.5
SDVXオリジナル,飄える翼追い掛けて,かめりあ feat. かめりあ,MXM,19.5
SDVXオリジナル,MAYHEM,RoughSketch x CANVAS feat. Quimär,MXM,20.0
SDVXオリジナル,ΛΛemoria,MisoilePunch♪,MXM,19.3
その他,プログレなぞなぞクイズのテーマ,"BEMANI Sound Team ""プログレッシブなぞなぞ星人""",MXM,18.6
FLOOR,SLEEPWALKER,monoq+RIZARDI,VVD,18.2
FLOOR,トーキョーサマーナイト,みーに,VVD,16
FLOOR,floating girl,あるふぁ feat. とおる,VVD,16
FLOOR,Hexennacht,rider,VVD,17.5
FLOOR,Holy Legacy,すのうまん,VVD,17
FLOOR,Ring！Run！Nyan!!,MisomyL,VVD,18.4
FLOOR,Valkyrja ~Aldrlag~,ℱsinfonia (Yu_Asahina 溝口ゆうま かなたん 大瀬良あい),MXM,18.2
FLOOR,おどりましょうよ！ドラゴンさん ～転生したらゲーム曲でした～,諸星なな feat.加藤はるか＆廣瀬祐輝,MXM,17
FLOOR,Φnd:you,かゆき,MXM,18.3
FLOOR,Blessing Bouquet,setu-O,MXM,18.2
FLOOR,Me:Tear,タケノコ少年 feat. 荒巻,MXM,17
FLOOR,MICHIZURE,708/残響P,MXM,17
FLOOR,Innocent,Alkome,MXM,18.4
FLOOR,Ethereal Lotus,wa. + 杠葉えりか,MXM,18.1
BEMANI,cloche(といぼっくすうぃんぐ　みっくす),coTatsu,MXM,17
BEMANI,Jetcoaster Windy,"BEMANI Sound Team ""dj TAKA"" feat.のの",MXM,17.5
FLOOR,濁色踊るオートマタ,めと（Metomate）,MXM,17.5
BEMANI,Blue Forest (Prog Keys Remix),とろまる,MXM,17.5
FLOOR,星の詩,しーけー feat.arinco,MXM,17
FLOOR,Lazurite,sazanami,MXM,18.2
BEMANI,狂水一華,"BEMANI Sound Team ""HuΣeR Vs. SYUNN"" feat.いちか",MXM,18.2
BEMANI,m1dy Deluxe,m1dy,MXM,18.4
BEMANI,New Decade,Sota F.,MXM,18.2
BEMANI,Lisa-RICCIA,DJ YOSHITAKA,MXM,19.0
FLOOR,iberis,gaburyu feat. Frosch,VVD,16
FLOOR,Electric Injury,siqlo,VVD,18.4
FLOOR,月々紅花,7mai,VVD,18.3
FLOOR,恋するレインガール,MasKaleido feat. ぁゅ,VVD,16
FLOOR,Sparkling Laser Beam,you,VVD,17
FLOOR,遷,隣の庭は青い(庭師+Aoi),VVD,17.5
BEMANI,Leviathan,山本真央樹,MXM,18.4
その他,METATRON,SHIKI,MXM,18.1
BEMANI,うさぬこぬんぬんファンタジー！,ARM(IOSYS) feat. 普透明度,MXM,17
FLOOR,VVelcome!!,MisoilePunch♪,MXM,20.5
FLOOR,†:OLPHEUX:†,Juggernaut.,MXM,19.4
FLOOR,GEMINI LA2ER,ミカルコスモ(せらみかる×cosMo＠暴走P),MXM,18.5
FLOOR,春告胡蝶,BlackY feat. Risa Yuzuki,MXM,18.3
FLOOR,ミュージックプレイヤー,Retropolitaliens(Ms.+駄々子),MXM,18.1
FLOOR,LubedeR,C-Show,MXM,19.1
FLOOR,Redshift 2nd Ignition,technoplanet,MXM,19.6
FLOOR,Яe:son D'être,SCHOOL CASTE(石見＆とおる),MXM,18.8
BEMANI,memento mori -intro-,あさき,MXM,18.5
その他,Xroniàl Xéro(EXIT TUNES),"かめりあ as ""menaXe inXonnu""",MXM,19.8
FLOOR,Ichi-Go! DX Pancake!,梅干茶漬け,VVD,18.4
FLOOR,おはようからおやすみまでかまってポメポメ,立秋 feat.ちょこ,VVD,18.2
FLOOR,Dooooope,RiMo,VVD,16
FLOOR,DO-IT-AMA-SITE!!!,MYUKKE.,VVD,17
FLOOR,Flaa Behavior,borzy,VVD,16
FLOOR,floorkiller,テヅカ,VVD,17
BEMANI,Sparkle Smilin',"BEMANI Sound Team ""Qrispy Joybox"" feat.いちか",MXM,17.5
BEMANI,DEEP PSYCHEDELIC STRIKER,影虎。,MXM,17
BEMANI,POSSESSION(Gowrock Remix),Gowrock,MXM,17
BEMANI,Re：Elemental Creation,uma meets モリモリあつし,MXM,18.6
POPS&アニメ,Daydream café (Euro Hopping Mix),"Remixed by BEMANI Sound Team ""TAG"" feat. ななひら",MXM,16
BEMANI,卑弥呼,朱雀 VS 玄武,MXM,19.7
POPS&アニメ,ふ・れ・ん・ど・し・た・い（WEREHEREMIX),Remixed by ボルテ学園生活部,MXM,17
POPS&アニメ,ユニバーページ（i-world Mix）,"Remixed by BEMANI Sound Team ""Yvya"" feat. かなたん",MXM,16
ひなビタ♪/バンめし♪,御伽噺に幕切れを,夜叉姫神楽,MXM,17
ひなビタ♪/バンめし♪,逆さま♥シンデレラパレード,メリー・バッド・メルヘン,MXM,17.5
ひなビタ♪/バンめし♪,至上のラトゥーリア,Vanitas Lacrimosa,MXM,16
ひなビタ♪/バンめし♪,ROOM,Blanc Bunny Bandit,MXM,16
FLOOR,Over The Top,Ashrount,VVD,18.6
FLOOR,トマヨイ,Spacelectro feat.椎木レク,VVD,18.4
FLOOR,Historia of Velnoti,KV.S&はらたま,VVD,17.5
FLOOR,夢見草奇譚,Paradise Eve feat.しゃみお,VVD,17
FLOOR,World of Iris,polysha,VVD,18.2
BEMANI,αρχη,Dormir,MXM,18.5
BEMANI,Nebulas,"BEMANI Sound Team ""Yvya""",MXM,18.6
BEMANI,Our Love,lapix,MXM,18.1
BEMANI,The First Step,Yooh,MXM,17.5
BEMANI,BLAZE∞BREEZE,"BEMANI Sound Team ""TAG×PON""",MXM,17.5
BEMANI,ラブキラ☆スプラッシュ,"BEMANI Sound Team ""Sota F."" feat.いちか",MXM,17.5
BEMANI,EGOISM -Rebuild-,HAMA topground,MXM,17
その他,L9,paraoka,MXM,18.4
BEMANI,Mynarco(Nagomu 2Step Remix),Akizuki Nagomu feat. fu-ko,MXM,18.2
BEMANI,焦がれ唄,ちきんぐ feat.TEA,MXM,16
BEMANI,Still Lonesome,PSYQUI,MXM,17
BEMANI,Bioslaves,mazuka153,MXM,17.5
BEMANI,Bolérrot,かねこちはる,MXM,18.1
BEMANI,MeteorA,Verseus,MXM,18.6
POPS&アニメ,かくしん的☆めたまるふぉ～ぜっ！（crabMixx）,土間うまる（CV.田中あいみ） Remixed by いぬ,MXM,16
POPS&アニメ,鏡面の波（ramble mix）,"YURiKA Remixed by BEMANI Sound Team ""DJ TOTTO""",MXM,17
FLOOR,色を喪った街,かめりあ feat. かめりあ,MXM,19.7
BEMANI,ENDYMION,fallen shepherd ft. RabbiTon Strings,MXM,19.6
FLOOR,Katharsis,u-z feat.CHERICa,MXM,18.6
FLOOR,SAMURAI TIGER,ぽんきち&ゆんゆん,MXM,18.7
FLOOR,666,RoughSketch,MXM,20.6
FLOOR,ZEИITH,Ashrount vs polysha,MXM,18.8
FLOOR,9TH5IN,ETIA.,MXM,19.2
FLOOR,ЯeviveR,Diceros Bicornis,MXM,19.6
BEMANI,Impress (bansou Remix),bansou,MXM,17
BEMANI,Elemental Creation (kamome sano Remix),kamome sano,MXM,18.7
SDVXオリジナル,VIVIDWAVERS,SDVX SOUND UNION,MXM,17.5
ひなビタ♪/バンめし♪,ハレ トキドキ メランコリック,ここなつ2.0,MXM,17
ひなビタ♪/バンめし♪,Finally Dive -kors k Remix-,ここなつ2.0,MXM,16
その他,ANGER of the GOD(EXIT TUNES),BlackY,MXM,19.0
BEMANI,ABSOLUTE (EUROBEAT REMIX),Tracy vs. Yu_Asahina,MXM,17.5
BEMANI,Valanga(polysha Remix),polysha,MXM,18.6
BEMANI,SHION (ロースピード幻想チューン Remix),HOUJIROU feat. 駄々子,MXM,16
FLOOR,Vividly Impromptu,BlackY,MXM,18.5
FLOOR,祭囃子,709sec. feat.Yui Chinen,MXM,17
その他,ULTRA B+K,nora2r,MXM,17.5
その他,MilK,モリモリあつし,MXM,17.5
BEMANI,ランカーキラーガール,中島由貴 × いちか,MXM,18.2
BEMANI,蛇神,Zektbach,MXM,18.4
FLOOR,Call of the World,お月さま交響曲,MXM,18.6
FLOOR,Turn the story,technoplanet feat. Kuroto Sion,MXM,18.7
BEMANI,Harmonia,ATSUMI UEDA,MXM,17
FLOOR,Jacob’s Elevator,まろん (IOSYS),MXM,18.4
BEMANI,Übertreffen,TAKA respect for J.S.B.,MXM,18.7
FLOOR,ЯegreT of MemoRy,からとP vs タケノコ少年,MXM,17
SDVXオリジナル,OZONE,"BEMANI Sound Team ""Sota Fujimori""",GRV,18.1
SDVXオリジナル,Believe In Yourself,kors k,GRV,18.1
SDVXオリジナル,OUTERHEΛVEN,Juggernaut.,MXM,19.5
SDVXオリジナル,"* Erm, could it be a Spatiotemporal ShockWAVE Syndrome...?",かめりあ,MXM,20.2
SDVXオリジナル,θコトノハθカプセルθ,cosMo＠暴走P,MXM,19.4
SDVXオリジナル,Teufel,Hommarju,MXM,18.3
SDVXオリジナル,Butterfly Twist,Yooh,MXM,18.3
SDVXオリジナル,Pulsar,はがね,MXM,18.6
SDVXオリジナル,pique,星野音楽工房,MXM,18.7
FLOOR,ultra turbo,kamome sano,MXM,17.5
FLOOR,近未来百鬼夜行譚～死返之巻～,近未来妖怪活劇をかぼちゃが謡う！　いざ！,MXM,17
SDVXオリジナル,タイムトラベル,モリモリあつし,GRV,18.5
FLOOR,PARTY TIME!,RoughSketch & Hommarju,MXM,18.3
その他,AXION,削除,MXM,17
FLOOR,D1g1t1ze b0dy,シルクパラソル（yoa＆かゆき） feat. まめこ,MXM,17
その他,Nhelv,Silentroom,MXM,18.4
FLOOR,Pixelated Platform,pan,MXM,17
BEMANI,Afterimage d'automne,"BEMANI Sound Team ""猫叉劇団""",MXM,17.5
BEMANI,おーまい！らぶりー！すうぃーてぃ！だーりん！,"BEMANI Sound Team ""PON"" feat.NU-KO",MXM,17.5
BEMANI,最小三倍完全数,DJ TECHNORCH,MXM,18.1
BEMANI,Six String Proof,"BEMANI Sound Team ""Yvya × Mutsuhiko Izumi""",MXM,17.5
BEMANI,toy boxer,"BEMANI Sound Team ""S-C-U & SYUNN""",MXM,17
BEMANI,Trill auf G,"BEMANI Sound Team ""dj TAKA""",MXM,19.1
BEMANI,BLACK JACKAL,Akira Complex,MXM,17.5
BEMANI,voltississimo,"BEMANI Sound Team ""PHQUASE""",MXM,19.3
BEMANI,ミッドナイト☆WAR,いちか,MXM,18.2
ボーカロイド,Sweetiex2(EXIT TUNES),Dixie Flatline,MXM,16
SDVXオリジナル,Typhoon Craaash!!,A-One,GRV,18.3
SDVXオリジナル,ねこみみ(=ФωФ=)ぱんでみみっく,ねこみりん feat.小宮真央,GRV,18.3
ボーカロイド,ロキ,みきとP,MXM,17
SDVXオリジナル,ΣgØ,かぼちゃ,MXM,20.0
SDVXオリジナル,ΩVERFLOW,BlackY,MXM,18.5
その他,Quark,Hate vs Brilliance,MXM,17.5
SDVXオリジナル,Ghost Family Living In Graveyard,RoughSketch,MXM,19.5
SDVXオリジナル,Sudden Visitor,黒魔,MXM,18.2
その他,Black Lotus,wa.,MXM,18.2
SDVXオリジナル,petits fours,kamome sano,MXM,18.2
SDVXオリジナル,星の透る夏空に願う,Yu-dachi,MXM,18.6
その他,MARENOL,LeaF,MXM,17.5
SDVXオリジナル,Lancelot ～Flame of the Rebellion～,ぺのれり,MXM,19.6
SDVXオリジナル,Aerial Fortress,xi,MXM,18.9
SDVXオリジナル,Dogeza Stairs,ビートまりお（COOL&CREATE）,MXM,18.5
SDVXオリジナル,LECTORIA,Cranky,MXM,18.6
FLOOR,eighth-slave,Yu_Asahina,MXM,18.3
FLOOR,Cynical Joker,brz1128,MXM,18.2
FLOOR,PIZZATIME,Tsubusare BOZZ,MXM,17.5
FLOOR,Mischievous theater,黒魔,MXM,17.5
SDVXオリジナル,mqlo,C-Show,MXM,18.2
FLOOR,エンゲージ〆ント,Croire,MXM,17.5
FLOOR,CLOUDS FLYER -sdvx edit-,ginkiha,MXM,17
FLOOR,偶然？ 必然？ アンビバレンス！,諸星なな feat.加藤はるか&YKI,MXM,16
FLOOR,Sunflower Vibes,Dustvoxx,MXM,17.5
FLOOR,V Sen5eS,MasKaleido VS 709sec.,MXM,18.1
SDVXオリジナル,Liar rain,しーけー,GRV,18.4
SDVXオリジナル,rE:Voltagers,Tanchiky,GRV,18.1
FLOOR,empty,Λerdammt,MXM,17
FLOOR,JǛPITΨR ♃ GЯÃVITÝ,YumAeL ex. 溝口ゆうま,MXM,18.3
ボーカロイド,ストリーミングハート,DECO*27,MXM,17
FLOOR,FIRST：DREAMS,uma vs. モリモリあつし,MXM,18.4
ボーカロイド,妄想税,DECO*27,MXM,16
ボーカロイド,弱虫モンブラン,DECO*27,MXM,16
FLOOR,アライヴ,あらいぐまファクトリー feat. okogeeechann,MXM,16
FLOOR,Into The Madness,Yuta Imai,MXM,17.5
SDVXオリジナル,Cloud Crasher,Hommarju,GRV,18.4
FLOOR,Circulator,Reaper,MXM,17.5
SDVXオリジナル,Barbless Ego,MAD CHILD,GRV,18.0
FLOOR,To:BrandNewDeadline,せいぎのあおぢる,MXM,18.5
東方アレンジ,悪戯センセーション,森羅万象,MXM,17
東方アレンジ,ΩBIRD,SOUND HOLIC feat. Nana Takahashi,MXM,17
東方アレンジ,Get over!!,猫大樹,MXM,16
東方アレンジ,Sweetest Paranoia,Amateras Records feat.築山さえ×抹(魂音泉),MXM,16
東方アレンジ,諏訪大信仰,ビートまりお＋あまね（COOL&CREATE）,MXM,18.1
東方アレンジ,DESIRE,溝口ゆうま feat. 大瀬良あい,MXM,17
東方アレンジ,Little Big Princess(DJ katsu EDIT),DiGiTAL WiNG with 空音,MXM,16
FLOOR,Atropa bella-donna,HOUJIROU,MXM,18.3
FLOOR,Adrenaline Rush,siqlo,MXM,17
FLOOR,clear:wings,かゆき,MXM,17
FLOOR,Xicholauncher,隣の庭は青い(庭師+Aoi),MXM,18.1
FLOOR,THE凸GENERATOR,cosMo＠暴走P,MXM,19.8
FLOOR,シープドリーミン,テヅカ feat. 大西あみみ,MXM,17.5
FLOOR,Chocolate Parade,Freezer feat.妃苺,MXM,17.5
FLOOR,ツマミ戦隊 タテレンジャー,ツマミ戦隊 タテレンジャー,MXM,18.8
FLOOR,Tribal Trial,Yooh,MXM,17.5
FLOOR,Barbatos,Crawk × Capchii,MXM,18.5
BEMANI,50th Memorial Songs -The BEMANI History-,BEMANI Sound Team,VVD,17.5
BEMANI,50th Memorial Songs -二人の時 ～under the cherry blossoms～-,BEMANI Sound Team,VVD,16
BEMANI,50th Memorial Songs -Flagship medley-,BEMANI Sound Team,VVD,16
FLOOR,アオアラシ,やどりぎ,MXM,18.1
FLOOR,Enchanté,winddrums,MXM,18.1
FLOOR,Bye or not,PSYQUI feat. mikanzil,MXM,17
FLOOR,VIVID DEBUT!,#EmoCosine,MXM,17.5
FLOOR,港町レディ,フーリンキャットマーク,MXM,16
FLOOR,Enigma II,とろまる,MXM,17.5
FLOOR,Aurolla,MisoilePunch♪,MXM,18.4
FLOOR,Glorious Journey,古屋直雪,MXM,18.4
FLOOR,Sacrifice Escape: 不条理の模倣による感情と代償,memex,MXM,17
FLOOR,翠雨の祷,Cororo feat.Yuria Miyazono,MXM,18.1
FLOOR,SociuS,Ellim Gnirps vs よみぃ,MXM,18.5
BEMANI,50th Memorial Songs -Beginning Story-,BEMANI Sound Team,VVD,16
ひなビタ♪/バンめし♪,革命パッショネイト,日向美ビタースイーツ♪,MXM,17
FLOOR,Sharkbait,ryhki,MXM,17.5
ひなビタ♪/バンめし♪,スイーツはとまらない♪,日向美ビタースイーツ♪,MXM,16
SDVXオリジナル,TENKAICHI ULTIMATE BOSSRUSH MEDLEY,TENKAICHI LEGENDS,MXM,19.5
ひなビタ♪/バンめし♪,熱情のサパデアード,日向美ビタースイーツ♪,MXM,17.5
FLOOR,Hi-Fi!!双子'S,technoplanet feat. ＯＲＩ姫 & やみん,MXM,16
FLOOR,120秒のエンドロール,colorless（からとP feat.脱線ぐーぅ）,MXM,17
ひなビタ♪/バンめし♪,ヒカリユリイカ,ここなつ,MXM,16
FLOOR,び,立秋 feat.ちょこ,MXM,18.8
ひなビタ♪/バンめし♪,ベビーステップ,ここなつ,MXM,17
FLOOR,無魎大数,cosMo＠暴走P,MXM,18.4
東方アレンジ,Addicted Moon,Amateras Records feat.築山さえ,MXM,16
東方アレンジ,ARROW RAIN feat. ayame,Alstroemeria Records,MXM,18.6
SDVXオリジナル,伊邪那美白山姫大神,Morrigan feat. リリィ,MXM,17
SDVXオリジナル,雲海,椎名　豪,MXM,17
SDVXオリジナル,vivid landscape,paraoka,MXM,17.5
その他,Enjoy This Time,DJ Noriken feat. yukacco,MXM,17
SDVXオリジナル,On take SUN,Sampling Masters MEGA,MXM,18.2
その他,怪盗Ｆの台本～消えたダイヤの謎～(EXIT TUNES),ひとしずく×やま△ feat.松下、eclair、おさむらいさん、柿チョコ、コニー、しゅーず、che:櫻井、nero、びびあん、mao（bass）、ゆう十、リシェ,MXM,18.3
東方アレンジ,Colors,REDALiCE feat.野宮あゆみ,MXM,16
東方アレンジ,Colorless feat.ももかみ,Spacelectro,MXM,17.5
SDVXオリジナル,君は Fantasista,杉下 トキヤ,MXM,17
SDVXオリジナル,GaLaXyEggPlanT,sasakure.UK,MXM,18.3
その他,GALAXY BURST(EXIT TUNES),かめりあ,MXM,18.5
東方アレンジ,クレイジークレイジーダンサーズ,ビートまりお＋あまね（COOL&CREATE）,MXM,17
ボーカロイド,消失(Hommarju Remix)(EXIT TUNES),cosMo＠暴走P,MXM,18.4
その他,Jack-the-Ripper◆,sasakure.UK,MXM,18.4
ボーカロイド,すきなことだけでいいです,ピノキオピー,MXM,16
SDVXオリジナル,scary night,岸田教団＆THE明星ロケッツ,MXM,17
東方アレンジ,全力ハッピーライフ,森羅万象,MXM,17
東方アレンジ,Together Going My Way,DiGiTAL WiNG with 空音,MXM,16
東方アレンジ,抜刀,猫大樹,MXM,16
SDVXオリジナル,bistro twins☆☆☆,OSTER project feat. かなたん,MXM,17
SDVXオリジナル,Believe (y)our Wings {V:IVID RAYS},RASIS COLORS（かめりあ ft. 紫崎 雪、ぁゅ、かぼちゃ、Kuroa*、SOPHY、みかん汁、みゅい）,MXM,17.5
SDVXオリジナル,Believe (y)our Wings {GRA5P WAVES},GRACE COLORS（かめりあ ft. 紫崎 雪、藍月なくる、荒巻、ＯＲＩ姫、かなたん、駄々子、はるの、ななひら）,MXM,17.5
SDVXオリジナル,FlowerNation,ゆうゆ feat. 華,MXM,16
SDVXオリジナル,BLIZZARD BEAT,SOUND HOLIC feat. Nana Takahashi,MXM,17
東方アレンジ,Princess Lily,溝口ゆうま feat. 大瀬良あい,MXM,17.5
ボーカロイド,ぼくらの16bit戦争,sasakure.UK,MXM,17.5
SDVXオリジナル,真夏の海の修道女,bermei.inazawa,MXM,17.5
東方アレンジ,真夏の蜜と唇 fm. 希望の星は青霄に昇る,ARM (IOSYS) ft. yukina (TUMENECO),MXM,17
東方アレンジ,迷夢ソウル,夕月椿(EastNewSound),MXM,16
東方アレンジ,零次元エクスプレス,SOUND HOLIC feat. Nana Takahashi,MXM,17
SDVXオリジナル,lEyl,t+pazolite feat. incl*incr,MXM,18.3
その他,Record one's Dream,uma vs. モリモリあつし,MXM,17.5
その他,Revolution(EXIT TUNES),lapix,MXM,17.5
BEMANI,V,TAKA,MXM,18.6
FLOOR,ULTRAVELOCITY,はがね,MXM,18.5
FLOOR,ΣmbryØ,かぼちゃ,MXM,20.2
FLOOR,Cross Fire,Hommarju vs RoughSketch,MXM,19.1
FLOOR,GODHEART,BlackY,MXM,19.2
FLOOR,THE HEAVEN,Juggernaut.,MXM,18.5
FLOOR,祝福の色彩は想い結ぶ君たち迄,Yu-dachi,MXM,18.6
FLOOR,Destiny,Yooh,MXM,18.4
FLOOR,*Feels Seasickness...*,かめりあ,MXM,20.0
その他,Adansonia,sweez / Meine Meinung,MXM,16
ボーカロイド,ゴーストルール,DECO*27,MXM,17
その他,スペクトラム,エルリ鳥 (O-SE + ueda),MXM,16
ボーカロイド,すろぉもぉしょん,ピノキオピー,MXM,17
その他,セイシュンライナー(EXIT TUNES),蝶々P meets まじ娘,MXM,17
ボーカロイド,moon(EXIT TUNES),iroha(sasaki),MXM,16
ボーカロイド,モザイクロール,DECO*27,MXM,16
SDVXオリジナル,ALTONA,SOUND HOLIC Vs. SWING HOLIC,GRV,18.1
SDVXオリジナル,She Turns Me On,"BEMANI Sound Team ""Sota Fujimori""",GRV,17.5
SDVXオリジナル,真っ白な靴,豚乙女,GRV,18.0
SDVXオリジナル,REDO the NIGHT,岸田教団＆THE明星ロケッツ,GRV,17.5
BEMANI,MODEL FT4,"BEMANI Sound Team ""Mutsuhiko Izumi""",MXM,18.5
BEMANI,Yum Yum Sweetie,t+pazolite,MXM,18.7
ボーカロイド,アンハッピーリフレイン,wowaka,MXM,17
その他,KIRAMEKI OVERDRIVE,FALL,MXM,16
ボーカロイド,Twilight ∞ nighT(EXIT TUNES),ひとしずく×やま△,MXM,17.5
その他,Poison AND÷OR Affection,LeaF,MXM,17.5
ボーカロイド,ローリンガール,wowaka,MXM,16
BEMANI,Catch Our Fire!,中島由貴,MXM,18.3
FLOOR,Divine's or Deal,winddrums vs cosMo,MXM,18.2
FLOOR,ファイナルレター,かねこちはる,MXM,18.3
FLOOR,ブチ上げ候！現代忍者三姉妹,溝口ゆうま feat. みこ♡なち♡あい,MXM,17
FLOOR,Musha Vibration,NA7,MXM,17.5
BEMANI,Sulk,SYUNN,MXM,17.5
BEMANI,†渚の小悪魔ラヴリィ～レイディオ†,夏色ビキニのPrim,MXM,18.4
BEMANI,Midnight City Warfare,sky_delta,MXM,18.4
その他,ouroboros -twin stroke of the end-,Cranky VS MASAKI「グルーヴコースター」より,MXM,18.6
SDVXオリジナル,逆月,"BEMANI Sound Team ""HuΣeR"" feat.Fernweh",MXM,19.0
その他,Xevel,Tatsh「CHUNITHM」より,MXM,18.7
その他,Taiko Drum Monster,steμ feat. siroa「太鼓の達人」より,MXM,18.3
BEMANI,Elemental Creation,dj TAKA meets DJ YOSHITAKA,MXM,19.1
BEMANI,Empathetic,Sota÷Des,MXM,17
BEMANI,お米の美味しい炊き方、そしてお米を食べることによるその効果。,大日本鉄倶楽部【あさき＆９６】,MXM,18.2
BEMANI,GAIA,猫叉L.E.D.Master+,MXM,18.2
BEMANI,Synergy For Angels,TAG×U1-ASAMi,MXM,17
BEMANI,STULTI,MAX MAXIMIZER VS DJ TOTTO,MXM,18.7
BEMANI,晴天Bon Voyage,TOMOSUKE × seiya-murai feat. ALT,MXM,16
BEMANI,創世ノート,PON+wac,MXM,17
BEMANI,虹色の花,Akhuta y OJ,MXM,16
BEMANI,ラキラキ,Mutsuhiko Izumi & S-C-U,MXM,17.5
東方アレンジ,Invisible Bullets,brz1128,MXM,17
東方アレンジ,Venomous Firefly,かめりあ,MXM,18.9
東方アレンジ,Tic Exe,Se-U-Ra,MXM,17
東方アレンジ,Night Rockin' Bird,kanone,MXM,18.1
東方アレンジ,Nostalgic Blood of the Strife,Laur,MXM,18.5
東方アレンジ,Princess K,Retropolitaliens(Ms.+駄々子),MXM,16
SDVXオリジナル,PROVOES*PROPOSE <<êl fine>>,"Yu_Asahina as ""papyrus""",GRV,18.7
東方アレンジ,マイネ・クライネ・ナハトムジーク,Die Ellipse (deli. with 倉田美和),MXM,16
FLOOR,Akzeriyyuth,Team&Dj Grimoire,MXM,18.0
ボーカロイド,異世界ノットパンピー(EXIT TUNES),164 feat.GUMI,MXM,16
ボーカロイド,嘘とぬいぐるみ(EXIT TUNES),Dixie Flatline,MXM,16
FLOOR,Coldlapse,Aoi vs. r0y,MXM,17
FLOOR,No way,影虎。,MXM,17.5
FLOOR,Beyond the BLUE,Ayato × sak × 田島千種,MXM,18.2
東方アレンジ,4NT1 D34D,N-Driver,MXM,16
東方アレンジ,Breakin' Asia,かたぎり,MXM,18.0
東方アレンジ,蓬莱フェスティボー,溝口ゆうま feat. みこ♡なち♡あい,MXM,17.5
東方アレンジ,Lunatic Sprinter,さわわ,MXM,18.3
BEMANI,SUPER SUMMER SALE,"BEMANI Sound Team ""U1 overground""",MXM,18.1
BEMANI,星座が恋した瞬間を。,"BEMANI Sound Team ""DJ TOTTO feat.MarL""",MXM,17
BEMANI,Puberty Dysthymia,"BEMANI Sound Team ""person09""",MXM,18.5
BEMANI,風鈴花火,"BEMANI Sound Team ""劇団レコード""feat.結良まり",MXM,16
BEMANI,Prey,"BEMANI Sound Team ""Dustup""",MXM,18.6
BEMANI,Life is beautiful,"BEMANI Sound Team ""猫叉Master""",MXM,17.5
BEMANI,Rejoin,"BEMANI Sound Team ""HuΣeR feat.PON""",MXM,17.5
その他,Sleepless days,猫叉Master feat.Mayumi Morinaga,MXM,17
その他,MAXIVCORD,"BEMANI Sound Team ""dj TAKA""",MXM,17.5
その他,Let's Bounce !!,"BEMANI Sound Team ""Sota F.""",MXM,16
東方アレンジ,灼熱のBlazin' Beat,CielArc,MXM,16
東方アレンジ,Burning Spark!,uma & nmk feat. 橘花音,MXM,16
東方アレンジ,Black night,Noah,MXM,18.0
SDVXオリジナル,まじかる生主＠りすなちゃん,DJ SHARPNEL feat. みらい,GRV,18.3
東方アレンジ,Liévre -blanche-,Diartzh,MXM,17
SDVXオリジナル,Another Chapter,からとP feat.リた☆,MXM,17.5
SDVXオリジナル,Absolute Domination,Laur,MXM,19.5
SDVXオリジナル,オニユリ,ぺのれり,MXM,18.5
SDVXオリジナル,Xronièr,"かめりあ as ""fluX Xroisé""",MXM,20.1
SDVXオリジナル,コメット⇒スケイター,U-ske feat.棗いつき,MXM,17.5
SDVXオリジナル,サイコパスラビット,うさぎ愛好会PSYCHOPATH(cosMo×syuri22),MXM,18.7
SDVXオリジナル,水簾ノ調,Capchii × Crawk,MXM,18.0
SDVXオリジナル,スラッシュ//シスターズ,はるなば with すずしろ&桃箱,MXM,18.0
SDVXオリジナル,そして黄金郷へ,TAKU1175 × かにまゆ,MXM,18.6
SDVXオリジナル,光射す澪のユズリハ,Cororo feat.Yuria Miyazono,MXM,18.5
SDVXオリジナル,Failnaught,xi,MXM,19.4
SDVXオリジナル,Fly Like You,technoplanet,MXM,19.7
SDVXオリジナル,Made In Love,黒魔,MXM,17.5
その他,FREEDOM DiVE,xi,MXM,19.3
FLOOR,Dark Matter,Yooh,MXM,17.5
FLOOR,ひとりぼっちの魔王,Verdammt,MXM,16
FLOOR,ホワイトパレード,梅干茶漬け,MXM,18.5
FLOOR,Justitia Gladius,kanone,MXM,17.5
FLOOR,Levier'n NābYss,MisoilePunch♪ ~Take No Complete~,MXM,18.4
東方アレンジ,Invisible Full Moon 古屋直雪 remix,古屋直雪,MXM,16
東方アレンジ,Victim of Nights,すのうまん,MXM,18.1
東方アレンジ,少女綺想曲 -G.X.N. Remix-,激戦の人,MXM,17
東方アレンジ,Mysterious Nights,あさり,MXM,16
FLOOR,BLAZING_LAZER,brz1128,MXM,18.0
FLOOR,Melty Sweets,Ironami,MXM,17
SDVXオリジナル,Reb∞t,"BEMANI Sound Team ""TAG""",GRV,18.5
東方アレンジ,KIMIDORI Streak!!,梅干茶漬け,MXM,18.0
FLOOR,Gate of Atlantis,MasKaleido,MXM,18.7
ボーカロイド,失敗作少女(EXIT TUNES),かいりきベア,MXM,17
東方アレンジ,Secret Traveler -MeniRemix-,Adust Rain,MXM,17
FLOOR,Knights Assault,零 -zero-,MXM,17
東方アレンジ,プレインエイジア(MRM REMIX),モリモリあつし,MXM,17.5
ボーカロイド,見世物ライフ(EXIT TUNES),"otetsu,164,蝶々P",MXM,17
FLOOR,MeteorGlow Aftermath,pan,MXM,18.6
BEMANI,ECHIDNA,HuΣeR,MXM,18.5
BEMANI,Chrono Diver -PENDULUMs-,猫叉L.E.D.Master+,MXM,19.3
SDVXオリジナル,Nexta,lapix,GRV,18.5
東方アレンジ,ILL-STARRED Diver,polysha,MXM,17
東方アレンジ,煙,庭師,MXM,17.5
FLOOR,SUPER BUBBLE JOURNEY,こふ,MXM,17
BEMANI,Touch My Body,anubasu-anubasu,MXM,18.1
東方アレンジ,誰が為に兎は舞う＝狂速狂騒曲＝,うさぎ愛好会(cosMo×syuri22),MXM,18.2
FLOOR,Blue Stream,とろまる,MXM,17.5
BEMANI,片翼のディザイア,Endorfin.,MXM,17
FLOOR,LastΩmegA,BlackY,MXM,18.4
BEMANI,La Danza del Fuego,Kiryu,MXM,16
BEMANI,Redshift,technoplanet,MXM,18.2
東方アレンジ,アワデコノヨヲ,AMAZE,MXM,17
FLOOR,Iridescent Clouds,Hidra-Xjeil,MXM,17.5
FLOOR,SAtAN,P*Light,MXM,18.6
東方アレンジ,disordered asia,シイナフユキ,MXM,16
FLOOR,Divine's:Bugscript,かゆき,MXM,18.8
東方アレンジ,Two of Us,Sound CYCLONE,MXM,16
東方アレンジ,Dreaming feat. nomico,Alstroemeria Records,MXM,17
東方アレンジ,私の恋色。,テヅカ feat. 大西あみみ,MXM,16
SDVXオリジナル,Arcade Prison,MAD CHILD vs. siromaru,MXM,17
BEMANI,Evans,DJ YOSHITAKA,MXM,18.3
その他,Oriens,ginkiha,MXM,17
その他,Decoy(EXIT TUNES),Yooh,MXM,17
その他,New Leaf(EXIT TUNES),BlackY vs. Yooh,MXM,18.0
その他,β(EXIT TUNES),BlackY,MXM,17
BEMANI,RHYZING BEAT,PHQUASE,MXM,18.3
その他,Re：End of a Dream,uma vs. モリモリあつし,MXM,18.7
SDVXオリジナル,業焔繚乱,BlackY,GRV,18.6
BEMANI,Sky High,Cuvelia,MXM,18.5
SDVXオリジナル,スピーカーガール！,TAKU1175 feat.かなたん,GRV,16
BEMANI,CHERNOBOG,漆黒のEBONY,MXM,18.4
BEMANI,ビビットストリーム,DJ TOTTO,MXM,16
BEMANI,Phlox,Sota Fujimori 2nd Season,MXM,17
SDVXオリジナル,BELOBOG,"BEMANI Sound Team ""純白のIVORY""",MXM,19.4
BEMANI,蟲の棲む処,かめりあ feat. Nana Takahashi,MXM,17
SDVXオリジナル,Royal Judgement,Kobaryo,GRV,17.5
BEMANI,ロプノールの商隊,Akhuta,MXM,17.5
BEMANI,惑星☆ロリポップ,SOUND HOLIC feat. Nana Takahashi,MXM,16
BEMANI,分けるな危険！モモモモモモーイズム,ARM×狐夢想 feat. 桃井はるこ,MXM,17
FLOOR,Awakening,technoplanet,MXM,19.6
FLOOR,Wings of Glory,Crawk × Capchii,MXM,18.3
FLOOR,crossing blue,ぺのれり,MXM,18.3
FLOOR,Xéroa,かめりあ,MXM,19.6
FLOOR,BlueMoon Princess,うさぎ愛好会(cosMo×syuri22),MXM,18.4
FLOOR,プラネタジャーニー,U-ske feat.棗いつき,MXM,17.5
FLOOR,メルヘン風紀委員会,はるなば with すずしろ&桃箱,MXM,17.5
FLOOR,Яe's NoVǢ,からとP feat.リた☆,MXM,18.3
ボーカロイド,からくりピエロ(EXIT TUNES),40mP,MXM,16
SDVXオリジナル,GERBERA-For Finalists-,remixed by cosMo＠暴走P,MXM,19.5
その他,Libera me,Cranky,MXM,17.5
ボーカロイド,ワールズエンド・ダンスホール,wowaka,MXM,18.1
FLOOR,I,黒魔,MXM,20.2
FLOOR,A Lasting Promise,Laur,MXM,19.4
FLOOR,CUTE-Reflection,7mai,MXM,17.5
FLOOR,Cloud 9,雄之助,MXM,18.5
FLOOR,Sacrifice and Faith,ℱsinfonia（Yu_Asahina　溝口ゆうま　かなたん　大瀬良  あい）,MXM,18.4
FLOOR,神話に芽吹く,Cororo,MXM,18.9
FLOOR,僕らの時間,テヅカ feat. 大西あみみ,MXM,17.5
FLOOR,羅生門,TAKU1175 × かにまゆ,MXM,17.5
FLOOR,Last Resort,xi,MXM,19.4
FLOOR,BREAKNECK NY☆N! NY★N!,ZerA,MXM,17
FLOOR,planetarium,SUi,MXM,17.5
BEMANI,MONOLITH,TOMOSUKE,MXM,18.1
FLOOR,Lionheart,P4koo,MXM,16
FLOOR,Random Box,LATI,MXM,16
BEMANI,CARNIVOROUS,SOUND HOLIC feat. Nana Takahashi,MXM,17
BEMANI,スカイダイバー,ヒゲドライバー feat.ヒゲドライVAN,MXM,16
BEMANI,SPACE VILLAGE,サイバー劇レコ,MXM,17.5
BEMANI,それは花火のような恋,夏色バーニングラブ☆Prim,MXM,17.5
BEMANI,トキメキストリーム,Qrispy Joybox,MXM,16
BEMANI,びいすと！,ビートまりおとARM,MXM,18.0
SDVXオリジナル,VOLTEXES IV,"BEMANI Sound Team ""Sota Fujimori""",MXM,17
BEMANI,メイビ～初恋！？ビスケット☆大作戦,DJ TOTTO×mitsu feat.BisCo(CV:洲崎綾),MXM,18.4
BEMANI,Lost wing at.0,猫叉Master+,MXM,17.5
BEMANI,cobalt,Des-ROW・組スペシアル,MXM,17.5
BEMANI,НУМЛ,Zutt,MXM,18.8
FLOOR,極彩天奏,かゆき,MXM,18.7
FLOOR,Zelophilia,ぺのれり feat.ぁゅ,MXM,17.5
FLOOR,ツキアカリ,タケノコ少年,MXM,17
FLOOR,ボーイミーツ・ブルー,うさぎ愛好会(cosMo×syuri22),MXM,17
ひなビタ♪/バンめし♪,ルミナスデイズ,ここなつ,MXM,16
FLOOR,Lowermost revolt,かめりあ feat. 歌劇派学生,MXM,18.6
FLOOR,Royal Action,BlackY,MXM,17.5
FLOOR,KAC 2013 ULTIMATE MEDLEY -HISTORIA SOUND VOLTEX- Empress Side,FLOOR LEGENDS -KAC 2013-,MXM,19.7
FLOOR,おにいちゃんハイテック,立秋 feat.ちょこ,MXM,17
FLOOR,Chaotic Romance,はるなば,MXM,17
FLOOR,Khionos TiARA,Ellim Gnirps vs よみぃ,MXM,18.6
FLOOR,Goddess Bless you,winddrums,MXM,18.2
FLOOR,Xibercannon,隣の庭は青い(庭師+Aoi),MXM,17
FLOOR,Destruction & Qreation,polysha+inusack,MXM,17
FLOOR,DropZ-Line-,Getty vs. DJ DiA,MXM,18.4
BEMANI,Be a Hero!,中島由貴,MXM,18.4
FLOOR,PIERROT KNIfE,まろん (IOSYS),MXM,17.5
SDVXオリジナル,OPEN MY GATE,ARM×狐夢想 feat. RINA (I've),MXM,18.1
SDVXオリジナル,All Clear!!,sky_delta,MXM,17.5
SDVXオリジナル,Cy-Bird,Yooh,MXM,17.5
SDVXオリジナル,#SpeedyCats,RoughSketch a.k.a. uno(IOSYS),MXM,18.8
SDVXオリジナル,TWO-TORIAL,"BEMANI Sound Team ""PHQUASE vs DJ TOTTO""",MXM,19.4
SDVXオリジナル,Hug!! Vs. Hug!!,はるなば,MXM,18.7
SDVXオリジナル,BEAST BASS BOMB,Hommarju,MXM,18.3
SDVXオリジナル,Far Away,lapix,MXM,17.5
SDVXオリジナル,闇夜に舞うは紅の華,TAKU1175,MXM,17.5
SDVXオリジナル,GERBERA,"BEMANI Sound Team ""TAG""",MXM,18.8
FLOOR,It's a new day!,パピ子りんft.ビタミンな兄貴♂＆ゆずり,MXM,16
FLOOR,HP:1,Verdammt,MXM,18.5
FLOOR,QUAKE,Polyphonix,MXM,17
FLOOR,゜*。Chantilly Fille。*°,Ange;art,MXM,16
FLOOR,春時雨,まし,MXM,16
FLOOR,Fairy in Strasbourg,Laur,MXM,16
FLOOR,Poppin’Cats!!,やどりぎ,MXM,17.5
その他,DREAMING-ING!!,ときめきアイドル project,MXM,15
その他,怒槌,光吉猛修「CHUNITHM」より,MXM,18.7
その他,Scarlet Lance,MASAKI（ZUNTATA）「グルーヴコースター」より,MXM,18.6
その他,セイクリッド ルイン,Drop＆祇羽 feat. 葉月ゆら「太鼓の達人」より,MXM,18.2
SDVXオリジナル,炎夏の音,Vocal by 駄々子,MXM,17
SDVXオリジナル,狂騒こども節,Vocal by かなたん,MXM,16
SDVXオリジナル,新米天使のメランコリー,Vocal by 荒巻,MXM,16
SDVXオリジナル,地球防衛乙女パンナコッター,Vocal by はるの,MXM,16
SDVXオリジナル,テレポーテーションでやってきた彼とのその後の顛末,Vocal by 藍月なくる,MXM,16
SDVXオリジナル,ペタ靴と憂夜リムーバー,Vocal by ＯＲＩ姫,MXM,17
ひなビタ♪/バンめし♪,キリステゴメン,東雲夏陽,MXM,17
ひなビタ♪/バンめし♪,けもののおうじゃ★めうめう,日向美ビタースイーツ♪,MXM,16
ひなビタ♪/バンめし♪,シノビシノノメ,東雲心菜,MXM,16
ひなビタ♪/バンめし♪,銃弾は解を撃ち抜いて,日向美ビタースイーツ♪,MXM,17
ひなビタ♪/バンめし♪,Drizzly Venom,日向美ビタースイーツ♪,MXM,17
ひなビタ♪/バンめし♪,ナイト・オブ・ロンド,日向美ビタースイーツ♪,MXM,15
ひなビタ♪/バンめし♪,ミラクル・スイート・スイーツ・マジック！！,日向美ビタースイーツ♪,MXM,16
FLOOR,couleur automnes de chocolat,Citrus and Ocean Colour,MXM,16
FLOOR,Ghost Trigger,u-z feat.CHERICa,MXM,18.4
FLOOR,Sadistic Stabbing,ぬゆりとびす,MXM,17
BEMANI,Time to Air (jazz it up style),borzy,MXM,16
東方アレンジ,チルノのパーフェクトさんすう教室　⑨周年バージョン,IOSYSと愉快な⑨周年フレンズ,MXM,16
その他,Doppelganger,LeaF,MXM,18.8
FLOOR,NEON LOVE♥POTION!!!,パイタン,MXM,17
FLOOR,444,ZYTOKINE feat. aki,MXM,17
BEMANI,waxing and wanding(SS Remix),しま兄,MXM,16
FLOOR,WONDER_WOBBLER,brz,MXM,17
BEMANI,Glitter Flatter Scatter,Project B-,MXM,18.4
東方アレンジ,Claidheamh Soluis-光の剣- feat.はるの,猫大樹,MXM,16
東方アレンジ,のぼれ八坂坂！,ビートまりおとARM,MXM,18.3
東方アレンジ,胸の中で誰かが,幽閉サテライト,MXM,15
FLOOR,Apocrypha,お月さま交響曲,MXM,17
FLOOR,Grand-Guignol,モリモリあつし,MXM,18.2
FLOOR,獅子奮迅,a_hisa vs KV.S&はらたま,MXM,17.5
FLOOR,Spirit of the Beast,ikaruga_nex fw.tcheb,MXM,18.4
FLOOR,Fáfnir,Aoi Sumito a.k.a. あおいひと,MXM,17
BEMANI,Concertino in Blue,佐々木博史,MXM,18.8
SDVXオリジナル,ULTiMATE INFLATiON,cosMo＠暴走Genocider,MXM,18.5
SDVXオリジナル,神獄烙桜,かゆき,MXM,18.6
SDVXオリジナル,Juggler's Maddness,Lite Show Magic,MXM,18.5
SDVXオリジナル,Staring at star,MisoilePunch♪ ～タケノコ添え～,MXM,19.1
SDVXオリジナル,セイレーン ～悲壮の竪琴～,ぺのれり,MXM,19.4
SDVXオリジナル,Dyscontrolled Galaxy,かめりあ,MXM,19.8
SDVXオリジナル,Deadly force,Noah,MXM,19.4
SDVXオリジナル,FIN4LE ～終止線の彼方へ～,カモメサノエレクトリックオーケストラ,MXM,20.5
SDVXオリジナル,WHITEOUT,かねこちはる,MXM,20.2
SDVXオリジナル,Mirrorwall,BlackY,MXM,18.7
BEMANI,Theme of Ricerca,HuΣeR feat.ゆきまめ,MXM,18.1
その他,Altale,削除,MXM,17.5
その他,PUPA,モリモリあつし,MXM,18.6
FLOOR,Game Over,Ancraft,MXM,17
FLOOR,JUNKIE FLAVOR,yaseta + Hidra-Xjeil,MXM,18.8
FLOOR,dreamin' of u,Jun Kuroda,MXM,16
FLOOR,rhythmology study,古屋直雪,MXM,17.5
FLOOR,Legendary Road,kanone,MXM,18.8
東方アレンジ,SACRIFICE feat. ayame,Alstroemeria Records,MXM,18.4
東方アレンジ,廃獄ドリームランド,SOUND HOLIC feat. Nana Takahashi,MXM,17
東方アレンジ,Burn everything,LiLA'c Records,MXM,16
東方アレンジ,冒涜的選択のアレグリア ft. Mayumi Morinaga,Iceon(Frost Fragment),MXM,15
東方アレンジ,Root Consciousness,溝口ゆうま feat.大瀬良あい vs. QURELESS,MXM,16
FLOOR,オンディーヌの泪,かねこちはる,MXM,17
FLOOR,ゴーストマスコット,はるなば feat.みかん汁,MXM,16
FLOOR,Gorgetech,Shiron,MXM,18.5
東方アレンジ,少女救世論,暁Records,MXM,16
東方アレンジ,Sweet Requiem,REDALiCE & aran,MXM,18.2
FLOOR,SprrRush!!,MisoilePunch♪ feat.KIRARI,MXM,15
東方アレンジ,つるぺったん,Silver Forest feat. くろねこ アキ さきち カガリ,MXM,16
FLOOR,ぱあ,立秋 feat.ちょこ,MXM,16
東方アレンジ,Finale,A-One,MXM,17.5
東方アレンジ,I feel something for you,556ミリメートル,MXM,15
東方アレンジ,透明な記憶の風穴,少女フラクタル,MXM,16
東方アレンジ,FIRE IN MY HEART,Spacelectro,MXM,18.2
東方アレンジ,幽玄の桜,音召缶 feat.Renna,MXM,17.5
東方アレンジ,雷鼓サンダービート,ARM(IOSYS) feat.ビートまりお(COOL&CREATE),MXM,18.2
東方アレンジ,Regretful Flower,Amateras Records feat.築山さえ,MXM,16
東方アレンジ,私とあなたのMYOURENJI☆,歌恋人,MXM,16
FLOOR,Vigor,Yooh,MXM,17.5
FLOOR,The Golden Era,polysha,MXM,18.3
BEMANI,405nm(Shu※mix),Shu※,MXM,17.5
BEMANI,Mind Mapping(ag Remix),ag,MXM,16
ひなビタ♪/バンめし♪,恋とキングコング,日向美ビタースイーツ♪,MXM,15
東方アレンジ,Technical Master,天音 (Rolling Contact),MXM,17
東方アレンジ,Dystopia,DiGiTAL WiNG feat.花たん/YURiCa,MXM,15
東方アレンジ,トーホータノシ (feat. 抹),魂音泉,MXM,16
東方アレンジ,NEWBORN CRYING,ZYTOKINE feat. nachi,MXM,16
東方アレンジ,物凄いスペースシャトルでこいしが物凄いうた,Halozy feat. ななひら,MXM,17.5
東方アレンジ,Crystallize Forest,奏瀬いちこ feat.Silver Forest,MXM,15
東方アレンジ,Blue Fire,REDALiCE feat. 野宮あゆみ,MXM,16
東方アレンジ,Voltage Higher,A-One,MXM,17
FLOOR,Gaze ft. 紫崎 雪,Omnis,MXM,15
FLOOR,Junk Mania,udouddo&VALLEYSTONE,MXM,17.5
BEMANI,雪月花 (Shiron & Sound Artz Remix),Shiron vs. Sound Artz,MXM,16
BEMANI,Narcissus At Oasis (Freezer Remix),Freezer,MXM,16
BEMANI,We Go Down,DJ Genki feat. SHIN from HYPERNOVA With 三代,MXM,18.4
その他,The Formula,Junk,MXM,18.1
FLOOR,Inscape,technoplanet,MXM,17
FLOOR,VAMPIRE,nyankobrq,MXM,16
FLOOR,クリスタルミサイル,フーリンキャットマーク～with 鳴紗,MXM,14
FLOOR,Smoked Turkey Rag,a_hisa,MXM,17
FLOOR,Cepheus,しらこいし,MXM,18.5
FLOOR,FLOOR INFECTION Medley from SOUND VOLTEX×jubeat,United Composers from SOUND VOLTEX,MXM,18.5
FLOOR,湖底遺跡のヴィダー・ハル,borzy & 結月そら,MXM,15
FLOOR,sink into the dream,uma,MXM,17.5
BEMANI,Genesis At Oasis (Hirayasu Matsudo Remix),Hirayasu Matsudo,MXM,16
ボーカロイド,パンダヒーロー,ハチ,MXM,15
BEMANI,POLICY BREAK Medley from SOUND VOLTEX×jubeat,United Composers from jubeat,MXM,18.5
ボーカロイド,マトリョシカ,ハチ,MXM,16
BEMANI,Line 4 Ruin -kohumix-,こふ,MXM,17.5
ひなビタ♪/バンめし♪,ナナイロライト,ここなつ,MXM,15
FLOOR,iLLness LiLin,かねこちはる,MXM,20.2
FLOOR,ΩVERSOUL,BlackY,MXM,18.8
FLOOR,Gamerz FestivaL,うさぎ愛好会(cosMo×syuri22),MXM,18.5
FLOOR,Sailing Force,ぺのれり,MXM,19.2
FLOOR,超☆超☆光☆速☆出☆前☆最☆速!!! スピード★スター★かなで,かめりあ feat. ななひら,MXM,18.6
BEMANI,Rebellio,MAX MAXIMIZER VS DJ TOTTO,MXM,18.7
BEMANI,Fly far bounce,猫叉Master,MXM,17.5
BEMANI,恋歌疾風！かるたクイーンいろは,ねこまんまチーム！,MXM,18.1
FLOOR,Carry Me Away,lapix,MXM,17.5
BEMANI,壊Rave*it!! 壊Rave*it!!,LeaF,MXM,18.5
FLOOR,SO FLY ME TO YOU,ローゼライト powered by mu-ray,MXM,15
BEMANI,Narcissus At Oasis -影虎。 style-,影虎。,MXM,16
BEMANI,Boss Rush,USAO,MXM,18.3
BEMANI,If,Pa's Lam System,MXM,17.5
FLOOR,infinite:youniverse,かゆき,MXM,17.5
FLOOR,Immortal saga,Noah,MXM,19.0
FLOOR,Fin.ArcDeaR,MisoilePunch♪ ～タケノコ添え～,MXM,19.0
FLOOR,HE4VEN ～天国へようこそ～,カモメサノエレクトリックオーケストラ,MXM,20.0
FLOOR,Make Magic,Lite Show Magic,MXM,18.5
東方アレンジ,ケムマキunderground,t+pazolite feat. リズナ,MXM,17
東方アレンジ,盗宝,猫大樹,MXM,16
東方アレンジ,刃の如く ft. ネコメアリ,Iceon(Frost Fragment),MXM,15
ひなビタ♪/バンめし♪,デュアルメモリ,ここなつ,MXM,17
BEMANI,Engraved Mark-Gow's ill! RMX-,Gowrock,MXM,16
BEMANI,Sakura Mirage -Drum'n World-,Kairys,MXM,17.5
FLOOR,準備運動,すのうまん,MXM,18.8
FLOOR,fancy cake!!,あるふぁ,MXM,16
BEMANI,Rebuilding of Paradise Lost,Laur,MXM,17
FLOOR,黎明スケッチブック,アメツチ絵日記,MXM,17.5
FLOOR,ドリームエンド・サバイバー,ぽんきち,MXM,18.1
FLOOR,キュリオシティ,庭師,MXM,18.9
FLOOR,Noisy Minority,DJ Grimoire,MXM,18.4
BEMANI,3y3s (JMBS FUNKOT RMX),"Jockie ""MASTA BASS"" Suama",MXM,17.5
その他,Aragami,xi,MXM,17.5
東方アレンジ,Alice Maestera feat. nomico,Alstroemeria Records,MXM,14
東方アレンジ,斑鳩,豊田竜行,MXM,16
ボーカロイド,インビジブル(EXIT TUNES),kemu,MXM,17
ボーカロイド,インフルエンサー・イズ・デッド(EXIT TUNES),じーざす（ワンダフル☆オポチュニティ！）,MXM,16
ボーカロイド,裏表ラバーズ,wowaka,MXM,17
ボーカロイド,永遠に幸せになる方法、見つけました。(EXIT TUNES),うたたP,MXM,18.5
FLOOR,EDEN of TRUTH,Braflare(kanone&かぼちゃ),MXM,17
BEMANI,Aurora(Latinized Style),mommy,MXM,15
その他,オトゲラヴ！,ねこみりん feat.小宮真央×みゆ×えみゅう。,MXM,16
BEMANI,朧 (kamome sano remix),kamome sano feat. Kuroa*,MXM,15
その他,Candy Star,DJ Genki feat. yukacco,MXM,16
BEMANI,きゅん×きゅんばっきゅん☆LOVE,松下feat.Sota & wac,MXM,15
FLOOR,JUGGLE,Ras,MXM,17.5
その他,JULIAN,Queen P.A.L.,MXM,17
FLOOR,水槽のクジラ,テヅカ feat. 大西あみみ,MXM,17
BEMANI,starmine (nora2r Remix),nora2r,MXM,16
BEMANI,Second Heaven GravityPfArrange,cosMo＠暴走P,MXM,16
ボーカロイド,千本桜,黒うさP feat.初音ミク,MXM,15
BEMANI,零の位相,kradness,MXM,17
FLOOR,Dharma,Massive New Krew,MXM,17.5
FLOOR,Chocolate Planet,Freezer feat.妃苺,MXM,17.5
東方アレンジ,Take to Lips,Sound CYCLONE feat.大瀬良あい&℃iel,MXM,15
東方アレンジ,トラウマ催眠少女さとり！,DJ SHARPNEL feat. 一ノ瀬月琉,MXM,16
その他,TRICKL4SH 220,Lite Show Magic,MXM,18.4
その他,Dreadnought,Mastermind(xi+nora2r),MXM,18.6
その他,New Game feat.Mayumi Morinaga,The 4th,MXM,15
東方アレンジ,Nostalgia,矢鴇つかさ feat. 三澤秋,MXM,15
その他,HiGHER,REDALiCE,MXM,16
FLOOR,Four Leaves,Endorfin.,MXM,17
FLOOR,Heavenly Adventure,Soleily,MXM,17.5
SDVXオリジナル,HEAVENLY SMILE,VALLEYSTONE feat. 紫崎 雪,MXM,17
BEMANI,bass 2 bass [Tracy vs. Astronomical Remix],Tracy vs. Astronomical,MXM,16
その他,Poppin' Shower,P*Light,MXM,16
その他,焔 -MAGMA-,SOUND HOLIC feat. Nana Takahashi,MXM,17
東方アレンジ,LOVE EAST,暁Records,MXM,15
ひなビタ♪/バンめし♪,ヒミツダイヤル,ここなつ,VVD,17
SDVXオリジナル,極圏,cosMo VS dj TAKA,HVN,19.0
ひなビタ♪/バンめし♪,バイナリスター,ここなつ,VVD,17
その他,Halcyon,xi,XCD,19.4
SDVXオリジナル,FLügeL《Λrp:ΣggyØ》,かねこちはる,GRV,19.7
BEMANI,Angelic Jelly,t+pazolite,GRV,18.3
BEMANI,Grand Chariot,xi,GRV,17.5
BEMANI,StrayedCatz,削除,GRV,17.5
BEMANI,Sephirot,SHIKI,GRV,17
BEMANI,ZEPHYRANTHES,TAG,GRV,17
SDVXオリジナル,DIABLOSIS::Nāga,sky_delta,GRV,19.3
BEMANI,Triple Counter,DJ YOSHITAKA meets dj TAKA,GRV,18.2
SDVXオリジナル,NEO TREASON,lapix,GRV,18.4
SDVXオリジナル,Lord=Crossight,ぺのれり,GRV,19.1
SDVXオリジナル,Completeness Under Incompleteness,"かめりあ as ""Reverse of Riot""",GRV,18.7
SDVXオリジナル,Celestial stinger,Noah,GRV,18.5
その他,B.B.K.K.B.K.K.,nora2r,XCD,18.1
SDVXオリジナル,ウエンレラの氷華,Cororo,GRV,17.5
SDVXオリジナル,Ok!! Hug Me,はるなば,GRV,18.3
SDVXオリジナル,Get back here,Hommarju,GRV,17.5
SDVXオリジナル,Destroy,Yooh,GRV,17.5
BEMANI,The star in eclipse,しーけー,XCD,18.2
BEMANI,Din Don Dan (Fusion Remix),TAKU1175 feat.かなたん,XCD,17
SDVXオリジナル,archive::zip,kamome sano,GRV,16
SDVXオリジナル,Inixia,xi,GRV,17.5
SDVXオリジナル,ERROR CODE,C-Show,GRV,16
SDVXオリジナル,XROSS THE XOUL,BlackY vs. Yooh,GRV,18.4
SDVXオリジナル,Renegade Fruits,t+pazolite,GRV,18.2
FLOOR,KAC 2013 ULTIMATE MEDLEY -HISTORIA SOUND VOLTEX- Emperor Side,FLOOR LEGENDS -KAC 2013-,GRV,19.5
東方アレンジ,"Help me, ERINNNNNN!! - SH Style -",SOUND HOLIC feat. Nana Takahashi,GRV,16
FLOOR,End to end,Noah,XCD,19.2
FLOOR,EMPIRE OF FLAME,かめりあ,XCD,19.2
FLOOR,Candy Colored Hearts,はるなば,XCD,18.7
FLOOR,雲の彼方,Cororo,XCD,18.5
FLOOR,NEO GRAVITY,lapix,XCD,18.7
FLOOR,Lachryma《Re:Queen’M》,かねこちはる,GRV,20.2
ひなビタ♪/バンめし♪,neko＊neko,日向美ビタースイーツ♪,XCD,17
その他,conflict,siromaru + cranky,XCD,18.5
SDVXオリジナル,月光乱舞,P*Light,GRV,19.0
SDVXオリジナル,HAELE III ~Angel Worlds~,Yu_Asahina ft. Ritsuka,GRV,18.7
その他,Garakuta Doll Play,t+pazolite 「maimai」より,HVN,18.6
その他,きたさいたま2000,LindaAI-CUE（BNGI）「太鼓の達人」より,HVN,19.1
その他,Got more raves？,E.G.G.「グルーヴコースター」より,HVN,19.0
BEMANI,FLOWER,DJ YOSHITAKA 「jubeat」より,HVN,19.1
ひなビタ♪/バンめし♪,ちくわパフェだよ☆ＣＫＰ,日向美ビタースイーツ♪,XCD,18.7
BEMANI,夏色DIARY -Summer Dazzlin' Vacation miX-,猫叉王子 feat. PHQUASE vs. MAD CHILD,GRV,16
SDVXオリジナル,ΑΩ,BlackY,GRV,19.4
FLOOR,veRtrageS,Riz vs. Shiron,XCD,19.6
その他,XyHATTE(EXIT TUNES),cosMo＠暴走Ultimate,GRV,19.6
SDVXオリジナル,Blastix Riotz,"かめりあ as ""Bang Riot""",GRV,19.4
SDVXオリジナル,Preserved Valkyria,ぺのれり,GRV,19.2
FLOOR,Le Fruit Défendu,モリモリあつし+Verdammt,XCD,18.3
BEMANI,ΕΛΠΙΣ,dj TAKA,XCD,19.2
東方アレンジ,Opium and Purple haze,D.watt(OTAKU-ELITE Recordings),GRV,18.0
BEMANI,Sounds Of Summer,Hommarju,XCD,18.3
FLOOR,INF-B《L-aste-R》,かねこちはる,VVD,19.6
ひなビタ♪/バンめし♪,ロンロンへ　ライライライ！,ここなつ,GRV,17.5
東方アレンジ,BEAT-NEW-WORLD,ビートまりお（COOL&CREATE）,XCD,19.2
FLOOR,Everlasting Message,ぺのれり,GRV,19.3
FLOOR,混乱少女♥そふらんちゃん!!,かめりあ feat. ななひら,XCD,19.6
FLOOR,Sayonara Planet Wars,黒魔,XCD,20.3
FLOOR,Chant du Cygne,ke-ji,XCD,18.8
FLOOR,到達してしまった僕らと夢と希望の最之果,Ayatsugu_Otowa,XCD,19.6
FLOOR,KAC 2012 ULTIMATE MEDLEY -HISTORIA SOUND VOLTEX-,FLOOR LEGENDS -KAC 2012-,GRV,18.5
FLOOR,Invitation from Mr.C,C-Show,XCD,19.3
FLOOR,2 MINUTES FIGHTERS,P*Light,XCD,19.4
FLOOR,LegenD.,Yooh,XCD,19.2
FLOOR,World's end,Noah,XCD,19.8
ひなビタ♪/バンめし♪,キモチコネクト,東雲心菜 meets 日向美ビタースイーツ♪,GRV,17.5
SDVXオリジナル,INDEPENDENT SKY,SOUND HOLIC feat. Nana Takahashi,GRV,17
ひなビタ♪/バンめし♪,ツーマンライブ,東雲夏陽 meets 日向美ビタースイーツ♪,GRV,16
BEMANI,The Sampling Paradise (P*Light Remix),P*Light,XCD,18.6
ボーカロイド,幸せになれる隠しコマンドがあるらしい(EXIT TUNES),うたたP feat. 結月ゆかり,XCD,19.1
ひなビタ♪/バンめし♪,ポメグラネイト,ここなつ,GRV,17
東方アレンジ,SkyDrive!,Amateras Records feat.築山さえ,XCD,17
ボーカロイド,VILE CAT,TAKU1175,XCD,19.2
東方アレンジ,werewolf howls.,かめりあ,XCD,19.2
ひなビタ♪/バンめし♪,キミヱゴサーチ,ここなつ,INF,16
BEMANI,打打打打打打打打打打,ヒゲドライバー join. SELEN,INF,17.5
FLOOR,Appliqué,モリモリあつし,GRV,17
FLOOR,Wish upon Twin Stars,xi,GRV,18.7
FLOOR,Growth Memories,Hidra-Xjeil,GRV,19.0
FLOOR,CODE -CRiMSON-,Shiron,GRV,18.6
FLOOR,はわわｗ！な展開っ！,かねこちはる feat. 紫崎 雪,GRV,16
ボーカロイド,有頂天ビバーチェ(EXIT TUNES),Last Note.,XCD,18.2
SDVXオリジナル,INSECTICIDE,Camellia,HVN,19.2
BEMANI,御千手メディテーション,昇天家族,INF,17
BEMANI,KHAMEN BREAK,くふおー,INF,16
BEMANI,Cleopatrysm,ピラミッ℃,INF,16
ひなビタ♪/バンめし♪,ミライプリズム,ここなつ,INF,15
ボーカロイド,Idola,iconoclasm feat.GUMI,HVN,18.7
ボーカロイド,幻想系世界修復少女(EXIT TUNES),Last Note.,HVN,17
ボーカロイド,バンブーソード・ガール(EXIT TUNES),cosMo＠暴走P,HVN,19.4
東方アレンジ,患部で止まってすぐ溶ける ～ 狂気の優曇華院,ARM(IOSYS),INF,17.5
東方アレンジ,ってゐ！ ～えいえんてゐVer～,石鹸屋,INF,15
東方アレンジ,竹取飛翔,岸田教団＆THE明星ロケッツ,HVN,17
FLOOR,Innocent Tempest,Diceros Bicornis,VVD,19.2
FLOOR,ボルテ体操第一,Kaoru feat.FG75,XCD,18.5
FLOOR,odds and ends,MarcheИ,GRV,17
FLOOR,はなむけ,ふる,HVN,16
FLOOR,Harpuia,BlackY,HVN,18.5
FLOOR,Black Emperor,黒魔,GRV,19.3
FLOOR,Hoshizora Illumination,you,HVN,17.5
FLOOR,crazy cinema story,黒魔,XCD,18.8
FLOOR,Fiat Lux,xi,XCD,19.7
BEMANI,IX,dj TAKA VS DJ TOTTO feat.藍,VVD,19.1
ボーカロイド,ウバワレ,TAKU1175,GRV,17.5
FLOOR,EOS -INFINITE EDIT-,ginkiha,GRV,16
BEMANI,デッドボヲルdeホームラン,猫叉Masterβ2,XCD,18.6
BEMANI,轟け！恋のビーンボール！！,ダイナミック野球兄弟 v.s. クロスファイヤーPrim,XCD,18.6
FLOOR,Verse IV,ZOGRAPHOS (Yu_Asahina+Yamajet),HVN,19.3
FLOOR,LittleGameStar,An,GRV,17
FLOOR,雪女,かねこちはる,GRV,17.5
東方アレンジ,おお われら喜び讃うべし、主よ,すのうまん,VVD,18.3
東方アレンジ,上海紅茶館 ～ Chinese Tea Orchid Remix,Yooh,VVD,18.4
東方アレンジ,U.N.オーエンは彼女なのか？haru_naba Remix,はるなば,XCD,19.3
FLOOR,超越してしまった彼女と其を生み落した理由,Ayatsugu_Otowa,HVN,18.8
FLOOR,Bangin' Burst,かめりあ,GRV,19.5
FLOOR,For UltraPlayers,cosMo＠暴走P,HVN,19.7
FLOOR,BLACK or WHITE?,BlackYooh vs. siromaru,GRV,19.1
FLOOR,Hellfire,Hommarju,GRV,18.6
FLOOR,Last Concerto,ke-ji,GRV,18.8
BEMANI,HYENA,Hommarju,XCD,19.6
FLOOR,Erlung,削除,GRV,17.5
FLOOR,choux à la crème,kamome sano,GRV,17
FLOOR,take a step forward,uma,HVN,17.5
FLOOR,TrailBlazer,cold kiss,GRV,16
FLOOR,Last Battalion,ETIA.,GRV,17
FLOOR,ムーニャポヨポヨスッポコニャーゴ,全日本スッポコニャーゴ親衛隊,VVD,18.8
ボーカロイド,放課後ストライド(EXIT TUNES),Last Note.,HVN,17
ボーカロイド,マネマネサイコトロピック(EXIT TUNES),かいりきベア,XCD,17
東方アレンジ,最終鬼畜妹フランドール・S,ビートまりお（COOL&CREATE）,GRV,18.1
FLOOR,INFINITY OVERDRIVE,DecisionS(kanone + nora2r),GRV,17
FLOOR,Crack Traxxxx,Lite Show Magic (t+pazolite vs C-Show),GRV,18.4
FLOOR,XROSS INFECTION,BlackY vs. Yooh,GRV,19.2
FLOOR,Double Universe,Hommarju vs P*Light,GRV,17.5
FLOOR,Dawn of Asia,ginkiha+kamome sano,GRV,16
BEMANI,snow storm -euphoria-,Yooh,GRV,19.1
東方アレンジ,ウサテイ,あまね＋ビートまりお（COOL&CREATE）,XCD,18.0
FLOOR,Quietus Ray,xi,HVN,19.6
FLOOR,Booths of Fighters,"RoughSketch + DD""ナカタ""Metal",HVN,19.3
BEMANI,Unicorn tail Dustboxxxx RMX,Dustboxxxx,VVD,18.1
BEMANI,恋はどう？モロ◎波動OK☆方程式!!,あべにゅうぷろじぇくと feat.佐倉紗織 produced by ave;new,XCD,18.2
東方アレンジ,#Fairy_dancing_in_lake,uno(IOSYS),VVD,18.6
BEMANI,音楽 -resolve-,Yu_Asahina,VVD,19.1
BEMANI,少年は空を辿る Prog Piano Remix,とろまる,GRV,17.5
ボーカロイド,いーあるふぁんくらぶ(EXIT TUNES),みきとP,GRV,16
FLOOR,Joyeuse,ke-ji,VVD,19.3
ボーカロイド,ネトゲ廃人シュプレヒコール(EXIT TUNES),さつき が てんこもり,XCD,17
FLOOR,C18H27NO3,Team Grimoire,HVN,18.1
ボーカロイド,ラクガキスト(EXIT TUNES),cosMo＠暴走P feat.GUMI,VVD,19.1
FLOOR,Lieselotte,wa.,XCD,18.1
ボーカロイド,ロストワンの号哭(EXIT TUNES),Neru,GRV,16
BEMANI,I'm so Happy,Ryu☆,XCD,18.3
BEMANI,VALLIS-NERIA,DJ YOSHITAKA,XCD,19.3
ボーカロイド,こちら、幸福安心委員会です。(EXIT TUNES),うたたP,VVD,18.5
FLOOR,Qubism,Hate vs Brilliance,HVN,18.4
東方アレンジ,魔境堕天録サリエル,Unlucky Morpheus,HVN,18.7
BEMANI,Sakura Reflection (P*Light Slayer Remix),P*Light,VVD,18.1
BEMANI,She is my wife すーぱーアイドル☆ミツル子Remixちゃん,高井さんとuno(IOSYS),VVD,18.6
FLOOR,Next infection,Sanaas,XCD,17
FLOOR,Foolish Hero,lapix,XCD,18.4
東方アレンジ,待チ人ハ来ズ。,豚乙女,XCD,17
ボーカロイド,孤独の番人(EXIT TUNES),SCL Project（natsuP）feat. MAYU,HVN,18.4
東方アレンジ,Wheel,Syrufit feat.綾倉盟 / 市松椿,HVN,17.5
FLOOR,The world of sound,"Music by Ryuwitty, Vocal by Kuroa*",HVN,18.7
FLOOR,Hello world!,"Music by 源屋, Vocal by SOPHY",XCD,17
ボーカロイド,過食性:アイドル症候群(EXIT TUNES),スズム feat.GUMI＆MAYU,INF,17
ボーカロイド,金縛りの逢を,はるなば,HVN,18.1
東方アレンジ,ナイト・オブ・ナイツ,ビートまりお（COOL&CREATE）,INF,17.5
東方アレンジ,色は匂へど散りぬるを,幽閉サテライト feat. senya,XCD,17
東方アレンジ,ケロ⑨destiny,Silver Forest feat. めらみぽっぷ,HVN,17.5
東方アレンジ,魔理沙は大変なものを盗んでいきました,ARM(IOSYS),GRV,18.7
東方アレンジ,物凄い勢いでけーねが物凄いうた,Halozy feat. ななひら,XCD,18.6
FLOOR,croiX,TeamGrimoire+あま猫,INF,18.6
FLOOR,Gott,Hommarju,INF,17.5
FLOOR,Dynasty,Yooh,INF,17.5
FLOOR,PANIC HOLIC,C-Show,GRV,18.1
FLOOR,Max Burning!!,BlackY,INF,18.5
FLOOR,Absurd Gaff,siromaru,GRV,18.6
FLOOR,EGG,ginkiha,GRV,17.5
FLOOR,éclair au chocolat,kamome sano,GRV,17.5
FLOOR,大宇宙ステージ,黒魔,GRV,19.2
FLOOR,TRIGGER★HAPPY,P*Light,GRV,16
FLOOR,VISION,nora2r,GRV,16
ボーカロイド,カミサマネジマキ(EXIT TUNES),kemu feat. GUMI,GRV,17.5
ボーカロイド,地球最後の告白を(EXIT TUNES),kemu feat. GUMI,XCD,17
FLOOR,V.I.P.,ismK,HVN,18.7
ボーカロイド,腐れ外道とチョコレゐト(EXIT TUNES),ピノキオP,HVN,18.0
ボーカロイド,十面相(EXIT TUNES),YM feat. GUMI,VVD,17
ボーカロイド,人生リセットボタン(EXIT TUNES),kemu feat. GUMI,VVD,17
BEMANI,AA BlackY mix,BlackY,INF,17.5
ボーカロイド,Ray,源屋,HVN,16
東方アレンジ,幻想のサテライト,豚乙女,HVN,18.1
東方アレンジ,月に叢雲華に風,幽閉サテライト feat. senya,INF,15
東方アレンジ,Grip & Break down !! - SDVX Edit. -,SOUND HOLIC feat. Nana Takahashi,XCD,17
東方アレンジ,チルノのパーフェクトさんすう教室,ARM(IOSYS),INF,16
東方アレンジ,Bad Apple!! feat. nomico,Alstroemeria Records,INF,16
その他,dreamin' feat.Ryu☆(EXIT TUNES),Mayumi Morinaga  (moimoi),XCD,17
ボーカロイド,イカサマライフゲイム(EXIT TUNES),kemu feat. GUMI,HVN,17
ボーカロイド,セツナトリップ(EXIT TUNES),Last Note. feat. GUMI,HVN,17.5
ボーカロイド,六兆年と一夜物語(EXIT TUNES),kemu feat. IA,INF,16
ボーカロイド,炉心融解(EXIT TUNES),iroha,INF,13
BEMANI,Ganymede kamome mix,kamome sano,INF,19.3
BEMANI,GAMBOL (dfk SLC rmx),D.F.K.Soundsystem,INF,16
FLOOR,Distorted Floor,RoughSketch,INF,17.5
FLOOR,Fire Strike,Junk,HVN,17.5
FLOOR,freaky freak,kamome sano,GRV,17.5
FLOOR,World Vertex,void,GRV,16
ボーカロイド,天ノ弱(EXIT TUNES),164 feat. GUMI,INF,17
FLOOR,Onigo,Hommarju,HVN,18.6
FLOOR,caramel ribbon,P*Light,INF,16
BEMANI,サヨナラ・ヘヴン （かめりあ's NEKOMATAelectroRMX）,かめりあ,HVN,17.5
FLOOR,Space Diver Tama,黒魔,HVN,17.5
FLOOR,SOUL EXPLOSION,kanone,XCD,17
BEMANI,.59 -BOOTH BOOST REMIX-,IDEA+RHYTHM,HVN,17.5
その他,Nyan Cat(EXIT TUNES),daniwellP feat. 桃音モモ,INF,16
FLOOR,香港功夫大旋風,Daisuke Ohnuma,GRV,18.2
FLOOR,レトロスペクティビリー・メリーゴーランド,はるなば,XCD,17
BEMANI,恋する☆宇宙戦争っ！！ あばばばみっくす,ARM (IOSYS),INF,15
SDVXオリジナル,cloud,EZFG,HVN,17
ボーカロイド,世界はネコのもの,Nem,XCD,18.3
SDVXオリジナル,TYCOON,SOUND HOLIC feat. Nana Takahashi,INF,17
BEMANI,neu BSP style,cosMo＠暴走P,XCD,18.5
BEMANI,FLOWER REDALiCE Remix,REDALiCE,INF,18.6
SDVXオリジナル,ヤサイマシ☆ニンニクアブラオオメ,azuma feat. ななひら,INF,16
ボーカロイド,サイコパスコミュニケーション,ゆちゃP,INF,13
ボーカロイド,Xepher Light and Darkness Dragon REMIX,デッドボールP,GRV,18.4
BEMANI,冥 Rockin' SWING REMIX,164,INF,18.2
BEMANI,ALBIDA Powerless Mix,無力P,INF,17.5
SDVXオリジナル,It's over,ゆよゆっぺ feat.めらみぽっぷ,INF,13
ボーカロイド,Evans VolteX Pf arrange,cosMo＠暴走P,HVN,18.3
SDVXオリジナル,good high school,baker,INF,17.5
その他,「月風魔伝」龍骨鬼戦 yks Remix,yuukiss,INF,16
ボーカロイド,ごりらがいるんだ,ピノキオP,INF,15
BEMANI,smooooch・∀・ KN mix,KN,XCD,17.5
ボーカロイド,ナナイロ,otetsu,INF,13
ボーカロイド,西日暮里の踊り,家の裏でマンボウが死んでるP,INF,16
SDVXオリジナル,Ha･lle･lu･jah,SOUND HOLIC feat. Nana Takahashi,INF,15
ボーカロイド,バタフライキャット,daniwell,INF,15
SDVXオリジナル,PULSE LASER,ヒゲドライバー,INF,16
BEMANI,Broken 8cmix,iroha(sasaki),HVN,18.6
ボーカロイド,Rebellious stage,Dios/シグナルP,INF,13
ボーカロイド,凛として咲く花の如く スプーキィテルミィンミックス,マチゲリータ,INF,15
