Name,Level,Difficulty,Version,BPM,Chain,Artist,Effector,Link
マキシマ先生の満開!!ヘヴンリー講座,01,MXM,HEAVENLY HAVEN,130,574,体で覚えるSOUND VOLTEX,Blossom Professor Maxima,https://sdvx.in/04/04250m.htm
グレイスちゃんの超～絶!!グラビティ講座ｗ,01,MXM,GRAVITY WARS,135,1531,∞∞(σ∀σ*)∞∞,∞∞(σ∀σ*)∞∞グレイスよ！,https://sdvx.in/03/03281m.htm
いますぐ輪廻,01,NOV,NABLA,145,0,なきそ,いますぐ梨廻,
リメンバーリメンバー,01,NOV,EXCEED GEAR,182,0,covered by 轟はじめ(ReGLOSS),花梨 かりん,
強風オールバック,01,NOV,EXCEED GEAR,135,289,Yukopi,オーフバッキー,
Heartache / 心の痛み,01,NOV,EXCEED GEAR,119,332,Toby Fox,R-115Hz,
ヒトガタ,01,NOV,EXCEED GEAR,150,408,HIMEHINA,ひとくちピエロ,
ラストリゾート,01,NOV,EXCEED GEAR,124,365,Ayase,R-115Hz,
MEGANE,01,NOV,GRAVITY WARS,120,308,Ultra-Noob,azuma,
Pieces,01,NOV,GRAVITY WARS,172,388,発熱巫女～ず,漂白太郎,
メランコリック,01,NOV,GRAVITY WARS,140,257,Junky,SCバイオメトリクス,
shiningray,01,NOV,INFINITE INFECTION,83,281,164 feat.GUMI,azuma,
エピクロスの虹はもう見えない,01,NOV,INFINITE INFECTION,155,500,SYNC.ART,PHQUASE,
ボルテ体操第一,01,NOV,INFINITE INFECTION,175~200,313,Kaoru feat.FG75,Megacycle,
ワールド・ランプシェード,01,NOV,INFINITE INFECTION,193,411,りょーくん,kinoto,
神々の祈り,01,NOV,INFINITE INFECTION,130,379,舞風-MAIKAZE/沙紗飛鳥,DJ WILDPARTY,
蒼空に舞え、墨染の桜,01,NOV,INFINITE INFECTION,150,417,さゆり (Silver Forest),DJ WILDPARTY,
It’s over,01,NOV,BOOTH,144,511,ゆよゆっぺ feat.めらみぽっぷ,PHQUASE,
jet coaster☆girl,01,NOV,BOOTH,120,353,sasakure.UK feat.mirto,Megacycle,
STARDUST MERMAID,01,NOV,BOOTH,128,293,"Music by MasKaleido, Vocal by ぁゅ",ユカリ☆chan,
センチメント,01,NOV,BOOTH,123,294,uno(IOSYS),DJ WILDPARTY,
ルートスフィア,01,NOV,BOOTH,124,277,Last Note. feat. GUMI,Acid=Stone Valley,
春色ポートレート,01,NOV,BOOTH,80,294,しゃむおん,PHQUASE,
凛として咲く花の如く,01,NOV,BOOTH,163,515,マチゲリータ,SCバイオメトリクス,
サイエンス,02,NOV,NABLA,188,0,MIMI,花梨カリン,
murmur twins (guitar pop ver.),02,NOV,EXCEED GEAR,174,0,covered by 音乃瀬奏(ReGLOSS),直垂すもも∂,
Redo,02,NOV,EXCEED GEAR,190,456,鈴木このみ／アニメ「Re:ゼロから始める異世界生活」より,Re:ーフジョッキー,
Say!ファンファーレ!,02,NOV,EXCEED GEAR,170,423,白上フブキ,ビーフ!ジョッキー!,
Virtual to LIVE,02,NOV,EXCEED GEAR,156,494,にじさんじ,花梨かりん,
いいわけバニー,02,NOV,EXCEED GEAR,178,517,兎田ぺこら,マジな話～PH～,
ヒバナ-Reloaded-,02,NOV,EXCEED GEAR,200,505,DECO*27,cosMo＠暴走P-Reloaded-,
もぐもぐYUMMY！,02,NOV,EXCEED GEAR,140,485,猫又おかゆ,花梨かりん,
愛昧ショコラーテ,02,NOV,EXCEED GEAR,135,388,角巻わため,花梨 かりん,
美少女無罪?パイレーツ,02,NOV,EXCEED GEAR,170,495,宝鐘マリン,唐揚シス,
人マニア,02,NOV,EXCEED GEAR,150,349,原口沙輔,梨マニア,
Bonetrousle,02,NOV,EXCEED GEAR,150,408,Toby Fox,ひとくちピエロ,
カシオペアノヒカリ,02,NOV,EXCEED GEAR,132,384,ここなつ2.0,MASTER TRICK,
グッバイ宣言,02,NOV,EXCEED GEAR,170,495,Chinozo,グッフジョッキー,
シル・ヴ・プレジデント,02,NOV,EXCEED GEAR,176,361,P丸様。,大統領～PH～,
食虫植物,02,NOV,EXCEED GEAR,123,462,理芽,ブルーコールドハリケーンズ,
#Namescapes,02,NOV,EXCEED GEAR,146,467,#Namescapes,#Namescapes,
Now loading…,02,NOV,EXCEED GEAR,128,401,つきみぐー、×如月結愛,ジグザグレエザア,
Over the Border,02,NOV,EXCEED GEAR,138,412,COOL&CREATE × 宝鐘マリン feat.不知火フレア,2conノックオン feat.唐揚シスターズ,
シアワセうさぎ・ぺこみこマリン,02,NOV,EXCEED GEAR,140,482,COOL&CREATE × 兎田ぺこら、さくらみこ、宝鐘マリン,MaKoTo,
*ハロー、プラネット。,02,NOV,EXCEED GEAR,150,567,sasakure.UK,ビーフジョッキー,
ROOM,02,NOV,VIVID WAVE,145,472,Blanc Bunny Bandit,ダークダークダーク,
かくしん的☆めたまるふぉ～ぜっ！（crabMixx）,02,NOV,VIVID WAVE,132~139,330,土間うまる（CV.田中あいみ） Remixed by いぬ,cosMo＠暴走P,
動く、動く（”A&M Chillin' ” Electro Remix）,02,NOV,VIVID WAVE,128,318,Remixed by かめりあ feat.響木アオ＆虹乃まほろ,MAD CHILD,
Alice Maestera,02,NOV,HEAVENLY HAVEN,140,518,Alstromeria Records,MAD CHILD,
Burn everything,02,NOV,HEAVENLY HAVEN,175,681,LiLA,Hermit♣club,
Dystopia,02,NOV,HEAVENLY HAVEN,155,388,DiGiTAL WiNG feat. 花たん/YURiCa,ユカリ☆chan,
FIRE IN MY HEART,02,NOV,HEAVENLY HAVEN,131~132,376,Spacelectro,レッドホットスクリューズ,
I feel something for you,02,NOV,HEAVENLY HAVEN,150,373,556ミリメートル,ひとくちピエロ,
moon,02,NOV,HEAVENLY HAVEN,150,546,iroha(sasaki),THE THIRD MAN,
Take to Lips,02,NOV,HEAVENLY HAVEN,115,413,Sound CYCLONE feat.大瀬良あい＆℃iel,TAKUYA,
インフルエンサー・イズ・デッド,02,NOV,HEAVENLY HAVEN,144,502,じーざす（ワンダフル☆オポチュニティ！）,影符,
からくりピエロ,02,NOV,HEAVENLY HAVEN,102,285,40mP,Megacycle,
パンダヒーロー,02,NOV,HEAVENLY HAVEN,190,473,ハチ,ひとくちパンダ,
千本桜,02,NOV,HEAVENLY HAVEN,154,578,黒うさP feat. 初音ミク,MaKoTo & ポテト,
胸の中で誰かが,02,NOV,HEAVENLY HAVEN,175,491,幽閉サテライト,Megacycle,
Find the Answer,02,NOV,GRAVITY WARS,170,532,みゅー feat. ゆいこんぬ,スカイシュート,
Just Be Friends,02,NOV,GRAVITY WARS,128,361,Dixie Flatline,漂白太郎,
Starlight Dance Floor,02,NOV,GRAVITY WARS,128,400,発熱巫女～ず,東京ブルトゥーム,
The Starry true,02,NOV,GRAVITY WARS,153,308,Liz Triangle,ユカリ☆chan,
TU-MA-MI△ALL-NIGHTER,02,NOV,GRAVITY WARS,132,342,xi underground,Law of cosines,
Virtual Sunrise (nana's Festival EDM Remix) feat. Kanae Asaba,02,NOV,GRAVITY WARS,128,442,nana(Sevencolors),わかば,
シアワセうさぎ,02,NOV,GRAVITY WARS,140,534,あまね＋ビートまりお（COOL&CREATE）,MaKoTo,
しゅわスパ大作戦☆ - SDVX Edit. -,02,NOV,GRAVITY WARS,140,451,SOUND HOLIC feat. Nana Takahashi,THE THIRD MAN,
シリョクケンサ,02,NOV,GRAVITY WARS,135,449,40mP,わかば,
ツギハギスタッカート,02,NOV,GRAVITY WARS,139,481,とあ,Hermit♣club,
ハッピーシンセサイザ,02,NOV,GRAVITY WARS,127,284,EasyPop,ユカリ☆chan,
取り残された美術(Arranged:HiZuMi),02,NOV,GRAVITY WARS,160,272,幽閉サテライト feat. senya,東京ブルトゥーム,
深海シティアンダーグラウンド,02,NOV,GRAVITY WARS,170,643,田中B,わかば,
善悪の頂にある真実,02,NOV,GRAVITY WARS,100~140,404,幽閉サテライト feat. senya,七色Method feat. 影符,
星屑ユートピア,02,NOV,GRAVITY WARS,240,838,otetsu,TAKUYA,
Arcadia,02,NOV,INFINITE INFECTION,148,326,CHRIS (Sound Libero),DJ WILDPARTY,
Darkness Pleasure,02,NOV,INFINITE INFECTION,136,447,Hull feat.℃iel,MAD CHILD,
Future MUSiC,02,NOV,INFINITE INFECTION,132,500,Ym1024 feat. lamie*,TAKUYA,
Hail Storm,02,NOV,INFINITE INFECTION,134,387,FELT,DJ WILDPARTY,
honey trap,02,NOV,INFINITE INFECTION,172,522,そよもぎ,MAD CHILD,
Phantasm Brigade,02,NOV,INFINITE INFECTION,168,553,Silver Forest,博多の男,
SCAPEGOAT BOY,02,NOV,INFINITE INFECTION,165,473,SOUND HOLIC feat. Nana Takahashi,ユカリ☆chan,
second spring storm,02,NOV,INFINITE INFECTION,131,523,Spacelectro,TAKUYA,
Shiny Up!,02,NOV,INFINITE INFECTION,130,338,C-CLAYS,MAD CHILD,
Starlight Vision,02,NOV,INFINITE INFECTION,180,670,矢鴇つかさ feat. 三澤秋 (SoundOnline),レッドホットスクリューズ,
sweet dream,02,NOV,INFINITE INFECTION,128,669,平茸＋夕野ヨシミ＋山本椛,MAD CHILD,
Two Fates,02,NOV,INFINITE INFECTION,176,444,発熱巫女～ず,DJ WILDPARTY,
こちら、幸福安心委員会です。,02,NOV,INFINITE INFECTION,128,282,うたたP,ねちっこく堂,
サヨナラデイズ,02,NOV,INFINITE INFECTION,142,331,七誌,DJ WILDPARTY,
タイムマシン,02,NOV,INFINITE INFECTION,126,503,1640mP,mitsu,
トーキョープレジャーグラウンド,02,NOV,INFINITE INFECTION,220,563,灯油,mitsu,
トリノコシティ,02,NOV,INFINITE INFECTION,135,401,40mP,ユカリ☆chan,
ファンタジースター,02,NOV,INFINITE INFECTION,183,432,ぐるたみん,kinoto,
桜華月想,02,NOV,INFINITE INFECTION,138,475,源屋 feat. 3L,TAKUYA,
群青硝子のスピカ,02,NOV,INFINITE INFECTION,145,581,unatra / カラクサ,Antonio Guccini,
最果てのコトバ,02,NOV,INFINITE INFECTION,155,707,幽閉サテライト (Arranged:Iceon) feat. senya,MAD CHILD,
星霜輪廻,02,NOV,INFINITE INFECTION,170,532,EastNewSound feat. 茶太,PHQUASE,
天狗の落とし文 feat. ｙｔｒ,02,NOV,INFINITE INFECTION,160,687,魂音泉,Hirayasu Matsudo,
東方妖々夢,02,NOV,INFINITE INFECTION,197~205,555,石鹸屋,MAD CHILD,
始まりへと続く帰り道,02,NOV,INFINITE INFECTION,171,747,たちのん,TAKUYA,
非公開日誌,02,NOV,INFINITE INFECTION,190,490,みきとP feat.GUMI,kinoto,
夕立、君と隠れ処,02,NOV,INFINITE INFECTION,150,593,幽閉サテライト (Arranged:Iceon) feat. senya,ユカリ☆chan,
夢の空、約束の場所,02,NOV,INFINITE INFECTION,135,332,Illusion Sonic,ユカリ☆chan,
Bad Apple!!,02,NOV,BOOTH,138,413,Alstroemeria Records,ユカリ☆chan,
Black Board,02,NOV,BOOTH,124,438,蝶々P,DJ UTO,
dilemma,02,NOV,BOOTH,128,311,豚乙女,PHQUASE,
good high school,02,NOV,BOOTH,150,580,baker,逆球レジェンド,
Iterator,02,NOV,BOOTH,130,530,yanagi,レッドホットスクリューズ,
Nyan cat,02,NOV,BOOTH,142,443,daniwellP feat. 桃音モモ,DJ UTO,
pandora,02,NOV,BOOTH,140,402,Maozon,Hirayasu Matsudo,
PULSE LASER,02,NOV,BOOTH,165,526,ヒゲドライバー,さきイカFX,
Rebellious stage,02,NOV,BOOTH,160,301,Dios/シグナルP,Megacycle,
Runway Drive,02,NOV,BOOTH,160,713,FELT,DJ WILDPARTY,
Silent Story,02,NOV,BOOTH,126,522,発熱巫女～ず,PHQUASE,
U&M,02,NOV,BOOTH,128,452,emon,逆球レジェンド,
Vampire Killer,02,NOV,BOOTH,130,435,fu_mou,Megacycle,
エスケープ・フロム・ディストピア,02,NOV,BOOTH,208,402,cosMo＠暴走P feat.MAYU,DJ UTO,
ナナイロ,02,NOV,BOOTH,230,642,otetsu,Megacycle,
ルービックキューブ,02,NOV,BOOTH,140,334,otetsu feat.GUMI,kinoto,
レトロスペクティビリー・メリーゴーランド,02,NOV,BOOTH,180,576,はるなば,DJ WILDPARTY,
色は匂へど散りぬるを,02,NOV,BOOTH,138,523,幽閉サテライト feat. senya,ユカリ☆chan,
泡沫、哀のまほろば,02,NOV,BOOTH,155,355,幽閉サテライト feat. senya,ユカリ☆chan,
孤独の番人,02,NOV,BOOTH,190,437,SCL Project（natsuP）feat. MAYU,kinoto,
再教育,02,NOV,BOOTH,163,367,Neru,DJ UTO,
世界はネコのもの,02,NOV,BOOTH,157,556,Nem,Hirayasu Matsudo,
遠く,02,NOV,BOOTH,128,415,Dixie Flatline feat.祭屋,レッドホットスクリューズ,
秘封倶楽部の未踏世界,02,NOV,BOOTH,146,371,君の美術館,博多の男,
炉心融解,02,NOV,BOOTH,165,413,iroha,DJ UTO,
Necromantic,03,NOV,NABLA,144~153,0,暁Records,カラフルネコキャット,
snooze,03,NOV,NABLA,150,0,wotaku feat SHIKI,Akizuki Nagomu,
イガク,03,NOV,NABLA,170,0,原口沙輔,フォックスロット,
えんじぇる☆てすと！,03,NOV,NABLA,165,0,irucaice feat 初音ミク,直垂すもも☆,
お返事まだカナ？おじさん構文！,03,NOV,NABLA,225,0,吉本おじさん,ビーフジョッ構文！,
デッドライン症候群,03,NOV,NABLA,151,0,irom,Mikaranti-ni,
Growing Up,03,NOV,EXCEED GEAR,190,380,Machico／アニメ「この素晴らしい世界に祝福を！３」より,MaKoTo,
Happiness World,03,NOV,EXCEED GEAR,150,425,BABACORN(宝鐘マリン/白上フブキ),Leverlesscontrollers,
I’m Your Treasure Box,03,NOV,EXCEED GEAR,75~120,404,宝鐘マリン,cosMo＠暴走P,
Lost Emotion feat. nomico,03,NOV,EXCEED GEAR,172,734,Alstroemeria Records,ステファンビート,
Realize,03,NOV,EXCEED GEAR,206,468,鈴木このみ／アニメ「Re:ゼロから始める異世界生活」より,ダークダークダーク,
Shooting Star,03,NOV,EXCEED GEAR,170,0,ReGLOSS,モンスタードミノ卿,
SUPER HEROINE!!,03,NOV,EXCEED GEAR,186,576,Amateras Records vs BEMANI Sound Team ”TATSUYA” feat. miko,Hananashi Karin,
WWW,03,NOV,EXCEED GEAR,146,491,HIMEHINA,レッホ＋ブルコ,
アイスクリームマジック,03,NOV,EXCEED GEAR,220,0,雪乃イト,ゆめいろマジック,
あおばの足音,03,NOV,EXCEED GEAR,98,0,駄菓子O型,T=I=なか,
おちゃめ機能,03,NOV,EXCEED GEAR,150,455,ゴジマジP feat. 重音テト,か　ら　ブ　ラ　P,
おにいちゃんグリッチホップ ～eternal love remix～,03,NOV,EXCEED GEAR,110,438,HOUJIROU feat. 杠葉えりか,モンスタードミノ狂,
おねがいダーリン,03,NOV,EXCEED GEAR,180,674,OИE,ユカリ☆ホットスクリューズ,
かくれんぼ (胡桃のあ Cover),03,NOV,EXCEED GEAR,180,567,AliA,MaKoTo,
カミサマ・ネコサマ,03,NOV,EXCEED GEAR,185,565,猫又おかゆ,MaKoTo,
ギャ・ギャ・ギャ・ギャラクシー！,03,NOV,EXCEED GEAR,140,0,つきみぐー、,ReboundeR,
コントレイル,03,NOV,EXCEED GEAR,172,490,葛葉,散切ブロス,
シンクロニティ,03,NOV,EXCEED GEAR,154,0,おめがシスターズ,フォックスロット,
テレパシ,03,NOV,EXCEED GEAR,205,645,DECO*27,ビーフジョッパシ,
パーフェクトイーター,03,NOV,EXCEED GEAR,175,627,BEMANI Sound Team ”PON” feat.かなたん,Ether99,
ポッピンキャンディ☆フィーバー！,03,NOV,EXCEED GEAR,190,566,キノシタ feat.音街ウナ・鏡音リン,cosMo＠暴走P,
ポラリスノウタ,03,NOV,EXCEED GEAR,170,462,ここなつ2.0,Secret Lv2.0,
メズマライザー,03,NOV,EXCEED GEAR,185,735,サツキ,Akizuki Nagomu,
ライアーダンサー,03,NOV,EXCEED GEAR,170,0,マサラダ,花梨カリン,
ララララビット！！,03,NOV,EXCEED GEAR,140~190,524,兎田ぺこら,直垂すもも∩ ∩,
ロマンシングエスケープ,03,NOV,EXCEED GEAR,132,381,ここなつ2.0,ベニーモ保栄茂,
梅雪夜,03,NOV,EXCEED GEAR,167,660,Qrispy Joybox feat.mao,微符序月,
残像ニ繋ガレタ追憶ノHIDEAWAY,03,NOV,EXCEED GEAR,160,543,SOUND HOLIC Vs. BEMANI Sound Team ”KE!JU” feat. Nana Takahashi,ロイヤルクラッカー,
千歳に泡影,03,NOV,EXCEED GEAR,200,0,Inaori feat.兎角あかり,ReboundeR,
曇天羊,03,NOV,EXCEED GEAR,135,545,角巻わため,トトリオン軍団,
右肩の蝶 (空澄セナ Cover),03,NOV,EXCEED GEAR,140,0,のりP,T=I=NAKA,
凛として咲く花の如く,03,NOV,EXCEED GEAR,163,535,大神ミオ,唐揚シス,
惑星ループ (花芽すみれ Cover),03,NOV,EXCEED GEAR,170,0,ナユタン星人,Mikaranti-ni,
FUJIMORI -祭- FESTIVAL,03,NOV,EXCEED GEAR,158,335,VENUS,浮世マツーリ,
MEGALOVANIA,03,NOV,EXCEED GEAR,240,885,Toby Fox,burning in ～PH～ell,
Spear of Justice / 正義の槍,03,NOV,EXCEED GEAR,131,456,Toby Fox,BUTTER氏,
イエルウタ,03,NOV,EXCEED GEAR,110,401,ここなつ2.0,ビーフcycle,
インドア系ならトラックメイカー,03,NOV,EXCEED GEAR,128,622,Yunomi & nicamoq,Hirayasu Matsudo,
ぶいちゅっばの歌,03,NOV,EXCEED GEAR,150,514,周防パトラ,倉科ロイヤ,
フォニイ,03,NOV,EXCEED GEAR,170,750,ツミキ feat.可不,秘密の～PH～ony,
マーメイドペレパスィ,03,NOV,EXCEED GEAR,160,587,ここなつ2.0,Jin♣Majima,
神っぽいな,03,NOV,EXCEED GEAR,142,259,ピノキオピー,レッドホットスクリューズ,
透明声彩,03,NOV,EXCEED GEAR,140,515,YuNi,CRAIG AKAGI,
↑↑↓↓←→←→BA,03,NOV,EXCEED GEAR,124,341,meiyo,↑↑↓↓←→←→UM,
"Aqua,Luna-rium",03,NOV,EXCEED GEAR,128,427,凛々咲,R-115Hz,
BEAT MAGIC,03,NOV,EXCEED GEAR,164,544,ランコ feat. Eurobeat Union,kamuy noko,
キリカ,03,NOV,EXCEED GEAR,185,999,HIMEHINA,晴れ、のち～PH～,
Le Merle Noir,03,NOV,EXCEED GEAR,92~136,545,Rigel Theatre,kamuy noko,
LUCKY CAT,03,NOV,EXCEED GEAR,167,510,ちょこふぁん,Megacycle,
Mr.VIRTUALIZER,03,NOV,EXCEED GEAR,130,502,HIMEHINA,Mr.～PH～,
WARNING×WARNING×WARNING,03,NOV,EXCEED GEAR,172,652,暁 Records,MAD CHILD×Hirayasu Matsudo×MAD CHILD,
イヤホンロマンス,03,NOV,EXCEED GEAR,132,534,COOL&CREATE × 宝鐘マリン,鋼のビスカッチャ,
ナスカの丘 (Hi-NRG Remix),03,NOV,EXCEED GEAR,133,296,Hyuji feat. LIQU@。& TadashiYamamoto,Akizuki Nagomu,
ナナホシのうた,03,NOV,EXCEED GEAR,160,534,Retropolitaliens(Ms.+駄々子),An East Scarlet,
恋は君のそばでサクラサク,03,NOV,EXCEED GEAR,204,496,榮田一貴 feat.冬乃桜＆永久毎日,鋼のビスカッチャ,
追憶のアリア,03,NOV,EXCEED GEAR,130,421,Blanc Bunny Bandit,ダークダークダーク,
不可測的メトロポリス,03,NOV,EXCEED GEAR,156,475,少女フラクタル,三軒茶屋姉妹,
文月,03,NOV,EXCEED GEAR,150,495,nonomori feat. 亜沙美,凹ーダー凸ード,
Daydream cafe (Euro Hopping Mix),03,NOV,VIVID WAVE,154,513,Remixed by BEMANI Sound Team ”TAG” feat. ななひら,SCバイオメトリクス,
Dooooope,03,NOV,VIVID WAVE,136,481,RiMo,CRAIG AKAGI,
floating girl,03,NOV,VIVID WAVE,132,411,あるふぁ feat. とおる,フォックスロット,
Get over!!,03,NOV,VIVID WAVE,155,533,猫大樹,Akizuki Nagomu,
iberis,03,NOV,VIVID WAVE,147,584,gaburyu feat. Frosch,バター氏,
Princess Rose（Sunshine Mix）,03,NOV,VIVID WAVE,170,413,Remixed by BEMANI Sound Team ”Sota Fujimori” feat.ななひら,からあげシスターズさんじゅうななさい,
SHION (ロースピード幻想チューン Remix),03,NOV,VIVID WAVE,110,454,HOUJIROU feat. 駄々子,MAD CHILD,
Sweetiex2,03,NOV,VIVID WAVE,125,437,Dixie Flatline,スカイシュート,
ハレ トキドキ メランコリック,03,NOV,VIVID WAVE,150,486,ここなつ,MAD CHILD & Hirayasu Matsudo,
ヒカリユリイカ,03,NOV,VIVID WAVE,140,480,ここなつ,マッドチャイルド ＆ ひらやすまつど,
Adansonia,03,NOV,HEAVENLY HAVEN,132~138,551,sweez / Meine Meinung,THE THIRD MAN,
Crystallize Forest,03,NOV,HEAVENLY HAVEN,160,611,奏瀬いちこ feat.Silver Forest,電撃ロブスター,
DREAMING-ING!!,03,NOV,HEAVENLY HAVEN,180,557,ときめきアイドル project,MAD CHILD,
Fairy in Strasbourg,03,NOV,HEAVENLY HAVEN,138,702,Laur,ひとくちピエロ,
KIRAMEKI OVERDRIVE,03,NOV,HEAVENLY HAVEN,130,493,FALL,ちたちゅれ,
Let's Bounce !!,03,NOV,HEAVENLY HAVEN,138,525,BEMANI Sound Team ”Sota F.”,MAD CHILD,
LOVE EAST,03,NOV,HEAVENLY HAVEN,168,473,暁Records,月刊ミズタニ,
NEWBORN CRYING,03,NOV,HEAVENLY HAVEN,185,510,ZYTOKINE feat. nachi,恵方真紀,
Nostalgia,03,NOV,HEAVENLY HAVEN,162,613,矢鴇つかさ,azuma,
Root Consciousness,03,NOV,HEAVENLY HAVEN,156,575,溝口ゆうま feat.大瀬良あい vs. QURELESS,CRAIG AKAGI,
SO FLY ME TO YOU,03,NOV,HEAVENLY HAVEN,138,434,ローゼライト powered by mu-ray,ひとくちピエロ,
Twilight ∞ nighT,03,NOV,HEAVENLY HAVEN,124,461,ひとしずく×やま△,cosMo＠暴走P,
クリスタルミサイル,03,NOV,HEAVENLY HAVEN,133,568,フーリンキャットマーク～with 鳴紗,THE THIRD MAN,
すろぉもぉしょん,03,NOV,HEAVENLY HAVEN,80~160,617,ピノキオピー,レッドホットスロォモォション,
デュアルメモリ,03,NOV,HEAVENLY HAVEN,162,640,ここなつ,ユカリ☆chan,
ナイト・オブ・ロンド,03,NOV,HEAVENLY HAVEN,169,495,日向美ビタースイーツ♪,MAD CHILD,
ナナイロライト,03,NOV,HEAVENLY HAVEN,135,553,ここなつ,マッドチャイルド＆ひらやすまつど,
ひとりぼっちの魔王,03,NOV,HEAVENLY HAVEN,112,486,Verdammt,Jin Majima,
マトリョシカ,03,NOV,HEAVENLY HAVEN,205~296,598,ハチ,MAD CHILD,
モザイクロール,03,NOV,HEAVENLY HAVEN,145,516,DECO*27,鋼のビスカッチャ,
斑鳩,03,NOV,HEAVENLY HAVEN,119~134,539,豊田竜行,TAKUYA,
嘘とぬいぐるみ,03,NOV,HEAVENLY HAVEN,105~120,434,Dixie Flatline,Megacycle,
裏表ラバーズ,03,NOV,HEAVENLY HAVEN,159,456,wowaka,凹ーダー凸ード,
恋とキングコング,03,NOV,HEAVENLY HAVEN,158,547,日向美ビタースイーツ♪,Hermit♣club,
地球防衛乙女パンナコッター,03,NOV,HEAVENLY HAVEN,156,397,Vocal by はるの,Megacycle,
盗宝,03,NOV,HEAVENLY HAVEN,165,613,猫大樹,Megacycle,
少女救世論,03,NOV,HEAVENLY HAVEN,159,516,暁Records,ダークダークダーク,
冒涜的選択のアレグリア ft. Mayumi Morinaga,03,NOV,HEAVENLY HAVEN,156,605,Iceon(Frost Fragment),MAD CHILD,
刃の如く ft. ネコメアリ,03,NOV,HEAVENLY HAVEN,90~152,513,Iceon(Frost Fragment),ひとくちピエロ,
私とあなたのMYOURENJI☆,03,NOV,HEAVENLY HAVEN,142,458,歌恋人,ビーフジョッキー,
About me,03,NOV,GRAVITY WARS,134,454,蝶々P,P1Y02,
bloom,03,NOV,GRAVITY WARS,174,715,Gowrock,SCバイオメトリクス,
BOUNCE BOUNCE BOUNCE,03,NOV,GRAVITY WARS,128,515,ZYTOKINE feat. itori,TAKUYA,
Crazy ∞ nighT,03,NOV,GRAVITY WARS,204,532,ひとしずく×やま△,わかば,
Critical Crystal (brz_remix),03,NOV,GRAVITY WARS,0,508,brz,凹ーダー凸ード,
Everything but the Girl,03,NOV,GRAVITY WARS,162,703,発熱巫女～ず,スカイシュート,
Fabula Nova,03,NOV,GRAVITY WARS,128,562,unatra,Law of cosines vs. TAKUYA,
Innocent Eyes,03,NOV,GRAVITY WARS,180,951,FELT,TAKUYA,
Locus Of Control,03,NOV,GRAVITY WARS,165,565,EastNewSound feat. 3L from NJK Record,WMM-E,
Lovesick Lovetune,03,NOV,GRAVITY WARS,135,333,VALLEYSTONE feat. 紫崎 雪,漂白太郎,
MERRiESTxHOLiC,03,NOV,GRAVITY WARS,132,387,miko♡nachi feat.u-z,MaKoTo,
My name is TSUMABUKI,03,NOV,GRAVITY WARS,180,626,KO3,わかば,
neko＊neko,03,NOV,GRAVITY WARS,123,460,日向美ビタースイーツ♪,凹ーダー凸ード,
NEON WORLD,03,NOV,GRAVITY WARS,154~164,769,SOUND HOLIC feat. Nana Takahashi,スカイシュート,
Never Let it End,03,NOV,GRAVITY WARS,0,624,FELT,凹ーダー凸ード,
Never Regret Anything,03,NOV,GRAVITY WARS,185,676,影虎。,SCバイオメトリクス,
One & Only,03,NOV,GRAVITY WARS,131,499,Salk2d,ユカリ☆chan,
Phantasm Ensemble (ゆんゆんRemix),03,NOV,GRAVITY WARS,143,383,ゆんゆん,中仙道マーゴット,
Prominence,03,NOV,GRAVITY WARS,165,508,矢鴇つかさ feat. 佳織みちる,Hermit♣club,
Sephirot,03,NOV,GRAVITY WARS,154,620,SHIKI,七色Method,
Shirogane,03,NOV,GRAVITY WARS,128,453,nmk vs b-UMB feat.青砥 雫 a.k.a. ℃iel,MaKoTo,
SkyDrive!,03,NOV,GRAVITY WARS,170,695,Amateras Records feat.築山さえ,TAKUYA,
Spice Road,03,NOV,GRAVITY WARS,90,277,C-CLAYS feat.小峠舞,ひとくちピエロ,
StrayedCatz,03,NOV,GRAVITY WARS,151,607,削除,WMM-E,
Struggle,03,NOV,GRAVITY WARS,180,402,Masayoshi Minoshima(ALR),漂白太郎,
Sweet little Lily,03,NOV,GRAVITY WARS,0,555,奏瀬いちこ (Silver Forest),ユカリ☆chan,
The willow and snow,03,NOV,GRAVITY WARS,140,525,saminun,TAKUYA,
The Wind of Gold(飛翔鳶 Remix),03,NOV,GRAVITY WARS,150,596,飛翔鳶交響楽団,スカイシュート,
Treasure,03,NOV,GRAVITY WARS,126,627,発熱巫女～ず,恵方真紀,
twilight signal,03,NOV,GRAVITY WARS,144,451,XIzE,ひとくちピエロ,
Virtual Sunrise (MYTK Remix),03,NOV,GRAVITY WARS,150,587,MYTK,Hermit♣club,
VOLTEXES II,03,NOV,GRAVITY WARS,147,555,Sota Fujimori,月刊ミズタニ ver.II,
イブの時代っ！,03,NOV,GRAVITY WARS,210,757,日向美ビタースイーツ♪,TAKUYA,
キズナ,03,NOV,GRAVITY WARS,178,590,東雲心菜 Produced by 上村香月,ユカリ☆chan,
コンフェイト＊コンチェルト,03,NOV,GRAVITY WARS,142,703,ここなつ Produced by U-ske,ひとくちピエロ,
ダブルラリアット,03,NOV,GRAVITY WARS,138,492,アゴアニキ,月刊ミズタニ,
ツーマンライブ,03,NOV,GRAVITY WARS,174,618,東雲夏陽 meets 日向美ビタースイーツ♪,MaKoTo meets ユカリ☆,
ツインソウル～輪廻する旋律～,03,NOV,GRAVITY WARS,160,609,C-CLAYS feat.小峠舞,ポテト亀山,
バイナリスター,03,NOV,GRAVITY WARS,135,526,ここなつ,ユカリ☆club,
ヒミツダイヤル,03,NOV,GRAVITY WARS,112,518,ここなつ,マッドチャイルド,
めうめうぺったんたん！！,03,NOV,GRAVITY WARS,185,585,日向美ビタースイーツ♪,金色の夜叉,
モラトリアムノオト,03,NOV,GRAVITY WARS,182,533,東雲夏陽 Produced by シンゴ（マッカチン企画）＆アラ,MaKoTo,
或る春の日,03,NOV,GRAVITY WARS,198,577,豚乙女,ポテト亀山,
女言葉の消失,03,NOV,GRAVITY WARS,0,499,Sota Fujimori,ユカリ☆chan,
木彫り鯰と右肩ゾンビ,03,NOV,GRAVITY WARS,150,595,赤飯,mitsu,
気まぐれスターダム,03,NOV,GRAVITY WARS,178,524,TOKOTOKO(西沢さんP) feat.りぶ,カジキガツオ,
君色サブリミナル(Arranged: Iceon),03,NOV,GRAVITY WARS,150,455,幽閉サテライト feat. senya,mitsu,
交渉人・西行寺幽々子 vs スカーレット警察,03,NOV,GRAVITY WARS,144,585,七条レタスグループ starring nachi,12月4日午前、スタジオに引篭もり、制作者がクリア不可にも関わらず,
虚空と光明のディスクール,03,NOV,GRAVITY WARS,140,688,日向美ビタースイーツ♪,スカイシュート,
心臓デモクラシー,03,NOV,GRAVITY WARS,190,739,みきとP,mitsu,
千年ノ理,03,NOV,GRAVITY WARS,153,640,猫叉Master,恵方真紀,
墨染 ft.ネコメアリ,03,NOV,GRAVITY WARS,148,702,Iceon(Frost Fragment),TAKUYA,
都会征服Girls☆,03,NOV,GRAVITY WARS,140,580,日向美ビタースイーツ♪,スカイシュート,
鳥と桜と嘴と,03,NOV,GRAVITY WARS,180,527,マッカチン企画,金色の夜叉,
飛花落葉,03,NOV,GRAVITY WARS,158,593,なつめ千秋,MaKoTo,
滅びに至るエランプシス,03,NOV,GRAVITY WARS,158,466,日向美ビタースイーツ♪,SCバイオメトリクス,
三つ数えろ,03,NOV,GRAVITY WARS,190,736,豚乙女,東京ブルトゥーム,
恋愛方程式,03,NOV,GRAVITY WARS,140,592,パピ子りんft.ビタミンな兄貴♂＆ゆずり,TAKUYA × MaKoTo,
Bad ∞ End ∞ Night,03,NOV,INFINITE INFECTION,204,600,ひとしずく×やま△,mitsu,
Catadioptric,03,NOV,INFINITE INFECTION,146,566,Jerico,Megacycle,
City Edge,03,NOV,INFINITE INFECTION,200,699,winddrums,TAKUYA,
Daily Lunch Special(tpz Overcute Remix),03,NOV,INFINITE INFECTION,120~240,644,t+pazolite,PHQUASE,
DELETED MOTION,03,NOV,INFINITE INFECTION,147,566,たちのん,月刊ミズタニ,
Demetel,03,NOV,INFINITE INFECTION,132,434,ETIA.,Megacycle,
Devotion,03,NOV,INFINITE INFECTION,140,578,void (Mournfinale),MAD CHILD,
Diffused Reflection,03,NOV,INFINITE INFECTION,175,523,ニシジマユーキ,Hermit♣club,
EOS,03,NOV,INFINITE INFECTION,175,646,ginkiha,ユカリ☆chan,
#Fairy_dancing_in_lake,03,NOV,INFINITE INFECTION,142,755,uno(IOSYS),Hirayasu Matsudo,
#FairyJoke,03,NOV,INFINITE INFECTION,160,928,uno(IOSYS),Hirayasu Matsudo,
Fly to Next World,03,NOV,INFINITE INFECTION,185,439,syzfonics,DJ WILDPARTY,
Flying!,03,NOV,INFINITE INFECTION,170,576,Tracy feat.築山さえ,MAD CHILD,
I love you even now,03,NOV,INFINITE INFECTION,128,477,nana(Sevencolors),漂白太郎,
Indomitable Spirit,03,NOV,INFINITE INFECTION,160,498,Tracy feat.ほたる,MAD CHILD,
Keep Going!,03,NOV,INFINITE INFECTION,175,572,REDALiCE feat. 野宮あゆみ,MAD CHILD,
Lemures Prelude,03,NOV,INFINITE INFECTION,165,670,EastNewSound,PHQUASE×レッドホットスクリューズ,
LittleGameStar,03,NOV,INFINITE INFECTION,215,651,An,MaKoTo,
Profession,03,NOV,INFINITE INFECTION,132,801,syzfonics,Hirayasu Matsudo,
REPLiCA,03,NOV,INFINITE INFECTION,165,760,"Music by Hommarju, Vocal by ぁゅ",MAD CHILD,
Shadows in the Light,03,NOV,INFINITE INFECTION,185,600,Sta,Hermit♣club,
Smile,03,NOV,INFINITE INFECTION,185,457,Hommarju feat. 実谷なな,DJ WILDPARTY,
Survival Games,03,NOV,INFINITE INFECTION,170,710,Hommarju,MAD CHILD vs. Hirayasu Matsudo,
take a step forward,03,NOV,INFINITE INFECTION,190,718,uma,TAKUYA,
TrailBlazer,03,NOV,INFINITE INFECTION,184,501,cold kiss,MaKoTo,
UNLIMITED FIRE,03,NOV,INFINITE INFECTION,155,534,DJ Amane,MAD CHILD,
Venona,03,NOV,INFINITE INFECTION,178,603,DOUBLE HELIX【たちのん&零-zero-】,週刊ミズタニ,
WAVE,03,NOV,INFINITE INFECTION,156,506,niki feat.kradness,Hermit♣club,
WAVE WAVE WAVE,03,NOV,INFINITE INFECTION,135,562,ZYTOKINE feat. itori,Hermit♣club,
WobbleTangleFestival,03,NOV,INFINITE INFECTION,154,486,Relect,MAD CHILD,
アノ華咲クヤ,03,NOV,INFINITE INFECTION,204,440,幽閉サテライト with 岸田教団＆THE明星ロケッツ feat.ichigo & senya,PHQUASE,
アルテミス,03,NOV,INFINITE INFECTION,170,631,FILTER SYSTEM,Megacycle,
いーあるふぁんくらぶ,03,NOV,INFINITE INFECTION,145,385,みきとP,azuma,
カラルの月,03,NOV,INFINITE INFECTION,135,483,Verdammt,Hermit♣club,
カレクレンマ,03,NOV,INFINITE INFECTION,121,509,"Music by アサヒナユウ, Vocal by みかん汁",Megacycle,
キミヱゴサーチ,03,NOV,INFINITE INFECTION,120,490,ここなつ,浮世マシーン,
きょうもハレバレ,03,NOV,INFINITE INFECTION,134,351,ふわりP Feat. GUMI,ユカリ☆chan,
キリトリセン,03,NOV,INFINITE INFECTION,165,617,40mP,ひとくちピエロ,
げきオコスティック,03,NOV,INFINITE INFECTION,200,583,ARM(IOSYS) feat.ビートまりお(COOL&CREATE),PHQUASE,
サリシノハラ,03,NOV,INFINITE INFECTION,135,453,みきとP,ユカリ☆chan,
ってゐ！,03,NOV,INFINITE INFECTION,314~340,549,石鹸屋,MAD CHILD,
デッドボヲルdeホームラン,03,NOV,INFINITE INFECTION,145,454,猫叉Masterβ2,MAD CHILD,
ドキドキ☆流星トラップガール!!,03,NOV,INFINITE INFECTION,140,517,流星トラップボーイズ,THE THIRD MAN,
ナキムシロボ,03,NOV,INFINITE INFECTION,180,575,ラムネ(村人P),DJ 摂津,
ネトゲ廃人シュプレヒコール,03,NOV,INFINITE INFECTION,175,434,さつき が てんこもり,azuma,
ハウトゥー世界征服,03,NOV,INFINITE INFECTION,151,572,Neru,THE THIRD MAN,
ぱられる,03,NOV,INFINITE INFECTION,130,438,"Music by akira asano feat.Tia, Vocal by みゅい",DJ WILDPARTY,
マスパでシュッ☆,03,NOV,INFINITE INFECTION,160,409,ARM(IOSYS) feat. 桃井はるこ,みさこ,
ユクエシレズ,03,NOV,INFINITE INFECTION,264,457,こじろー feat.GUMI,ユカリ☆chan,
ルーネイトエルフ,03,NOV,INFINITE INFECTION,175,531,Riz,Megacycle,
ロストワンの号哭,03,NOV,INFINITE INFECTION,162,657,Neru,azuma,
赤より紅い夢-lucid dream Mix-,03,NOV,INFINITE INFECTION,183,598,くるぶっこちゃん,MAD CHILD,
十六夜桜,03,NOV,INFINITE INFECTION,140,400,u-z,THE THIRD MAN,
嘘と接吻,03,NOV,INFINITE INFECTION,215,1009,yozaquar feat.ぁゅ,TAKUYA,
幻想浄瑠璃,03,NOV,INFINITE INFECTION,143,533,Ayatsugu_Otowa,レッドホットスクリューズ,
絢爛創世絵巻物,03,NOV,INFINITE INFECTION,80~137,524,ke-ji,TAKUYA,
恋はどう？モロ◎波動OK☆方程式!!,03,NOV,INFINITE INFECTION,128,441,あべにゅぅぷろじぇくと feat.佐倉紗織 produced by ave;new,ユカリ☆chan,
獣性オーバーフロウ,03,NOV,INFINITE INFECTION,168,443,PROCYON KNIGHTS PROJECT,Ether99,
自由のための不自由,03,NOV,INFINITE INFECTION,264,427,上村香月,MaKoTo,
十面相(フリーダムVer),03,NOV,INFINITE INFECTION,173,523,YM feat.__(アンダーバー）,月刊ミズタニ/A,
隅田川夏恋歌,03,NOV,INFINITE INFECTION,178,614,Daisuke Ohnuma(大福P),MAD CHILD,
HΨ=世界創造=EΨ,03,NOV,INFINITE INFECTION,178,614,Daisuke Ohnuma(大福P),MAD CHILD,
太陽はやめて！ぼくらのスカーレット警察,03,NOV,INFINITE INFECTION,134,443,七条レタスグループ starring ココ,,
竹取飛翔,03,NOV,INFINITE INFECTION,156,539,岸田教団＆THE明星ロケッツ,MAD CHILD,
華陽炎,03,NOV,INFINITE INFECTION,85~195,595,源屋 feat.Kuroa*,PHQUASE,
魔境堕天録サリエル,03,NOV,INFINITE INFECTION,176,697,Unlucky Morpheus,Megacycle,
待チ人ハ来ズ。,03,NOV,INFINITE INFECTION,160,548,豚乙女,MAD CHILD,
迷妄少年と小世界,03,NOV,INFINITE INFECTION,225,484,164 feat. GUMI,azuma,
殯,03,NOV,INFINITE INFECTION,176~186,414,かねこちはる,Megacycle,
野球の遊び方 そしてその歴史,03,NOV,INFINITE INFECTION,141,573,あさき大監督,MAD CHILD & Fortunality,
八雲藍の唯心論,03,NOV,INFINITE INFECTION,186,849,君の美術館,Megacycle,
悪いところがひとつもない！,03,NOV,INFINITE INFECTION,180,626,臨界モスキー党,Megacycle,
Abyss,03,NOV,BOOTH,175,585,borzy,Megacycle,
Clione,03,NOV,BOOTH,170,707,Hommarju,DJ WILDPARTY,
draw!!!!,03,NOV,BOOTH,157,312,"Music by PHQUASE, Vocal by ぁゅ",月刊ミズタニ,
eclair au chocolat,03,NOV,BOOTH,182,557,kamome sano,博多の男,
EGG,03,NOV,BOOTH,196,520,ginkiha,ユカリ☆chan,
Fire Strike,03,NOV,BOOTH,158,685,Junk,レッドホットスクリューズ,
GAMBOL,03,NOV,BOOTH,177,745,D.F.K. Soundsystem,MAD CHILD,
Hello world!,03,NOV,BOOTH,175,472,"Music by 源屋, Vocal by SOPHY",Antonio Guccini,
Love sicK,03,NOV,BOOTH,132,588,8#Prince(八王子P),PHQUASE,
-Rayrain-,03,NOV,BOOTH,180,640,こなぐすり,レッドホットスクリューズ,
Rot in hell！！,03,NOV,BOOTH,150,658,EastNewSound,PHQUASE,
Second Heaven,03,NOV,BOOTH,149,470,ラマーズP,TEK-A-RHYTHM,
smooooch・∀・,03,NOV,BOOTH,177,764,KN,PHQUASE,
Space Diver Tama,03,NOV,BOOTH,170,432,黒魔,karasu,
SurVALI,03,NOV,BOOTH,200,590,YM,PHQUASE,
VISION,03,NOV,BOOTH,173,587,nora2r,博多の男,
Wheel,03,NOV,BOOTH,136,547,Syrufit feat.綾倉盟 / 市松椿,ユカリ☆chan,
wound,03,NOV,BOOTH,185,606,KEENO,しばまる子,
ガッテンだ!!,03,NOV,BOOTH,170,556,ノボイスキ,Megacycle,
キミノメヲ,03,NOV,BOOTH,205,576,そらる,Megacycle,
サヨナラ・ヘヴン,03,NOV,BOOTH,150,469,かめりあ,ユカリ☆chan,
ソラヘドライブ,03,NOV,BOOTH,180,462,ぐるたみん,Megacycle,
チェックメイト,03,NOV,BOOTH,196,496,ゆちゃP feat. GUMI,kinoto,
とある少年の一日,03,NOV,BOOTH,142,431,蝶々P,レッドホットスクリューズ,
バタフライキャット,03,NOV,BOOTH,167,645,daniwell,逆球レジェンド,
ふしぎなくすり,03,NOV,BOOTH,162,584,ゆうゆ,PHQUASE,
明星ロケット,03,NOV,BOOTH,163,604,岸田教団＆THE明星ロケッツ,月刊ミズタニ,
天ノ弱,03,NOV,BOOTH,200~205,592,164 feat. GUMI,DJ UTO,
一途な片思い、実らせたい小さな幸せ。,03,NOV,BOOTH,176,489,うたたP feat. MAYU,Sammy/A,
十面相,03,NOV,BOOTH,173,475,YM feat.GUMI,kinoto,
地球最後の告白を,03,NOV,BOOTH,140~190,352,kemu feat. GUMI,kinoto,
恋愛勇者,03,NOV,BOOTH,190,547,Last Note. feat.GUMI,DJ UTO,
六兆年と一夜物語,03,NOV,BOOTH,186,430,kemu feat.IA,DJ UTO,
"CAKE,Cake'n Cake!",04,NOV,NABLA,186,0,苺咲べりぃ,七色Method,
chaplet,04,NOV,EXCEED GEAR,200,692,DJ TOTTO,fRUNctal-shoot!!,
Mermaid girl,04,NOV,NABLA,140,0,Cream puff,ひとくちピエロ,
モンダイナイトリッパー！,04,NOV,NABLA,160~180,0,名取さな,浮世マシーン,
Ahoy!! 我ら宝鐘海賊団☆,04,NOV,EXCEED GEAR,170,440,宝鐘マリン,A～PH～oy!!,
B.B.K.K.B.K.K.(影虎。 & siqlo PsyRemix),04,NOV,EXCEED GEAR,160,622,nora2r Remixed by 影虎。 & siqlo,K.K.F.F.K.F.F.,
Breath of Faith,04,NOV,EXCEED GEAR,200,0,satie,=Mt.SOTO=,
Crossfade,04,NOV,EXCEED GEAR,196,744,La priere,ロングアイランドマナティー,
Four Leaves (Whitelily. remix),04,NOV,EXCEED GEAR,191,710,Whitelily.(みーに&しろさきあや),Hananashi Karin,
"Hello, Hologram",04,NOV,EXCEED GEAR,181,773,HIMEHINA,存分に遊ばせ～PH～,
Knew Order,04,NOV,EXCEED GEAR,195,819,あまみ×ひなみ,始まりの空へ～PH～,
Lovesick Lovetune(brz_style),04,NOV,EXCEED GEAR,170,613,brz1128 feat.しろさきあや,T=I=NAKA,
Secret Rouge,04,NOV,EXCEED GEAR,139,0,ハレトキドキ,噂のジャイアントスパーク,
stellar rain,04,NOV,EXCEED GEAR,148,578,BEMANI Sound Team ”PHQUASE”,止まない～PH～はない,
The setting sun(burst),04,NOV,EXCEED GEAR,141,536,nozakita kazumi,conceptual explorer,
What an amazing swing,04,NOV,EXCEED GEAR,125,459,角巻わため,鋼のビスカッチャ,
WobbleTangleFestival (影虎。 & ikaruga_nex's HDM RMX),04,NOV,EXCEED GEAR,155,574,影虎。 & ikaruga_nex,kamuy noko,
アルファ・スカイ,04,NOV,EXCEED GEAR,210,632,みーに feat. しろさきあや,Megacycle,
アンチグラビティ・ガール,04,NOV,EXCEED GEAR,178,869,月ノ美兎,ビーフジョ月,
いでぃおで結構！,04,NOV,EXCEED GEAR,151,511,諸星なな feat.加藤はるか,サイバーガスタンク,
エクスプロウル,04,NOV,EXCEED GEAR,164,0,晴いちばん,cosMo＠暴走P,
オーバーライド,04,NOV,EXCEED GEAR,204,0,吉田夜世,それが理～PH～,
おにけもだんす,04,NOV,EXCEED GEAR,197,528,いろはにほへっと あやふぶみ(白上フブキ/百鬼あやめ/大神ミオ),サイバーガスタンク,
ぐしゃ,04,NOV,EXCEED GEAR,200,0,ポラリスピー,ボウソウピー,
チェイスチェイスジョーカーズのうた,04,NOV,EXCEED GEAR,185,685,カギコ&チノン（CV:金元寿子&大空直美）,ユカリ&ポテト,
ちょえちょえまぎか,04,NOV,EXCEED GEAR,180,531,Pizuya,Hananashi Karin,
チョコレートスマイル,04,NOV,EXCEED GEAR,196,608,日向美ビタースイーツ♪ & ここなつ,フォックスとロット,
テトリス,04,NOV,EXCEED GEAR,170,545,柊マグネタイト,私は終わってる～PH～,
トーキョーサマーナイト（華金Remix）,04,NOV,EXCEED GEAR,163,576,あまみ×ひなみ,七色Method（華金Remix）,
フラッフィー・アドベンチャー！,04,NOV,EXCEED GEAR,155,0,みーに feat. まより,直垂すもも∂,
プリュネシエル,04,NOV,EXCEED GEAR,190,595,瀬名 feat. 音羽ことり。,モンスタードミノ卿,
ポジティブ☆ダンスタイム,04,NOV,EXCEED GEAR,210,724,キノシタ feat.音街ウナ・鏡音リン,Hananashi Karin,
めた・メタ？ひまわり＊パンチ,04,NOV,EXCEED GEAR,177,0,ひまわり＊パンチ,MaKoTo,
朱と碧のランページ,04,NOV,EXCEED GEAR,178,0,covered by 儒烏風亭らでん(ReGLOSS),肉汁魔人ガイオーザ,
焔華,04,NOV,EXCEED GEAR,160,635,movies(moimoi×Xceon×Dai.),トトリオン軍団,
朧,04,NOV,EXCEED GEAR,149,465,白上フブキ,レッドホットスクリューズ,
機械仕掛けの魔法使い,04,NOV,EXCEED GEAR,120,409,Tsubusare BOZZ feat.madoka*,モンスタードミノ卿,
黒紅掬い,04,NOV,EXCEED GEAR,104,313,猫叉Master feat.霜月はるか,Akizuki Nagomu,
孤独のドロップハンター,04,NOV,EXCEED GEAR,197,647,otoshi.b×でか大×みゅい,サイバーガスタンク,
最強女神†ウーサペコラ,04,NOV,EXCEED GEAR,185,608,兎田ぺこら,cosMo＠暴走P,
邪魔をしないで,04,NOV,EXCEED GEAR,155~188,725,Symholic feat.狛茉璃奈,Ginza Sis「貴方の声が嫌い」,
月明りの旅人たち,04,NOV,EXCEED GEAR,137,582,coTatsu,Hananashi Karin,
毒杯スワロウ,04,NOV,EXCEED GEAR,140,676,猫又おかゆ,NOX,
閉塞的フレーション,04,NOV,EXCEED GEAR,176,670,Pizuya,Ginza sis,
無意識レクイエム,04,NOV,EXCEED GEAR,195,667,森羅万象,ビーフジョッキー,
落赤,04,NOV,EXCEED GEAR,198,0,Acotto feat. 記憶に残る,Yasutomo Hirama,
ASGORE / アズゴア,04,NOV,EXCEED GEAR,114,537,Toby Fox,フォックスロット,
Awakening Wings,04,NOV,EXCEED GEAR,190,440,伊達朱里紗,MAD CHILD,
Death by Glamour / 華麗なる死闘,04,NOV,EXCEED GEAR,148,638,Toby Fox,MAD CHILD,
Follow Tomorrow,04,NOV,EXCEED GEAR,140,562,HHH×MM×ST,MMM×KK×S9,
Heroine is here,04,NOV,EXCEED GEAR,210,654,クルトン feat.ケィニ,An East Scarlet,
Resonant Gear,04,NOV,EXCEED GEAR,185,772,Endorfin.,ユカリ & MaKoTo,
Spider Dance / スパイダーダンス,04,NOV,EXCEED GEAR,230,714,Toby Fox,ロイヤルクラッカー,
ヴァンパイア,04,NOV,EXCEED GEAR,164,472,DECO*27,ビーフジョッヴァー,
ステラレギア,04,NOV,EXCEED GEAR,130,415,ここなつ2.0,MAD CHILD 2.0,
ミライチューナー,04,NOV,EXCEED GEAR,140,483,U-ske feat.すずしろ,フォックスロット,
ユキバレ＊ぱれいど,04,NOV,EXCEED GEAR,160,687,coTatsu,ロイヤルクラッカー,
リバース,04,NOV,EXCEED GEAR,135,402,ここなつ2.0,フォックスロット,
過去を喰らう,04,NOV,EXCEED GEAR,187,807,花譜,ダークダークダーク,
勇者の卒業式,04,NOV,EXCEED GEAR,162,669,Verdammt,凹ーダー凸ード,
ABSOLUTE(ismK passionate remix),04,NOV,EXCEED GEAR,147~180,597,ismK,kamuy noko,
Blue Forest(NightBounce Remix),04,NOV,EXCEED GEAR,132,590,kanone,CRAIG AKAGI,
Chakra,04,NOV,EXCEED GEAR,165,631,uma,CRAIG AKAGI,
charm you,04,NOV,EXCEED GEAR,147,461,U-ske feat.花柚,鋼のビスカッチャ,
Empty Backdoor,04,NOV,EXCEED GEAR,169,629,森羅万象,レッドホットスクリューズ,
Enter The Fire,04,NOV,EXCEED GEAR,140,561,Yooh,MAD CHILD,
Flip Flap,04,NOV,EXCEED GEAR,175,617,kors k,噂のジャイアントスパーク,
- Jupiter -,04,NOV,EXCEED GEAR,144,685,SHIKI,Akizuki Nagomu,
Love Love Scarlet,04,NOV,EXCEED GEAR,185,675,イノライfeat.怜花,MaKoTo,
MA・TSU・RI,04,NOV,EXCEED GEAR,160,573,"かなたん,アマギセーラ,ぁゅ by BEMANI Sound Team ”藤森崇多”",浮世マシーン,
MOVE! (We Keep It Movin'),04,NOV,EXCEED GEAR,142,670,"Jonny Dynamite!,Lisa - paint with stars -,Rio Hiiragi by BEMANI Sound Team ”U1-ASAMi”",からあげブラザーズ,
PLANISPHERE,04,NOV,EXCEED GEAR,122~161,441,SOUND HOLIC feat. Nana Takahashi,MAD CHILD,
Scars of FAUNA(ろひ Remix),04,NOV,EXCEED GEAR,135~195,605,ろひ,電撃ロブスター,
WILD FIRE,04,NOV,EXCEED GEAR,172,734,がるる,dj strassen,
アリスサイド・キャスリング,04,NOV,EXCEED GEAR,115,403,メリー・バッド・メルヘン,秋月なごむ,
オルターエゴ,04,NOV,EXCEED GEAR,176,641,Misumi,Megacycle,
キカイノミルユメ,04,NOV,EXCEED GEAR,128,507,はがね,凹ーダー凸ード,
キャプテン・マリンのケツアンカー,04,NOV,EXCEED GEAR,150~190,759,COOL&CREATE × 宝鐘マリン,MAD CHILD,
スカーレット警察のゲットーパトロール24時,04,NOV,EXCEED GEAR,160,658,七条レタスグループ,Vol Force Crew,
スノウイコン,04,NOV,EXCEED GEAR,164,638,mazuka153,フォックスロット,
驪駒早鬼は馬並み☆プロテイン,04,NOV,EXCEED GEAR,175,710,ARM × 狐夢想 feat.ななひら,サイバーマッスルガスタンク,
穢れなきユーフォリア,04,NOV,EXCEED GEAR,160,501,幽閉サテライト,からあげユーフォリア,
孤月群雲に沈む,04,NOV,EXCEED GEAR,194,703,めと（Metomate）,MAD CHILD,
緋色月下、狂咲ノ絶 (nayuta 2017 ver),04,NOV,EXCEED GEAR,150,774,EastNewSound,ブルーコールドハリケーンズ,
響く静寂,04,NOV,EXCEED GEAR,212,663,テヅカ,サイバーガスタンク,
門門しましょ,04,NOV,EXCEED GEAR,180,813,ビートまりお (COOL&CREATE),XOИ,
夢の終わり、世界のはじまり。,04,NOV,EXCEED GEAR,175,514,TAKU1175 ft.駄々子,Ginza Sis,
恋獄対刃,04,NOV,EXCEED GEAR,190,780,あるふぁ＋凜々,Secret Lv.09,
50th -Beginning Story-,04,NOV,VIVID WAVE,135,507,BEMANI Sound Team,↑↑↓↓←→←→MC,
50th -Flagship medley-,04,NOV,VIVID WAVE,135~175,674,BEMANI Sound Team,↑↑↓↓←→←→BSP,
50th -二人の時-,04,NOV,VIVID WAVE,160,637,BEMANI Sound Team,↑↑↓↓←→←→DDD,
Addicted Moon,04,NOV,VIVID WAVE,185,836,Amateras Records feat.築山さえ,Akizuki Nagomu,
cloche(といぼっくすうぃんぐ　みっくす),04,NOV,VIVID WAVE,228,757,,はがねのびすかっちゃ,
CLOUDS FLYER -sdvx edit-,04,NOV,VIVID WAVE,177,630,ginkiha,Akizuki Nagomu,
Colors,04,NOV,VIVID WAVE,160,536,REDALiCE feat.野宮あゆみ,サイバーガスタンク,
Finally Dive -kors k Remix-,04,NOV,VIVID WAVE,146,583,ここなつ,からあげしすたーず,
Flaa Behavior,04,NOV,VIVID WAVE,175,652,borzy,kamuy noko,
FlowerNation,04,NOV,VIVID WAVE,185,812,ゆうゆ feat. 華,フォックスロット,
Little Big Princess(DJ katsu EDIT),04,NOV,VIVID WAVE,170,666,DiGiTAL WiNG with 空音,CRAIG AKAGI,
MICHIZURE,04,NOV,VIVID WAVE,150,515,708/残響P,Megacycle,
Pixelated Platform,04,NOV,VIVID WAVE,137,620,pan,サイバーガスタンク,
STYX HELIX（Digi-Rock Remix）,04,NOV,VIVID WAVE,128,393,Remixed by BEMANI Sound Team ”RealRemixer0123” feat.かなたん,Akizuki Nagomu,
Sweetest Paranoia,04,NOV,VIVID WAVE,149,795,Amateras Records feat.築山さえ×抹(魂音泉),おつまみロブスター,
The First Step,04,NOV,VIVID WAVE,132,591,Yooh,レッドホットスクリューズ,
Together Going My Way,04,NOV,VIVID WAVE,155,716,DiGiTAL WiNG with 空音,MAD CHILD,
ultra turbo,04,NOV,VIVID WAVE,138,616,kamome sano,フォックスロット & kamuy noko,
who I am,04,NOV,VIVID WAVE,110,445,カエルとネコ,凹ーダー凸ード,
アライヴ,04,NOV,VIVID WAVE,200,697,あらいぐまファクトリー feat. okogeeechann,Megacycle,
おーまい！らぶりー！すうぃーてぃ！だーりん！,04,NOV,VIVID WAVE,170,748,BEMANI Sound Team,MAD CHILD,
おどりましょうよ！ドラゴンさん～転生したらゲーム曲でした～,04,NOV,VIVID WAVE,158,609,諸星なな feat.加藤はるか＆廣瀬祐輝,噂のジャイアントスパーク,
ここからよろしく大作戦143,04,NOV,VIVID WAVE,184,686,BEMANI Sound Team ”あさき隊”,ポテラーフMk.2,
スイーツはとまらない♪,04,NOV,VIVID WAVE,204,587,日向美ビタースイーツ♪,Akizuki Nagomu,
トーキョーサマーナイト,04,NOV,VIVID WAVE,151,503,みーに,Megacycle,
ふ・れ・ん・ど・し・た・い (WEREHEREMIX),04,NOV,VIVID WAVE,170,550,Remixed by ボルテ学園生活部,ボルテ学園美術部,
ラブキラ☆スプラッシュ,04,NOV,VIVID WAVE,152,540,BEMANI Sound Team ”Sota F.” feat.いちか,楊 麗華 vs. 喜屋武ミカエル,
ロキ,04,NOV,VIVID WAVE,150,424,みきとP,レッドロックスクリューズ,
鏡面の波（ramble mix）,04,NOV,VIVID WAVE,175,667,YURiKA Remixed by BEMANI Sound Team ”DJ TOTTO”,フォックスロット,
偶然？ 必然？ アンビバレンス！,04,NOV,VIVID WAVE,142,370,諸星なな feat.加藤はるか&YKI,凹ーダー凸ード,
恋するレインガール,04,NOV,VIVID WAVE,160,423,MasKaleido feat. ぁゅ,SALMON GRAPHY,
焦がれ唄,04,NOV,VIVID WAVE,100,392,ちきんぐ feat.TEA,MAD CHILD,
至上のラトゥーリア,04,NOV,VIVID WAVE,135,523,Vanitas Lacrimosa,MAD CHILD,
抜刀,04,NOV,VIVID WAVE,170,729,猫大樹,電撃ロブスター,
星の詩,04,NOV,VIVID WAVE,67,319,しーけー feat.arinco,鋼のビスカッチャ,
真夏の海の修道女,04,NOV,VIVID WAVE,145,577,bermei.inazawa,Akizuki Nagomu,
港町レディ,04,NOV,VIVID WAVE,159,468,フーリンキャットマーク,フォックスロット,
妄想税,04,NOV,VIVID WAVE,134,535,DECO*27,からあげブラザーズ,
弱虫モンブラン,04,NOV,VIVID WAVE,120,465,DECO*27,狂風少年鑑定Soup.☆彡,
4NT1 D34D,04,NOV,HEAVENLY HAVEN,109,465,N-Driver,Megacycle,
Aurora(Latinized Style),04,NOV,HEAVENLY HAVEN,140,698,mommy,Megacycle,
bass 2 bass [Tracy vs. Astronomical Remix],04,NOV,HEAVENLY HAVEN,155,554,Tracy vs. Astronomical,cosMo＠暴走P,
Blue Fire,04,NOV,HEAVENLY HAVEN,175,606,REDALiCE feat. 野宮あゆみ,レッドホットスクリューズ,
Candy Star,04,NOV,HEAVENLY HAVEN,180,517,DJ Genki feat. yukacco,七色Method,
Cepheus,04,NOV,HEAVENLY HAVEN,190,806,しらこいし,.424kHz,
Claidheamh Soluis-光の剣- feat.はるの,04,NOV,HEAVENLY HAVEN,160,818,猫大樹,CRAIG AKAGI,
couleur automnes de chocolat,04,NOV,HEAVENLY HAVEN,110,494,Citrus and Ocean Colour,Hermit♣club,
disordered asia,04,NOV,HEAVENLY HAVEN,200,735,シイナフユキ,フォックスロット,
Dreaming feat.nomico,04,NOV,HEAVENLY HAVEN,135,760,Alstroemeria Records,WMM-E,
Invisible Full Moon 古屋直雪 remix,04,NOV,HEAVENLY HAVEN,145,475,古屋直雪,電撃ロブスター,
It's a new day!,04,NOV,HEAVENLY HAVEN,132,460,パピ子りんft.ビタミンな兄貴♂＆ゆずり,スカイシュート,
JUGGLE,04,NOV,HEAVENLY HAVEN,148,635,Ras,月刊ミズタニ,
La Danza del Fuego,04,NOV,HEAVENLY HAVEN,150,629,Kiryu,Akizuki Nagomu,
Made In Love,04,NOV,HEAVENLY HAVEN,88,847,黒魔,I,
Mind Mapping(ag Remix),04,NOV,HEAVENLY HAVEN,128,514,ag,azuma,
Mysterious Nights,04,NOV,HEAVENLY HAVEN,140,533,あさり,凹ーダー凸ード,
Poppin' Shower,04,NOV,HEAVENLY HAVEN,175,566,P*Light,MAD CHILD & Megacycle,
Princess K,04,NOV,HEAVENLY HAVEN,139,523,Retropolitaliens (Ms.+駄々子),鋼のビスカッチャ,
QUAKE,04,NOV,HEAVENLY HAVEN,130~150,543,Polyphonix,MAD CHILD,
Random Box,04,NOV,HEAVENLY HAVEN,137,557,LATI,CRAIG AKAGI,
Regretful Flower,04,NOV,HEAVENLY HAVEN,155,575,Amateras Records feat.築山さえ,おからヒット,
sink into the dream,04,NOV,HEAVENLY HAVEN,148,545,uma,レッドホットスクリューズ,
Sleepless days,04,NOV,HEAVENLY HAVEN,188,588,猫叉Master feat.Mayumi Morinaga,鋼のビスカッチャ,
Smoked Turkey Rag,04,NOV,HEAVENLY HAVEN,150,558,a_hisa,THE THIRD MAN,
Technical Master,04,NOV,HEAVENLY HAVEN,160,642,天音(Rolling Contact),SCイノセンス,
Time to Air (jazz it up style),04,NOV,HEAVENLY HAVEN,135,544,borzy,Megacycle,
Two of Us,04,NOV,HEAVENLY HAVEN,92,312,Sound CYCLONE,azuma,
VAMPIRE,04,NOV,HEAVENLY HAVEN,145,499,nyankobrq,CRAIG AKAGI,
waxing and wanding(SS Remix),04,NOV,HEAVENLY HAVEN,180,679,しま兄,おからヒット,
きゅん×きゅんばっきゅん☆LOVE,04,NOV,HEAVENLY HAVEN,165,727,松下feat.Sota & wac,MAD CHILD,
ゴーストマスコット,04,NOV,HEAVENLY HAVEN,200,759,はるなば feat.みかん汁,Fortunality,
ゴーストルール,04,NOV,HEAVENLY HAVEN,210,663,DECO*27,凹ーダー凸ード,
シノビシノノメ,04,NOV,HEAVENLY HAVEN,174,526,東雲心菜,おすし仮面,
スペクトラム,04,NOV,HEAVENLY HAVEN,138,569,エルリ鳥 (O-SE + ueda),凹ーダー凸ード,
つるぺったん,04,NOV,HEAVENLY HAVEN,180,528,Silver Forest feat. くろねこ アキ さきち カガリ,狂風少年鑑定団,
テレポーテーションでやってきた彼とのその後の顛末,04,NOV,HEAVENLY HAVEN,190,558,Vocal by 藍月なくる,ポテト亀山,
トキメキストリーム,04,NOV,HEAVENLY HAVEN,164,594,Qrispy Joybox,THE THIRD MAN,
のぼれ八坂坂！,04,NOV,HEAVENLY HAVEN,170,708,ビートまりおとARM,浮世マシーン,
ぱあ,04,NOV,HEAVENLY HAVEN,128,354,立秋 feat.ちょこ,cosMo＠暴走ぱあ,
ビビットストリーム,04,NOV,HEAVENLY HAVEN,184,683,DJ TOTTO,からあげブラザーズ,
マイネ・クライネ・ナハトムジーク,04,NOV,HEAVENLY HAVEN,220,785,Die Ellipse (deli. with 倉田美和),フォックスロット,
ミラクル・スイート・スイーツ・マジック！！,04,NOV,HEAVENLY HAVEN,88~206,764,日向美ビタースイーツ♪,cosMo＠暴走P,
ルミナスデイズ,04,NOV,HEAVENLY HAVEN,96~145,695,ここなつ,MAD CHILD & Hirayasu Matsudo,
ローリンガール,04,NOV,HEAVENLY HAVEN,195,761,wowaka,SHiJiMiSo Soup.☆彡,
異世界ノットパンピー,04,NOV,HEAVENLY HAVEN,195,716,164 feat.GUMI,WMM-E,
朧 (kamome sano remix),04,NOV,HEAVENLY HAVEN,155,760,kamome sano feat. Kuroa*,MAD CHILD,
永遠に幸せになる方法、見つけました。,04,NOV,HEAVENLY HAVEN,128,439,うたたP,ねちっこく堂,
狂騒こども節,04,NOV,HEAVENLY HAVEN,198,442,Vocal by かなたん,MAD CHILD,
湖底遺跡のヴィダー・ハル,04,NOV,HEAVENLY HAVEN,185,673,borzy & 結月そら,cosMo＠暴走P,
失敗作少女,04,NOV,HEAVENLY HAVEN,240,1078,かいりきベア,電撃ロブスター,
灼熱のBlazin' Beat,04,NOV,HEAVENLY HAVEN,170,608,CielArc,からあげブラザーズ,
晴天Bon Voyage,04,NOV,HEAVENLY HAVEN,230,734,TOMOSUKE × seiya-murai feat. ALT,ポテト亀山,
雪月花 (Shiron & Sound Artz Remix),04,NOV,HEAVENLY HAVEN,148,537,Shiron vs. Sound Artz,cosMo＠暴走P,
透明な記憶の風穴,04,NOV,HEAVENLY HAVEN,180,628,柚木梨沙（少女フラクタル）,MAD CHILD,
廃獄ドリームランド,04,NOV,HEAVENLY HAVEN,178,589,SOUND HOLIC feat. Nana Takahashi,MAD CHILD,
春時雨,04,NOV,HEAVENLY HAVEN,192,751,まし,THE THIRD MAN,
風鈴花火,04,NOV,HEAVENLY HAVEN,150,534,BEMANI Sound Team ”劇団レコード”feat.結良まり,Akizuki Nagomu,
見世物ライフ,04,NOV,HEAVENLY HAVEN,220,1152,"otetsu,164,蝶々P",Megacycle,
０=Xerostrumental=,04,NOV,GRAVITY WARS,168,645,cosMo＠暴走P,cosMo＠暴走P,
6弦とピアノのためのエチュード op.4,04,NOV,GRAVITY WARS,110~280,515,ke-ji,浮世マシーン,
ancient garden,04,NOV,GRAVITY WARS,123,426,Cororo,ユカリ☆chan,
archive::zip,04,NOV,GRAVITY WARS,185,709,kamome sano,レッドホットスクリューズ,
Asian Chip City,04,NOV,GRAVITY WARS,180,687,提供,ビーフジョッキー,
BEAT-NEW-WORLD,04,NOV,GRAVITY WARS,190,612,ビートまりお（COOL&CREATE）,SCバイオメトリクス,
Belly Flopper,04,NOV,GRAVITY WARS,185,549,O2i3,Hermit♣club,
Beyond the Sandstorm,04,NOV,GRAVITY WARS,158,618,JouneyCat,凹ーダー凸ード,
Chloé,04,NOV,GRAVITY WARS,176,778,DJ Totoriott,レッドホットスクリューズ,
Cold Inflation,04,NOV,GRAVITY WARS,175,666,kanone vs. Yooh,TAKUYA,
crescent moon,04,NOV,GRAVITY WARS,187,558,FELT,レッドホットスクリューズ,
disco KAWAii,04,NOV,GRAVITY WARS,130,595,uno feat.ちよこ(IOSYS),Hermit♣club,
Discover the Life,04,NOV,GRAVITY WARS,165,613,A-One,ビーフジョッキー,
eastward -sdvx edit-,04,NOV,GRAVITY WARS,186,635,ginkiha,SCバイオメトリクス,
ECHO,04,NOV,GRAVITY WARS,140,490,CIRCRUSH,漂白太郎,
FAKE STYLE II,04,NOV,GRAVITY WARS,125,598,FAKE TYPE.,MAD CHILD,
Finally Dive,04,NOV,GRAVITY WARS,146,559,ここなつ Produced by lapix,レッドホットスクリューズ,
Go↓Go↑Girls&Boys!,04,NOV,GRAVITY WARS,158,633,松下feat.Sota & wac,イエローSUB魔鈴 × TAKUYA,
"Help me, ERINNNNNN!! - SH Style -",04,NOV,GRAVITY WARS,190,464,SOUND HOLIC feat. Nana Takahashi,MAD CHILD,
Hustle Beat!!,04,NOV,GRAVITY WARS,148,412,とろまる,浮世マシーン,
I'm so happy (Happy Hoppin Remix),04,NOV,GRAVITY WARS,0,470,polysha,ブルーコールドハリケーンズ,
Issen,04,NOV,GRAVITY WARS,112,591,tanso a.k.a. モリヤマサト,Hirayasu Matsudo,
Jump!,04,NOV,GRAVITY WARS,136,672,Syrufit feat.綾倉盟 / 市松椿,Hermit♣club,
Le ××××,04,NOV,GRAVITY WARS,175~190,503,Orange Vox+ ft.konomi*,カジキガツオ,
Liminality,04,NOV,GRAVITY WARS,145,554,FELT,Hermit♣club,
Liming Light,04,NOV,GRAVITY WARS,190,859,negi,TAKUYA,
Lonly Ranunculus,04,NOV,GRAVITY WARS,160,476,Amateras Records feat.築山さえ,ダークダークダーク,
lost chain,04,NOV,GRAVITY WARS,158,637,まぁ言うてかぼちゃの色も橙だし多分大丈夫,MaKoTo,
MAGATORO,04,NOV,GRAVITY WARS,184,685,上村香月,MAD CHILD,
Mermaid girl (Tropical Remix),04,NOV,GRAVITY WARS,100~150,531,Hyuji feat. LIQU@。,SCバイオメトリクス,
Monkey Business(Band Edit.),04,NOV,GRAVITY WARS,80~210,879,daph,ポテト亀山,
Never Ending,04,NOV,GRAVITY WARS,180~220,707,syzfonics,MaKoTo,
New Days,04,NOV,GRAVITY WARS,123,508,10calorie,WMM-E,
Nofram,04,NOV,GRAVITY WARS,132,569,unatra,風瑠人,
ON FIRE,04,NOV,GRAVITY WARS,160,660,ニシジマユーキ,東京ブルトゥーム,
Our Faith (takdrive remix),04,NOV,GRAVITY WARS,160,739,takdrive,ユカリ☆chan,
Paranoia,04,NOV,GRAVITY WARS,150,613,DiGiTAL WiNG feat. 花たん,MaKoTo,
Pet Peeve,04,NOV,GRAVITY WARS,140,594,Hirayasu Matsudo,ボブ・四万十川,
Phantom dinning tonight!,04,NOV,GRAVITY WARS,165,577,Tomoya feat. 黒崎朔夜,浮世マシーン,
Prelude-Hereafter-,04,NOV,GRAVITY WARS,195,943,源屋,逆球レジェンド × MISY.b,
Princessどうかお願い!!,04,NOV,GRAVITY WARS,169,569,20文字と言う字数制限に挑み続けるかぼち,わかば,
Question.,04,NOV,GRAVITY WARS,175,610,Tracy feat.築山さえ,ポテト亀山,
relegation grimoire,04,NOV,GRAVITY WARS,114,517,tsuzu,あおにさい,
Russet,04,NOV,GRAVITY WARS,186,554,wellow,PHQUASE,
Russian Caravan Rhapsody,04,NOV,GRAVITY WARS,158,584,Power Of Nature,MaKoTo,
Scarlet Moon,04,NOV,GRAVITY WARS,180,514,REDALiCE feat. Ayumi Nomiya,月刊ミズタニ,
Scarlet Pinheel,04,NOV,GRAVITY WARS,172,621,ぺのれり,DJ 摂津 × メルシー岡田,
Shiawase Transmission,04,NOV,GRAVITY WARS,210,812,you,SCバイオメトリクス,
Solitude & Nightmare,04,NOV,GRAVITY WARS,180,644,猫大樹,MaKoTo,
Sourire,04,NOV,GRAVITY WARS,138,508,とろまる,ポテト亀山,
spectroscape,04,NOV,GRAVITY WARS,183,744,kuroburger,浮世マシーン,
The Wind of Gold -HΔPPY MIX-,04,NOV,GRAVITY WARS,180,685,sky_delta,レッドホットスクリューズ,
Utopia,04,NOV,GRAVITY WARS,187,679,溝口ゆうま feat. 大瀬良あい,浮世マシーン,
Violet Soul,04,NOV,GRAVITY WARS,158,654,Soleily,SCバイオメトリクス,
VOLTEXES,04,NOV,GRAVITY WARS,150,575,Sota Fujimori,PHUQUASE ver.I,
Wuv U (Colorful QT3 nekomix),04,NOV,GRAVITY WARS,173,607,ねこみりん feat.えみゅう。×みゆ×小宮真央,スカイシュート,
You Know-SDVX EDIT-,04,NOV,GRAVITY WARS,170,704,源屋 with Kuroa*,Megacycle,
あれこれそれどれ,04,NOV,GRAVITY WARS,194,682,YM feat.赤飯,浮世マシーン,
いつかの夢、またねの約束。,04,NOV,GRAVITY WARS,180,790,TAKU1175 ft.駄々子,ユカリ☆chan,
お嫁にしなさいっ！,04,NOV,GRAVITY WARS,110~180,656,ARM＋夕野ヨシミ (IOSYS),Megacycle,
カタルシスの月,04,NOV,GRAVITY WARS,200,675,日向美ビタースイーツ♪,MaKoTo,
キモチコネクト,04,NOV,GRAVITY WARS,150,614,東雲心菜 meets 日向美ビタースイーツ♪,ユカリ☆chan,
ギャラクシィ・トラベラー,04,NOV,GRAVITY WARS,130,432,U-ske feat.ななひら,Megaまる子,
「ここなつ☆」は夢のカタチ,04,NOV,GRAVITY WARS,216,710,ここなつ Produced by A than_Lily,東京ブルトゥーム,
シャ ビ ドゥ 素敵な恋の魔法,04,NOV,GRAVITY WARS,120,594,ARM feat. ちよこ(IOSYS),わかば,
ショットガン・ラヴァーズ,04,NOV,GRAVITY WARS,188,1035,のぼる↑ feat. 松下,MaKoTo,
ちぇいす いん ざ さんしゃいん！！！,04,NOV,GRAVITY WARS,186,822,ぺのれり,ポテト亀山,
ドゥンガドゥンガ狂詩曲,04,NOV,GRAVITY WARS,200,726,かねこちはる ＋ はぁち ＋ 飛鳥男,わかば,
ナイフ,04,NOV,GRAVITY WARS,0,732,パワーコードP,MaKoTo,
ハナビラ:リンクス,04,NOV,GRAVITY WARS,182,527,かゆき＆yoa feat.もちこまめ,ま☆,
プレインエイジア -PHQ remix-,04,NOV,GRAVITY WARS,182,760,PHQUASE,TAKUYA,
ホメ猫☆センセーション,04,NOV,GRAVITY WARS,200,698,P*Light feat. mow*2,Hermit♣club,
ポメグラネイト,04,NOV,GRAVITY WARS,130,425,ここなつ,ふかせ,
みくみくにしてあげる♪【してやんよ】,04,NOV,GRAVITY WARS,160,564,ika,恵方真紀,
ゆうしゃのふゆやすみ,04,NOV,GRAVITY WARS,167,809,Verdammt,凹ーダー凸ード,
ロンロンへ　ライライライ！,04,NOV,GRAVITY WARS,156,635,ここなつ,東京ブルトゥーム,
朝色の紙飛行機,04,NOV,GRAVITY WARS,0,467,かめりあ,Hermit♣club,
妖隠し -あやかしかくし-,04,NOV,GRAVITY WARS,85,378,DJ TOTTO feat.3L,浮世マシーン,
鬼KYOKAN,04,NOV,GRAVITY WARS,160~182,596,kradness×れをる,浮世マシーン,
我楽多イノセンス,04,NOV,GRAVITY WARS,230,919,Last Note.,PHQUASE,
感情Xerography,04,NOV,GRAVITY WARS,270,643,8284 feat. 榎楠,スカイシュート,
君がいる場所へ,04,NOV,GRAVITY WARS,165,507,VALLEYSTONE feat. 紫崎 雪,わかば,
響縁,04,NOV,GRAVITY WARS,180,593,豚乙女,ポテト亀山,
鎖の少女,04,NOV,GRAVITY WARS,135,492,のぼる↑,博多の男,
零れる夢のレミニセンス,04,NOV,GRAVITY WARS,180,568,borzy & 結月そら,わかば,
水月鏡花のコノテーション,04,NOV,GRAVITY WARS,185,914,日向美ビタースイーツ♪,東京ブルトゥーム,
双星ルミネセンス,04,NOV,GRAVITY WARS,210,687,一舞 ＆ 夏陽,ビーフジョッキー,
竹取飛翔 ～ Lunatic Princess (Ryu☆Remix),04,NOV,GRAVITY WARS,171,773,Ryu☆,TAKUYA,
脱獄,04,NOV,GRAVITY WARS,189,554,Neru feat.灯油,azuma,
弾幕注意報2014,04,NOV,GRAVITY WARS,155,686,東京アクティブNEETs,浮世マシーン,
地方創生☆チクワクティクス,04,NOV,GRAVITY WARS,170,452,日向美ビタースイーツ♪,地方創生☆フカセクティクス,
時計仕掛けのメリーゴーランド,04,NOV,GRAVITY WARS,190,639,餡若feat.みゅい,わかば,
花ノ下連歌,04,NOV,GRAVITY WARS,225,719,Jan★Key,ポテト亀山,
暴走,04,NOV,GRAVITY WARS,310,561,cosMo@暴走P,MAD CHILD,
星の器 feat. らっぷびと,04,NOV,GRAVITY WARS,128,841,魂音泉,Hirayasu Matsudo,
碧の疾風,04,NOV,GRAVITY WARS,0,686,君の美術館,ひとくちピエロ,
滅亡天使 † にこきゅっぴん,04,NOV,GRAVITY WARS,200,715,日向美ビタースイーツ♪,Antonio Guccini,
-約束-,04,NOV,GRAVITY WARS,184,914,ばんし,金色の夜叉,
闇夜舞踏会 -緋碧と蝶のためのmasquerade-,04,NOV,GRAVITY WARS,160,721,ここなつ Produced by あおいひと with イオ,浮世マシーン,
Attack on Dwarf-,04,NOV,INFINITE INFECTION,140,648,unatra,TAKUYA,
BUBBLE RAVER,04,NOV,INFINITE INFECTION,174,482,P*Light,逆球レジェンド,
concon,04,NOV,INFINITE INFECTION,194,572,kamome sano,TEK-A-RHYTHM,
crazy cinema story,04,NOV,INFINITE INFECTION,137~150,655,黒魔,MAD CHILD,
Dawn of Asia,04,NOV,INFINITE INFECTION,188,639,ginkiha+kamome sano,DJ WILDPARTY vs. Hermit♣club,
dream control,04,NOV,INFINITE INFECTION,128~197,630,C-YA,ユカリ☆chan,
"Electric ""Sister"" Bitch",04,NOV,INFINITE INFECTION,185,501,t+pazolite,PHQUASE,
En FIRE-G SOUL,04,NOV,INFINITE INFECTION,180,408,Yooh,レッドホットスクリューズ,
Erlung,04,NOV,INFINITE INFECTION,140,519,削除,ユカリ☆chan,
Foolish Hero,04,NOV,INFINITE INFECTION,145,470,lapix,月刊ミズタニ,
Frantic Wolf,04,NOV,INFINITE INFECTION,178,684,Jerico,Megacycle,
further the future,04,NOV,INFINITE INFECTION,142,483,上村香月,SCバイオメトリクス,
Get out of my sight,04,NOV,INFINITE INFECTION,200,505,void(IOSYS) feat. 厚志(石鹸屋)&周平(Silently Shooting Traitors),THE THIRD MAN,
GIGI BABA,04,NOV,INFINITE INFECTION,165,594,ヒゲドライバー,月刊ミズタニ,
HAPPY HEART BEAT,04,NOV,INFINITE INFECTION,175,755,ヒゲドライバー,DJ WILDPARTY,
Hoshizora Illumination,04,NOV,INFINITE INFECTION,210,705,you,月刊ミズタニ,
I'm so Happy,04,NOV,INFINITE INFECTION,181,429,Ryu☆,TEK-A-RHYTHM,
Joyeuse,04,NOV,INFINITE INFECTION,260~274,379,ke-ji,Ether99,
Last Battalion,04,NOV,INFINITE INFECTION,185,590,ETIA.,Hermit♣club,
LEMON SUMMER,04,NOV,INFINITE INFECTION,180,571,パイタン,MISY.b,
Liar World Monologue,04,NOV,INFINITE INFECTION,186,733,"Music by ismK, Vocal by Kuroa*",DJ WILDPARTY,
Lieselotte,04,NOV,INFINITE INFECTION,180,596,wa.,Megacycle,
Lunartic Dial,04,NOV,INFINITE INFECTION,162,660,Shiron,PHQUASE,
Lunatic Rough Party!!,04,NOV,INFINITE INFECTION,120~400,506,かめりあ,MAD CHILD,
Mami Mami Zone,04,NOV,INFINITE INFECTION,173,635,REDALiCE feat. 野宮あゆみ,PHQUASE,
Mist Tek,04,NOV,INFINITE INFECTION,200,936,you,TAKUYA,
Mother Ship,04,NOV,INFINITE INFECTION,180,550,C-YA,レッドホットスクリューズ,
NEXT BILLIONAIRE,04,NOV,INFINITE INFECTION,130~165,560,SOUND HOLIC feat. Nana Takahashi,PHQUASE,
Next infection,04,NOV,INFINITE INFECTION,188,611,Sanaas,TEK-A-RHYTHM,
OVERDRIVERS,04,NOV,INFINITE INFECTION,177,700,P*Light feat. mow*2,ユカリ☆chan,
Over the Starlit sky,04,NOV,INFINITE INFECTION,175,361,MUZIK SERVANT feat.CHERICa,レッドホットスクリューズ,
Paradoxy,04,NOV,INFINITE INFECTION,145,457,lapix,G9D,
Party Stream !!,04,NOV,INFINITE INFECTION,180,738,DJ Amane,レッドホットスクリューズ,
Power of Battle,04,NOV,INFINITE INFECTION,178,664,RoughSketch vs REDALiCE feat.イザベル,MAD CHILD,
PUNISHER,04,NOV,INFINITE INFECTION,180,664,TAG×PON,THE THIRD MAN,
Raptate,04,NOV,INFINITE INFECTION,112,373,削除,Hermit♣club,
Rebirth,04,NOV,INFINITE INFECTION,192~197,712,164 feat. GUMI,mitsu,
Sakura Reflection (P*Light Slayer Remix),04,NOV,INFINITE INFECTION,186,573,P*Light,PHQUASE,
Sakura Reflection 音頭,04,NOV,INFINITE INFECTION,180,533,源屋,MAD CHILD,
Scene,04,NOV,INFINITE INFECTION,170,623,ジミーサムＰ,azuma,
She is my wife,04,NOV,INFINITE INFECTION,85~370,657,高井さんとuno(IOSYS),すーぱーアイドル☆フカセ子ちゃん,
Silver Impact,04,NOV,INFINITE INFECTION,175,563,Arch,MaKoTo,
snow motion,04,NOV,INFINITE INFECTION,181,664,こふ,DJ WILDPARTY,
SPARKING 2012,04,NOV,INFINITE INFECTION,185,710,IRON ATTACK!,レッドホットスクリューズ,
SPARKLING FANTASY,04,NOV,INFINITE INFECTION,159,439,"Music by BlackY, Vocal by ぁゅ",ひとくちピエロ,
Starlight Express,04,NOV,INFINITE INFECTION,200~400,645,ginkiha,MAD CHILD,
The Wind of Gold,04,NOV,INFINITE INFECTION,170,637,borzy,ユカリ☆chan,
U.N. Owen was her?,04,NOV,INFINITE INFECTION,142,580,Hyuji,U.N. Okawatt,
Virtual Sunrise,04,NOV,INFINITE INFECTION,170,675,kors k,MAD CHILD,
Virtual Sunrise (xac remix),04,NOV,INFINITE INFECTION,175,566,xac,スカイシュート,
Voice 2 Voice,04,NOV,INFINITE INFECTION,143,390,MAD CHILD,MAD CHILD,
We Are The Scarlet,04,NOV,INFINITE INFECTION,180,678,天音 (Rolling Contact),Megacycle,
will o' the wisp,04,NOV,INFINITE INFECTION,159,609,XIzE,Megacycle,
ありふれたせかいせいふく,04,NOV,INFINITE INFECTION,150,441,ピノキオP,azuma,
アルストロメリア,04,NOV,INFINITE INFECTION,173,487,kuroburger,レッドホットスクリューズ,
イゴモヨス=オムル,04,NOV,INFINITE INFECTION,200,786,日本楽音ノイズ協会,レッドホットスクリューズ,
ウサテイ,04,NOV,INFINITE INFECTION,190,643,あまね＋ビートまりお（COOL&CREATE）,Megacycle,
ウバワレ,04,NOV,INFINITE INFECTION,190,616,TAKU1175,MAD CHILD,
え？あぁ、そう。,04,NOV,INFINITE INFECTION,192,450,蝶々P,mitsu,
おお われら喜び讃うべし、主よ,04,NOV,INFINITE INFECTION,180,655,すのうまん,PHQUASE,
コミカルなミシャグジとラジエーション,04,NOV,INFINITE INFECTION,160,598,void & ARM feat. ななひら & ちよこ,MAD CHILD,
サンドリヨン,04,NOV,INFINITE INFECTION,147,518,Dios/シグナルP,Hermit♣club,
ゼンマイ恋時計,04,NOV,INFINITE INFECTION,168,545,A-One,月刊ミズタニ,
デストロイマーチ,04,NOV,INFINITE INFECTION,155,612,桜華,Megacycle,
はなむけ,04,NOV,INFINITE INFECTION,224,880,ふる,Megacycle,
ハローラフター,04,NOV,INFINITE INFECTION,190,581,Last Note.,しばまる子,
はわわｗ！な展開っ！,04,NOV,INFINITE INFECTION,200,976,かねこちはる feat. 紫崎 雪,TAKUYA,
ぼくらのタイムカプセル,04,NOV,INFINITE INFECTION,180,683,ラムネ(村人P),浮世マシーン,
マインド・ゲーム,04,NOV,INFINITE INFECTION,180,693,96 with メカショッチョー,MAD CHILD,
ませまてぃっく ま+ま=まじっく！,04,NOV,INFINITE INFECTION,192,367,かめりあ feat. ななひら,はいはい！ふかせ,
マネマネサイコトロピック,04,NOV,INFINITE INFECTION,135~210,615,かいりきベア,MaKoTo,
ミライプリズム,04,NOV,INFINITE INFECTION,140,645,ここなつ,MAD CHILD,
ムーニャポヨポヨスッポコニャーゴ,04,NOV,INFINITE INFECTION,180,652,全日本スッポコニャーゴ親衛隊,博多の男,
ゆうしゃのなつやすみ,04,NOV,INFINITE INFECTION,167,566,Verdammt,レッドホットスクリューズ,
愛くるしフール,04,NOV,INFINITE INFECTION,174,657,2ボス如きに負けるかぼちゃではなｙうわー,週刊ミズタニ,
赤より紅い夢-Aya2g Tech Dance Remix-,04,NOV,INFINITE INFECTION,71~143,576,Ayatsugu_Otowa,THE THIRD MAN,
命のユースティティア,04,NOV,INFINITE INFECTION,130,491,Neru,mitsu,
君と僕とその空白と,04,NOV,INFINITE INFECTION,200,708,のぼる↑ feat.GUMI,MaKoTo,
侵蝕コード：666,04,NOV,INFINITE INFECTION,138~276,580,かぼちゃ「黒幕はあやつぐ」と供述しており,THE THIRD MAN said,
曾根崎心中,04,NOV,INFINITE INFECTION,190,591,デッドボールP,mitsu,
断片Story,04,NOV,INFINITE INFECTION,174,826,Salk2d,DJ 摂津,
流れ星と君の歌,04,NOV,INFINITE INFECTION,185,663,"Music by 沙野カモメ, Vocal by SOPHY",ユカリ☆chan,
冬に桜が咲くようなキセキ。,04,NOV,INFINITE INFECTION,160,476,"Music by nmk/佐原誠&kei_iwata, Vocal by SOPHY",PHQUASE,
放課後ストライド,04,NOV,INFINITE INFECTION,225,726,Last Note.,月刊ミズタニ,
僕は空気が嫁ない,04,NOV,INFINITE INFECTION,192,675,cosMo＠暴走P,mitsu,
魔法少女達の百年祭,04,NOV,INFINITE INFECTION,200,559,masty,MAD CHILD,
春色ポートレート,04,ADV,BOOTH,80,410,しゃむおん,PHQUASE,
.59,04,NOV,BOOTH,145,436,IDEA+RHYTHM,月刊ミズタニ,
caramel ribbon,04,NOV,BOOTH,175,481,P*Light,SCバイオメトリクス,
cloud,04,NOV,BOOTH,143,651,EZFG,DJ WILDPARTY,
Diamond Dust,04,NOV,BOOTH,175,651,azuma,PHQUASE,
Earthquake Super Shock,04,NOV,BOOTH,175,575,SOUND HOLIC feat. Nana Takahashi,Antonio Guccini,
freaky freak,04,NOV,BOOTH,145,603,kamome sano,博多の男,
Ha・lle・lu・jah,04,NOV,BOOTH,150,529,SOUND HOLIC feat. Nana Takahashi,karasu,
Life is Beautiful,04,NOV,BOOTH,120~190,608,"Music by コバヤシユウヤ, Vocal by Kuroa*",ユカリ☆chan,
LOVE SHINE,04,NOV,BOOTH,177,579,ARM(IOSYS) feat. 一ノ瀬月琉(monotone),PHQUASE,
MAX 300,04,NOV,BOOTH,136,570,takamatt,とちおとめ♪(。・ω・。),
neu,04,NOV,BOOTH,130~199,498,cosMo＠暴走P,TEK-A-RHYTHM,
RED ZONE,04,NOV,BOOTH,180,496,幽閉カタルシス,ごましおくん,
Ray,04,NOV,BOOTH,175,543,源屋,ユカリ☆chan,
SOUL EXPLOSION,04,NOV,BOOTH,150,508,kanone,Megacycle,
Soundscape,04,NOV,BOOTH,165,609,Hommarju,PHQUASE,
Strawberry Crisis,04,NOV,BOOTH,198,721,CROW,Hermit♣club,
taboo tears you up 2008,04,NOV,BOOTH,180,466,REDALiCE,TEK-A-RHYTHM,
Tomorrow Perfume(tpz Despair Remix),04,NOV,BOOTH,170,730,t+pazolite,PHQUASE,
true feeling？,04,NOV,BOOTH,165,443,shin,DJ WILDPARTY,
World Vertex,04,NOV,BOOTH,160,557,void,PHQUASE,
イカサマライフゲイム,04,NOV,BOOTH,200,638,kemu feat.GUMI,月刊ミズタニ,
カーニバル,04,NOV,BOOTH,254,1091,otetsu feat.灯油,レッドホットスクリューズ,
カミサマネジマキ,04,NOV,BOOTH,284,411,kemu feat. GUMI,kinoto,
ケロ⑨destiny,04,NOV,BOOTH,172,687,Silver Forest feat. めらみぽっぷ,TEK-A-RHYTHM,
ごりらがいるんだ,04,NOV,BOOTH,160,536,ピノキオP,しばまる子,
サイコパスコミュニケーション,04,NOV,BOOTH,204,587,ゆちゃP,MISY.b,
ずっとそばにいさせてよね！,04,NOV,BOOTH,180,397,"Music by 音遊人 -mu-jin-, Vocal by みかん汁",しばまる子,
セツナトリップ,04,NOV,BOOTH,145,514,Last Note. feat.GUMI,Sammy/A,
ディストピア・ジパング,04,NOV,BOOTH,210,481,cosMo＠暴走P feat. GUMI,Acid=Stone Valley,
ドロボウナイトトリック,04,NOV,BOOTH,218,523,ゆちゃP feat.GUMI,mitsu,
ナツノメイロ,04,NOV,BOOTH,148,554,stereoberry,レッドホットスクリューズ,
ハートブレイク・ヘッドライン,04,NOV,BOOTH,162,454,40mP feat. GUMI,DJ UTO,
ヒマワリ,04,NOV,BOOTH,175,591,MUZIK SERVANT,SHOUTICE,
ポーカーフェイス,04,NOV,BOOTH,184,488,ゆちゃP feat. GUMI,ユカリ☆chan,
ヤサイマシ☆ニンニクアブラオオメ,04,NOV,BOOTH,180,535,azuma feat. ななひら,レッドホットスクリューズ,
仇返しシンドローム,04,NOV,BOOTH,142,445,まふまふ feat.IA,mitsu,
人生リセットボタン,04,NOV,BOOTH,200,502,kemu feat. GUMI,Acid=Stone Valley,
僕たちは此処にいる,04,NOV,BOOTH,146,483,でもたまに居場所とか見失うかぼちゃ,Hermit♣club,
七色のウタ,04,NOV,BOOTH,180,407,"Music by 上村香月, Vocal by みゅい",月刊ミズタニ,
西日暮里の踊り,04,NOV,BOOTH,140,543,家の裏でマンボウが死んでるP,ごましおくん,
魔理沙は大変なものを盗んでいきました,04,NOV,BOOTH,170,562,ARM(IOSYS),TEK-A-RHYTHM,
9th Outburst,05,NOV,NABLA,163,0,Zekk,Classical Assistant,
"Help me, ERINNNNNN!!",05,NOV,NABLA,185,0,ビートまりお,ゆめいろパフィー,
Massive Strength,05,NOV,NABLA,182,0,Riz,ツインテール少佐,
Votum stellarum -forest #25 RMX-,05,NOV,NABLA,140,0,iconoclasm,七色Method,
ハートインワンダーランド,05,NOV,NABLA,181,0,森羅万象,ReboundeR,
ンポロロッカ,05,NOV,NABLA,160,0,かめりあ,Classical Assistant,
紅焔,05,NOV,NABLA,175,0,PON,T=I=NAKA,
Blessed Horizon,05,NOV,EXCEED GEAR,202,0,Qutabire,鋼のビスカッチャ,
BLISS,05,NOV,EXCEED GEAR,190~210,843,ミハイル + K.key,fractal-shoot!! p,
Blossom,05,NOV,EXCEED GEAR,175,628,Synthion,ロイヤルクラッカー,
CadenzaMaiden,05,NOV,EXCEED GEAR,145~290,488,u-z feat.紫咲ほたる,FriedChickenSisters feat. 2conノックオン,
caramel ribbon (Tatsunoshin Remix),05,NOV,EXCEED GEAR,175,671,Tatsunoshin,Hananashi Karin,
Chocolate Planet (いるちょこRemix),05,NOV,EXCEED GEAR,185,683,irucaice feat. ちょこ,フォックスロット,
CHOVERY GOOSE!!!,05,NOV,EXCEED GEAR,180,595,MYUKKE.,からあげキボーンヌ,
Colorful Magical Parade,05,NOV,EXCEED GEAR,160,527,Tsubusare BOZZ feat.madoka*,Akizuki Nagomu,
CO5M1C R4ILR0AD,05,NOV,EXCEED GEAR,155,761,kanone,Akizuki Nagomu,
Crawl Out Immortal,05,NOV,EXCEED GEAR,192,748,U-ske feat.Parfaitty,conceptual explorer,
Crazy Jackpot,05,NOV,EXCEED GEAR,170,583,Hommarju,電撃ロブスター,
Dawn of Asia(Alkome Remix),05,NOV,EXCEED GEAR,188,746,Alkome,電撃ロブスター,
Demetel (Erixa ”MYTH” Remix),05,NOV,EXCEED GEAR,150,621,Erixa,Akizuki Nagomu,
Di-Da-De-Doo,05,NOV,EXCEED GEAR,144,542,Yu_Asahina ft.Mizutama,モンスタードミノ卿,
Divine Ether,05,NOV,EXCEED GEAR,187,0,あまみ×ひなみ,力を示せ～PH～,
ENERGY SYNERGY MATRIX,05,NOV,EXCEED GEAR,160,677,Tanchiky,Akizuki Nagomu,
Enter The Rave,05,NOV,EXCEED GEAR,160,608,Tatsunoshin,MASTER TRICK,
Everything B.K.,05,NOV,EXCEED GEAR,180,679,nora2r,Everything B.J.,
#Evil_Signs_of_Bloodlines,05,NOV,EXCEED GEAR,146,0,RoughSkreamZ,Amazeki Kagome,
Ex concordia felicitas,05,NOV,EXCEED GEAR,205,571,Connexio,ゆめいろパフィー,
!!Fanta∽cramble!!,05,NOV,EXCEED GEAR,110~154,584,Potwi,浮世マシーン,
For.*tune,05,NOV,EXCEED GEAR,205,709,Capchii × low meow × Uzumaki,おすし仮面,
Gate of Atlantis (Vocal ∞ Mix),05,NOV,EXCEED GEAR,8~240,973,MasKaleido feat. ぁゅ,Hananashi Karin,
GEROL (Yooh Remix),05,NOV,EXCEED GEAR,145,549,Yooh,conceptual explorer,
GIGI BABA(brz_style),05,NOV,EXCEED GEAR,180,786,brz1128,ロイヤルクラッカー,
HOLOGRAPHY,05,NOV,EXCEED GEAR,146,0,RYOQUCHA,Akizuki Nagomu,
Hopscotch,05,NOV,EXCEED GEAR,175,661,GrivR.,ゆめいろパフィー,
KINGWORLD,05,NOV,EXCEED GEAR,240,905,白上フブキ,肋兵器,
Kool Awesome Croon,05,NOV,EXCEED GEAR,185,1000,Super Shrimp,The Cherry Glass,
Line markeR,05,NOV,EXCEED GEAR,257,499,打打だいず,馬のミニ右耳に2ミリニキ,
LOVE TONIC,05,NOV,EXCEED GEAR,165,648,影虎。,dj strassen,
MiRAi,05,NOV,EXCEED GEAR,257,559,#EmoCosine,kamuy noko,
Misfortune Crawler,05,NOV,EXCEED GEAR,155,0,Aoi,七色Method,
My song,05,NOV,EXCEED GEAR,188,715,角巻わため,倉科ロイヤ,
OverwriteTheCatastrophe,05,NOV,EXCEED GEAR,260,573,deli.+駄々子,WILLIAMEDDIEDUNDAS,
Pixelated Platform (Super Honey!),05,NOV,EXCEED GEAR,216,637,そよもぎ,鋼のビスカッチャ,
PRIDE of the FIREBALL,05,NOV,EXCEED GEAR,206,884,かぼちゃ feat. CO-DA,MAD CHILD,
Profession(αirlemoneX”Mechanical Engineering”Remix),05,NOV,EXCEED GEAR,178,723,αirlemoneX,Hananashi Karin,
Second Game,05,NOV,EXCEED GEAR,185,686,Tracy feat. miko,MaKoTo,
Shera,05,NOV,EXCEED GEAR,150,595,MYUKKE.,fractal-shoot starry!!,
Vigor(siqlo's Hi-Tech Veats),05,NOV,EXCEED GEAR,154,499,siqlo,T=I=NAKA,
V!LLA!N,05,NOV,EXCEED GEAR,210,864,Kaname,MASTER TR!CK,
Voice 2 Voice n Voice,05,NOV,EXCEED GEAR,157,572,Acotto,チッヰス邨中,
Windy Fairy,05,NOV,EXCEED GEAR,180,857,DJ TOTTO,cosMo＠暴走P,
You Only Live Twice,05,NOV,EXCEED GEAR,185,591,Sephid feat. aria,Hananashi Karin,
We Are All The Dreamer,05,NOV,EXCEED GEAR,148,552,Hommarju ft. かぼちゃ,The Cherry Glass,
カジノファイヤーことみちゃん,05,NOV,EXCEED GEAR,230,0,covered by 一条莉々華(ReGLOSS),フォックスロット×Akizuki Nagomu,
グリーディ・スターズ！,05,NOV,EXCEED GEAR,260,501,みーに feat. しろさきあや,フォックスロット,
じもとっこスイーツ♪,05,NOV,EXCEED GEAR,108,382,ホララ・ホリック with 日向美ビタースイーツ♪,Hananashi Karin,
ちくわパフェだよ☆ＣＫＰ (Yvya Remix),05,NOV,EXCEED GEAR,205,764,Remixed by BEMANI Sound Team ”Yvya”,さいばーガスタンクだよ☆ＣＧＴ,
ハートビート×スラッガー,05,NOV,EXCEED GEAR,242,0,あまみ×ひなみ,モンスタードミノ卿,
ハガネノツルギ,05,NOV,EXCEED GEAR,144,516,coTatsu,conceptual explorer,
マジかる☆doll ユタニケちゃん,05,NOV,EXCEED GEAR,40~205,0,Tsubusare BOZZ feat.madoka*,kamuy noko,
マツヨイナイトバグ,05,NOV,EXCEED GEAR,190,753,ビートまりおとまろん,からあげブラザー蟲,
めうめうぺったんたん！！ (ZAQUVA Remix),05,NOV,EXCEED GEAR,200,704,Remixed by BEMANI Sound Team ”ZAQUVA”,MASTER TRICK,
リュミレイラ,05,NOV,EXCEED GEAR,207,1014,後藤 feat. nayuta,Hananashi Karin,
回想音楽 - Thank you for your playing music,05,NOV,EXCEED GEAR,220,835,deli.+駄々子,Akizuki Nagomu,
覚悟せよ！エンタンメ～ン,05,NOV,EXCEED GEAR,141~176,0,マキシウキョウ,影符,
幻影ノ消失,05,NOV,EXCEED GEAR,160,696,Xceon feat. Mayumi Morinaga,Hananashi Karin,
幻想プロミネンス,05,NOV,EXCEED GEAR,205,0,deli. vs 駄々子 vs かなたん,サイバーガスタンク×モンスタードミノ卿,
東風に鳴き翠嵐を想う,05,NOV,EXCEED GEAR,183,0,めと（Metomate）,ダークダークダーク,
大宇宙ステージ奈落変,05,NOV,EXCEED GEAR,199,737,めと（Metomate）,ダークダークダーク,
弾幕信仰,05,NOV,EXCEED GEAR,170,629,豚乙女×BEMANI Sound Team ”PON”,電撃ロブスター,
永久の粒虹,05,NOV,EXCEED GEAR,200,782,Yu-dachi,kamuy noko,
全人類　兎化計画！,05,NOV,EXCEED GEAR,244,1058,兎田ぺこら,レッドホットスクリューズ,
花火のおもちゃ箱,05,NOV,EXCEED GEAR,176,758,Yu-dachi,kamuy noko,
悲報！ワイ！ニート！,05,NOV,EXCEED GEAR,165,0,Shu,,
鳳凰誓歌,05,NOV,EXCEED GEAR,192,695,流星のサイトシーイング feat.雪希,Hananashi Karin,
幽霊船戦,05,NOV,EXCEED GEAR,160,569,宝鐘マリン,花梨かりん,
累乗のカルマ,05,NOV,EXCEED GEAR,178,468,めと（Metomate）,(ダーク)³,
忘れないように、失くさないように,05,NOV,EXCEED GEAR,150~208,972,Mono.,The Cherry Glass,
[E],05,NOV,EXCEED GEAR,152,603,dj MAX STEROID,MaKoTo,
Aerial Skydive,05,NOV,EXCEED GEAR,175,637,Dirty Androids,kamuy noko,
Amazing Mirage,05,NOV,EXCEED GEAR,153,547,lapix,Akizuki Nagomu,
Battle Against a True Hero / 本物のヒーローとの戦い,05,NOV,EXCEED GEAR,150,606,Toby Fox,Probably Finest Dee One,
Berry Go!!,05,NOV,EXCEED GEAR,175,632,Freezer feat.妃苺,ロイヤルクラッカー,
Black or Red?,05,NOV,EXCEED GEAR,157,549,コスモドライバー join. shully & Nimo,cosMo＠暴走P×電撃ロブスター,
CUDDLIE CUDDLIE,05,NOV,EXCEED GEAR,187,647,ゆんゆん,ロイヤルクラッカー,
Element of SPADA,05,NOV,EXCEED GEAR,170,819,猫叉Master feat.霜月はるか,フォックスロット,
Finale / フィナーレ,05,NOV,EXCEED GEAR,190,650,Toby Fox,サイバーガスタンク,
Μοuσα,05,NOV,EXCEED GEAR,200,777,ushiee,フォックスロット,
Re:call,05,NOV,EXCEED GEAR,99,390,pan+meal feat.駄々子,MAD CHILD,
SAVE the World,05,NOV,EXCEED GEAR,180,576,Toby Fox,Megacycle,
Scat Jazz Dance,05,NOV,EXCEED GEAR,162,1049,Super Shrimp,Hirayasu Matsudo,
Splash Underwater,05,NOV,EXCEED GEAR,174,635,siqlo,ステファンビート,
Struggle for Revival,05,NOV,EXCEED GEAR,110,499,NitoK,ロイヤルクラッカー,
Welcome to the Mosh Pit,05,NOV,EXCEED GEAR,172,605,lapix,CRAIG AKAGI,
あいあむなんばーわんパトラちゃん様,05,NOV,EXCEED GEAR,220,863,周防パトラ,浮世マシーン,
サクラノソバニ！,05,NOV,EXCEED GEAR,228,774,Ray_Oh feat.みかん汁,ロイヤルクラッカー,
ステラ・イミグレーション,05,NOV,EXCEED GEAR,170~210,690,後藤 feat. リリカ,唐揚 feat. シスター,
チクサクコールが懐かしい,05,NOV,EXCEED GEAR,109~194,617,諸星なな feat.加藤はるか,凹ーダー凸ード,
ハートシェイプ・スピカ,05,NOV,EXCEED GEAR,170,606,ここなつ2.0,サイバーガスタンク×鋼のビスカッチャ,
フリコドウル,05,NOV,EXCEED GEAR,160,743,HIMEHINA,ブルーコールドビーフ＆ハリケーンジョッキーズ,
メテオライツ・プレリュード,05,NOV,EXCEED GEAR,190,707,みーに,凹ーダー凸ード,
メモリーズ,05,NOV,EXCEED GEAR,136,465,ここなつ2.0,apple kong,
メンタンピンドラドラ,05,NOV,EXCEED GEAR,185,534,enzo + O2i3,CRAIG AKAGI,
儚キ戀ノ幻想譚,05,NOV,EXCEED GEAR,175,706,まろん feat. あやぽんず＊ (森羅万象),アオニサイ(蒼弐),
2094,05,NOV,EXCEED GEAR,162,612,Yuta Imai vs Blacklolita,MAD CHILD vs Megacycle,
ABSOLUTE (saminun mix),05,NOV,EXCEED GEAR,61~146,561,あさり(saminun),凹ーダー凸ード,
Aftermath,05,NOV,EXCEED GEAR,200,816,BEMANI Sound Team ”猫叉Master & あさき & Yvya”,揚Brother & フォックスとロット & 2conノックオン,
Chewingood!!!,05,NOV,EXCEED GEAR,190,677,TORIENA,MAD CHILD,
Continuous Moment,05,NOV,EXCEED GEAR,154,587,影虎。,apple kong,
Destr0yer,05,NOV,EXCEED GEAR,90,502,削除 feat. Nikki Simmons,Hermit♣club,
Devastated Territory,05,NOV,EXCEED GEAR,97~195,643,ryhki,dj strachen,
eXtridia,05,NOV,EXCEED GEAR,136,576,unatra×Nego_tiator,kamuy noko,
Foolish Again,05,NOV,EXCEED GEAR,160,531,lapix,電撃ロブスター,
Fun walk!!,05,NOV,EXCEED GEAR,170,668,Enterskip,dj strassen,
Gimme dreamin',05,NOV,EXCEED GEAR,190,753,BlackY feat. Risa Yuzuki,フォックスロット feat. Amazeki Kagome,
Halloween Is Chaos,05,NOV,EXCEED GEAR,197,763,RoughSketch feat.北小路ヒスイ,おすし仮面♣,
"Help me, ERINNNNNN!! #幻想郷ホロイズムver.",05,NOV,EXCEED GEAR,190,628,COOL&CREATE × 宝鐘マリンと愉快な仲間たち,レッドホットスクリューズと愉快な仲間たち,
I Left for my Right,05,NOV,EXCEED GEAR,155,491,あの日字数制限に負けて追い出された「ゃ」,20文字の字数制限が存在しないからあげブ,
Impress(siqlo's Hi-Tech Veats),05,NOV,EXCEED GEAR,160,581,siqlo,Amazeki Kagome,
Jailbreaker,05,NOV,EXCEED GEAR,180,777,Hommarju feat. かぼちゃ,Megacycle,
LIKE A VAMPIRE,05,NOV,EXCEED GEAR,276,605,"koyomi,星野奏子 by BEMANI Sound Team ”TAKA”",strassen,
M-O-R-F-I-N-E,05,NOV,EXCEED GEAR,220,731,u-z feat.紫咲ほたる,2conノックオン,
NIN-NIN-NIN!!,05,NOV,EXCEED GEAR,90~170,523,よああああ（ああああ＋yoa）,鋼のビスカッチャ,
nostos -ark remix-,05,NOV,EXCEED GEAR,180~205,640,Se-U-Ra + しーけー,Megacycle,
PRESERVED VAMPIRE,05,NOV,EXCEED GEAR,170,658,SOUND HOLIC feat. Nana Takahashi,ポテト亀山,
R.I.P.ゴシップの海,05,NOV,EXCEED GEAR,222,843,cosMo＠暴走P,cosMo＠暴走P,
Sakura Fubuki,05,NOV,EXCEED GEAR,175,641,Street,からあげブラザーズ,
Screaming!!,05,NOV,EXCEED GEAR,135~180,802,CielArc,からあげスクリームズ,
SHION -sublimation mix-,05,NOV,EXCEED GEAR,186,699,BlackY feat. Risa Yuzuki,フォックスロット,
SPECIAL SUMMER CAMPAIGN!,05,NOV,EXCEED GEAR,168,444,Lucky Vacuum,Megacycle,
Test Flight,05,NOV,EXCEED GEAR,188,705,黒魔,鋼のビスカッチャ,
Vanishing Eidos,05,NOV,EXCEED GEAR,179,637,めと（Metomate）,ダークダークダーク,
Verstarkt Killer,05,NOV,EXCEED GEAR,182,683,MALVA.,Secret Lv.09,
Whip☆Drip,05,NOV,EXCEED GEAR,249,753,pan+テヅカ feat.桃雛なの,CRAIG AKAGI,
Xymatic Scope,05,NOV,EXCEED GEAR,22~170,556,MasKaleido feat. ぁゅ,CRAIG AKAGI,
オリガミカル・スウィートラヴ,05,NOV,EXCEED GEAR,192,517,かめりあ feat. ななひら,MAD CHILD,
キラメキ居残り大戦争,05,NOV,EXCEED GEAR,212,1023,森羅万象,能天気 ぐるぐる ～PH～ 頭 ガチガチ,
スーパー戦湯ババンバーン,05,NOV,EXCEED GEAR,0,815,"すわひでお,秋成,かぼちゃ,藍月なくる,NU-KO by BEMANI Sound Team ”八戸亀生羅”",凹ーダー凸ード,
デンデラパーティーナイト,05,NOV,EXCEED GEAR,181,790,森羅万象,鋼のビスカッチャ,
トラダンスアナーキー,05,NOV,EXCEED GEAR,195,918,暁 Records,サイバーガスタンクEXCEED,
ナナホシ(lovely bubbly party mix!),05,NOV,EXCEED GEAR,160,480,naka3,Akizuki Nagomu,
ばらんが!!!!,05,NOV,EXCEED GEAR,285,554,かめりあ feat. ななひら,ばーフジョッキー!,
フェアリーテイル・ラヴァーズ,05,NOV,EXCEED GEAR,142,553,みーに＠メルヘン風紀委員会書記,ロイヤルクラッカー,
ホイホイ☆幻想ホロイズム,05,NOV,EXCEED GEAR,195,719,COOL&CREATE × 宝鐘マリン with ホロイズムファンタジー,A～PH～oy!!,
まみむめまるっとまっしゅるーむ,05,NOV,EXCEED GEAR,161,613,かめりあ as ”まいたけラヴ” feat. ななひら as ”エリンギ大好き”,菌類の電撃ロブスター,
みたらしプラトニック,05,NOV,EXCEED GEAR,160,548,Yunomi,Megacycle,
藍の華,05,NOV,EXCEED GEAR,198,820,HIMEHINA,レッドホットビーフ＆スクリュージョッキーズ,
運命超過乃巡合,05,NOV,EXCEED GEAR,165,761,Aoi feat. Gra+yanshu,電撃ロブスター,
月下の舞兎祭,05,NOV,EXCEED GEAR,152,517,Aoi feat. Kuroa*,レッドホットスクリューズ,
木洩れ日に咲く,05,NOV,EXCEED GEAR,171,625,seatrus feat.杠葉えりか,フォックスとロット,
天弓天華オトハナビ,05,NOV,EXCEED GEAR,170,636,ビートまりおとまろん,からあげブラザー市場,
花は折りたし梢は高し,05,NOV,EXCEED GEAR,215,715,夜叉姫神楽,サイバーガスタンク,
叛逆のディスパレート,05,NOV,EXCEED GEAR,194,483,Vanitas Lacrimosa,MAD CHILD,
黎明の情,05,NOV,EXCEED GEAR,210,759,TAKU1175 ft.駄々子,MAD CHILD,
120秒のエンドロール,05,NOV,VIVID WAVE,219,659,colorless（からとP feat.脱線ぐーぅ）,ZANGI Bros.,
50th -The BEMANI History-,05,NOV,VIVID WAVE,136,668,BEMANI Sound Team,↑↑↓↓←→←→PH,
ABSOLUTE (EUROBEAT REMIX),05,NOV,VIVID WAVE,90~162,647,Tracy vs. Yu_Asahina,サイバーガスタンク,
Adrenaline Rush,05,NOV,VIVID WAVE,158,716,siqlo,CRAIG AKAGI,
AXION,05,NOV,VIVID WAVE,160,553,削除,フォックスロット,
Believe (y)our Wings {GRA5P WAVES},05,NOV,VIVID WAVE,188,716,GRACE COLORS（かめりあ ft. 紫崎 雪、藍月なくる、荒巻、ＯＲＩ姫、かなたん、駄々子、はるの、ななひら）,名誉グレイス王国民,
Believe (y)our Wings {V:IVID RAYS},05,NOV,VIVID WAVE,188,716,RASIS COLORS（かめりあ ft. 紫崎 雪、ぁゅ、かぼちゃ、Kuroa*、SOPHY、みかん汁、みゅい）,元祖レイシス親衛隊長,
Bioslaves,05,NOV,VIVID WAVE,160,761,mazuka153,Amazeki Kagome,
BLACK JACKAL,05,NOV,VIVID WAVE,150,716,Akira Complex,CRAIG AKAGI,
BLAZE∞BREEZE,05,NOV,VIVID WAVE,175,617,BEMANI Sound Team ”TAG×PON”,B∞フジョッキー,
BLIZZARD BEAT,05,NOV,VIVID WAVE,170,581,SOUND HOLIC feat. Nana Takahashi,鋼のビスカッチャ,
Blue Forest (Prog Keys Remix),05,NOV,VIVID WAVE,150,522,とろまる,SALMON GRAPHY,
Bye or not,05,NOV,VIVID WAVE,170,749,PSYQUI feat. mikanzil,レッドホットスクリューズ,
Circulator,05,NOV,VIVID WAVE,165,610,Reaper,おつまみロブスター,
clear:wings,05,NOV,VIVID WAVE,252,1000,かゆき,月刊ミズタニ,
Colorless feat.ももかみ,05,NOV,VIVID WAVE,165,585,Spacelectro,CRAIG AKAGI,
D1g1t1ze b0dy,05,NOV,VIVID WAVE,180,691,シルクパラソル（yoa＆かゆき） feat. まめこ,サイバーガスタンク,
DEEP PSYCHEDELIC STRIKER,05,NOV,VIVID WAVE,155,480,影虎。,凹ーダー凸ード,
DO-IT-AMA-SITE!!!,05,NOV,VIVID WAVE,135,659,MYUKKE.,おつまみロブスター,
EGOISM -Rebuild-,05,NOV,VIVID WAVE,155,628,HAMA topground,CRAIG AKAGI,
empty,05,NOV,VIVID WAVE,184,738,Λerdammt,サイバーガスタンク,
Enigma II,05,NOV,VIVID WAVE,100,436,memex,鋼のビスカッチャ,
Enjoy This Time,05,NOV,VIVID WAVE,170,669,DJ Noriken feat. yukacco,MAD CHILD,
floorkiller,05,NOV,VIVID WAVE,210,702,テヅカ,ZANGI Bros.,
Harmonia,05,NOV,VIVID WAVE,177,398,ATSUMI UEDA,鋼のビスカッチャ,
Hexennacht,05,NOV,VIVID WAVE,165,880,rider,Hirayasu Matsudo (MAD CHILD Remix),
Hi-Fi!!双子'S,05,NOV,VIVID WAVE,250,748,technoplanet feat. ＯＲＩ姫 & やみん,からあげシスターズ,
Historia of Velnoti,05,NOV,VIVID WAVE,180,717,KV.S&はらたま,Megacycle,
Holy Legacy,05,NOV,VIVID WAVE,190,626,すのうまん,kamuy noko,
Impress (bansou Remix),05,NOV,VIVID WAVE,150,583,bansou,kamuy noko,
Into The Madness,05,NOV,VIVID WAVE,155,563,Yuta Imai,Akizuki Nagomu,
Jetcoaster Windy,05,NOV,VIVID WAVE,268,568,BEMANI Sound Team ”dj TAKA” feat.のの,鋼のビスカッチャ,
JUPITER 4 GRAVITY,05,NOV,VIVID WAVE,205,770,YumAeL ex. 溝口ゆうま,フォックスロット,
le coeur patissiere,05,NOV,VIVID WAVE,190,684,U-ske feat.Ri9,からあげフランソワーズ,
MARENOL,05,NOV,VIVID WAVE,140,823,LeaF,サイバーガスタンク,
Me:Tear,05,NOV,VIVID WAVE,213,612,タケノコ少年 feat. 荒巻,ZANGI Bros.,
MilK,05,NOV,VIVID WAVE,150,607,モリモリあつし,月刊ミズタニ,
Mischievous theater,05,NOV,VIVID WAVE,155,635,黒魔,鋼のビスカッチャ,
Non RolicK!!大冒険,05,NOV,VIVID WAVE,230,772,Croire,からあげシスターズ!!,
POSSESSION(Gowrock Remix),05,NOV,VIVID WAVE,158,493,Gowrock,dj strachen,
Princess Lily,05,NOV,VIVID WAVE,180,762,溝口ゆうま feat. 大瀬良あい,kamuy noko,
Quark,05,NOV,VIVID WAVE,180,694,Hate vs Brilliance,フォックスロット,
Revolution,05,NOV,VIVID WAVE,165,773,lapix,MAD CHILD,
Record one's Dream,05,NOV,VIVID WAVE,145,711,uma vs. モリモリあつし,鋼のビスカッチャ,
Sacrifice Escape,05,NOV,VIVID WAVE,201,764,とろまる,kamuy noko,
Sharkbait,05,NOV,VIVID WAVE,155,875,ryhki,ディープブルーコールドハリケーンズ（respect HM）,
Six String Proof,05,NOV,VIVID WAVE,130,494,BEMANI Sound Team,電撃ロブスター×cosMo@暴走P,
Sparkle Smilin',05,NOV,VIVID WAVE,180,682,BEMANI Sound Team ”Qrispy Joybox” feat.いちか,MaKoTo,
Sparkling Laser Beam,05,NOV,VIVID WAVE,170,694,you,フォックスロット,
Still Lonesome,05,NOV,VIVID WAVE,168,518,PSYQUI,サイバーガスタンク,
Sunflower Vibes,05,NOV,VIVID WAVE,190,755,Dustvoxx,dj strachen,
Symphonic Tear,05,NOV,VIVID WAVE,150,600,BEMANI Sound Team ”TAG”,鋼のビスカッチャ,
toy boxer,05,NOV,VIVID WAVE,190,601,BEMANI Sound Team,からあげブラザーズ,
Tribal Trial,05,NOV,VIVID WAVE,165,561,Yooh,MAD CHILD,
ULTRA B+K,05,NOV,VIVID WAVE,175,742,nora2r,レッドホット+スクリューズ,
VIVID DEBUT!,05,NOV,VIVID WAVE,182,733,#EmoCosine,Megacycle,
VIVIDWAVERS,05,NOV,VIVID WAVE,140,614,SDVX SOUND UNION,レッドホットスクリューズ ver.V,
うさぬこぬんぬんファンタジー！,05,NOV,VIVID WAVE,160,525,ARM(IOSYS) feat. 普透明度,SHiJiMiSo Soup.☆彡,
シープドリーミン,05,NOV,VIVID WAVE,220,830,テヅカ feat. 大西あみみ,鋼のビスカッチャ,
すきなことだけでいいです,05,NOV,VIVID WAVE,140,578,ピノキオピー,Megacycle,
ストリーミングハート,05,NOV,VIVID WAVE,210,774,DECO*27,サイバーガスタンク,
プログレなぞなぞクイズのテーマ,05,NOV,VIVID WAVE,136~204,563,BEMANI Sound Team ”プログレッシブなぞなぞ星人”,Ether99,
ベビーステップ,05,NOV,VIVID WAVE,200,760,ここなつ,ベビーフジョッキー,
ぼくらの16bit戦争,05,NOV,VIVID WAVE,122,480,sasakure.UK,からあげファザーズ(何もかけない派),
ユニバーページ (i-world Mix),05,NOV,VIVID WAVE,192,552,Remixed by BEMANI Sound Team ”Yvya” feat. かなたん,鋼のビスカッチャ,
ランカーキラーガール,05,NOV,VIVID WAVE,200,692,中島由貴 × いちか,Ether99,
伊邪那美白山姫大神,05,NOV,VIVID WAVE,190,1074,Morrigan feat. リリィ,フォックスロット,
雲海,05,NOV,VIVID WAVE,160,632,椎名　豪,Jin Majima,
御伽噺に幕切れを,05,NOV,VIVID WAVE,131~203,489,夜叉姫神楽,サイバーガスタンク,
革命パッショネイト,05,NOV,VIVID WAVE,194,619,日向美ビタースイーツ♪,cosMo＠暴走P,
近未来百鬼夜行譚,05,NOV,VIVID WAVE,165,720,近未来妖怪活劇をかぼちゃが謡う！　いざ！,MAD CHILD,
逆さまシンデレラパレード,05,NOV,VIVID WAVE,135,382,メリー・バッド・メルヘン,秋月なごむ,
世界の果てに約束の凱歌を,05,NOV,VIVID WAVE,205,621,BEMANI Sound Team ”Sota Fujimori”,Ether99,
遷,05,NOV,VIVID WAVE,151,531,隣の庭は青い(庭師+Aoi),凹ーダー凸ード,
全力ハッピーライフ,05,NOV,VIVID WAVE,190,757,森羅万象,ポテト亀山,
濁色踊るオートマタ,05,NOV,VIVID WAVE,205,730,めと（Metomate）,凹ーダー凸ード,
祭囃子,05,NOV,VIVID WAVE,188,787,709sec. feat.Yui Chinen,Antonio Guccini,
真夏の蜜と唇 fm.希望の星は青霄に昇る,05,NOV,VIVID WAVE,150,625,ARM (IOSYS) ft. yukina (TUMENECO),鋼のビスカッチャ,
迷夢ソウル,05,NOV,VIVID WAVE,165,841,夕月椿(EastNewSound),凹ーダー凸ード,
夢見草奇譚,05,NOV,VIVID WAVE,165,562,Paradise Eve feat.しゃみお,サイバーガスタンク,
零次元エクスプレス,05,NOV,VIVID WAVE,160,671,SOUND HOLIC feat. Nana Takahashi,鋼のビスカッチャ,
3y3s (JMBS FUNKOT RMX),05,NOV,HEAVENLY HAVEN,198,900,Jockie ”MASTA BASS” Suama,THE THIRD MAN,
444,05,NOV,HEAVENLY HAVEN,190,756,ZYTOKINE feat. aki,DJ みさこ,
All Clear!!,05,NOV,HEAVENLY HAVEN,164,583,sky_delta,月刊ミズタニ,
Altale,05,NOV,HEAVENLY HAVEN,83~90,442,削除,おからヒット,
Another Chapter,05,NOV,HEAVENLY HAVEN,220,702,からとP feat.リた☆,EIVY,
Apocrypha,05,NOV,HEAVENLY HAVEN,236,691,お月さま交響曲,凹ーダー凸ード,
Arcade Prison,05,NOV,HEAVENLY HAVEN,155,733,MAD CHILD vs. siromaru,"MAD CHILD, the Arcade Prisoner",
β,05,NOV,HEAVENLY HAVEN,190,904,BlackY,からあげブラザーズ,
Be a Hero!,05,NOV,HEAVENLY HAVEN,190,664,中島由貴,Ether99,
Blue Stream,05,NOV,HEAVENLY HAVEN,140,472,とろまる,kamuy noko,
Burning Spark!,05,NOV,HEAVENLY HAVEN,169,684,uma & nmk feat. 橘花音,Akizuki Nagomu,
CARNIVOROUS,05,NOV,HEAVENLY HAVEN,170,696,SOUND HOLIC feat. Nana Takahashi,Megacycle,
Carry Me Away,05,NOV,HEAVENLY HAVEN,175,760,lapix,七色Method,
Catch Our Fire!,05,NOV,HEAVENLY HAVEN,190,753,中島由貴,Ether99,
Chantilly Fille,05,NOV,HEAVENLY HAVEN,200,901,Ange;art,凹ーダー凸ード,
cobalt,05,NOV,HEAVENLY HAVEN,145~175,719,Des-ROW・組スペシアル,,
Coldlapse,05,NOV,HEAVENLY HAVEN,200,789,Aoi vs. r0y,凹ーダー凸ード,
Cy-Bird,05,NOV,HEAVENLY HAVEN,160,755,Yooh,MAD CHILD,
Dark Matter,05,NOV,HEAVENLY HAVEN,205,577,Yooh,Hiroyasu Matsuda,
Destruction & Qreation,05,NOV,HEAVENLY HAVEN,190,697,polysha+inusack,月刊ミズタニ,
Dharma,05,NOV,HEAVENLY HAVEN,160,765,Massive New Krew,東京ブルトゥーム,
dreamin' of u,05,NOV,HEAVENLY HAVEN,178,689,Jun Kuroda,MaKoTo,
Drizzly Venom,05,NOV,HEAVENLY HAVEN,147~168,529,日向美ビタースイーツ♪,ふかせ,
EDEN of TRUTH,05,NOV,HEAVENLY HAVEN,172,804,Braflare(kanone&かぼちゃ),浮世マシーン,
Fafnir,05,NOV,HEAVENLY HAVEN,196,735,Aoi Sumito a.k.a. あおいひと,凹ーダー凸ード,
fancy cake!!,05,NOV,HEAVENLY HAVEN,160,632,あるふぁ,Megacycle,
Far Away,05,NOV,HEAVENLY HAVEN,155,652,lapix,東京ブルトゥーム,
Finale,05,NOV,HEAVENLY HAVEN,167,638,A-One,レッドホットスクリューズ,
Fly far bounce,05,NOV,HEAVENLY HAVEN,98~163,590,猫叉Master,PHQUASE,
Four Leaves,05,NOV,HEAVENLY HAVEN,181,763,Endorfin.,MaKoTo,
Game Over,05,NOV,HEAVENLY HAVEN,200,798,Ancraft,CRAIG AKAGI,
Gaze ft. 紫崎 雪,05,NOV,HEAVENLY HAVEN,181,655,Omnis,電撃ロブスター,
Genesis At Oasis (Hirayasu Matsudo Remix),05,NOV,HEAVENLY HAVEN,132,553,Hirayasu Matsudo,Hirayasu Matsudo,
Gorgetech,05,NOV,HEAVENLY HAVEN,160,525,Shiron,電撃ロブスター,
Heavenly Adventure,05,NOV,HEAVENLY HAVEN,156,651,Soleily,おすし仮面,
HEAVENLY SMILE,05,NOV,HEAVENLY HAVEN,184,717,VALLEYSTONE feat. 紫崎 雪,MAD CHILD,
HiGHER,05,NOV,HEAVENLY HAVEN,169,717,REDALiCE,MAD CHILD,
If,05,NOV,HEAVENLY HAVEN,170,742,Pa,七色Method 1+1/2,
ILL-STARRED Diver,05,NOV,HEAVENLY HAVEN,185,738,polysha,CRAIG AKAGI,
Invisible Bullets,05,NOV,HEAVENLY HAVEN,184,733,brz1128,電撃ロブスター,
JULIAN,05,NOV,HEAVENLY HAVEN,153,649,Queen P.A.L.,レッドホットスクリューズ,
Junk Mania,05,NOV,HEAVENLY HAVEN,165,659,udouddo&VALLEYSTONE,CRAIG AKAGI,
Lievre -blanche-,05,NOV,HEAVENLY HAVEN,180,721,Diartzh,ユカリ☆chan vs. 月刊ミズタニ,
Line 4 Ruin -kohumix-,05,NOV,HEAVENLY HAVEN,170,692,こふ,Megacycle,
Lionheart,05,NOV,HEAVENLY HAVEN,170,738,P4koo,Megacycle,
MAXIVCORD,05,NOV,HEAVENLY HAVEN,154,448,BEMANI Sound Team ”dj TAKA”,ポテト亀山,
Melty Sweets,05,NOV,HEAVENLY HAVEN,177,821,Ironami,CRAIG AKAGI,
Narcissus At Oasis (Freezer Remix),05,NOV,HEAVENLY HAVEN,155~180,601,Freezer,ブルーコールドハリケーンズ,
Narcissus At Oasis -影虎。 style-,05,NOV,HEAVENLY HAVEN,180,550,影虎。,cosMo＠暴走P,
NEON LOVE POTION!!!,05,NOV,HEAVENLY HAVEN,180,651,パイタン,ポテト亀山,
New Game feat.Mayumi Morinaga,05,NOV,HEAVENLY HAVEN,170,665,The 4th,cosMo＠暴走P,
Night Rockin' Bird,05,NOV,HEAVENLY HAVEN,190,756,kanone,おすし仮面,
No way,05,NOV,HEAVENLY HAVEN,160,651,影虎。,凹ーダー凸ード,
OPEN MY GATE,05,NOV,HEAVENLY HAVEN,175,647,ARM×狐夢想 feat. RINA (I,ブルーコールドハリケーンズ,
Phlox,05,NOV,HEAVENLY HAVEN,185,807,Sota Fujimori 2nd Season,凹ーダー凸ード,
PIERROT KNIfE,05,NOV,HEAVENLY HAVEN,190,760,まろん (IOSYS),CRAIG AKAGI,
Poison AND÷OR Affection,05,NOV,HEAVENLY HAVEN,120,547,LeaF,SCイノセンス,
POLICY BREAK Medley from SOUND VOLTEX×jubeat,05,NOV,HEAVENLY HAVEN,93~311,746,United Composers from jubeat,United Effectors,
Poppin’Cats!!,05,NOV,HEAVENLY HAVEN,150,592,やどりぎ,東京ブルトゥーム,
Rebuilding of Paradise Lost,05,NOV,HEAVENLY HAVEN,190~280,868,Laur,CRAIG AKAGI vs. 凹ーダー凸ード,
Rejoin,05,NOV,HEAVENLY HAVEN,135,473,BEMANI Sound Team ”HuΣeR feat.PON”,鋼のビスカッチャ,
rhythmology study,05,NOV,HEAVENLY HAVEN,270,484,古屋直雪,Ether99,
RHYZING BEAT,05,NOV,HEAVENLY HAVEN,187,771,PHQUASE,ウィーアーライジング！！～PH～,
SACRIFICE feat.ayame,05,NOV,HEAVENLY HAVEN,180,784,Alstroemeria Records,七色Method,
Sadistic Stabbing,05,NOV,HEAVENLY HAVEN,200,628,ぬゆりとびす,Megacycle,
Sakura Mirage -Drum'n World-,05,NOV,HEAVENLY HAVEN,70~200,722,Kairys,ダークダークダーク,
Second Heaven GravityPfArrange,05,NOV,HEAVENLY HAVEN,167,577,cosMo@暴走P,cosMo＠暴走P,
Secret Traveler -MeniRemix-,05,NOV,HEAVENLY HAVEN,131,904,Adust Rain,Hirayasu Matsudo,
SprrRush!!,05,NOV,HEAVENLY HAVEN,209,964,MisoilePunch♪ feat.KIRARI,cosMo＠暴走P,
Sulk,05,NOV,HEAVENLY HAVEN,150,660,SYUNN,GOLD,
SUPER BUBBLE JOURNEY,05,NOV,HEAVENLY HAVEN,155,632,こふ,Megacycle,
SUPER SUMMER SALE,05,NOV,HEAVENLY HAVEN,155,834,BEMANI Sound Team ”U1 overground”,,
Synergy For Angels,05,NOV,HEAVENLY HAVEN,160,728,TAG×U1-ASAMi,からあげブラザーズ,
The Formula,05,NOV,HEAVENLY HAVEN,144,691,Junk,ビーフジョッキー,
THE HEAVEN,05,NOV,HEAVENLY HAVEN,200,893,Juggernaut.,ブルーコールドハリケーンズ＆レッドホットスクリューズ,
Tic Exe,05,NOV,HEAVENLY HAVEN,210,846,Se-U-Ra,Akizuki Nagomu,
Touch My Body,05,NOV,HEAVENLY HAVEN,150,583,anubasu-anubasu,レッドホットスクリューズ,
ULTRAVELOCITY,05,NOV,HEAVENLY HAVEN,158,595,はがね,ダークダークダーク,
V,05,NOV,HEAVENLY HAVEN,150,608,TAKA,R,
Vigor,05,NOV,HEAVENLY HAVEN,132,574,Yooh,ビーフジョッキー,
Voltage Higher,05,NOV,HEAVENLY HAVEN,166,696,A-One,MAD CHILD,
VOLTEXES IV,05,NOV,HEAVENLY HAVEN,147,575,BEMANI Sound Team ”Sota Fujimori”,蒼弐 ver.IV,
WONDER_WOBBLER,05,NOV,HEAVENLY HAVEN,186,735,brz,風瑠人,
Zelophilia,05,NOV,HEAVENLY HAVEN,155,623,ぺのれり feat.ぁゅ,ビーフジョッキー,
アワデコノヨヲ,05,NOV,HEAVENLY HAVEN,212,799,AMAZE,Akizuki Nagomu,
アンハッピーリフレイン,05,NOV,HEAVENLY HAVEN,205,837,wowaka,MAD CHILD,
インビジブル,05,NOV,HEAVENLY HAVEN,192,849,kemu,Megacycle,
オトゲラヴ！,05,NOV,HEAVENLY HAVEN,176,693,ねこみりん feat.小宮真央×みゆ×えみゅう。,凹ーダー凸ード,
おにいちゃんハイテック,05,NOV,HEAVENLY HAVEN,150,528,立秋 feat.ちょこ,凹ーダー凸ード,
キリステゴメン,05,NOV,HEAVENLY HAVEN,156,516,東雲夏陽,THE THIRD MAN,
けもののおうじゃ★めうめう,05,NOV,HEAVENLY HAVEN,162,470,日向美ビタースイーツ♪,cosMo＠暴走Beast,
コメット⇒スケイター,05,NOV,HEAVENLY HAVEN,150,599,U-ske feat.棗いつき,星空を翔ける～CA～,
スカイダイバー,05,NOV,HEAVENLY HAVEN,180,580,ヒゲドライバー feat.ヒゲドライVAN,MAD CHILD,
スピーカーガール！,05,NOV,HEAVENLY HAVEN,187,781,TAKU1175 feat. かなたん,レッドホットスクリューズ,
セイシュンライナー,05,NOV,HEAVENLY HAVEN,200,972,蝶々P meets まじ娘,Akizuki Nagomu,
チルノのパーフェクトさんすう教室　⑨周年バージョン,05,NOV,HEAVENLY HAVEN,175,545,IOSYSと愉快な⑨周年フレンズ,月刊ミズタニ,
トーホータノシ feat. 抹,05,NOV,HEAVENLY HAVEN,140~180,626,魂音泉,おすし仮面（かっぱ）,
ペタ靴と憂夜リムーバー,05,NOV,HEAVENLY HAVEN,134,429,Vocal by ＯＲＩ姫,憂夜マシーン,
ブチ上げ候！現代忍者三姉妹,05,NOV,HEAVENLY HAVEN,192,637,溝口ゆうま feat. みこ♡なち♡あい,電撃ロブスター(忍者),
プラネタジャーニー,05,NOV,HEAVENLY HAVEN,140,544,U-ske feat.棗いつき,夢と希望のカタマリ～PH～,
ボーイミーツ・ブルー,05,NOV,HEAVENLY HAVEN,184,783,うさぎ愛好会(cosMo×syuri22),cosMo＠うさぎ愛好会,
メルヘン風紀委員会,05,NOV,HEAVENLY HAVEN,188,773,はるなば with すずしろ&桃箱,Hermit♣club,
ラキラキ,05,NOV,HEAVENLY HAVEN,165,566,Mutsuhiko Izumi & S-C-U,kamuy noko,
ワールズエンド・ダンスホール,05,NOV,HEAVENLY HAVEN,171,806,wowaka,Jessica Toshimitsu,
炎夏の音,05,NOV,HEAVENLY HAVEN,183,592,Vocal by 駄々子,レッドホットスクリューズ,
煙,05,NOV,HEAVENLY HAVEN,170,678,庭師,からあげブラザーズ,
恋歌疾風！かるたクイーンいろは,05,NOV,HEAVENLY HAVEN,120~168,703,ねこまんまチーム！,Antonio Guccini,
獅子奮迅,05,NOV,HEAVENLY HAVEN,170,714,a_hisa vs KV.S&はらたま,MaKoTo,
銃弾は解を撃ち抜いて,05,NOV,HEAVENLY HAVEN,171,617,日向美ビタースイーツ♪,月刊ユカタニ,
少女綺想曲 -G.X.N. Remix-,05,NOV,HEAVENLY HAVEN,180,652,激戦の人,MaKoTo,
新米天使のメランコリー,05,NOV,HEAVENLY HAVEN,150,522,Vocal by 荒巻,金色の夜叉,
水槽のクジラ,05,NOV,HEAVENLY HAVEN,206,811,テヅカ feat. 大西あみみ,SCバイオメトリクス,
星座が恋した瞬間を。,05,NOV,HEAVENLY HAVEN,186,650,BEMANI Sound Team ”DJ TOTTO feat.MarL”,Megacycle,
零の位相,05,NOV,HEAVENLY HAVEN,190~205,735,kradness,ポテト亀山,
虹色の花,05,NOV,HEAVENLY HAVEN,170,586,Akhuta y OJ,Megacycle,
片翼のディザイア,05,NOV,HEAVENLY HAVEN,178,626,Endorfin.,凹ーダー凸ード,
蓬莱フェスティボー,05,NOV,HEAVENLY HAVEN,180,701,溝口ゆうま feat. みこ♡なち♡あい,Akizuki Nagomu,
物凄いスペースシャトルでこいしが物凄いうた,05,NOV,HEAVENLY HAVEN,175,652,Halozy feat. ななひら,月刊ミズタニ,
闇夜に舞うは紅の華,05,NOV,HEAVENLY HAVEN,174,563,TAKU1175,SCバイオメトリクス,
幽玄の桜,05,NOV,HEAVENLY HAVEN,180,675,音召缶 feat.Renna,ダークダークダーク,
雷鼓サンダービート,05,NOV,HEAVENLY HAVEN,175,572,ARM(IOSYS) feat.ビートまりお(COOL&CREATE),Sammy/A,
黎明スケッチブック,05,NOV,HEAVENLY HAVEN,238,862,アメツチ絵日記,ビーフジョッキー,
惑星☆ロリポップ,05,NOV,HEAVENLY HAVEN,180,755,SOUND HOLIC feat. Nana Takahashi,電撃ロブスター,
分けるな危険！モモモモモモーイズム,05,NOV,HEAVENLY HAVEN,200,774,ARM×狐夢想 feat. 桃井はるこ,狂風少年鑑定団,
私の恋色。,05,NOV,HEAVENLY HAVEN,206,721,テヅカ feat. 大西あみみ,Megacycle,
akasha-assembly,05,NOV,GRAVITY WARS,153,752,溝口ゆうま from セブンスヘブンAmmy,Megacycle,
Aliquam,05,NOV,GRAVITY WARS,70~158,645,たちのん,凹ーダー凸ード,
Angels And Demons,05,NOV,GRAVITY WARS,177,745,すのうまん,Megacycle,
ANTI THE∞HOLiC,05,NOV,GRAVITY WARS,170,670,GAiA×cosMo＠暴走P,cosMo＠暴走P,
Apex of the World,05,NOV,GRAVITY WARS,169,602,uma&hurirai feat. ましろ,レッドホットスクリューズ,
AYAKASHI,05,NOV,GRAVITY WARS,140,651,Hommarju,ねちっこく堂,
B.B.K.K.B.K.K.,05,NOV,GRAVITY WARS,170,854,nora2r,M.M.M.M.M.M.M.,
Backflow,05,NOV,GRAVITY WARS,145,593,lapix,MAD CHILD,
Blacksphere,05,NOV,GRAVITY WARS,153,555,s-don as Iriss,レッドホットスクリューズ,
Borealis,05,NOV,GRAVITY WARS,196,852,ginkiha,SCバイオメトリクス,
citrus,05,NOV,GRAVITY WARS,174,817,kamome sano,わかば,
Completeness Under Incompleteness,05,NOV,GRAVITY WARS,194,919,かめりあ as,SCライオット,
conflict,05,NOV,GRAVITY WARS,160,821,siromaru + cranky,MAD CHILD + Megacycle,
continew,05,NOV,GRAVITY WARS,64~256,658,Verdammt,Ether99,
crêpe suzette,05,NOV,GRAVITY WARS,202,807,kamome sano,Megacycle,
CRITICAL LINE,05,NOV,GRAVITY WARS,128,480,Ryu☆ feat.kradness,Hermit♣club,
cross the future,05,NOV,GRAVITY WARS,179,884,uma,東京ブルトゥーム,
CUTIE☆EX-DREAM,05,NOV,GRAVITY WARS,188,826,BlackY,ビーフジョッキー,
Death Blossom,05,NOV,GRAVITY WARS,174,631,REDALiCE feat.Ayumi Nomiya,ダークダークダーク,
Din Don Dan (Fusion Remix),05,NOV,GRAVITY WARS,160,601,TAKU1175 feat.かなたん,PHQUASE STARLiGHT,
Discloze,05,NOV,GRAVITY WARS,128~145,493,lapix,月刊ミズタニ,
Dualive,05,NOV,GRAVITY WARS,190,807,Quarks(kradness×Camellia),POT-E-RHYTHM,
EBONY & IVORY,05,NOV,GRAVITY WARS,113~170,597,OSTER project,SCバイオメトリクスR,
ΕΛΠΙΣ,05,NOV,GRAVITY WARS,175,683,dj TAKA,Yu-tomo,
#Endroll,05,NOV,GRAVITY WARS,170,1085,uno & D.watt (IOSYS TRAX),Hirayasu Matsudo,
ERROR CODE,05,NOV,GRAVITY WARS,110,564,C-Show,Megacycle,
eternita,05,NOV,GRAVITY WARS,269,593,cosMo＠暴走P,スカイシュート,
False Cross,05,NOV,GRAVITY WARS,162,680,BlackY,月刊ミズタニ × Hermit♣club,
FIRE FIREは電気スウィングの夢を見るか？,05,NOV,GRAVITY WARS,133,516,millstones,しばまる子,
FLOWER,05,NOV,GRAVITY WARS,173,750,DJ YOSHITAKA 「jubeat」より,SCライオット,
Follow Up,05,NOV,GRAVITY WARS,175,722,あるふぁ,月刊ミズタニ,
GO BACK 2 YOUR RAVE,05,NOV,GRAVITY WARS,170,938,nora2r,Megacycle,
Grand Chariot,05,NOV,GRAVITY WARS,191,807,xi,Ester44,
GRISAILLE,05,NOV,GRAVITY WARS,196,846,SOUND HOLIC feat. Nana Takahashi,Megacycle & MAD CHILD,
HAELE III ~Angel Worlds~,05,NOV,GRAVITY WARS,185,869,Yu_Asahina ft. Ritsuka,レッドホットスクリューズ,
Happy Sensation,05,NOV,GRAVITY WARS,180,796,IckPo,東京ブルトゥーム,
"Help me, ERINNNNNN!! -VENUS mix-",05,NOV,GRAVITY WARS,183,930,VENUS,金色のSC夜叉トリクス,
Hyper☆Chipspace,05,NOV,GRAVITY WARS,180,662,Saiph,DJ 摂津,
In The Breeze,05,NOV,GRAVITY WARS,123~142,467,96 & Sota ft. Mayumi Morinaga,ユカリ & MaKoTo,
Inixia,05,NOV,GRAVITY WARS,217,787,xi,風瑠人,
INDEPENDENT SKY,05,NOV,GRAVITY WARS,170,763,SOUND HOLIC feat. Nana Takahashi,月刊ミズタニ,
KAC 2013 ULTIMATE MEDLEY -HISTORIA SOUND VOLTEX- Emperor Side,05,NOV,GRAVITY WARS,30~234,751,FLOOR LEGENDS -KAC2013-,SOUND VOLTEX Effectors,
Laughin' Muffin,05,NOV,GRAVITY WARS,182,726,Gowrock,ポテト亀山,
Le Fruit Defendu,05,NOV,GRAVITY WARS,220,782,モリモリあつし+Verdammt,わかば,
Lo-Fi-M,05,NOV,GRAVITY WARS,140,591,yaseta,Low of cosines,
M.A.Y.U.,05,NOV,GRAVITY WARS,128,535,Ryu☆ feat.MAYU,SCバイオメトリクス,
macaron,05,NOV,GRAVITY WARS,185,914,colate,スカイシュート,
Mayohiga Spurt,05,NOV,GRAVITY WARS,192,657,さわわ,Ether99,
Milkyway - memorable -,05,NOV,GRAVITY WARS,155,711,こふ,スカイシュート,
Mind Mapping (hard liquid remix),05,NOV,GRAVITY WARS,175,446,borzy,ダークダークダーク,
Monkey Business -Satire mix-,05,NOV,GRAVITY WARS,200,684,LeaF,MaKoTo,
NECRO PARTY,05,NOV,GRAVITY WARS,175,862,VALLEYSTONE vs udouddo,MAD CHILD,
NEO TREASON,05,NOV,GRAVITY WARS,200,1110,lapix,NEO GUCCINI,
Opium and Purple haze,05,NOV,GRAVITY WARS,165,709,D.watt(OTAKU-ELITE Recordings),Bob Shimantogawa,
Oriental Blossom,05,NOV,GRAVITY WARS,180,709,影翔鼓舞,Megacycle,
Paradission,05,NOV,GRAVITY WARS,154,511,BlackY,PHQUASE,
Parousia,05,NOV,GRAVITY WARS,158,678,xi,Ether99,
Pieces of a Dream,05,NOV,GRAVITY WARS,202,788,uma vs. モリモリあつし,レッドホットスクリューズ,
Poison Blood,05,NOV,GRAVITY WARS,200,759,udouddo,SCバイオメトリクス,
S1CK_F41RY,05,NOV,GRAVITY WARS,177,652,HOUJIROU,レッドホットスクリューズ,
Scream out! (SDVX EDIT),05,NOV,GRAVITY WARS,166,607,A-One,博多の男,
Shanghai Wu Long ～上海舞龍～,05,NOV,GRAVITY WARS,171,623,Hommarju,風瑠人,
She is my wife,05,NOV,GRAVITY WARS,85~170,411,SUPER STAR 満-MITSURU-,SUPER EFFECTOR 努-TSUTOMU-,
Smooth Wind,05,NOV,GRAVITY WARS,152,564,とろまる,浮世マシーン,
Sounds Of Summer,05,NOV,GRAVITY WARS,175,645,Hommarju,東京ブルトゥーム,
The End of War,05,NOV,GRAVITY WARS,194,697,たちのん as Project Mayhem,ダークダークダーク,
The Sampling Paradise (P*Light Remix),05,NOV,GRAVITY WARS,181,721,P*Light,IIDXで九段受かれないSCバイオメトリクス,
THUNDERCRACK,05,NOV,GRAVITY WARS,190,724,IRON ATTACK!,TEK-A-RHYTHM,
TIEFSEE,05,NOV,GRAVITY WARS,165,765,SOUND HOLIC Vs. dj TAKA feat. YURiCa,MAK-O-RHYTHM,
tricky trick,05,NOV,GRAVITY WARS,165,667,kamome sano,月刊ミズタニ,
Twin Blaster,05,NOV,GRAVITY WARS,185,912,polysha+tcheb,TAKUYA,
Twin Rocket,05,NOV,GRAVITY WARS,185,760,uno feat.ちよこ(IOSYS),月刊ミズタニ,
Ultimate Fury,05,NOV,GRAVITY WARS,185,796,Arch vs n3pu,Megacycle,
UROBØROS,05,NOV,GRAVITY WARS,129,559,溝口ゆうま feat. 大瀬良あい,月刊ミズタニ,
Vampire's Territory,05,NOV,GRAVITY WARS,140~280,526,u-z,レッドホットスクリューズ,
Virtual Bit,05,NOV,GRAVITY WARS,152,669,KAN TAKAHIKO,Padcontrollers,
VOLTEXES III,05,NOV,GRAVITY WARS,180,906,Sota Fujimori,MAD CHILD ver.III 1st SEASON,
Voynich:Manuscript,05,NOV,GRAVITY WARS,164,597,かゆき,浮世マシーン,
Wuv U(picoustic rmx),05,NOV,GRAVITY WARS,182,710,kamome sano,MaKoTo,
アナーキーインザ夕景,05,NOV,GRAVITY WARS,160,762,ここなつ Produced by ぬゆり,MAD CHILD & Hirayasu Matsudo,
アルティメットトゥルース -Phantasm-,05,NOV,GRAVITY WARS,63~252,703,ふりらい feat. あにょ,凹ーダー凸ード,
イグジスタンス,05,NOV,GRAVITY WARS,200,822,スズム,TEK-A-RHYTHM,
ウエンレラの氷華,05,NOV,GRAVITY WARS,200,919,Cororo,Hermit♣club,
きらきらタイム☆,05,NOV,GRAVITY WARS,202,767,さわわ,Ether99,
ゲキツイムラサ,05,NOV,GRAVITY WARS,185,642,ビートまりお（COOL&CREATE）ビートまりお（COOL&CREATE）,風瑠人,
ジャンピン・スマイル,05,NOV,GRAVITY WARS,242,798,梅干茶漬け,ごましおくん,
しゅわスパ大作戦☆ (カシオれ！くーにゃんリミックス),05,NOV,GRAVITY WARS,185,621,uno(IOSYS) feat.miko,PHQUASE,
そして紫の幻想曲は全てを受け入れる,05,NOV,GRAVITY WARS,174,693,黄泉路テヂーモ×dawn-system,ビーフジョッキー,
ちくわパフェだよ☆ＣＫＰ,05,NOV,GRAVITY WARS,205,766,日向美ビタースイーツ♪,月刊ミズタニ,
チルノとまりおのパーフェクトさんすう教室,05,NOV,GRAVITY WARS,180,807,ビートまりお（COOL&CREATE）,四万十川高級針金ハンガー製造工場,
トリコロール・ダイアリー,05,NOV,GRAVITY WARS,173,636,梅干茶漬け,しばまる子,
ネコクマウササー,05,NOV,GRAVITY WARS,180,722,溝口ゆうま feat. みこ♡なち♡あい,Hermit♣club,
ネメシス SDVX Edit,05,NOV,GRAVITY WARS,146,645,Larca,浮世マシーン,
ハイスピヰド・ランパンシヰ,05,NOV,GRAVITY WARS,174,812,はがね,凹ーダー凸ード,
ブチアゲドクター☆ハイテッコ三姉妹,05,NOV,GRAVITY WARS,155,704,溝口ゆうま feat. みこ♡なち♡あい,MAD CHILD,
フラッター現象の顛末と単一指向性の感情論,05,NOV,GRAVITY WARS,206,1084,日向美ビタースイーツ♪,Megacycle,
ほおずき程度には赤い頭髪,05,NOV,GRAVITY WARS,174,787,Akhuta,YUK-A-RHYTHM,
ホーンテッド★メイドランチ,05,NOV,GRAVITY WARS,188,806,日向美ビタースイーツ♪,Hermit♣club,
ぼくらしかしらない,05,NOV,GRAVITY WARS,180,657,ぬゆり,TEK-A-RHYTHM,
ムラサキグルマ,05,NOV,GRAVITY WARS,125~180,595,ここなつ Produced by はるなば,TEK-A-RHYTHM,
メイガスナイト ～ Arr.Demetori,05,NOV,GRAVITY WARS,152,582,Demetori,azuma,
リカーシブ・ファンクション,05,NOV,GRAVITY WARS,145,479,OSTER project,ま☆,
感情の魔天楼 ～ Arr.Demetori,05,NOV,GRAVITY WARS,178,809,Demetori,月刊バイオメトリクス,
囲い無き世は一期の月影,05,NOV,GRAVITY WARS,172,610,豚乙女,SCバイオメトリクス,
雲の彼方,05,NOV,GRAVITY WARS,150,763,Cororo,SCバイオメトリクス,
黒髪乱れし修羅となりて～凛 edition～,05,NOV,GRAVITY WARS,150,568,日向美ビタースイーツ♪,SCミズタニ,
激アツ☆マジヤバ☆チアガール,05,NOV,GRAVITY WARS,170,559,日向美ビタースイーツ♪,MAD CHILD,
月光乱舞,05,NOV,GRAVITY WARS,186,752,P*Light,PHQUASE,
幻想郷DEMPASTICグリーティング,05,NOV,GRAVITY WARS,195,875,ARM(IOSYS) feat. 愛原千尋,MAD CHILD,
最速最高シャッターガール,05,NOV,GRAVITY WARS,160,670,ビートまりお（COOL&CREATE）,MaKoTo,
瞬間ドリップ♪秘蜜のケーキセット,05,NOV,GRAVITY WARS,200,588,そよもぎ,浮世まる子,
好きトキメキとキス,05,NOV,GRAVITY WARS,200,761,かねこちはる feat. はぁち,恵方真紀,
千客万来☆無問題！,05,NOV,GRAVITY WARS,168,799,ここなつ Produced by uma,Megacycle,
仙酌絶唱のファンタジア,05,NOV,GRAVITY WARS,160,852,博麗神社例大祭コラボユニット,Megacycle,
双翼 - Black Wings - SDVX Edit. -,05,NOV,GRAVITY WARS,168,648,SOUND HOLIC feat. 709sec. & YURiCa,MaKoTo,
断罪は遍く人間の元に,05,NOV,GRAVITY WARS,170,551,Unlucky Morpheus,レッドホットスクリューズ,
月見夜ラビット,05,NOV,GRAVITY WARS,240,747,蝶々P,Megacycle,
常夏！！クリスタライズ・シャーベット,05,NOV,GRAVITY WARS,152,751,Ayatsugu_Otowa,凹ーダー凸ー堂,
夏色DIARY -Summer Dazzlin' Vacation miX-,05,NOV,GRAVITY WARS,155,686,猫叉王子 feat. PHQUASE vs. MAD CHILD,PHQUASE vs. MAD CHILD,
人形裁判 -THIRD IMPACT-,05,NOV,GRAVITY WARS,198,687,激戦の人,Ether99,
爆なな☆てすとロイヤー,05,NOV,GRAVITY WARS,200,724,ARM feat.ななひら,月刊ミズタニ,
無気力クーデター,05,NOV,GRAVITY WARS,185,623,Last Note.,azuma,
無双,05,NOV,GRAVITY WARS,180,800,SOUND HOLIC Vs. VENUS feat. Nana Takahashi,SCバイオメトリクス Vs. 金色の夜叉 feat. 忍,
冥天・ヘメカリス,05,NOV,GRAVITY WARS,180~230,652,u-z,月刊ミズタニ,
物凄い狂っとるフランちゃんが物凄いうた,05,NOV,GRAVITY WARS,128~170,596,Halozy feat. ななひら,月刊ミズタニ,
恋繋エピローグ,05,NOV,GRAVITY WARS,155,757,Amateras Records feat.KUMI（ヲタみん）,MAD CHILD,
8 -eight-,05,NOV,INFINITE INFECTION,230,645,Tom-H@ck feat.Nadia,Hermit♣club,
Antinomie,05,NOV,INFINITE INFECTION,180,634,void(IOSYS) feat. 厚志(石鹸屋),DJ WILDPARTY,
Applique,05,NOV,INFINITE INFECTION,224,892,モリモリあつし,MaKoTo,
BabeL,05,NOV,INFINITE INFECTION,100~173,563,Power Of Nature,ユカリ☆chan,
Baby Sherry,05,NOV,INFINITE INFECTION,296,749,ぺのれり,TAKUYA,
Booths of Fighters,05,NOV,INFINITE INFECTION,155~225,781,RoughSketch + DD,MAD CHILD,
choux a la creme,05,NOV,INFINITE INFECTION,192,642,kamome sano,逆球レジェンド × ユカリ☆chan,
Cirno Break,05,NOV,INFINITE INFECTION,196,806,さわわ,Megacycle,
Daily Lunch Special～DeliciousREMIX～,05,NOV,INFINITE INFECTION,210,742,提供,MAD CHILD,
DEADLOCK,05,NOV,INFINITE INFECTION,222,603,BlackY,月刊ミズタニ,
Decretum,05,NOV,INFINITE INFECTION,98~197,721,Project Mayhem,レッドホットスクリューズ,
- dirty rouge -,05,NOV,INFINITE INFECTION,254,706,ぺのれり,博多の男,
Double Universe,05,NOV,INFINITE INFECTION,180,595,Hommarju vs P*Light,ユカリ☆chan vs. 月刊ミズタニ,
Engraved Mark,05,NOV,INFINITE INFECTION,188,759,Ryu☆ ∞ Des-ROW,MaKoTo,
Fiat Lux,05,NOV,INFINITE INFECTION,200,912,xi,Ether99,
FLYING OUT TO THE SKY,05,NOV,INFINITE INFECTION,244,916,かめりあ,PHQUASE,
GEROL,05,NOV,INFINITE INFECTION,175,606,Hommarju,PHQUASE,
gigadelic,05,NOV,INFINITE INFECTION,199,780,Hate,TEK-A-RHYTHM,
Goodbye-bye Planet,05,NOV,INFINITE INFECTION,185,625,黒魔,MaKoTo,
HAELEQUIN,05,NOV,INFINITE INFECTION,172,596,orangentle / Yu_Asahina,レッドホットスクリューズ,
HYENA,05,NOV,INFINITE INFECTION,178,561,Hommarju,ねちっこく堂,
INFINITY OVERDRIVE,05,NOV,INFINITE INFECTION,185,765,DecisionS(kanone + nora2r),MAD CHILD vs. しばまる子,
KHAMEN BREAK,05,NOV,INFINITE INFECTION,180,744,くふおー,Megacycle,
Little princess has no identity.,05,NOV,INFINITE INFECTION,185,879,0kash,Megacycle,
Monkey Business,05,NOV,INFINITE INFECTION,145,588,lapix,浮世マシーン,
mon$tage,05,NOV,INFINITE INFECTION,146~197,567,"Music by Hommarju, Vocal by かぼちゃ",PHQUASE,
odds and ends,05,NOV,INFINITE INFECTION,264,494,MarcheИ,MAD CHILD,
Our Faith (Faithful MTL Remix),05,NOV,INFINITE INFECTION,185,935,DOUBLE HELIX,しばまる子 vs. TEK-A-RHYTHM,
Playing With Fire,05,NOV,INFINITE INFECTION,160,539,kors k,Hermit♣club,
Pristine Bigband,05,NOV,INFINITE INFECTION,218,759,Y*Quartet project,SCバイオメトリクス,
Pure Evil,05,NOV,INFINITE INFECTION,190,676,kors k,PHQUASE,
Qubism,05,NOV,INFINITE INFECTION,180,484,Hate vs Brilliance,Ether99,
Quietus Ray,05,NOV,INFINITE INFECTION,200,821,xi,Ether99,
REVERSE LIMITED!,05,NOV,INFINITE INFECTION,175,663,MUZIK SERVANT feat.CHERICa,MAD CHILD,
Rings of Rainbow,05,NOV,INFINITE INFECTION,215,671,Hommarju,イエローSUB魔鈴,
shiny rainbow flower,05,NOV,INFINITE INFECTION,148,639,C-YA,SCバイオメトリクス,
snow storm,05,NOV,INFINITE INFECTION,89~180,607,Yooh,TEK-A-RHYTHM,
Squeeze,05,NOV,INFINITE INFECTION,173,574,VENUS feat.Mutsuhiko Izumi,Hermit♣club,
Stella Sinistra,05,NOV,INFINITE INFECTION,120~180,759,Akhuta Philharmonic Orchestra,Megacycle,
The Sampling Paradise (N-Driver Style),05,NOV,INFINITE INFECTION,177,734,N-Driver,ユカリの男,
Tomato Leaf Breaks,05,NOV,INFINITE INFECTION,240,721,millstones,Megacycle,
True Blue,05,NOV,INFINITE INFECTION,164,617,dj TAKA feat.AiMEE,PHQUASE,
U.N.オーエンは彼女なのか？haru_naba Remix,05,NOV,INFINITE INFECTION,140~200,761,はるなば,PHQUASE,
U.N.オーエンは彼女なのか？(TO-HOlic mix),05,NOV,INFINITE INFECTION,220,627,C-Show,TEK-A-RHYTHM,
Unicorn tail,05,NOV,INFINITE INFECTION,200,753,Dustboxxxx,週刊ミズタニ,
Unlimited Field,05,NOV,INFINITE INFECTION,193,689,"Music by 上村香月, Vocal by Kuroa*",MAD CHILD,
Verse IV,05,NOV,INFINITE INFECTION,212,921,ZOGRAPHOS (Yu_Asahina+Yamajet),レッドホットスクリューズ,
VERSUS!!,05,NOV,INFINITE INFECTION,187~280,485,しけもく,週刊ミズタニ,
VILE CAT,05,NOV,INFINITE INFECTION,240,1282,TAKU1175,TAKUYA,
Vindicator,05,NOV,INFINITE INFECTION,87~175,440,void (Mournfinale),Hermit♣club,
wander+wonder+wand,05,NOV,INFINITE INFECTION,157,592,uma,MAD CHILD,
Wave of Craze,05,NOV,INFINITE INFECTION,153,528,Shiron,Megacycle,
Wish upon Twin Stars,05,NOV,INFINITE INFECTION,200,814,xi,浮世マシーン,
Wuv U,05,NOV,INFINITE INFECTION,177,647,Yu_Asahina,Hermit♣club,
クノイチでも恋がしたい,05,NOV,INFINITE INFECTION,185,470,みきとP feat. 松下,azuma,
コンベア速度Max,05,NOV,INFINITE INFECTION,210,545,かめりあ feat. ななひら,シャリ！ガリ！ふかせ,
しんでしまうとはなさけない！,05,NOV,INFINITE INFECTION,174,659,ワンダフル☆オポチュニティ！,MAD CHILD & Fortunality,
つぶやき魔法少女りむる,05,NOV,INFINITE INFECTION,190,630,DJ SHARPNEL feat. みらい,PHQUASE,
トラウィスカルパンテクートリ,05,NOV,INFINITE INFECTION,147~196,466,Noah,Ether99,
モモンが門番ばんっ☆,05,NOV,INFINITE INFECTION,186,736,ねこみりん feat.みゆ,PHQUASE,
やばいつよくてあたまいいあたいのうた,05,NOV,INFINITE INFECTION,175~250,515,Shiron feat. Kuroa*,Megacycle,
ラクガキスト,05,NOV,INFINITE INFECTION,199,601,cosMo＠暴走P feat.GUMI,azuma,
ワヴル魔法図書館,05,NOV,INFINITE INFECTION,180,784,wobble magic library,MAD CHILD,
朱と碧のランページ,05,NOV,INFINITE INFECTION,178,841,NU-KO,Antonio Guccini,
音楽 -壊音楽 mix-,05,NOV,INFINITE INFECTION,270~420,484,LeaF,Megacycle & MAD CHILD,
憂恋☆アクティベーション,05,NOV,INFINITE INFECTION,300,568,u-z,Hermit♣club,
神となり彼が見た境界線,05,NOV,INFINITE INFECTION,178,666,上村香月,レッドホットスクリューズ,
患部で止まってすぐ溶ける,05,NOV,INFINITE INFECTION,200,1013,ARM(IOSYS),初月[イージーモード]ふかせ,
幻想系世界修復少女,05,NOV,INFINITE INFECTION,193,462,Last Note.,MAD CHILD,
最終鬼畜妹フランドール・S,05,NOV,INFINITE INFECTION,200,1093,ビートまりお（COOL&CREATE）,PHQUASE,
上海紅茶館,05,NOV,INFINITE INFECTION,188,600,Yooh,MAD CHILD,
終点,05,NOV,INFINITE INFECTION,222,889,cosMo・證エ襍ーP,azuma,
少女暴動,05,NOV,INFINITE INFECTION,300,545,Last Note.,azuma,
少年は空を辿る,05,NOV,INFINITE INFECTION,140,584,とろまる,Megacycle,
白い雪のプリンセスは,05,NOV,INFINITE INFECTION,200,882,のぼる↑,PHQUASE,
信仰は儚き人間の為に,05,NOV,INFINITE INFECTION,220,657,Demetori,逆球レジェンド,
青春☆してるかい？READY＆LADY！,05,NOV,INFINITE INFECTION,180,336,LV.4 feat.みゆ,しばまる子,
超爽快☆パッショネイト・フィーバー,05,NOV,INFINITE INFECTION,185,809,Ayatsugu_Otowa,Megacycle,
轟け！恋のビーンボール！！,05,NOV,INFINITE INFECTION,180,578,ダイナミック野球兄弟 v.s. クロスファイヤーPrim,がんばれ!!ミズしおくん,
茅蜩モラトリアム,05,NOV,INFINITE INFECTION,189,703,TOTAL OBJECTION feat.GUMI,月刊ミズタニ,
雪女,05,NOV,INFINITE INFECTION,200,823,かねこちはる,Megacycle,
good high school,05,ADV,BOOTH,150,744,baker,BING-WANG-FX,
jet coaster☆girl,05,ADV,BOOTH,120,498,sasakure.UK feat.mirto,Megacycle,
U&M,05,ADV,BOOTH,128,434,emon,逆球レジェンド,
ALBIDA,05,NOV,BOOTH,156,667,無力P,BING-WANG-FX,
Blue Rain,05,NOV,BOOTH,178,726,Dustboxxxx,レッドホットスクリューズ,
DesireDrive,05,NOV,BOOTH,184,626,岸田教団＆THE明星ロケッツ,ミズタニ/A,
dreamin' feat.Ryu☆,05,NOV,BOOTH,156,477,Mayumi Morinaga (moimoi),DJ UTO,
Evans,05,NOV,BOOTH,180,658,cosMo＠暴走P,Megacycle,
Freeway Shuffle,05,NOV,BOOTH,160,650,Yu_Asahina,レッドホットスクリューズ,
Grip & Break down !!,05,NOV,BOOTH,160,590,SOUND HOLIC feat. Nana Takahashi,PHQUASE,
"Help me, ERINNNNNN!!",05,NOV,BOOTH,185,550,ビートまりお（COOL&CREATE）,月刊ミズタニ,
Ignited Night,05,NOV,BOOTH,180,401,N-driver,Megacycle,
MANDARA,05,NOV,BOOTH,216,522,さたな,PHQUASE,
rainbow flyer,05,NOV,BOOTH,172,822,PHQUASE,PHQUASE,
RPGシンドローム,05,NOV,BOOTH,170,726,幽閉カタルシス,TEK-A-RHYTHM,
The world of sound,05,NOV,BOOTH,210,425,"Music by Ryuwitty, Vocal by Kuroa*",TEK-A-RHYTHM,
Tomorrow Perfume (C-Show Remix),05,NOV,BOOTH,175,541,C-Show,TEK-A-RHYTHM,
TRIGGER★HAPPY,05,NOV,BOOTH,185,480,P*Light,ユカリ☆chan,
TYCOON,05,NOV,BOOTH,170,628,SOUND HOLIC feat. Nana Takahashi,Megacycle,
Xepher,05,NOV,BOOTH,180,547,デッドボールP,レッドホットスクリューズ,
おにゃのこ きねんび,05,NOV,BOOTH,180,578,赤飯,PHQUASE,
ケッペキショウ,05,NOV,BOOTH,190,626,すこっぷ feat.GUMI,月刊ミズタニ,
チルノのパーフェクトさんすう教室,05,NOV,BOOTH,175,517,ARM(IOSYS),月刊ミズタニ,
ナイト・オブ・ナイツ,05,NOV,BOOTH,180,622,ビートまりお（COOL&CREATE）,TEK-A-RHYTHM,
ノイジーラバーソウル,05,NOV,BOOTH,190,573,Last Note. feat. GUMI,Acid=Stone Valley,
過食性:アイドル症候群,05,NOV,BOOTH,200,665,スズム feat.GUMI＆MAYU,ユカリ☆くん,
君にエールを・・・！,05,NOV,BOOTH,180,732,Mayumi Morinaga,DJ UTO,
究極焼肉レストラン!お燐の地獄亭!,05,NOV,BOOTH,185,541,ARM(IOSYS),Megacycle,
腐れ外道とチョコレゐト,05,NOV,BOOTH,260,529,ピノキオP,DJ UTO,
「月風魔伝」龍骨鬼戦,05,NOV,BOOTH,150,451,yuukiss,Megacycle,
幻想のサテライト,05,NOV,BOOTH,230,844,豚乙女,MAD CHILD,
大宇宙ステージ,05,NOV,BOOTH,202,427,黒魔,TEK-A-RHYTHM,
超恋愛☆エクストリーム・ガール,05,NOV,BOOTH,196,543,"Music by Ayatsugu_otowa, Vocal by みゅい",TEK-A-RHYTHM,
月に叢雲華に風,05,NOV,BOOTH,160,761,幽閉サテライト feat. Senya,PHQUASE,
突撃!ガラスのニーソ姫!,05,NOV,BOOTH,185,673,D.watt,しばまる子(メイド服！),
灰色の空想をつかんで,05,NOV,BOOTH,200,611,じろうす,MAD CHILD,
不思議玩具ガンガラディンドン,05,NOV,BOOTH,150,493,マチゲリータ,Megacycle,
物凄い勢いでけーねが物凄いうた,05,NOV,BOOTH,180,395,Halozy,月刊ミズタニ,
Anti-Matter,06,NOV,NABLA,200,0,Orbit1 & Milo,Plasmadeleine,
Black Out,06,NOV,NABLA,165,0,Hommarju,Hananashi Karin,
L (SDVX ver.),06,NOV,NABLA,155,0,Ice,SALMON GRAPHY,
ИEXTAGE,06,NOV,NABLA,190,0,polysha&Ashrount,conceptual explorer,
Synthesis.,06,NOV,NABLA,180,0,tn-shi,Arcana,
稲田姫様に叱られちゃいました,06,NOV,NABLA,188,0,りりぃろっくfeatЄИ1GM4&桃寝ちのい,ゆめいろパフィー,
天鯨譚,06,NOV,NABLA,215,0,テヅカ x otoshi.b,fractal-shoot!! MODE:BPL,
∞vitUniverse,06,NOV,EXCEED GEAR,234,890,Lime,Arcana,
Almandite,06,NOV,EXCEED GEAR,207,1055,7mai,Hananashi Karin,
=∴NOMADE∵OTION=,06,NOV,EXCEED GEAR,250,845,qfeileadh + yuichi NAGAO,Hananashi Karin,
ΛNXIENT:LEGΛXIEZ,06,NOV,EXCEED GEAR,261,606,Ashrount,ゆめいろパフィー,
Applique(Vocal Remix),06,NOV,EXCEED GEAR,224,716,nonomori feat. Nanao,モンスタードミノ卿,
ARACHNE,06,NOV,EXCEED GEAR,179,578,MAX MAXIMIZER,レッドホットスクリューズ,
Ars Magna,06,NOV,EXCEED GEAR,269,582,Riz,サイバーガスタンク,
B.B.K.K.B.K.K.(USAO Remix),06,NOV,EXCEED GEAR,195,884,nora2r Remixed by USAO,Hananashi Karin,
BEMANI PRO LEAGUE -SEASON 2- SOUND VOLTEX ULTIMATE MEDLEY,06,NOV,EXCEED GEAR,215,995,FLOOR LEGENDS -BPL S2 SDVX-,SOUND VOLTEX Effectors,
birth,06,NOV,EXCEED GEAR,200~220,934,Yu_Asahina,フォックスロット,
Blφφdy Cφncertφ,06,NOV,EXCEED GEAR,210,778,OSTER project & RoughSketch,Amazonought & Megacycle,
Break Through Δpex,06,NOV,EXCEED GEAR,190~210,742,Halv feat.Kuroa*,ROYΔL CRΔCKER,
C18H27NO3(ryhki remix),06,NOV,EXCEED GEAR,75~155,634,ryhki,エナメルペンギン,
Caldwell 99,06,NOV,EXCEED GEAR,142,580,BlackY,Akizuki Nagomu,
Come to Life,06,NOV,EXCEED GEAR,180,749,ARM (IOSYS) feat. Nicole Curry,Hananashi Karin,
Crack Traxxxx (108x3 BPM Remix),06,NOV,EXCEED GEAR,81~324,636,RoughSketch,電撃ロブスター,
Cumulonimbus,06,NOV,EXCEED GEAR,190,734,Hidra-Xjeil,飛行船を見上げるfractal-shoot!!,
D.I.X.,06,NOV,EXCEED GEAR,70~1080,786,日夜すずり feat. 凜々,モンスタードミノ卿,
Dear Deer,06,NOV,EXCEED GEAR,185,0,Hylen,conceptual explorer,
Deep tenDon Reflex,06,NOV,EXCEED GEAR,180,699,BEMANI Sound Team ”Coyaan”,fryctal-shoot!!,
Distorted Floor -Boosted-,06,NOV,EXCEED GEAR,166,752,M-UE vs. siromaru,dj strassen,
Double or Nothing,06,NOV,EXCEED GEAR,175,607,Tatsunoshin,電撃ロブスター,
Dynasty -dal segno-,06,NOV,EXCEED GEAR,205,710,Ashrount,フォックスロット,
ΣMERGENCY CODΣ,06,NOV,EXCEED GEAR,205,874,概念,風瑠人,
FLAVOR-G,06,NOV,EXCEED GEAR,200,0,utzbo,トトリオン軍団,
FLOOD_FLOOR,06,NOV,EXCEED GEAR,180,0,brz1128,Hananashi Karin,
For All The Challengers,06,NOV,EXCEED GEAR,201,732,cosMo＠暴走P,cosMo＠暴走P,
Garland,06,NOV,EXCEED GEAR,217,763,ミハイル + K.key,kamuy noko,
Golden Rotation,06,NOV,EXCEED GEAR,177,799,xi,SALMON GRAPHY,
Grαnd Arχitect,06,NOV,EXCEED GEAR,198,0,CHUBAY,Classical Assistant,
HEAVEN KNOWS,06,NOV,EXCEED GEAR,275,567,U-ske feat.石橋桃,噂のジャイアントスパーク,
Imitated Visions,06,NOV,EXCEED GEAR,150,641,荒谷サトル,conceptual explorer,
Inevitable Magic,06,NOV,EXCEED GEAR,170,886,Alkome,conceptual explorer,
Juωpscare!!,06,NOV,EXCEED GEAR,90~128,529,coTatsu,フォックスロット,
Jupiter,06,NOV,EXCEED GEAR,102~224,811,technoplanet feat. Tamako Kinoshita,Akizuki Nagomu,
King's Gambit,06,NOV,EXCEED GEAR,195,755,brz1128,電撃ロブスター,
La Nostra Storia!,06,NOV,EXCEED GEAR,246,938,polysha w/ mikanzil,Hananashi Karin,
Like the Starlight,06,NOV,EXCEED GEAR,200,0,uma,電撃ロブスター,
Little Red Riding Hood,06,NOV,EXCEED GEAR,55,735,RoughSketch,ごましお風,
Lollipop Error 404,06,NOV,EXCEED GEAR,120~176,0,Tsubusare BOZZ feat.madoka*,ゆめいろパフィー,
Lost Gear Syndrome,06,NOV,EXCEED GEAR,240,0,polysha vs. モリモリあつし,げげ、T=I=NAKA！？,
Lunatic Mare,06,NOV,EXCEED GEAR,245,853,Alkome,conceptual explorer,
Marielle,06,NOV,EXCEED GEAR,234,1036,ゆんゆん,鋼のビスカッチャ,
Max Burning!!(GαineN Beyond yΩu Remix),06,NOV,EXCEED GEAR,200,853,概念,EIVY,
MΔX FLAVOR,06,NOV,EXCEED GEAR,125~261,751,EmoCosine overlay,レッドホットスクリューズ,
Never Forget Evergreen,06,NOV,EXCEED GEAR,226,1026,黒魔,からあげブラザーズ先生の次回作にご期待ください,
NO SURRENDER,06,NOV,EXCEED GEAR,160,562,493Water,Hananashi Karin,
ON THE WORLD,06,NOV,EXCEED GEAR,255,542,Yuta Imai,Hananashi Karin,
OROCHI STRIKE,06,NOV,EXCEED GEAR,50~200,806,Hommarju & BEMANI Sound Team ”兎々”,Akizuki Nagomu,
PANIC HOLIC (かめりあ's ”24600 POWER” Remix),06,NOV,EXCEED GEAR,246,833,かめりあ,Akizuki Nagomu,
Poochie,06,NOV,EXCEED GEAR,110,444,kors k,Hananashi Karin,
Prayer,06,NOV,EXCEED GEAR,183,759,溝口ゆうま feat. 大瀬良あい,おすし feat. 風瑠人,
Re:RHYZE,06,NOV,EXCEED GEAR,200,950,beatnation RHYZE,Re:VIVE,
reSTART yOUR STORIES,06,NOV,EXCEED GEAR,250,891,setu-O,SALMON GRAPHY,
SΛMVICΛ,06,NOV,EXCEED GEAR,245,1089,seatrus -Reborn-,Arcana,
Sayonara Planet Wars (Sot-C Remix),06,NOV,EXCEED GEAR,224,892,Sot-C,MASTER TRICK,
Scarlet Pinheel -appassionato-,06,NOV,EXCEED GEAR,168,680,BlackY,Hananashi Karin,
SCHWARZSCHILD FIELD,06,NOV,EXCEED GEAR,150,578,L.E.D.,MXX CXXXX,
SHARK IMPACT,06,NOV,EXCEED GEAR,165,756,ryhki,ピーキーステップ,
Snow Garland Fairy,06,NOV,EXCEED GEAR,200,0,BEMANI Sound Team ”KE!JU”,メンクイクイーン,
StellarflightS,06,NOV,EXCEED GEAR,225,778,otoshi.b,dj strachen,
Stylus,06,NOV,EXCEED GEAR,165,655,BEMANI Sound Team ”HuΣeR”,Akizuki NagoΣu,
Sunlit toybox,06,NOV,EXCEED GEAR,146,0,Juggernaut. + しーけー,conceptual explorer,
suspicions,06,NOV,EXCEED GEAR,153,636,BEMANI Sound Team ”猫叉Master VS dj TAKA”,TEK-A-RHYTHM,
Sweetie Beauti Magic,06,NOV,EXCEED GEAR,150~285,657,打打だいず feat. 凜々,Dr. Yippee,
Temporal Veil,06,NOV,EXCEED GEAR,180,0,Gardens,Temporal Method,
The EXworld of sound,06,NOV,EXCEED GEAR,222,718,"Remix by Aoi, Vocal by Kuroa*",鋼のビスカッチャEX,
THE PEERLESS UNDER HEAVEN,06,NOV,EXCEED GEAR,170,782,Yuta Imai Vs. BEMANI Sound Team ”L.E.D.-G”,ステファンビート,
The world of sound -celestial mix-,06,NOV,EXCEED GEAR,230,873,BlackY feat. Risa Yuzuki,トトリオン軍団,
TOKAKU=ALMiRAJ,06,NOV,EXCEED GEAR,170,712,MYUKKE.,kamuy noko,
Towards The Horizon,06,NOV,EXCEED GEAR,154,733,かめりあ,Akizuki Nagomu,
TOYBOX CANNON,06,NOV,EXCEED GEAR,234,969,Mono.,鋼のビスカッチャ,
Two of Wonder Lights,06,NOV,EXCEED GEAR,264,666,technoplanet feat. Tamako Kinoshita,Akizuki Nagomu,
Voice 7 Voice!!!!!!!,06,NOV,EXCEED GEAR,150,763,かめりあ feat. ななひら,～PH～!,
waxing and wanding,06,NOV,EXCEED GEAR,191,780,青龍,レッドホットスクリューズ,
We Are GamerZ!,06,NOV,EXCEED GEAR,210,846,Ninja Never DieS!,トトリオン軍団,
X1GNUS,06,NOV,EXCEED GEAR,204,777,BlackY,Classical Assistant,
Zero-Day Exploit(One-Day Fusion Mix),06,NOV,EXCEED GEAR,151,599,庭師,Jin Majima,
アイの雫,06,NOV,EXCEED GEAR,261,557,kuro,SALMON LOBSTER,
イグジスター,06,NOV,EXCEED GEAR,176,823,東雲蛍 feat. はぁち,蒼鉛キューブ,
ヴァルプルギスの夜,06,NOV,EXCEED GEAR,110~220,822,すっかりBPM200以下の曲を作れない体に改造されてしまった哀れなかぼちゃを見るがいい,kamuy noko,
ウイジン,06,NOV,EXCEED GEAR,190,638,CHUBAY as ”NOVICE”,ゆめいろパフィー,
うぇるかむ -||祭みっくす||-,06,NOV,EXCEED GEAR,125~220,662,忠兵衛,ロブ太とビス吉,
カミツレの成り方,06,NOV,EXCEED GEAR,212,0,テヅカ feat. 遠山小春,cosMo＠暴走P,
こどもかくしのアンダーランド,06,NOV,EXCEED GEAR,183,626,iru feat. 桃寝ちのい,鋼のビスカッチャ,
すべてを賭して,06,NOV,EXCEED GEAR,228~278,677,ke-ji,Ether99,
トキノコエト,06,NOV,EXCEED GEAR,210,938,setu-O meets 駄々子,kamuy noko,
ドリームエンド・サバイバー(Hidra-Xjeil Remix),06,NOV,EXCEED GEAR,215,767,Hidra-Xjeil,dj strachen,
トリコエリヌム▽コンチェルト,06,NOV,EXCEED GEAR,222,753,qfeileadh,TEK-A-RHYTHM,
ハッピーエンド,06,NOV,EXCEED GEAR,230~267,561,technoplanet feat. Kuroto Sion,Akizuki Nagomu,
ビューティフル レシート,06,NOV,EXCEED GEAR,196,633,Lucky Vacuum,レッドホットスクリューズ,
ヒュブリスの頂に聳えるのは,06,NOV,EXCEED GEAR,158,878,qfeileadh feat.のあ,ゆめいろパフィー,
ぼくらのはじまりのおと,06,NOV,EXCEED GEAR,275,624,Shiron+こふ×モリモリあつしと提供でお送りしました。,Arcana,
ませまてぃっく ま＋ま＝まじっく！～徹夜の追込みエナジーまっくす！～,06,NOV,EXCEED GEAR,251,1020,KAH feat.こにゃばた,収束♡発散～からあげブラザーズ！～,
ミュージックプレイヤー （J-pop Remix）,06,NOV,EXCEED GEAR,236,831,technoplanet feat. Risa Yuzuki,フォックスロット,
リリーゼと炎龍レーヴァテイン,06,NOV,EXCEED GEAR,200,742,黒猫ダンジョン,ビーフジョッキー,
レインボウ・フレーバー,06,NOV,EXCEED GEAR,140,578,みーに feat. 杠葉えりか,モンスタードミノ卿,
一水山風,06,NOV,EXCEED GEAR,888,1420,Enterskip,Classical Assistant,
異次元の孤独～カナタノキミヘ～,06,NOV,EXCEED GEAR,250,844,RoughSkreamZ feat. Sennzai,Megacycle feat. KSK,
随神,06,NOV,EXCEED GEAR,163,566,影虎。,ロイヤルクラッカー,
群青纏う朱の槍,06,NOV,EXCEED GEAR,220~230,805,めと（Metomate）,レッドホットスクリューズ,
劇場版ムーニャポヨポヨスッポコニャーゴ,06,NOV,EXCEED GEAR,140~210,780,打打だいず,kamuy noko,
十三不塔,06,NOV,EXCEED GEAR,203,884,隣の卓は役満(庭師+Aoi),kamuy noko,
憧憬のファンファーレ,06,NOV,EXCEED GEAR,276,608,CHUBAY,Akizuki Nagomu,
星界のアルペジオ,06,NOV,EXCEED GEAR,200,886,yuichi NAGAO,Hananashi Karin,
双星の冒険録,06,NOV,EXCEED GEAR,165,0,やどりぎ,パワフルネコニャンコ,
天穹のアルカナビット,06,NOV,EXCEED GEAR,230~280,594,打打だいず + Tanchiky + siromaru,凹ーダー凸ード,
七七七夕,06,NOV,EXCEED GEAR,192,749,Mono. + uynet,kamuy noko,
無意識レクイエム (cosmobsp rmx),06,NOV,EXCEED GEAR,230,898,cosMo＠暴走P（original arranged by 森羅万象）,cosMo＠暴走P,
流転に咲く魂の花,06,NOV,EXCEED GEAR,198,732,めと（Metomate）,ダークダークダーク,
Across the Starlight,06,NOV,EXCEED GEAR,170,678,かゆき,SALMON GRAPHY,
Brave Power Leader 《 = Voltage = 》,06,NOV,EXCEED GEAR,205,700,概念,サイバー・T・ガスタンク,
c2Theater,06,NOV,EXCEED GEAR,190,653,yaseta + Hidra-Xjeil,唐揚Brother + Ginza-Sis,
Chat perche,06,NOV,EXCEED GEAR,210,697,Ange;art + Nota,鋼のビスカッチャ,
Corrupting Wonderland,06,NOV,EXCEED GEAR,250,798,u-z feat.CHERICa,FriedChickenSisters,
DATAERR0R,06,NOV,EXCEED GEAR,180,841,Cosmograph,dj strachen,
Decadence Mission,06,NOV,EXCEED GEAR,175,639,Jerico,凹ーダー凸ード,
ENDGAME,06,NOV,EXCEED GEAR,222,895,Yuta Imai,MASTER TRICK,
FAR GONE,06,NOV,EXCEED GEAR,160,800,493Water,Hirayasu Matsudo,
Fl0ating:,06,NOV,EXCEED GEAR,206,743,yuichi NAGAO,SALMON GRAPHY,
GOODTEK,06,NOV,EXCEED GEAR,190,821,EBIMAYO,Megacycle,
graduation,06,NOV,EXCEED GEAR,170,915,星野音楽工房,電撃ロブスター,
Grandeur,06,NOV,EXCEED GEAR,190,818,CANVAS x RoughSketch feat. Quimar,凹ーダー凸ード,
Hydroblast,06,NOV,EXCEED GEAR,160,564,Aoi vs. siromaru,TEK-A-RHYTHM,
Ice Fortress,06,NOV,EXCEED GEAR,185,852,荒谷サトル,フォックスロット,
Imperator,06,NOV,EXCEED GEAR,215,912,Xe (αirlemoneX),MASTER TRICK,
Initiating League,06,NOV,EXCEED GEAR,200,765,EmoCosine vs. nora2r,電撃ロブスター,
KAMAITACHI,06,NOV,EXCEED GEAR,165,592,DJ TECHNORCH fw. GUHROOVY,LOBSTER,
Kontrol Line,06,NOV,EXCEED GEAR,140~180,790,Yooh,MAD CHILD,
Lost Parliament,06,NOV,EXCEED GEAR,200,894,Juggernaut.,Megacycle,
MURASAME,06,NOV,EXCEED GEAR,140,620,Hommarju,ねちっこく堂,
ИADIR,06,NOV,EXCEED GEAR,190,731,Ashrount vs polysha,凹ーダー凸ード vs. CRAIG AKAGI,
Never Ending Future,06,NOV,EXCEED GEAR,215,875,#EmoCosine,ロイヤルクラッカー,
NOT YOUR IDOL,06,NOV,EXCEED GEAR,155,665,Yuta Imai,MAD CHILD,
OZ,06,NOV,EXCEED GEAR,90~350,775,Hommarju ft. Mayumi Morinaga,凹ーダー凸ード,
Paradigm Shift,06,NOV,EXCEED GEAR,220,774,あまみ×ひなみ,七色Method,
Petit espoir,06,NOV,EXCEED GEAR,222,907,しーけー,kamuy noko,
PHOTON BLAXT,06,NOV,EXCEED GEAR,165,721,seatrus,電撃ロブスター,
Please Welcome Mr.C,06,NOV,EXCEED GEAR,230,786,C-Show,MAD CHILD,
quaver♪,06,NOV,EXCEED GEAR,182~186,661,Risk Junk,Akizuki Nagomu,
Re:Rose Gun Shoooot!,06,NOV,EXCEED GEAR,190,734,あるふぁ,風瑠人,
Revvable Engine,06,NOV,EXCEED GEAR,205,851,nora2r,ロイヤルクラッカー,
ROZELCIA,06,NOV,EXCEED GEAR,194~195,609,brz1128,Megacycle,
SHARK ATTACK,06,NOV,EXCEED GEAR,165,874,ryhki,ハリケーンズポテト（respect HM）,
SHOCKER BREAKER,06,NOV,EXCEED GEAR,110~165,726,Yu_Asahina,ロイヤルクラッカー,
Snowmelt,06,NOV,EXCEED GEAR,222,810,nora2r × BEMANI Sound Team ”Yvya”,kamuy noko,
Stairway to the sun,06,NOV,EXCEED GEAR,255,640,Noah,Akizuki Nagomu,
S(TAR)2☆pistol,06,NOV,EXCEED GEAR,214,714,Mono.,鋼のビスカッチャ,
STIGMA,06,NOV,EXCEED GEAR,194,699,U-ske feat. 棗いつき,An East Scarlet,
THE WORLD REVOLVING,06,NOV,EXCEED GEAR,190,846,Toby Fox,カオスのビスカッチャ,
Thousand Triggers,06,NOV,EXCEED GEAR,242,898,めと（Metomate）,ダークビーフダークジョッキー,
Tickled Pink,06,NOV,EXCEED GEAR,180,743,BEMANI Sound Team ”ZAQUVA”,ロイヤルクラッカー,
trea→journey,06,NOV,EXCEED GEAR,260,631,CHUBAY,ロイヤルクラッカー vs. レッドホットスクリューズ,
Twinkle Rookie,06,NOV,EXCEED GEAR,205,856,Halv,ロイヤルクラッカー,
White Stream,06,NOV,EXCEED GEAR,222,820,BEMANI Sound Team ”ZAQUVA”,ロイヤルクラッカー,
WINNING ROAD,06,NOV,EXCEED GEAR,170,678,setu-O,Secret Lv.09,
アガット,06,NOV,EXCEED GEAR,200,581,Bazole,ロイヤルクラッカー,
イグノアザーズ,06,NOV,EXCEED GEAR,175,557,U-ske feat. 安土桃,An East Scarlet,
光風霽月,06,NOV,EXCEED GEAR,160,619,影虎。,電撃ロブスター,
極夜、暁を望んで,06,NOV,EXCEED GEAR,222,744,めと(Metomate),MAD CHILD,
最果ての勇者にラブソングを,06,NOV,EXCEED GEAR,268,644,deli.+駄々子,Megacycle,
灼ナル刃、破カヰ譜,06,NOV,EXCEED GEAR,165,576,Symholic feat.狛茉璃奈,風瑠人,
少年リップルズ,06,NOV,EXCEED GEAR,210,869,常盤ゆう,少年スクリューズ&浮世マシプルズ,
神罰,06,NOV,EXCEED GEAR,201,679,cosMo＠暴走P,cosMo＠暴走P,
涙の女神と無形のエトワル,06,NOV,EXCEED GEAR,140,566,Yu-dachi,SALMON GRAPHY,
二分間の世界,06,NOV,EXCEED GEAR,225,977,Cororo,サイバーガスタンク,
爆烈歓迎♪エクストリーム飲茶旋風脚ッ!!,06,NOV,EXCEED GEAR,94~188,618,BlackY feat. Risa Yuzuki,MAD CHILD,
禊,06,NOV,EXCEED GEAR,160,638,Nhato,GOLI,
夢幻泡影,06,NOV,EXCEED GEAR,269,573,wa.,dj strachen,
零天視,06,NOV,EXCEED GEAR,200,740,隣の庭は青い(庭師+Aoi),レッドホットスクリューズ＋Akizuki Nagomu,
AIM HIGHER,06,NOV,EXCEED GEAR,168,628,U-ske feat. 棗いつき,Undisclosed Hard Groove,
Air,06,NOV,EXCEED GEAR,178,870,SHIKI,ポテト亀山,
All for One,06,NOV,EXCEED GEAR,185,871,CANVAS feat. Quimar,風瑠人,
Archangelio,06,NOV,EXCEED GEAR,300,603,Juggernaut.,MAD CHILD,
Bigbang Faker,06,NOV,EXCEED GEAR,155,707,BlackY,ロイヤルクラッカー,
Cappuccino Hearts,06,NOV,EXCEED GEAR,260,480,nora2r,鋼のビスカッチャ,
Comet popcorn,06,NOV,EXCEED GEAR,244,969,pan,kamuy noko,
Crystalia,06,NOV,EXCEED GEAR,270,623,DJ TOTTO,Akizuki Nagomu,
Destined Marionette,06,NOV,EXCEED GEAR,93~186,708,ビートまりお（COOL&CREATE）,Antonio Guccini,
EGOISM 440 (Ange;art remix),06,NOV,EXCEED GEAR,220,730,Ange;art,dj strachen,
Elemental Creation -xiRemix-,06,NOV,EXCEED GEAR,121~242,926,xi,Ether99,
EMERALDAS (Yuta Imai Remix),06,NOV,EXCEED GEAR,190,787,Yuta Imai,サイバーガスタンク,
#EmoCloche,06,NOV,EXCEED GEAR,182,696,#EmoCosine,CRAIG AKAGI,
End of Guilty,06,NOV,EXCEED GEAR,290,574,kanone,kamuy noko,
FEEL THE FORCE,06,NOV,EXCEED GEAR,210,853,brz1128,レッドホットポテト,
Fegrix,06,NOV,EXCEED GEAR,175,620,Xceon vs DJ Command (Eurobeat Union),SALMON GRAPHY,
G4ME OVEЯ,06,NOV,EXCEED GEAR,201,771,Takenoko boy feat. metyao,風瑠人,
Going My Future!,06,NOV,EXCEED GEAR,183,648,#EmoCosine,鋼のビスカッチャ×電撃ロブスター,
Hurt me plenty,06,NOV,EXCEED GEAR,143,664,Noah,SALMON GRAPHY,
Innocent Azure,06,NOV,EXCEED GEAR,203,915,kuro,電撃ロブスター,
Macuilxochitl (Latin Jazz Mix),06,NOV,EXCEED GEAR,156,631,technoplanet,SALMON GRAPHY,
Memory Flow,06,NOV,EXCEED GEAR,206,672,兎波かなで feat.とうな,電撃ロブスター,
Metagame Matador,06,NOV,EXCEED GEAR,160,640,RoughSketch vs MAD CHILD,MAD CHILD,
party:stage,06,NOV,EXCEED GEAR,310,713,かゆき,ロイヤルクラッカー,
Perfect Ultimate Celebration!!,06,NOV,EXCEED GEAR,200,666,2時間でPUCされたかぼちゃ,Perfect Ultimate CRAIG!!,
POSSESSION (Aoi Q.E.D. RMX),06,NOV,EXCEED GEAR,106~318,867,Aoi,電撃ロブスター,
PSYCHO+HEROES,06,NOV,EXCEED GEAR,210,864,かめりあ,月刊ミズタニ,
Puni Puni Parade,06,NOV,EXCEED GEAR,188,693,MARON (IOSYS),Puni Puni ロブスター,
Pure Ruby,06,NOV,EXCEED GEAR,178,683,SHIKI,凹ーダー凸ード,
Red＋White＝Kawaii,06,NOV,EXCEED GEAR,210,718,こすも８ｂｉｔ,こすも８ｂｉｔ,
refluxio,06,NOV,EXCEED GEAR,159~212,900,Juggernaut.,電撃ロブスター＆ロイヤルクラッカー,
Refrain,06,NOV,EXCEED GEAR,163,711,お月さま交響曲,1+1/2conノックオン,
Restless Waitress,06,NOV,EXCEED GEAR,206,886,winddrums,ZANGI Sisterss,
Souhait bleu,06,NOV,EXCEED GEAR,225,777,しーけー,ビーフジョッキー,
sparky spark,06,NOV,EXCEED GEAR,155,609,kamome sano,2conノックオン,
Star☆Beat,06,NOV,EXCEED GEAR,185,760,PandaBoY feat.ななひら,CRAIG AKAGI,
STEEL NEEDLE,06,NOV,EXCEED GEAR,205,778,Scorpion,IIconノックオン,
SuperMiracleEnsemble,06,NOV,EXCEED GEAR,303,718,fnylsp,ポテト亀山,
The King Of Red,06,NOV,EXCEED GEAR,195,568,Hommarju,MAD CHILD,
Triple Cross,06,NOV,EXCEED GEAR,196,625,BEMANI Sound Team ”dj TAKA & DJ YOSHITAKA & SYUNN”,サイバーガスタンク,
Unleashed Redness,06,NOV,EXCEED GEAR,185,745,DecisionS (kanone + nora2r),MAD CHILD,
VALKYRIE ASSAULT,06,NOV,EXCEED GEAR,180,855,BEMANI Sound Team ”SYUNN”,MAD CHILD ver.VI,
Vallasotiena,06,NOV,EXCEED GEAR,170~210,645,ろひ,フォックスロット,
Verflucht,06,NOV,EXCEED GEAR,180,768,Tyrfing,レッドホットビーフ&スクリュージョッキーズ,
WICKeD CRφSS,06,NOV,EXCEED GEAR,180,649,OSTER project,MAD CHILD,
Wings to fly high,06,NOV,EXCEED GEAR,249,885,Noah,サイバーガスタンク×鋼のビスカッチャ,
XXanadu#climaXX,06,NOV,EXCEED GEAR,187,797,概念,dj strachen,
Your SOUL Is Mine,06,NOV,EXCEED GEAR,195,675,fZy,CRAIG AKAGI,
ヴぉるみっくす!!!!,06,NOV,EXCEED GEAR,161,692,かめりあ feat. ななひら,レッドホットスクリューズ,
カジノファイヤーことみちゃん,06,NOV,EXCEED GEAR,230,683,ARM feat. 山本椛 + Brasscapsule,豪遊少年鑑定団,
プナイプナイたいそう,06,NOV,EXCEED GEAR,271,527,立秋 feat.ちよこ,ビープジョッキー,
ユメブキ,06,NOV,EXCEED GEAR,200,794,"紫崎 雪,Risa Yuzuki,709sec. by BEMANI Sound Team ”PHQUASE & SYUNN”",光の渦に飛び込んで、無限の愛が拡がった～PH～,
ラヴチャンス!!,06,NOV,EXCEED GEAR,215,544,Ponchi♪ feat.はぁち,凹ーダー凸ード,
りむむむむむむ,06,NOV,EXCEED GEAR,140,554,立秋 feat.ちょこ,井ハッシュド鑑定団,
神にした彼女が示す世界線,06,NOV,EXCEED GEAR,157~250,772,上村 香月,フォックスロット,
限界突破リザレクション,06,NOV,EXCEED GEAR,190,544,まろん vs. モリモリあつし feat. ビートまりお,MAD CHILD,
～仔羊のナヴァラン・クリシェを添えて～,06,NOV,EXCEED GEAR,150,552,PiyoPiyo Kitchen,風瑠人,
蝕,06,NOV,EXCEED GEAR,220,727,めと（Metomate）,凹ーダー凸ード,
竹,06,NOV,EXCEED GEAR,5~315,699,立秋 feat.ちょこ,ビーフジョッ竹,
火狐之舞,06,NOV,EXCEED GEAR,242,1102,影虎。,kamuy noko,
斑咲花,06,NOV,EXCEED GEAR,134~201,681,"mami,駄々子 by BEMANI Sound Team ”Akhuta Works”",フォックスロット,
恋愛悪戯！？まじかる☆ぱふゅ～む！！,06,NOV,EXCEED GEAR,212,750,さわわ feat.杠葉えりか＆凜々,からあげ☆しすた～ず！！,
Φnd:you,06,NOV,VIVID WAVE,259,581,かゆき,SALMON GRAPHY,
Aerial Fortress,06,NOV,VIVID WAVE,200,712,xi,Ether99,
Afterimage d'automne,06,NOV,VIVID WAVE,232,862,BEMANI Sound Team,鋼のビスカッチャ×サイバーガスタンク,
ANGER of the GOD,06,NOV,VIVID WAVE,200,1178,BlackY,七色メットスクリューズ,
apo:llioth,06,NOV,VIVID WAVE,200,901,Juggernaut.,電撃ロブスター,
ARROW RAIN,06,NOV,VIVID WAVE,180,941,Alstroemeria Records,七色Method,
Atropa bella-donna,06,NOV,VIVID WAVE,238,915,HOUJIROU,Akizuki Nagomu,
Aurolla,06,NOV,VIVID WAVE,235,908,MisoilePunch♪,Akizuki Nagomu,
Barbatos,06,NOV,VIVID WAVE,230,915,Crawk × Capchii,Verdefo,
Barbless Ego,06,NOV,VIVID WAVE,150,656,MAD CHILD,MAD CHILD,
Believe In Yourself,06,NOV,VIVID WAVE,165,674,kors k,金色の夜叉,
bistro twins☆☆☆,06,NOV,VIVID WAVE,228,997,OSTER project feat. かなたん,MAD CHILD,
Black Lotus,06,NOV,VIVID WAVE,200,657,wa.,風瑠人,
Blessing Bouquet,06,NOV,VIVID WAVE,212,723,setu-O,Jin Majima,
Bolerrot,06,NOV,VIVID WAVE,179,748,かねこちはる,Akizuki Nagomu,
Butterfly Twist,06,NOV,VIVID WAVE,160,726,Yooh,MAD CHILD,
Call of the World,06,NOV,VIVID WAVE,212,889,お月さま交響曲,風瑠人,
Chocolate Parade,06,NOV,VIVID WAVE,190,765,Freezer feat.妃苺,七色Chocolatière,
Cloud Crasher,06,NOV,VIVID WAVE,200,848,Hommarju,喜屋武ミカエル,
Cynical Joker,06,NOV,VIVID WAVE,160,778,brz1128,電撃ロブスター,
Defining Future,06,NOV,VIVID WAVE,200,639,！すでのな,フォックスロット,
DESIRE,06,NOV,VIVID WAVE,180,807,溝口ゆうま feat. 大瀬良あい,Megacycle,
Dogeza Stairs,06,NOV,VIVID WAVE,190,908,ビートまりお（COOL&CREATE）,Jin Majima,
eighth-slave,06,NOV,VIVID WAVE,170,864,Yu_Asahina,電撃ロブスター,
Electric Injury,06,NOV,VIVID WAVE,190,837,siqlo,電撃ロブスター,
Elemental Creation (kamome sano Remix),06,NOV,VIVID WAVE,128~256,528,kamome sano,鋼のビスカッチャ,
Enchante,06,NOV,VIVID WAVE,115,566,winddrums,風瑠人,
eternite,06,NOV,VIVID WAVE,190,783,Ryo Arue,Megacycle,
Ethereal Lotus,06,NOV,VIVID WAVE,218,965,wa. + 杠葉えりか,EIVY,
FIRST：DREAMS,06,NOV,VIVID WAVE,300,627,uma vs. モリモリあつし,CRAIG AKAGI,
GALAXY BURST,06,NOV,VIVID WAVE,201,1085,かめりあ,Akizuki Nagomu,
GaLaXyEggPlanT,06,NOV,VIVID WAVE,240,923,sasakure.UK,DeNGeKiLoWBooSteR,
GEMINI LA2ER,06,NOV,VIVID WAVE,200,579,ミカルコスモ(せらみかる×cosMo＠暴走P),cosMo＠暴走P×電撃ロブスター,
Glorious Journey,06,NOV,VIVID WAVE,252,939,古屋直雪,浮世マシーン,
Ichi-Go! DX Pancake!,06,NOV,VIVID WAVE,90~180,562,梅干茶漬け,兄ジェットマン,
Innocent,06,NOV,VIVID WAVE,210,738,Alkome,SHiJiMiSo Soup.☆彡,
Jack-the-Ripper◆,06,NOV,VIVID WAVE,105~240,1043,sasakure.UK,フォックスロット,
Jacob’s Elevator,06,NOV,VIVID WAVE,193,831,まろん (IOSYS),電撃ロブスター,
Katharsis,06,NOV,VIVID WAVE,140~280,594,u-z feat.CHERICa,Akizuki Nagomu,
L9,06,NOV,VIVID WAVE,53~128,467,paraoka,ビーフジョッ9,
Lazurite,06,NOV,VIVID WAVE,175,776,sazanami,MaKoTo,
LECTORIA,06,NOV,VIVID WAVE,185,709,Cranky,蒼弐 feat.RASIS -BOOTH- farewell,
Leviathan-,06,NOV,VIVID WAVE,160,691,山本真央樹,SALMON GRAPHY,
lEyl,06,NOV,VIVID WAVE,221,727,t+pazolite feat. incl*incr,月刊ミズタニ,
Liar rain,06,NOV,VIVID WAVE,220,1004,しーけー,スエヒロ,
m1dy Deluxe,06,NOV,VIVID WAVE,410,830,m1dy,電撃ロブスターDeluxe,
memento mori -intro-,06,NOV,VIVID WAVE,170,751,あさき,レッドホットビーフ＆スクリュージョッキーズ,
METATRON-,06,NOV,VIVID WAVE,190,813,SHIKI,Jin Majima,
MeteorA,06,NOV,VIVID WAVE,190,731,Verseus,電撃ロブスター,
mqlo,06,NOV,VIVID WAVE,220,939,C-Show,ごましおくん～PH～,
Mynarco(Nagomu 2Step Remix),06,NOV,VIVID WAVE,230,879,Akizuki Nagomu feat. fu-ko,Akizuki Nagomu,
Nebulas,06,NOV,VIVID WAVE,140,648,BEMANI Sound Team ”Yvya”,SALMON GRAPHY,
New Decade,06,NOV,VIVID WAVE,200,624,Sota F.,-,
Nhelv,06,NOV,VIVID WAVE,174,970,Silentroom,凹ーダー凸ード,
ΩBIRD,06,NOV,VIVID WAVE,178,746,SOUND HOLIC feat. Nana Takahashi,MaKoTo,
On take SUN,06,NOV,VIVID WAVE,220,1011,Sampling Masters MEGA,Hirayasu Matsudo & MAD CHILD,
Our Love,06,NOV,VIVID WAVE,190,843,lapix,Ether99,
Over The Top,06,NOV,VIVID WAVE,205,993,Ashrount,凹ーダー凸ード,
ΩVERFLOW,06,NOV,VIVID WAVE,175,1032,BlackY,,
OZONE,06,NOV,VIVID WAVE,180,859,BEMANI Sound Team ”Sota Fujimori”,東京ブルトゥーム,
PARTY TIME!,06,NOV,VIVID WAVE,190,757,RoughSketch & Hommarju,MAD CHILD,
petits fours,06,NOV,VIVID WAVE,222,851,kamome sano,鋼のビスカッチャ,
pique,06,NOV,VIVID WAVE,162,808,星野音楽工房,電撃ロブスター,
PIZZATIME,06,NOV,VIVID WAVE,168,583,Tsubusare BOZZ,Akizuki Nagomu,
Pulsar,06,NOV,VIVID WAVE,222,725,はがね,フォックスロット,
Re：Elemental Creation,06,NOV,VIVID WAVE,212,671,uma meets モリモリあつし,TEK-A-RHYTHM,
rE:Voltagers,06,NOV,VIVID WAVE,153,477,Tanchiky,apple kong,
ЯegreT of MemoRy,06,NOV,VIVID WAVE,215,740,からとP vs タケノコ少年,凹ーダー凸ード,
Яe:son D'etre,06,NOV,VIVID WAVE,63~205,545,SCHOOL CASTE(石見＆とおる),ダークダークダークダーク,
Ring!Run!Nyan!!,06,NOV,VIVID WAVE,195,576,MisomyL,電撃ロブニャン,
SAMURAI TIGER,06,NOV,VIVID WAVE,165,742,ぽんきち&ゆんゆん,足軽マシーン vs. しばまる子,
scary night,06,NOV,VIVID WAVE,200,732,岸田教団＆THE明星ロケッツ,Megacycle,
SLEEPWALKER,06,NOV,VIVID WAVE,188,781,monoq+RIZARDI,Akizuki Nagomu+フォックスロット,
SociuS,06,NOV,VIVID WAVE,195~211,868,Ellim Gnirps vs よみぃ,凹ーダー凸ード,
Sudden Visitor,06,NOV,VIVID WAVE,178,785,黒魔,kamuy noko,
Teufel,06,NOV,VIVID WAVE,200,734,Hommarju,凹ーダー凸ード,
Thank you for your playing music,06,NOV,VIVID WAVE,220,941,かぼちゃ feat. miko,cosMo×電撃ロブスター×サイバーガスタンク,
To:BrandNewDeadline,06,NOV,VIVID WAVE,210,697,せいぎのあおぢる,はがねのびすかっちゃ,
Trill auf G,06,NOV,VIVID WAVE,188,919,BEMANI Sound Team,G線上のロブスター,
Turn the story,06,NOV,VIVID WAVE,110~240,841,technoplanet feat. Kuroto Sion,NOX,
Typhoon Craaash!!,06,NOV,VIVID WAVE,172,639,A-One,CRAIG AKAGI,
Ubertreffen,06,NOV,VIVID WAVE,174,597,TAKA respect for J.S.B.,Megacycle respect for M.M.M.,
V Sen5eS,06,NOV,VIVID WAVE,190,1051,MasKaleido VS 709sec.,SHiJiMiSo Soup.☆彡,
Valanga(polysha Remix),06,NOV,VIVID WAVE,100,458,polysha,Akizuki Nagomu,
Valkyrja ~Aldrlag~,06,NOV,VIVID WAVE,185,744,ℱsinfonia (Yu_Asahina 溝口ゆうま かなたん 大瀬良あい),MAD CHILD & Megacycle,
vivid landscape,06,NOV,VIVID WAVE,137,519,paraoka,電撃ロブスター,
Vividly Impromptu,06,NOV,VIVID WAVE,161,645,BlackY,Megacycle,
With It This Heaven?,06,NOV,VIVID WAVE,250~290,739,technoplanet,フォックスロット,
World of Iris,06,NOV,VIVID WAVE,255,538,polysha,Akizuki Nagomu,
Xicholauncher,06,NOV,VIVID WAVE,110~440,883,隣の庭は青い(庭師+Aoi),電撃,
ZEИITH,06,NOV,VIVID WAVE,190,645,Ashrount vs polysha,TEK-A-RHYTHM vs. 逆球レジェンド,
αρχη,06,NOV,VIVID WAVE,120,599,Dormir,νοχ,
アオアラシ,06,NOV,VIVID WAVE,256,648,やどりぎ,はがねのびすかっちゃ,
エンゲージ〆ント,06,NOV,VIVID WAVE,190~230,786,Croire,フォックスロット,
おはようからおやすみまでかまってポメポメ,06,NOV,VIVID WAVE,177,744,立秋 feat.ちょこ,アザラシから犬になったAkizuki Nagomu,
クレイジークレイジーダンサーズ,06,NOV,VIVID WAVE,172,756,ビートまりお＋あまね（COOL&CREATE）,電撃ロブスター,
タイムトラベル,06,NOV,VIVID WAVE,220,811,モリモリあつし,SCバイオメトリクス,
ツマミ戦隊 タテレンジャー,06,NOV,VIVID WAVE,95~380,795,ツマミ戦隊 タテレンジャー,対イエロー特攻型機密兵器・ゴマシオウ,
トマヨイ,06,NOV,VIVID WAVE,165,719,Spacelectro feat.椎木レク,レッドホットスクリューズ,
ねこみみ(=ФωФ=)ぱんでみみっく,06,NOV,VIVID WAVE,195,798,ねこみりん feat.小宮真央,兄ジェットマン,
び,06,NOV,VIVID WAVE,169,670,立秋 feat.ちょこ,びーフジョッキー,
ミッドナイト☆WAR,06,NOV,VIVID WAVE,156,500,いちか,Megacycle,
ミュージックプレイヤー,06,NOV,VIVID WAVE,232,1037,Retropolitaliens(Ms.+駄々子),鋼のビスカッチャ,
悪戯センセーション,06,NOV,VIVID WAVE,192,750,森羅万象,サイバーガスタンク,
怪盗Fの台本～消えたダイヤの謎～,06,NOV,VIVID WAVE,128,628,ひとしずく×やま△ feat.松下、eclair、おさむらいさん、柿チョコ、コニー、しゅーず、che:櫻井、nero、びびあん、mao（bass）、ゆう十、リシェ,怪盗PHの台本,
蛇神,06,NOV,VIVID WAVE,170,795,Zektbach,歩手登と美津多仁,
君は Fantasista,06,NOV,VIVID WAVE,220,911,杉下 トキヤ,Megacycle,
月々紅花,06,NOV,VIVID WAVE,183,702,7mai,Megacycle,
狂水一華,06,NOV,VIVID WAVE,160,519,BEMANI Sound Team ”HuΣeR Vs. SYUNN” feat.いちか,MAD CHILD,
最小三倍完全数,06,NOV,VIVID WAVE,220,780,DJ TECHNORCH,Amazeki Kagome,
消失(Hommarju Remix),06,NOV,VIVID WAVE,240,1356,cosMo＠暴走P,cosMo＠暴走P,
翠雨の祷,06,NOV,VIVID WAVE,197,790,Cororo feat.Yuria Miyazono,天空の電撃ロブスター,
諏訪大信仰,06,NOV,VIVID WAVE,200,661,ビートまりお＋あまね（COOL&CREATE）,MAD CHILD,
春告胡蝶,06,NOV,VIVID WAVE,202,818,BlackY feat. Risa Yuzuki,MAD CHILD,
熱情のサパデアード,06,NOV,VIVID WAVE,136,546,日向美ビタースイーツ♪,ひとくちピエロ,
星の透る夏空に願う,06,NOV,VIVID WAVE,210,916,Yu-dachi,Akizuki Nagomu,
無魎大数,06,NOV,VIVID WAVE,230,850,cosMo＠暴走P,cosMo＠暴走P,
405nm(Shu※mix),06,NOV,HEAVENLY HAVEN,182,741,Shu※,azuma,
Akzeriyyuth,06,NOV,HEAVENLY HAVEN,195,775,Team&Dj Grimoire,MAD CHILD,
ALTONA,06,NOV,HEAVENLY HAVEN,158,640,SOUND HOLIC Vs. SWING HOLIC,Megacycle Vs. Megaheartz,
Aragami,06,NOV,HEAVENLY HAVEN,48~196,854,xi,Megacycle,
BEAST BASS BOMB,06,NOV,HEAVENLY HAVEN,170,904,Hommarju,Hirayasu Matsudo,
Beyond the BLUE,06,NOV,HEAVENLY HAVEN,132,473,Asato × sak × 田島千種,NOX,
Black night,06,NOV,HEAVENLY HAVEN,226,875,Noah,kamuy noko,
BLAZING_LAZER,06,NOV,HEAVENLY HAVEN,191,822,brz1128,七色Method,
BlueMoon Princess,06,NOV,HEAVENLY HAVEN,235,957,うさぎ愛好会(cosMo×syuri22),cosMo＠うさぎ愛好会,
Boss Rush,06,NOV,HEAVENLY HAVEN,190,729,USAO,MAD CHILD,
Breakin' Asia,06,NOV,HEAVENLY HAVEN,230,971,かたぎり,凹ーダー凸ード,
BREAKNECK NY☆N! NY★N!,06,NOV,HEAVENLY HAVEN,220,967,ZerA,Megacycle,
Chaotic Romance,06,NOV,HEAVENLY HAVEN,200,764,はるなば,Megacycle,
CHERNOBOG,06,NOV,HEAVENLY HAVEN,200,732,漆黒のEBONY,闇黒のEIVY,
Chocolate Planet,06,NOV,HEAVENLY HAVEN,185,733,Freezer feat.妃苺,七色Method,
Cloud 9,06,NOV,HEAVENLY HAVEN,153,668,雄之助,ユカリ☆chan,
Concertino in Blue,06,NOV,HEAVENLY HAVEN,103~155,489,佐々木博史,PHQUASE,
crossing blue,06,NOV,HEAVENLY HAVEN,234,1042,ぺのれり,風瑠人,
CUTE-Reflection,06,NOV,HEAVENLY HAVEN,160~170,757,7mai,浮世マシーン,
Deadly force,06,NOV,HEAVENLY HAVEN,300,607,Noah,Megacycle,
Decoy,06,NOV,HEAVENLY HAVEN,180,777,Yooh,MAD CHILD,
Destiny,06,NOV,HEAVENLY HAVEN,111~222,730,Yooh,MAD CHILD,
Divine's:Bugscript,06,NOV,HEAVENLY HAVEN,230,972,かゆき,EIVY,
Divine's or Deal,06,NOV,HEAVENLY HAVEN,223,822,winddrums vs cosMo,cosMo＠暴走P,
Doppelganger,06,NOV,HEAVENLY HAVEN,280,672,LeaF,Ether99,
Dreadnought,06,NOV,HEAVENLY HAVEN,96~384,793,Mastermind (xi + nora2r),レッドホットスクリューズ,
DropZ-Line-,06,NOV,HEAVENLY HAVEN,50~400,889,Getty vs. DJ DiA,ブルーコールドハリケーンズ,
Dyscontrolled Galaxy,06,NOV,HEAVENLY HAVEN,161,770,かめりあ,レッドホットスクリューズ,
ECHIDNA,06,NOV,HEAVENLY HAVEN,146,598,HuΣeR,七色Method,
Empathetic,06,NOV,HEAVENLY HAVEN,180,835,Sota÷Des,浮世×マシーン,
Engraved Mark-Gow's ill! RMX-,06,NOV,HEAVENLY HAVEN,216,832,Gowrock,凹ーダー凸ード,
Evans,06,NOV,HEAVENLY HAVEN,185,615,DJ YOSHITAKA,Akizuki Nagomu,
Fin.ArcDeaR,06,NOV,HEAVENLY HAVEN,225,982,MisoilePunch♪ ～タケノコ添え～,SCライオット,
FLOOR INFECTION Medley from SOUND VOLTEX×jubeat,06,NOV,HEAVENLY HAVEN,145~195,658,United Composers from SOUND VOLTEX,United Effectors,
GAIA,06,NOV,HEAVENLY HAVEN,180,647,猫叉L.E.D.Master+,風瑠人,
Gamerz FestivaL,06,NOV,HEAVENLY HAVEN,208,869,うさぎ愛好会(cosMo×syuri22),cosMo＠うさぎ愛好会,
Gate of Atlantis,06,NOV,HEAVENLY HAVEN,8~888,891,MasKaleido,ビーフジョッキー,
GERBERA,06,NOV,HEAVENLY HAVEN,205,894,BEMANI Sound Team ”TAG”,Chapter 01「汚れなき愛」,
Ghost Trigger,06,NOV,HEAVENLY HAVEN,140~280,636,u-z feat.CHERICa,レッドホットスクリューズ,
Glitter Flatter Scatter,06,NOV,HEAVENLY HAVEN,197,816,Project B-,DJ みさこ,
Goddess Bless you,06,NOV,HEAVENLY HAVEN,232,872,winddrums,TEK-A-RHYTHM,
Grand-Guignol,06,NOV,HEAVENLY HAVEN,231,937,モリモリあつし,ビーフジョッキー,
HP1,06,NOV,HEAVENLY HAVEN,11~193,710,Verdammt,MaKoTo(盗賊),
Hug!! Vs. Hug!!,06,NOV,HEAVENLY HAVEN,120,522,はるなば,Ether99,
НУМЛ,06,NOV,HEAVENLY HAVEN,158~200,783,Zutt,浮世マシーン,
Immortal saga,06,NOV,HEAVENLY HAVEN,205,693,Noah,レッドホットスクリューズ,
infinite;youniverse,06,NOV,HEAVENLY HAVEN,220,842,かゆき,風瑠人,
Inscape,06,NOV,HEAVENLY HAVEN,200,893,technoplanet,Megacycle,
Iridescent Clouds,06,NOV,HEAVENLY HAVEN,185,778,Hidra-Xjeil,浮世マシーン,
Juggler's Maddness,06,NOV,HEAVENLY HAVEN,250,981,Lite Show Magic,MAD CHILD & Bob Shimantogawa,
JUNKIE FLAVOR,06,NOV,HEAVENLY HAVEN,120~240,746,yaseta + Hidra-Xjeil,レッドホットスクリューズ,
Justitia Gladius,06,NOV,HEAVENLY HAVEN,156,631,kanone,kamuy noko,
Khionos TiARA,06,NOV,HEAVENLY HAVEN,200,838,Ellim Gnirps vs よみぃ,風瑠マシーン,
KIMIDORI Streak!!,06,NOV,HEAVENLY HAVEN,219,875,梅干茶漬け,Akizuki Nagomu,
Knights Assault,06,NOV,HEAVENLY HAVEN,300,667,零 -zero-,電撃ロブスター,
LastΩmegA,06,NOV,HEAVENLY HAVEN,208,910,BlackY,MAD CHILD,
Legendary Road,06,NOV,HEAVENLY HAVEN,248,702,kanone,MAD CHILD & Megacycle,
Levier'n NabYss,06,NOV,HEAVENLY HAVEN,249,861,MisoilePunch♪ ~Take No Complete~,TEK-A-RHYTHM,
Libera me,06,NOV,HEAVENLY HAVEN,165,849,Cranky,Satchy,
Life is beautiful,06,NOV,HEAVENLY HAVEN,155,685,BEMANI Sound Team ”猫叉Master”,おすし♣club,
Lost Wing at.0,06,NOV,HEAVENLY HAVEN,185,833,猫叉Master+,東京ブルトゥーム,
Lowermost revolt,06,NOV,HEAVENLY HAVEN,219,928,かめりあ feat. 歌劇派学生,NOX,
Lunatic Sprinter,06,NOV,HEAVENLY HAVEN,152~205,770,さわわ,風瑠人,
Make Magic,06,NOV,HEAVENLY HAVEN,230,1087,Lite Show Magic,浮世マシーン,
MeteorGlow Aftermath,06,NOV,HEAVENLY HAVEN,264,591,pan,浮世マシーン,
Midnight City Warfare,06,NOV,HEAVENLY HAVEN,180,752,sky_delta,月刊風瑠タニ,
Mirrorwall,06,NOV,HEAVENLY HAVEN,144,651,BlackY,逆球レジェンド,
MODEL FT4,06,NOV,HEAVENLY HAVEN,145~155,846,BEMANI Sound Team ”Mutsuhiko Izumi”,Akizuki Nagomu,
MONOLITH,06,NOV,HEAVENLY HAVEN,170~205,838,TOMOSUKE,Jin Majima,
Musha Vibration,06,NOV,HEAVENLY HAVEN,177,643,NA7,Akizuki Nagomu,
New Leaf,06,NOV,HEAVENLY HAVEN,173,802,BlackY vs. Yooh,からあげブラザーズ vs. MAD CHILD,
Nexta,06,NOV,HEAVENLY HAVEN,160,821,lapix,NOX,
Noisy Minority,06,NOV,HEAVENLY HAVEN,180,729,DJ Grimoire,.424kHz,
Nostalgic Blood of the Strife,06,NOV,HEAVENLY HAVEN,240,833,Laur,Megacycle,
Oriens,06,NOV,HEAVENLY HAVEN,140~185,838,ginkiha,Megacycle,
ouroboros,06,NOV,HEAVENLY HAVEN,188,1057,Cranky VS MASAKI「グルーヴコースター」より,MAD CHILD VS Megacycle,
ΩVERSOUL,06,NOV,HEAVENLY HAVEN,155,578,BlackY,TEK-A-RHYTHM,
planetarium,06,NOV,HEAVENLY HAVEN,180,727,SUi,おすし仮面,
Prey,06,NOV,HEAVENLY HAVEN,210,631,BEMANI Sound Team ”Dustup”,電撃ロブスター,
PROVOES*PROPOSE <<el fine>>,06,NOV,HEAVENLY HAVEN,120~280,643,Yu_Asahina as ”papyrus”,風瑠人,
Puberty Dysthymia,06,NOV,HEAVENLY HAVEN,70~210,655,BEMANI Sound Team ”person09”,フォックスロット,
PUPA,06,NOV,HEAVENLY HAVEN,50~202,800,モリモリあつし,レッドホットスクリューズ,
Re:End of a Dream,06,NOV,HEAVENLY HAVEN,106~212,924,uma vs. モリモリあつし,レッドホットスクリューズ vs. GUCCINI,
Яe's NoVE,06,NOV,HEAVENLY HAVEN,250,817,からとP feat.リた☆,Megacycle,
Reb∞t,06,NOV,HEAVENLY HAVEN,240,1067,BEMANI Sound Team ”TAG”,BEMANI Sound Team,
REDO the NIGHT,06,NOV,HEAVENLY HAVEN,206,794,岸田教団＆THE明星ロケッツ,鋼のビスカッチャ,
Redshift,06,NOV,HEAVENLY HAVEN,190,622,technoplanet,ポテトマシーン,
Royal Action,06,NOV,HEAVENLY HAVEN,173,789,BlackY,cosMo＠暴走P,
Royal Judgement,06,NOV,HEAVENLY HAVEN,200,773,Kobaryo,cosMo＠暴走P,
Sacrifice and Faith,06,NOV,HEAVENLY HAVEN,186~184,782,ℱsinfonia（Yu_Asahina　溝口ゆうま　かなたん　大瀬良 あい）,SCライオット,
SAtAN,06,NOV,HEAVENLY HAVEN,300,748,P*Light,tEK-A-RHYTHM,
Scarlet Lance,06,NOV,HEAVENLY HAVEN,185,931,MASAKI（ZUNTATA）「グルーヴコースター」より,Megacycle,
She Turns Me On,06,NOV,HEAVENLY HAVEN,200,904,BEMANI Sound Team ”Sota Fujimori”,MAD CHILD,
Sky High,06,NOV,HEAVENLY HAVEN,153,680,Cuvelia,Jin Majima,
SPACE VILLAGE,06,NOV,HEAVENLY HAVEN,170,740,サイバー劇レコ,SCバイオメトリクス,
#SpeedyCats,06,NOV,HEAVENLY HAVEN,226,733,RoughSketch a.k.a. uno(IOSYS),風瑠人,
Spirit of the Beast,06,NOV,HEAVENLY HAVEN,195,879,ikaruga_nex fw.tcheb,Megacycle,
Staring at star,06,NOV,HEAVENLY HAVEN,250,937,MisoilePunch♪ ～タケノコ添え～,凹ーダー凸ード,
starmine (nora2r Remix),06,NOV,HEAVENLY HAVEN,190,774,nora2r,MAD CHILD,
STULTI,06,NOV,HEAVENLY HAVEN,90~182,660,MAX MAXIMIZER VS DJ TOTTO,ビーフジョッキー,
Sweet Requiem,06,NOV,HEAVENLY HAVEN,190,799,REDALiCE & aran,THE THIRD MAN,
Taiko Drum Monster,06,NOV,HEAVENLY HAVEN,266,718,steμ feat. siroa「太鼓の達人」より,EIVY,
The Golden Era,06,NOV,HEAVENLY HAVEN,175,700,polysha,浮世マシーン,
Theme of Ricerca,06,NOV,HEAVENLY HAVEN,90~158,562,HuΣeR feat.ゆきまめ,月刊ミズタニ,
TRICKL4SH 220,06,NOV,HEAVENLY HAVEN,220,801,Lite Show Magic,ごましおくん vs. PHQUASE,
ULTiMATE INFLATiON,06,NOV,HEAVENLY HAVEN,451,884,cosMo@暴走Genocider,SCライオット,
Venomous Firefly,06,NOV,HEAVENLY HAVEN,264,590,かめりあ,レッドホットミズタニ,
Victim of Nights,06,NOV,HEAVENLY HAVEN,180,760,すのうまん,電撃ロブスター,
We Go Down,06,NOV,HEAVENLY HAVEN,230,984,DJ Genki feat. SHIN from HYPERNOVA with 三代,レッドホットスクリューズ,
Wings of Glory,06,NOV,HEAVENLY HAVEN,225,853,Crawk × Capchii,フォックスロット,
Xevel,06,NOV,HEAVENLY HAVEN,176~185,823,Tatsh「CHUNITHM」より,浮世チュニーン,
Xibercannon,06,NOV,HEAVENLY HAVEN,190,728,隣の庭は青い(庭師+Aoi),SCバイオメトリクス,
Yum Yum Sweetie,06,NOV,HEAVENLY HAVEN,165,770,t+pazolite,電撃ロブスター,
お米,06,NOV,HEAVENLY HAVEN,190,708,大日本鉄倶楽部【あさき＆９６】,大日本松倶楽部,
オニユリ,06,NOV,HEAVENLY HAVEN,153,569,ぺのれり,電撃ロブスター,
オンディーヌの泪,06,NOV,HEAVENLY HAVEN,230,756,かねこちはる,電撃ロブスター,
キュリオシティ,06,NOV,HEAVENLY HAVEN,193,794,庭師,TEK-A-RHYTHM,
ケムマキ underground,06,NOV,HEAVENLY HAVEN,200,824,t+pazolite feat. リズナ,MAD CHILD,
サイコパスラビット,06,NOV,HEAVENLY HAVEN,250,1014,うさぎ愛好会PSYCHOPATH(cosMo×syuri22),cosMo＠暴走PSYCHOPATH,
スラッシュシスターズ,06,NOV,HEAVENLY HAVEN,210,795,はるなば with すずしろ&桃箱,からあげ//シスターズ,
セイクリッド ルイン,06,NOV,HEAVENLY HAVEN,186,726,Drop＆祇羽 feat. 葉月ゆら「太鼓の達人」より,TEK-A-TSUTHM,
セイレーン ～悲壮の竪琴～,06,NOV,HEAVENLY HAVEN,93~214,873,ぺのれり,Ether99,
そして黄金郷へ,06,NOV,HEAVENLY HAVEN,260,572,TAKU1175 × かにまゆ,dj strachen,
それは花火のような恋,06,NOV,HEAVENLY HAVEN,182,839,夏色バーニングラブ☆Prim,MaKoTo & マシーン,
ツキアカリ,06,NOV,HEAVENLY HAVEN,207,954,タケノコ少年,凹ーダー凸ード,
トラウマ催眠少女さとり！,06,NOV,HEAVENLY HAVEN,210,899,DJ SHARPNEL feat.一ノ瀬月琉,THE THIRD MAN,
ドリームエンド・サバイバー,06,NOV,HEAVENLY HAVEN,201,883,ぽんきち,七色Method,
びいすと！,06,NOV,HEAVENLY HAVEN,200,826,ビートまりおとARM,月刊ポテタニ,
ファイナルレター,06,NOV,HEAVENLY HAVEN,205,930,かねこちはる,七色Method,
プレインエイジア(MRM REMIX),06,NOV,HEAVENLY HAVEN,146,539,モリモリあつし,月刊ミズタニ,
ホワイトパレード,06,NOV,HEAVENLY HAVEN,218,850,梅干茶漬け,風瑠人,
まじかる生主＠りすなちゃん,06,NOV,HEAVENLY HAVEN,220,862,DJ SHARPNEL feat. みらい,つながってるかニャ？～PH～,
メイビ～初恋！？ビスケット☆大作戦,06,NOV,HEAVENLY HAVEN,182,610,DJ TOTTO×mitsu feat.BisCo(CV:洲崎綾),レッドホットビスケット,
ロプノールの商隊,06,NOV,HEAVENLY HAVEN,186,592,Ahkuta,MaKoTo,
怒槌,06,NOV,HEAVENLY HAVEN,200,1032,光吉猛修「CHUNITHM」より,SCライオット from SOUND VOLTEX譜面ボーイズの逆襲,
壊Rave*it!! 壊Rave*it!!,06,NOV,HEAVENLY HAVEN,280,594,LeaF,cosMo＠暴走P,
神獄烙桜,06,NOV,HEAVENLY HAVEN,258,630,かゆき,風瑠人,
業焔繚乱,06,NOV,HEAVENLY HAVEN,201,724,BlackY,MAD CHILD,
極彩天奏,06,NOV,HEAVENLY HAVEN,156,635,かゆき,Megacycle,
祝福の色彩は想い結ぶ君たち迄,06,NOV,HEAVENLY HAVEN,235,789,Yu-dachi,鋼のビスカッチャ,
準備運動,06,NOV,HEAVENLY HAVEN,182,727,すのうまん,Ester運動,
神話に芽吹く,06,NOV,HEAVENLY HAVEN,197,735,Cororo,ビーフジョッキー,
水簾ノ調,06,NOV,HEAVENLY HAVEN,190,708,Capchii × Crawk,SHiJiMiSo Soup.☆彡,
創世ノート,06,NOV,HEAVENLY HAVEN,200,912,PON+wac,Antonio+Guccini,
誰が為に兎は舞う＝狂速狂騒曲＝,06,NOV,HEAVENLY HAVEN,231,920,うさぎ愛好会(cosMo×syuri22),cosMo＠うさぎ愛好会,
†渚の小悪魔ラヴリィ～レイディオ†,06,NOV,HEAVENLY HAVEN,190,798,夏色ビキニのPrim,えいニャ！えいニャ！渚の～PH～,
光射す澪のユズリハ,06,NOV,HEAVENLY HAVEN,190,689,Cororo feat.Yuria Miyazono,フォックスロット,
僕らの時間,06,NOV,HEAVENLY HAVEN,214,723,テヅカ feat. 大西あみみ,SCバイオメトリクス,
焔 -MAGMA-,06,NOV,HEAVENLY HAVEN,185,772,SOUND HOLIC feat. Nana Takahashi,MAD CHILD,
真っ白な靴,06,NOV,HEAVENLY HAVEN,226,797,豚乙女,ビーフジョッキー,
蟲の棲む処,06,NOV,HEAVENLY HAVEN,161,627,かめりあ feat. Nana Takahashi,MAD CHILD,
羅生門,06,NOV,HEAVENLY HAVEN,230,844,TAKU1175 × かにまゆ,ひとくちピエロ,
↓↓↓,06,NOV,GRAVITY WARS,222,1024,庭師,月刊ミズタニ,
2 MINUTES FIGHTERS,06,NOV,GRAVITY WARS,203,750,P*Light,月刊♦マシーン,
{albus},06,NOV,GRAVITY WARS,198,811,かめりあ,風瑠人,
ΑΩ-,06,NOV,GRAVITY WARS,208,932,BlackY,MAD CHILD Ressurection,
Angelic Jelly,06,NOV,GRAVITY WARS,200,908,t+pazolite,MAD CHILD,
Blastix Riotz,06,NOV,GRAVITY WARS,256,650,かめりあ as,TEK-A-RHYTHM-IX,
Candy Colored Hearts,06,NOV,GRAVITY WARS,193,716,はるなば,風瑠人,
Celestial stinger,06,NOV,GRAVITY WARS,259,791,Noah,Megacycle,
CENSORED!!,06,NOV,GRAVITY WARS,195,959,t+pazolite,PHQUASE,
Chant du Cygne,06,NOV,GRAVITY WARS,140~190,917,ke-ji,Ether99,
Clash of swords,06,NOV,GRAVITY WARS,229,926,Noah,TEK-A-RHYTHM,
Deadly Dolly Dance,06,NOV,GRAVITY WARS,160,771,Shiron,Megacycle,
Demise Quartet,06,NOV,GRAVITY WARS,200,797,Shiron＋こふ×モリモリあつしと提供でお送りします。,ビー フジョッキー,
Destroy,06,NOV,GRAVITY WARS,195,815,Yooh,MAD CHILD,
Emperor's Divide,06,NOV,GRAVITY WARS,220,1030,にゃそ,凹ーダー凸ード,
EMPIRE OF FLAME,06,NOV,GRAVITY WARS,114,650,かめりあ,Hermit♣ミズタニ,
End to end,06,NOV,GRAVITY WARS,250~255,640,Noah,TEK-A-マシーン,
Endless GRAVITY,06,NOV,GRAVITY WARS,265,539,kanone,TEK-A-RHYTHM,
Enigma,06,NOV,GRAVITY WARS,198,822,とろまる,Megacycle,
F.K.S.,06,NOV,GRAVITY WARS,0,526,Nizikawa,PHQUASE,
FIRE FIRE(Kazmasa Remix),06,NOV,GRAVITY WARS,190,831,Kazmasa,浮世マシーン,
Firestorm,06,NOV,GRAVITY WARS,177,1028,ETIA.,Hirayasu Matsudo × ごましおくん,
Fox4-Raize-,06,NOV,GRAVITY WARS,50~200,807,Getty vs. DJ DiA,レッドホットスクリューズ,
Garakuta Doll Play,06,NOV,GRAVITY WARS,256,596,t+pazolite 「maimai」より,浮世マイーン,
GEOMETRIA,06,NOV,GRAVITY WARS,256,667,Shiron,Megacycle,
Get back here,06,NOV,GRAVITY WARS,200,664,Hommarju,風瑠人,
gigadelic(m3rkAb4# R3m!x),06,NOV,GRAVITY WARS,180~916,808,ikaruga_nex,月刊ミズタニ,
gigadelic (かめりあ's The TERA RMX),06,NOV,GRAVITY WARS,183,777,かめりあ,風瑠人,
Got more raves？,06,NOV,GRAVITY WARS,266,727,E.G.G.「グルーヴコースター」より,七色Method,
Halcyon,06,NOV,GRAVITY WARS,40~191,751,xi,Ether99,
HAVOX,06,NOV,GRAVITY WARS,210,816,BlackY vs. Yooh,逆球レジェンド vs. しばまる子,
"Help me, ERINNNNNN!! -Cranky remix-",06,NOV,GRAVITY WARS,180,875,ビートまりお × Cranky,七色Method,
IKAROS DYNAMITE!!!!,06,NOV,GRAVITY WARS,216,1046,BlackY,MAD CHILD,
INF-B《L-aste-R》,06,NOV,GRAVITY WARS,197,771,かねこちはる,レッドホットスクリューズ,
Innocent Floor,06,NOV,GRAVITY WARS,199,873,P*Light,SCバイオメトリクス,
Invitation from Mr.C,06,NOV,GRAVITY WARS,230,776,C-Show,ごましお♣摂津,
JEHANNEDARC,06,NOV,GRAVITY WARS,200,870,BlackY,TEK-A-RHYTHM,
JOMANDA,06,NOV,GRAVITY WARS,90~300,826,DJ YOSHITAKA,†PHQUASE†,
KAC 2012 ULTIMATE MEDLEY,06,NOV,GRAVITY WARS,200,1198,FLOOR LEGENDS -KAC 2012-,SOUND VOLTEX Effectors,
LegenD.,06,NOV,GRAVITY WARS,205~206,821,Yooh,Hermit♠レジェンド,
Lucky*Clover,06,NOV,GRAVITY WARS,200,785,Shiron＋こふ×モリモリあつしと提供でお送りします。,ユカリ♣ポテト,
Metamorphobia,06,NOV,GRAVITY WARS,160,800,winddrums,Megacycle,
MG277,06,NOV,GRAVITY WARS,277,615,eicaTV vs kanone,Ether99,
NEO GRAVITY,06,NOV,GRAVITY WARS,165,763,lapix,NEO GUCCINI,
Never Fails,06,NOV,GRAVITY WARS,151,669,lapix,風瑠マシーン,
Ok!! Hug Me,06,NOV,GRAVITY WARS,210,767,はるなば,TEK-A-RHYTHM,
Ops:Code-Rapture-,06,NOV,GRAVITY WARS,48~195,752,Getty vs. DJ DiA,月刊ミズタニ,
Pon-Pon-Pompoko Dai-Sen-Saw!,06,NOV,GRAVITY WARS,183,765,黒魔,TEK-A-マシーン,
Prayer,06,NOV,GRAVITY WARS,144,672,ぺのれり,PHQUASE Hēlios,
Preserved Valkyria,06,NOV,GRAVITY WARS,115~220,889,ぺのれり,PHQUASE rebirth,
Pure Evil (Kobaryo FTN-Remix),06,NOV,GRAVITY WARS,380,810,Kobaryo,月刊ミズタニ,
Quaint Echo,06,NOV,GRAVITY WARS,195,698,KLing(Aoi+Yunosuke),レッドホットスクリューズ,
REGALIA,06,NOV,GRAVITY WARS,222,1067,Riz,Megacycle,
Renegade Fruits,06,NOV,GRAVITY WARS,240,960,t+pazolite,MAD CHILD,
REVOLVER,06,NOV,GRAVITY WARS,160,671,sky_delta,MAD CHILD Hyperīōn,
Rubeus,06,NOV,GRAVITY WARS,200,771,RedMuffleR,月刊ミズタニ,
Sayonara Planet Wars,06,NOV,GRAVITY WARS,224,966,黒魔,レッドホットスクリューズ,
Seraphim,06,NOV,GRAVITY WARS,186,611,Yooh,PHQUASE,
Solar Storm,06,NOV,GRAVITY WARS,200,644,xi「グルーヴコースター 3 リンクフィーバー」より,浮世コスーン,
Stleq,06,NOV,GRAVITY WARS,200,711,ぬゆり,レッドホットスクリューズ♠TEK-A-RHYTHM,
The setting sun,06,NOV,GRAVITY WARS,140,905,DJ YASETAKA,Hirayasu Matsudo,
The star in eclipse,06,NOV,GRAVITY WARS,220,999,しーけー,MAD CHILD MOONLiGHT,
Time to Air -Fly High Remix-,06,NOV,GRAVITY WARS,202,938,xi,MAD CHILD,
TOXIC VIBRATION,06,NOV,GRAVITY WARS,197,968,SOUND HOLIC Vs. T.Kakuta feat. YURiCa,SCバイオメトリクス,
Ultimate Ascension,06,NOV,GRAVITY WARS,200,773,かめりあ,月刊ミズタニ,
UnivEarth,06,NOV,GRAVITY WARS,187,754,Antinomic Paradox,Antonio Guccini,
veRtrageS,06,NOV,GRAVITY WARS,190,811,Riz vs. Shiron,ユカリ☆chan,
Warriors Aboot,06,NOV,GRAVITY WARS,175,576,RoughSketch vs MAD CHILD,MAD CHILD,
Witch in Sweetsland,06,NOV,GRAVITY WARS,185,853,COOKIE MONSTERS(winddrums+黒魔),七色Method,
World's end,06,NOV,GRAVITY WARS,270,568,Noah,レッドホットスクリューズ♥TEK-A-RHYTHM,
XHAOS JUDGE,06,NOV,GRAVITY WARS,200,830,BlackYooh vs.siromaru,MAD CHILD,
XROSS THE XOUL,06,NOV,GRAVITY WARS,194,669,BlackY vs. Yooh,PHQUASE vs. FUKASE,
XyHATTE,06,NOV,GRAVITY WARS,222,940,cosMo＠暴走Ultimate,SC(バイオメトリクス+ライオット),
ZEPHYRANTHES,06,NOV,GRAVITY WARS,180,912,TAG,TAG supported by SCライオット,
Zero-Day Exploit,06,NOV,GRAVITY WARS,194,819,Trerey-U,cosMo＠暴走P,
アキネイション,06,NOV,GRAVITY WARS,185,552,ビートまりお（COOL&CREATE）,PHQUASE,
きたさいたま2000,06,NOV,GRAVITY WARS,222,865,LindaAI-CUE（BNGI）「太鼓の達人」より,首領ぐっち～に,
じゅーじゅー♥焼肉の火からフェニックス！？,06,NOV,GRAVITY WARS,180,810,かめりあ feat. ななひら,直火♥炭火♡ふかせ,
ドーパミン,06,NOV,GRAVITY WARS,200,928,U1 overground,MAD CHILD,
パ→ピ→プ→Yeah!-,06,NOV,GRAVITY WARS,160,561,ヒゲドライバー join. shully & Nimo,月刊ミズタニS,
マサカリブレイド,06,NOV,GRAVITY WARS,194,817,REDALiCE,MAD CHILD,
踊るフィーバーロボ,06,NOV,GRAVITY WARS,160,674,ダニエル&eimy と よしくん,Megacycle,
鬼天,06,NOV,GRAVITY WARS,161,805,兎々,博多の男,
極圏,06,NOV,GRAVITY WARS,207,827,cosMo VS dj TAKA,cosMo@暴走P,
紅の剣舞,06,NOV,GRAVITY WARS,190,689,かねこちはる,Ether99,
混乱少女♥そふらんちゃん!!,06,NOV,GRAVITY WARS,32~259,520,かめりあ feat. ななひら,へんし～～～ん!! ミズタニ,
侍 Annihilate!!,06,NOV,GRAVITY WARS,500,1099,QURELESS,凹ーダー凸ード,
幸せになれる隠しコマンドがあるらしい,06,NOV,GRAVITY WARS,0,683,うたたP feat. 結月ゆかり,ユカリ☆chan,
漆黒のスペシャルプリンセスサンデー,06,NOV,GRAVITY WARS,200,795,日向美ビタースイーツ♪,ビーフジョッキー,
灼熱Beach Side Bunny,06,NOV,GRAVITY WARS,153,827,DJ Mass MAD Izm*,ねちっこく堂,
消失,06,NOV,GRAVITY WARS,240,996,cosMo@暴走P,PHQUASE,
雪月花 -さわわRemix-,06,NOV,GRAVITY WARS,188,752,さわわ,Ether99,
絶対零度,06,NOV,GRAVITY WARS,209,863,かねこちはる,七色Method 1+1/2,
到達してしまった僕らと夢と希望の最之果,06,NOV,GRAVITY WARS,188,808,Ayatsugu_Otowa,TAKUYA,
東方妖々夢 ULTIMATE MEDLEY,06,NOV,GRAVITY WARS,220,984,uma vs. モリモリあつし,Megacycle,
量子の海のリントヴルム-,06,NOV,GRAVITY WARS,280,578,黒猫ダンジョン,風瑠人,
Two Fates,06,ADV,INFINITE INFECTION,176,966,発熱巫女～ず,DJ WILDPARTY,
蒼空に舞え、墨染の桜,06,ADV,INFINITE INFECTION,150,850,さゆり (Silver Forest),DJ WILDPARTY,
Bangin' Burst,06,NOV,INFINITE INFECTION,234,796,かめりあ,月刊ごましお♣club,
Black Emperor,06,NOV,INFINITE INFECTION,30~195,762,黒魔,TEK-A-RHYTHM,
BLACK or WHITE?,06,NOV,INFINITE INFECTION,185,805,BlackYooh vs. siromaru,MAD CHILD,
C18H27NO3,06,NOV,INFINITE INFECTION,210,798,Team Grimoire,MAD CHILD,
Cleopatrysm,06,NOV,INFINITE INFECTION,190,780,ピラミッ℃,THE THIRD MAN,
CODE,06,NOV,INFINITE INFECTION,167,744,Shiron,TEK-A-RHYTHM × 逆球レジェンド,
Crack Traxxxx,06,NOV,INFINITE INFECTION,220,798,Lite Show Magic (t+pazolite vs C-Show),ごましおくん vs. PHQUASE,
Dignity,06,NOV,INFINITE INFECTION,193,637,Yooh,MAD CHILD,
FIRE FIRE,06,NOV,INFINITE INFECTION,177,740,Yooh,月刊ミズタニ,
Growth Memories,06,NOV,INFINITE INFECTION,215,863,Hidra-Xjeil,月刊ミズタニと博多の男,
Harpuia,06,NOV,INFINITE INFECTION,93~186,730,BlackY,レッドホットスクリューズ,
Hellfire,06,NOV,INFINITE INFECTION,176,628,Hommarju,月刊ミズタニ,
Idola,06,NOV,INFINITE INFECTION,201,784,iconoclasm feat.GUMI,PHQUASE vs. FUKASE,
Innocent Tempest,06,NOV,INFINITE INFECTION,180,706,Diceros Bicornis,PHQUASE,
INSECTICIDE,06,NOV,INFINITE INFECTION,199,922,Camellia,PHQUASE,
IX,06,NOV,INFINITE INFECTION,198,742,dj TAKA VS DJ TOTTO feat.藍,月刊ミズタッチ,
KiLLeR MeRMaiD,06,NOV,INFINITE INFECTION,440,650,QURELESS,Ether99,
Last Concerto,06,NOV,INFINITE INFECTION,220,678,ke-ji,Ether99,
Mist In Hell,06,NOV,INFINITE INFECTION,225,718,LUNA,レッドホットスクリューズ,
Pure Evil-Aya2g Drm'n Tech Rmx-,06,NOV,INFINITE INFECTION,190,752,Ayatsugu_Otowa,TAKUYA,
Sakura Mirage,06,NOV,INFINITE INFECTION,187,567,Ryu☆,青パステル君 collaborated with ki4ki4,
VALLIS-NERIA,06,NOV,INFINITE INFECTION,185,782,DJ YOSHITAKA,SHOUTICE,
werewolf howls.,06,NOV,INFINITE INFECTION,222,727,かめりあ,月刊ミズタニ,
XROSS INFECTION,06,NOV,INFINITE INFECTION,194,727,BlackY vs. Yooh,PHQUASE vs. FUKASE,
バンブーソード・ガール,06,NOV,INFINITE INFECTION,208,614,cosMo＠暴走P,PHQUASE ver.1.5,
悪性ロリィタマキャヴェリズム,06,NOV,INFINITE INFECTION,280,640,かいりきベア,Megacycle,
有頂天ビバーチェ,06,NOV,INFINITE INFECTION,266,565,Last Note.,azuma,
御千手メディテーション,06,NOV,INFINITE INFECTION,150~190,734,昇天家族,MAD CHILD,
音楽 -resolve-,06,NOV,INFINITE INFECTION,114~220,527,Yu_Asahina,PHQUASE,
打打打打打打打打打打,06,NOV,INFINITE INFECTION,156,589,ヒゲドライバー join. SELEN,SHOUTICE,
超越してしまった彼女と其を生み落した理由,06,NOV,INFINITE INFECTION,178,681,Ayatsugu_Otowa,TEK-A-RHYTHM,
柳の下のデュラハン,06,NOV,INFINITE INFECTION,220,841,albel.,Megacycle,
dilemma,06,ADV,BOOTH,128,521,豚乙女,レッドホットスクリューズ,
Rebellious stage,06,ADV,BOOTH,160,531,Dios/シグナルP,Megacycle,
Vampire Killer,06,ADV,BOOTH,130,672,fu_mou,Megacycle,
ふしぎなくすり,06,ADV,BOOTH,162,854,ゆうゆ,PHQUASE,
ルートスフィア,06,ADV,BOOTH,124,539,Last Note. feat. GUMI,Acid=Stone Valley,
世界はネコのもの,06,ADV,BOOTH,157,532,Nem,Hirayasu Matsudo,
遠く,06,ADV,BOOTH,128,575,Dixie Flatline feat.祭屋,レッドホットスクリューズ,
凛として咲く花の如く,06,ADV,BOOTH,163,888,マチゲリータ,SCバイオメトリクス,
AA,06,NOV,BOOTH,160,799,BlackY,月刊ミズタニ,
Absurd Gaff,06,NOV,BOOTH,160,561,siromaru,月刊ミズタニ,
Broken,06,NOV,BOOTH,150,646,iroha(sasaki),デジャヴーSP,
croiX,06,NOV,BOOTH,160~195,910,TeamGrimoire+あま猫,レッドホットスクリューズ,
Disagree Feelings,06,NOV,BOOTH,170,803,uno(IOSYS),PHQUASE,
Distorted Floor,06,NOV,BOOTH,95~180,703,RoughSketch,MAD CHILD,
Dynasty,06,NOV,BOOTH,189,695,Yooh,MAD CHILD,
FLOWER,06,NOV,BOOTH,180,1060,REDALiCE,PHQUASE,
Ganymede,06,NOV,BOOTH,200,673,kamome sano,PHQUASE,
Gott,06,NOV,BOOTH,195,470,Hommarju,月刊ミズタニ,
Onigo,06,NOV,BOOTH,175,860,Hommarju,PHQUASE,
PANIC HOLIC,06,NOV,BOOTH,220,666,C-Show,ユカリ☆chan,
V.I.P.,06,NOV,BOOTH,169,543,ismK,TEK-A-RHYTHM,
金縛りの逢を,06,NOV,BOOTH,200,643,はるなば,TEK-A-RHYTHM,
境界インサニティー,06,NOV,BOOTH,190,662,Toma+o,ユカリ☆chan,
恋する☆宇宙戦争っ！！,06,NOV,BOOTH,200,898,ARM(IOSYS),ばばばば～ん☆ふかせ,
香港功夫大旋風,06,NOV,BOOTH,178,878,Daisuke Ohnuma,ねちっこく堂,
冥,06,NOV,BOOTH,200,710,164,TEK-A-RHYTHM,
777 (Vocal ver.),07,NOV,NABLA,777,0,RoughSketch featななひら,Orbie & Barbie,
Blue Diamond,07,NOV,NABLA,272,0,青龍改,T=I=NAKA改,
Celestial Conquest,07,NOV,NABLA,108~222,0,xi,鋼のビスカッチャ,
DANGER XLOZE,07,NOV,NABLA,184,0,EYEN(seatrus+kuro),T=I=NAKA,
fixer,07,NOV,NABLA,75~215,0,PHQUASE vs. dj TAKA,～PH～ a.k.a PHQUASE,
Glitch N Ride,07,NOV,NABLA,30~300,0,Eagle,フォックスロット,
L2 -Reminiscence- (SDVX ver.),07,NOV,NABLA,152,0,Ice,Akizuki Nagomu,
"Pick up, Me!",07,NOV,NABLA,155~240,0,Capchii feat 初音ミク,パワフルネコニャンコ×カラフルネコキャット,
Plan 8,07,NOV,EXCEED GEAR,212,1053,Ryu☆,赤色Method -tricoro RED ver-,
ShowDawn,07,NOV,NABLA,227,0,Capchii × Uzumaki,apple kong,
Veins Resonance,07,NOV,NABLA,207,0,めと（Metomate）,ダークダークダークダーク,
Zany Arcadia ”E”,07,NOV,NABLA,180,0,天束 vs siromaru,kamuy noko,
Zt!ri△,07,NOV,NABLA,260,0,m@sumi vs RoughSketch,レッドホットビーフ vs スクリュージョッキーズ,
ミスクレイジースピード,07,NOV,NABLA,220,0,cosMo＠暴走P feat 初音ミク,cosMo＠暴走P,
華麗なる一撃,07,NOV,NABLA,190,0,TAKIO feat. 駄々子,ゆめいろパフィー,
555 (Please call me “Go! Go! Go!”),07,NOV,EXCEED GEAR,555,0,RoughSketch,T=I=NAKA vs. fractal-shoot!!,
Absurd Gaff (Metallize Remix),07,NOV,EXCEED GEAR,220,1024,Metal Giant,凹ーダー凸ード,
Allegro Saetta,07,NOV,EXCEED GEAR,182,738,天束 vs. siromaru,脈力木魚,
Ambivalent Vermilia,07,NOV,EXCEED GEAR,185,835,BEMANI Sound Team ”二代目朱雀 feat.朱雀”,レッドホットスクリューズ,
and After the Merry BADEND,07,NOV,EXCEED GEAR,64~192,932,polysha,フォックスロット,
Ardenok,07,NOV,EXCEED GEAR,167,990,kanone VS nora2r,kamuy noko,
ARISE,07,NOV,EXCEED GEAR,256,651,Juggernaut.,鋼のビスカッチャ,
Breakneck Pursuit,07,NOV,EXCEED GEAR,210,1092,Ashrount,電撃ロブスター,
Burst Λnd reBoost,07,NOV,EXCEED GEAR,203~232,996,めと（Metomate）,ダーク Λnd スクリューズ,
Circuit Surfer,07,NOV,EXCEED GEAR,230,1200,kors k,レッドホットスクリューズ,
COSMIC V3LOCITY,07,NOV,EXCEED GEAR,200,966,BEMANI Sound Team ”Coyaan & KE!JU & ZAQUVA”,Nature FV,
Cuz we <3 this Game,07,NOV,EXCEED GEAR,276~333,716,打打だいず,CosMo The OverDrive,
DISTORDER,07,NOV,EXCEED GEAR,220,0,DJ Myosuke,トトリオン軍団,
Electronic Sports Complex,07,NOV,EXCEED GEAR,220,0,栄免建設,T=I=NAKA,
Entropic EnHαncemEnt,07,NOV,EXCEED GEAR,254,1153,CHUBAY,Royα∠ CrαckEr,
EROICA,07,NOV,EXCEED GEAR,200,0,BEMANI Sound Team ”HERO”,DJ FSHOOT,
EYE OF THE HEAVEN,07,NOV,EXCEED GEAR,308,0,BEMANI Sound Team ”U1-ASAMi”,レッドホットスクリューズ,
FRENZY HEART,07,NOV,EXCEED GEAR,165,0,EBIMAYO,ゆめいろパフィー×あまぐもリコイル,
Gryphone,07,NOV,EXCEED GEAR,175,1256,ETIA.,Hxxxxxxx Mxxxxxx,
Guinevere～白き妖精～,07,NOV,EXCEED GEAR,150~225,1056,ぺのれり,～PH～ annibirth,
If Summer Ever Comes_,07,NOV,EXCEED GEAR,155~185,0,黒魔,ZYPRESSEN,
JACK -the KING Ki11ing-,07,NOV,EXCEED GEAR,311,883,打打だいず vs. siromaru,kamuy noko,
Lichtsaule,07,NOV,EXCEED GEAR,215,1351,かめりあ & BEMANI Sound Team ”PHQUASE”,～PH～(beatnation RHYZE),
Nebula Dysorder,07,NOV,EXCEED GEAR,164,989,かめりあ,ゆめいろパフィー (supervised by RHS),
OVER《Δ》,07,NOV,EXCEED GEAR,100~573,0,EmoCosine overlay,フォックスロット,
O<3rf10W,07,NOV,EXCEED GEAR,200,831,momocaca (月乃×Capchii),|直垂すもも|×frΛ(7α1-$höøt!!,
OVEЯ+TUЯE,07,NOV,EXCEED GEAR,244,1221,kanone VS nora2r,七色Method,
QQ,07,NOV,EXCEED GEAR,199,953,BEMANI Sound Team ”PHQUASE & ZAQUVA”,direQt effeQtors,
REINCARNATION,07,NOV,EXCEED GEAR,220,1094,P*Light,電撃ロブスター,
SAD1STIC Я04D,07,NOV,EXCEED GEAR,292,783,Enterskip,TEK-A-RHYTHM × 月刊ミズタニ,
SOLAR ECLIPSE,07,NOV,EXCEED GEAR,195,937,Yuta Imai Vs. BEMANI Sound Team ”Yvya”,フォックスロット,
Spectacular“V”Adventure!,07,NOV,EXCEED GEAR,238~264,937,Enterskip,ロイヤルクラッカー,
Superstar!,07,NOV,EXCEED GEAR,280,668,Tatsunoshin,鋼のビスカッチャ,
Timepiece phase Ⅱ,07,NOV,EXCEED GEAR,287,699,佐々木博史,～PH～ase Ⅱ,
Titanomachia,07,NOV,EXCEED GEAR,165,926,打打だいず vs. siromaru,Arcana,
Undead Raving Scare,07,NOV,EXCEED GEAR,165~250,1048,RoughSkreamZ,Probably Finest Lv.09,
XΛLT=OVER,07,NOV,EXCEED GEAR,321,864,Ashrount,XΛLMON=GRAPHY,
Xeno Gravity,07,NOV,EXCEED GEAR,286,602,xi,Ether99,
Xinca,07,NOV,EXCEED GEAR,235,1015,隣の庭は青い(庭師+Aoi),深化 - fractal-shoot!!,
XROSS INFECTION -xiRemix-,07,NOV,EXCEED GEAR,107~215,1016,xi,～PH～ vs. Ether99,
What's up Pop!,07,NOV,EXCEED GEAR,170~230,1151,Capchii feat. 初音ミク,cosMo＠暴走P,
while (screen is blue),07,NOV,EXCEED GEAR,64~255,731,kamome sano,ダークフォックスダークロット,
Who then no 灯,07,NOV,EXCEED GEAR,188,1023,星野音楽工房,ReboundeR,
オムニシエント・ゼロ,07,NOV,EXCEED GEAR,134~208,0,ke-ji（CERTIA）,Ether99,
シュレーディンガーの猫,07,NOV,EXCEED GEAR,187,774,Cait Sith,レッドキャットスクリューズ,
神威,07,NOV,EXCEED GEAR,210,1452,TJ.hangneil,Arcana -Exceed-,
黒蝶のワルツ,07,NOV,EXCEED GEAR,108~160,667,ぺのれり,ブラックホットスクリューズ,
細氷,07,NOV,EXCEED GEAR,180,1084,かねこちはる,七色Method IV,
天泣,07,NOV,EXCEED GEAR,150,0,BEMANI Sound Team ”meteorologists”,～PH～ from meteorologists,
All We Need is HAPPY END!!!,07,NOV,EXCEED GEAR,260,608,polysha,CosMo The OverDrive,
Avalanx,07,NOV,EXCEED GEAR,185,1025,隣の庭は青い(庭師+Aoi),TEK-風瑠人,
DEUX EX MAXHINA,07,NOV,EXCEED GEAR,257,685,Ashrount,Akizuki Nagomu,
Fαtα∠ Ent∠mEnt,07,NOV,EXCEED GEAR,254,1082,CHUBAY,Royα∠ CrαckEr,
Glory of Fighters,07,NOV,EXCEED GEAR,90~240,1111,RoughSkreamZ,MAD CHILD Beat Per Limits,
HALO,07,NOV,EXCEED GEAR,210,851,Tatsunoshin,NOX,
Holy Trail,07,NOV,EXCEED GEAR,200,1059,satie,kamuy noko,
[ ]DENTITY,07,NOV,EXCEED GEAR,200,1034,BEMANI Sound Team ”HuΣeR”,～PH～×レッドホットスクリューズ,
LaμreLs ~the Angelus~,07,NOV,EXCEED GEAR,321,819,Ashrount,SALμON GRAPHY,
MILITARY R04D,07,NOV,EXCEED GEAR,272,776,Enterskip,TEK-A-RHYTHM × 月刊ミズタニ,
One More Lovely,07,NOV,EXCEED GEAR,200,974,Risk Junk,レッドホットラブリー,
perditus†paradisus,07,NOV,EXCEED GEAR,172,962,iconoclasm,salmontus†graphsus,
VΛZiLiSQ,07,NOV,EXCEED GEAR,199,1067,BlackY,ZangY Bros.,
VOLAQUAS,07,NOV,EXCEED GEAR,212,1190,BEMANI Sound Team ”DJ TOTTO VS 兎々”,Akizuki Nagomu,
You Are My Best RivaL!!,07,NOV,EXCEED GEAR,240,1085,cosMo＠暴走P,CosMo The OverDrive,
すべてが幻になった後で,07,NOV,EXCEED GEAR,66~79,462,かめりあ・超機装幻楽隊,松田博泰・超希想箋楽隊,
ピアノ独奏無言歌 ”灰燼”,07,NOV,EXCEED GEAR,100~200,396,BEMANI Sound Team ”Virkato Wakhmaninov”,-,
赫焉,07,NOV,EXCEED GEAR,222,1178,打打だいず vs. siromaru,赤熱螺旋,
赫焉のヴァルキュリア -Ragnarok-,07,NOV,EXCEED GEAR,222,899,ryhki,MAD CHILD & Megacycle,
紫焔双穿,07,NOV,EXCEED GEAR,230,1031,かめりあ,MAD CHILD,
恋愛＝精度×認識力,07,NOV,EXCEED GEAR,3~333,830,立秋 vs. BEMANI Sound Team ”L.E.D.-G” feat.ちょこ＆ななひら,まゆずみ feat. あゆた,
2 Beasts Unchained,07,NOV,EXCEED GEAR,175,774,kors k vs Yooh,MAD CHILD & Hirayasu Matsudo,
777,07,NOV,EXCEED GEAR,777,1292,RoughSketch(Notebook Records),RED MAD HOT CHILDREN,
AμreoLe ~for Triumph~,07,NOV,EXCEED GEAR,321,750,Ashrount,レッドホットスクリューズ,
αzalea,07,NOV,EXCEED GEAR,99~198,853,BlackY,MAD CHILD,
Bad Elixir,07,NOV,EXCEED GEAR,203,903,xi,Ether99,
BAYONEX,07,NOV,EXCEED GEAR,262,942,かめりあ as ”Revenge of Riot”,TEK-A-RHYTHM Ｘ レッドホットスクリューズ,
Chronomia,07,NOV,EXCEED GEAR,227,1294,Lime,風瑠人,
CLAMARE,07,NOV,EXCEED GEAR,224,1357,MAX MAXIMIZER,Ether99,
EncorE & cALL,07,NOV,EXCEED GEAR,240,922,CHUBAY,電撃ロブスター,
onslaught -Retaliation of Bahamut-,07,NOV,EXCEED GEAR,238,959,かめりあ,レッドホットスクリューズ,
Rapsodia d'amore,07,NOV,EXCEED GEAR,288,531,xi,Ether99,
Reverenced Flower,07,NOV,EXCEED GEAR,152~209,1072,ぺのれり,～PH～ prebirth,
Rhapsody Of Triumph,07,NOV,EXCEED GEAR,235,978,かめりあ・超機裝旋楽隊,鋼鐵のビスカチア,
The Clown of 24stairs,07,NOV,EXCEED GEAR,204,928,Yu_Asahina,レッドホットスクリューズ,
Xb10r,07,NOV,EXCEED GEAR,200,834,隣の庭は青い(庭師+Aoi),月刊ミズタニ,
ZEUS,07,NOV,EXCEED GEAR,228,1104,BlackY,２κονノックオン,
ディスコルディア,07,NOV,EXCEED GEAR,180~280,735,ぺのれり vs. BEMANI Sound Team ”HuΣeR”,～PH～ the Valhalla,
ドゥサンコオデッセイ!!,07,NOV,EXCEED GEAR,160,799,cosMo＠暴走P,cosMo＠暴走P,
ピアノ協奏曲第１番”蠍火”,07,NOV,EXCEED GEAR,165~188,586,virkato,赫,
十の試煉,07,NOV,EXCEED GEAR,211,867,打打だいず vs. siromaru,フォックスロット,
動く、動く（”A&M Chillin' ” Electro Remix）,07,ADV,VIVID WAVE,128,566,Remixed by かめりあ feat.響木アオ＆虹乃まほろ,MAD CHILD,
9TH5IN,07,NOV,VIVID WAVE,222,958,ETIA.,サイバーガスタンク,
Calamity Tempest,07,NOV,VIVID WAVE,194,773,Diceros Bicornis,SALMON GASTANK,
Daisycutter,07,NOV,VIVID WAVE,191,963,ETIA.,The Hirayasu Matsudo,
ENDYMION,07,NOV,VIVID WAVE,110~880,1028,fallen shepherd ft. RabbiTon Strings,レッドホットスクリューズ,
Ghost Family,07,NOV,VIVID WAVE,238,1178,RoughSketch,MAD CHILD & Hirayasu Matsudo,
Lancelot,07,NOV,VIVID WAVE,189~216,955,ぺのれり,亡国の電撃ロブスター,
Lisa-RICCIA,07,NOV,VIVID WAVE,205,830,DJ YOSHITAKA,レッドホットスクリューズ,
LubedeR,07,NOV,VIVID WAVE,256,592,C-Show,ごましお風,
ΛΛemoria,07,NOV,VIVID WAVE,118,580,MisoilePunch♪,Akizuki NagoΛΛu♪,
†:OLPHEUX:†,07,NOV,VIVID WAVE,276,725,Juggernaut.,†:凹ーダー凸ード:†,
OUTERHEΛVEN,07,NOV,VIVID WAVE,210,1054,Juggernaut.,Amazeki Kagome & Akizuki Nagomu,
ЯeviveR,07,NOV,VIVID WAVE,238,1026,Diceros Bicornis,Ether99,
Redshift 2nd Ignition,07,NOV,VIVID WAVE,104~230,867,technoplanet,Akizuki Nagomu,
TENKAICHI ULTIMATE BOSSRUSH MEDLEY,07,NOV,VIVID WAVE,207~282,1222,TENKAICHI LEGENDS,SOUND VOLTEX Effectors,
THE凸GENERATOR,07,NOV,VIVID WAVE,255,715,cosMo＠暴走P,cosMo凸暴走P,
voltississimo,07,NOV,VIVID WAVE,225,1123,BEMANI Sound Team,～PHPHPH～,
VVelcome!!,07,NOV,VIVID WAVE,265,715,MisoilePunch♪,風瑠人,
Xronial Xero,07,NOV,VIVID WAVE,335,960,かめりあ as ”menaXe inXonnu”,レッドホットスクリューズ ＸＸ TEK-A-RHYTHM,
θコトノハθカプセルθ,07,NOV,VIVID WAVE,228,1159,cosMo＠暴走P,θcosMoθ暴走Pθ,
色を喪った街,07,NOV,VIVID WAVE,166,956,かめりあ feat. かめりあ,零色メソッド,
卑弥呼,07,NOV,VIVID WAVE,82~185,852,朱雀 VS 玄武,浮世魔神,
飄える翼追い掛けて,07,NOV,VIVID WAVE,255,730,かめりあ feat. かめりあ,テカタニ feat. テカタニ,
Alice Maestera,07,ADV,HEAVENLY HAVEN,140,888,Alstromeria Records,MAD CHILD,
Dystopia,07,ADV,HEAVENLY HAVEN,155,652,DiGiTAL WiNG feat. 花たん/YURiCa,ユカリ☆chan,
I feel something for you,07,ADV,HEAVENLY HAVEN,150,734,556ミリメートル,ひとくちピエロ,
It's a new day!,07,ADV,HEAVENLY HAVEN,132,695,パピ子りんft.ビタミンな兄貴♂＆ゆずり,スカイシュート,
moon,07,ADV,HEAVENLY HAVEN,150,895,iroha(sasaki),THE THIRD MAN,
SO FLY ME TO YOU,07,ADV,HEAVENLY HAVEN,138,681,ローゼライト powered by mu-ray,ひとくちピエロ,
Take to Lips,07,ADV,HEAVENLY HAVEN,115,698,Sound CYCLONE feat.大瀬良あい＆℃iel,TAKUYA,
クリスタルミサイル,07,ADV,HEAVENLY HAVEN,133,653,フーリンキャットマーク～with 鳴紗,THE THIRD MAN,
ナナイロライト,07,ADV,HEAVENLY HAVEN,135,828,ここなつ,マッドチャイルド＆ひらやすまつど,
パンダヒーロー,07,ADV,HEAVENLY HAVEN,190,761,ハチ,ひとくちパンダ,
少女救世論,07,ADV,HEAVENLY HAVEN,159,894,暁Records,ダークダークダーク,
千本桜,07,ADV,HEAVENLY HAVEN,154,960,黒うさP feat. 初音ミク,MaKoTo & ポテト,
冒涜的選択のアレグリア ft. Mayumi Morinaga,07,ADV,HEAVENLY HAVEN,156,837,Iceon(Frost Fragment),MAD CHILD,
私とあなたのMYOURENJI☆,07,ADV,HEAVENLY HAVEN,142,703,歌恋人,ビーフジョッキー,
A Lasting Promise,07,NOV,HEAVENLY HAVEN,270,842,Laur,TEK-A-RHYTHM-IX,
Absolute Domination,07,NOV,HEAVENLY HAVEN,109~218,882,Laur,MAD CHILD,
Awakening,07,NOV,HEAVENLY HAVEN,208,1066,technoplanet,七色Method Infrared,
BELOBOG,07,NOV,HEAVENLY HAVEN,200,1027,BEMANI Sound Team ”純白のIVORY”,Ether99,
Chrono Diver -PENDULUMs-,07,NOV,HEAVENLY HAVEN,196,905,猫叉L.E.D.Master+,時間軸を超越する者～PH～,
Cross Fire,07,NOV,HEAVENLY HAVEN,180,844,Hommarju vs RoughSketch,NET-i-TEK,
Elemental Creation,07,NOV,HEAVENLY HAVEN,212,1088,dj TAKA meets DJ YOSHITAKA,MAD CHILD meets レッドホットスクリューズ,
Failnaught,07,NOV,HEAVENLY HAVEN,220,900,xi,TEK-A-RHYTHM,
FIN4LE ～終止線の彼方へ～,07,NOV,HEAVENLY HAVEN,256,663,カモメサノエレクトリックオーケストラ,PHQUASE phantom,
Fly Like You,07,NOV,HEAVENLY HAVEN,196~286,595,technoplanet,蒼穹の電撃ロブスター,
FREEDOM DiVE,07,NOV,HEAVENLY HAVEN,222,1150,xi,Ether99,
GERBERA -For Finalists-,07,NOV,HEAVENLY HAVEN,205,1070,remixed by cosMo@暴走P,cosMo@暴走P,
GODHEART,07,NOV,HEAVENLY HAVEN,190,982,BlackY,Akizuki Nagomu,
HE4VEN ～天国へようこそ～,07,NOV,HEAVENLY HAVEN,256,772,カモメサノエレクトリックオーケストラ,PHQUASE Utopia,
iLLness LiLin,07,NOV,HEAVENLY HAVEN,280,844,かねこちはる,MAD CHILD Dystiopia,
KAC 2013 Empress Side,07,NOV,HEAVENLY HAVEN,201,1043,FLOOR LEGENDS -KAC 2013-,SOUND VOLTEX Effectors,
Last Resort,07,NOV,HEAVENLY HAVEN,252,1034,xi,MAD CHILD VX,
Rebellio,07,NOV,HEAVENLY HAVEN,234,1146,MAX MAXIMIZER VS DJ TOTTO,Ether99,
Sailing Force,07,NOV,HEAVENLY HAVEN,110~159,912,ぺのれり,PHQUASE,
TWO-TORIAL,07,NOV,HEAVENLY HAVEN,213,897,BEMANI Sound Team ”PHQUASE vs DJ TOTTO”,Beat Professor Maxima,
WHITEOUT,07,NOV,HEAVENLY HAVEN,198,980,かねこちはる,Captain CRAZY KID,
Xeroa,07,NOV,HEAVENLY HAVEN,301,808,かめりあ,dj strachen,
Xronier,07,NOV,HEAVENLY HAVEN,234,1400,かめりあ as ”fluX Xroise”,レッドホットスクリューズ,
逆月,07,NOV,HEAVENLY HAVEN,280,725,BEMANI Sound Team ”HuΣeR” feat.Fernweh,CosΣo＠暴走P,
About me,07,ADV,GRAVITY WARS,134,662,蝶々P,P1Y02,
Just Be Friends,07,ADV,GRAVITY WARS,128,636,Dixie Flatline,漂白太郎,
neko＊neko,07,ADV,GRAVITY WARS,123,643,日向美ビタースイーツ♪,凹ーダー凸ード,
The Starry true,07,ADV,GRAVITY WARS,153,501,Liz Triangle,ユカリ☆chan,
Virtual Sunrise (nana's Festival EDM Remix) feat. Kanae Asaba,07,ADV,GRAVITY WARS,128,738,nana(Sevencolors),わかば,
コンフェイト＊コンチェルト,07,ADV,GRAVITY WARS,142,932,ここなつ Produced by U-ske,ひとくちピエロ,
シリョクケンサ,07,ADV,GRAVITY WARS,135,687,40mP,わかば,
ハッピーシンセサイザ,07,ADV,GRAVITY WARS,127,502,EasyPop,ユカリ☆chan,
ヒミツダイヤル,07,ADV,GRAVITY WARS,112,558,ここなつ,マッドチャイルド,
メランコリック,07,ADV,GRAVITY WARS,140,669,Junky,SCバイオメトリクス,
虚空と光明のディスクール,07,ADV,GRAVITY WARS,140,815,日向美ビタースイーツ♪,スカイシュート,
星屑ユートピア,07,ADV,GRAVITY WARS,240,1197,otetsu,TAKUYA,
取り残された美術(Arranged:HiZuMi),07,ADV,GRAVITY WARS,160,542,幽閉サテライト feat. senya,東京ブルトゥーム,
DIABLOSIS::Nāga,07,NOV,GRAVITY WARS,200,871,sky_delta,月刊風瑠タニ,
Everlasting Message,07,NOV,GRAVITY WARS,230,1112,ぺのれり,PHQUASE forever,
FLügeL《Λrp:ΣggyØ》,07,NOV,GRAVITY WARS,120~240,964,かねこちはる,MAD CHILD the Execute,
Load=Crossight,07,NOV,GRAVITY WARS,154,752,ぺのれり,PHQUASE the Exceed,
Triple Counter,07,NOV,GRAVITY WARS,216,1097,DJ YOSHITAKA meets dj TAKA,TEK-A meets RHYTHM,
伐折羅-vajra-,07,NOV,GRAVITY WARS,173,701,,PHQUASE VS 深瀬,
Arcadia,07,ADV,INFINITE INFECTION,148,643,CHRIS (Sound Libero),DJ WILDPARTY,
Catadioptric,07,ADV,INFINITE INFECTION,146,817,Jerico,Megacycle,
Darkness Pleasure,07,ADV,INFINITE INFECTION,136,768,Hull feat.℃iel,MAD CHILD,
Demetel,07,ADV,INFINITE INFECTION,132,697,ETIA.,Megacycle,
Devotion,07,ADV,INFINITE INFECTION,140,742,void (Mournfinale),MAD CHILD,
Fly to Next World,07,ADV,INFINITE INFECTION,185,852,syzfonics,DJ WILDPARTY,
Future MUSiC,07,ADV,INFINITE INFECTION,132,847,Ym1024 feat. lamie*,TAKUYA,
Hail Storm,07,ADV,INFINITE INFECTION,134,773,FELT,DJ WILDPARTY,
honey trap,07,ADV,INFINITE INFECTION,172,759,そよもぎ,MAD CHILD,
second spring storm,07,ADV,INFINITE INFECTION,131,700,Spacelectro,TAKUYA,
Shiny Up!,07,ADV,INFINITE INFECTION,130,841,C-CLAYS,MAD CHILD,
Smile,07,ADV,INFINITE INFECTION,185,646,Hommarju feat. 実谷なな,DJ WILDPARTY,
Starlight Vision,07,ADV,INFINITE INFECTION,180,902,矢鴇つかさ feat. 三澤秋 (SoundOnline),レッドホットスクリューズ,
いーあるふぁんくらぶ,07,ADV,INFINITE INFECTION,145,611,みきとP,azuma,
エピクロスの虹はもう見えない,07,ADV,INFINITE INFECTION,155,760,SYNC.ART,PHQUASE,
カラルの月,07,ADV,INFINITE INFECTION,135,733,Verdammt,Hermit♣club,
トリノコシティ,07,ADV,INFINITE INFECTION,135,659,40mP,ユカリ☆chan,
ぱられる,07,ADV,INFINITE INFECTION,130,996,"Music by akira asano feat.Tia, Vocal by みゅい",DJ WILDPARTY,
ハローラフター,07,ADV,INFINITE INFECTION,190,713,Last Note.,しばまる子,
ワールド・ランプシェード,07,ADV,INFINITE INFECTION,193,829,りょーくん,kinoto,
神々の祈り,07,ADV,INFINITE INFECTION,130,824,舞風-MAIKAZE/沙紗飛鳥,DJ WILDPARTY,
十面相(フリーダムVer),07,ADV,INFINITE INFECTION,173,634,YM feat.__(アンダーバー）,月刊ミズタニ/A,
HΨ=世界創造=EΨ,07,ADV,INFINITE INFECTION,208,932,"黒猫アンティーク feat.IA,GUMI",mitsu,
始まりへと続く帰り道,07,ADV,INFINITE INFECTION,171,1184,たちのん,TAKUYA,
非公開日誌,07,ADV,INFINITE INFECTION,190,879,みきとP feat.GUMI,kinoto,
待チ人ハ来ズ。,07,ADV,INFINITE INFECTION,160,796,豚乙女,MAD CHILD,
殯,07,ADV,INFINITE INFECTION,176~186,805,かねこちはる,Megacycle,
夢の空、約束の場所,07,ADV,INFINITE INFECTION,135,797,Illusion Sonic,ユカリ☆chan,
For UltraPlayers,07,NOV,INFINITE INFECTION,201,753,cosMo＠暴走P,PHQUASE ver.II,
春色ポートレート,07,EXH,BOOTH,80,550,しゃむおん,PHQUASE,https://sdvx.in/01/01051e.htm
Bad Apple!! feat. nomico,07,ADV,BOOTH,138,732,Alstroemeria Records,ユカリ☆chan,
LOVE SHINE,07,ADV,BOOTH,177,829,ARM(IOSYS) feat. 一ノ瀬月琉(monotone),PHQUASE,
Love sicK,07,ADV,BOOTH,132,719,8#Prince(八王子P),しばまる子,
Runway Drive,07,ADV,BOOTH,160,882,FELT,DJ WILDPARTY,
STARDUST MERMAID,07,ADV,BOOTH,128,759,"Music by MasKaleido, Vocal by ぁゅ",ユカリ☆chan,
エスケープ・フロム・ディストピア,07,ADV,BOOTH,208,829,cosMo＠暴走P feat.MAYU,DJ UTO,
ガッテンだ!!,07,ADV,BOOTH,170,744,ノボイスキ,Phosphorus FX,
サイコパスコミュニケーション,07,ADV,BOOTH,204,834,ゆちゃP,MISY.b,
センチメント,07,ADV,BOOTH,123,658,uno(IOSYS),DJ WILDPARTY,
チェックメイト,07,ADV,BOOTH,196,728,ゆちゃP feat. GUMI,kinoto,
ナナイロ,07,ADV,BOOTH,230,902,otetsu,逆球レジェンド,
レトロスペクティビリー・メリーゴーランド,07,ADV,BOOTH,180,924,はるなば,DJ WILDPARTY,
再教育,07,ADV,BOOTH,163,526,Neru,DJ UTO,
西日暮里の踊り,07,ADV,BOOTH,140,753,家の裏でマンボウが死んでるP,ごましおくん×Hirayasu Matsudo,
炉心融解,07,ADV,BOOTH,165,657,iroha,DJ UTO,
SEED,07,NOV,BOOTH,175,808,DJ Noriken,PHQUASE,
Max Burning!!,07,NOV,BOOTH,190,1104,BlackY,PHQUASE,
いますぐ輪廻,08,ADV,NABLA,145,0,なきそ,いますぐ梨廻,
リメンバーリメンバー,08,ADV,EXCEED GEAR,182,0,covered by 轟はじめ(ReGLOSS),花梨 かりん,
Λkasha,08,NOV,EXCEED GEAR,180,816,BlackY feat. Risa Yuzuki,GOD～PH～,
APOCALYPSE RAY,08,NOV,EXCEED GEAR,212,1106,xi,七色METHOD（respect Ether99）,
Don't you dare play GOD,08,NOV,EXCEED GEAR,240~500,1137,technoplanet feat. Tamako Kinoshita,False GOD ”7濶ｲ 繧√◎縺｣縺ｩ”,
{ eXLIPXe },08,NOV,EXCEED GEAR,271,688,{ かめりあ },レッドホットスクリューズ,
HeaveИ's Rain,08,NOV,EXCEED GEAR,285,943,モリモリあつし,浮 谷,
KINGDOM COME,08,NOV,EXCEED GEAR,282,0,RoughSketch,CXXXX KXX GONE,
NEMSYS ARENA World Hexathlon,08,NOV,EXCEED GEAR,190,1165,隣の庭は青い(庭師+Aoi),Akizuki Nagomu,
Our garden is blue.,08,NOV,EXCEED GEAR,100,906,庭師+Aoi,蒼庭のビスカッチャ,
神凪,08,NOV,EXCEED GEAR,185,0,BlackY feat. Risa Yuzuki,月夜見尊～PH～,
Bl∞min',08,NOV,EXCEED GEAR,234,1150,MisoilePunch♪ -Forever-,ビーフジョッキー,
SuddeИDeath,08,NOV,EXCEED GEAR,236,817,xi vs. モリモリあつし,Ether99 a.k.a ～PH～,
いまきみに,08,NOV,EXCEED GEAR,176~264,1637,Silentroom as ”少年R”,Genuine CRAZY KID as ”Child M”,
Mr.VIRTUALIZER,08,ADV,EXCEED GEAR,130,981,HIMEHINA,Mr.～PH～,
*ハロー、プラネット。,08,ADV,EXCEED GEAR,150,1054,sasakure.UK,ビーフジョッキー,
ラストリゾート,08,ADV,EXCEED GEAR,124,599,Ayase,R-115Hz,
MixxioN,08,NOV,EXCEED GEAR,275,781,MisoilePunch♪,Taxtixal CRAZY KID,
《Re:miniscence》,08,NOV,EXCEED GEAR,125~166,1080,かねこちはる,Megacyclops,
XHRONOXAPSULΞ,08,NOV,EXCEED GEAR,277,741,Silentroom,～PH～XUASΞ,
Princess Rose（Sunshine Mix）,08,ADV,VIVID WAVE,170,730,Remixed by BEMANI Sound Team ”Sota Fujimori” feat.ななひら,からあげシスターズさんじゅうななさい,
かくしん的☆めたまるふぉ～ぜっ！（crabMixx）,08,ADV,VIVID WAVE,132~139,580,土間うまる（CV.田中あいみ） Remixed by いぬ,cosMo＠暴走P,
ハレ トキドキ メランコリック,08,ADV,VIVID WAVE,150,812,ここなつ,MAD CHILD & Hirayasu Matsudo,
666,08,NOV,VIVID WAVE,666,1609,RaughSketch,Diabolos CRAZY KID,
ΣgO,08,NOV,VIVID WAVE,236,1300,かぼちゃ,Ether99,
"Erm, could it be a Spatiotemporal ShockWAVE Syndrome...?",08,NOV,VIVID WAVE,43~330,1053,かめりあ,"* Erm, could it be～PH～",
MAYHEM,08,NOV,VIVID WAVE,998,2570,RoughSketch x CANVAS feat. Quimar,Temperance CRAZY KID,
Adansonia,08,ADV,HEAVENLY HAVEN,132~138,822,sweez / Meine Meinung,THE THIRD MAN,
Blue Fire,08,ADV,HEAVENLY HAVEN,175,887,REDALiCE feat. 野宮あゆみ,レッドホットスクリューズ,
Burn everything,08,ADV,HEAVENLY HAVEN,175,1320,LiLA,Hermit♣club,
Claidheamh Soluis-光の剣- feat.はるの,08,ADV,HEAVENLY HAVEN,160,881,猫大樹,CRAIG AKAGI,
Crystallize Forest,08,ADV,HEAVENLY HAVEN,160,1041,奏瀬いちこ feat.Silver Forest,電撃ロブスター,
Fairy in Strasbourg,08,ADV,HEAVENLY HAVEN,138,763,Laur,ひとくちピエロ,
FIRE IN MY HEART,08,ADV,HEAVENLY HAVEN,131~132,639,Spacelectro,レッドホットスクリューズ,
KIRAMEKI OVERDRIVE,08,ADV,HEAVENLY HAVEN,130,906,FALL,ちたちゅれ,
LOVE EAST,08,ADV,HEAVENLY HAVEN,168,970,暁Records,月刊ミズタニ,
New Game feat.Mayumi Morinaga,08,ADV,HEAVENLY HAVEN,170,1028,The 4th,cosMo＠暴走P,
Nostalgia,08,ADV,HEAVENLY HAVEN,162,1035,矢鴇つかさ,azuma,
Poppin' Shower,08,ADV,HEAVENLY HAVEN,175,738,P*Light,MAD CHILD & Megacycle,
Technical Master,08,ADV,HEAVENLY HAVEN,160,836,天音(Rolling Contact),SCイノセンス,
Twilight ∞ nighT,08,ADV,HEAVENLY HAVEN,124,586,ひとしずく×やま△,cosMo＠暴走P,
Two of Us,08,ADV,HEAVENLY HAVEN,92,518,Sound CYCLONE,azuma,
VAMPIRE,08,ADV,HEAVENLY HAVEN,145,801,nyankobrq,CRAIG AKAGI,
オトゲラヴ！,08,ADV,HEAVENLY HAVEN,176,831,ねこみりん feat.小宮真央×みゆ×えみゅう。,凹ーダー凸ード,
からくりピエロ,08,ADV,HEAVENLY HAVEN,102,512,40mP,Megacycle,
ルミナスデイズ,08,ADV,HEAVENLY HAVEN,96~145,869,ここなつ,MAD CHILD & Hirayasu Matsudo,
斑鳩,08,ADV,HEAVENLY HAVEN,119~134,1001,豊田竜行,TAKUYA,
嘘とぬいぐるみ,08,ADV,HEAVENLY HAVEN,105~120,608,Dixie Flatline,Megacycle,
裏表ラバーズ,08,ADV,HEAVENLY HAVEN,159,849,wowaka,凹ーダー凸ード,
恋とキングコング,08,ADV,HEAVENLY HAVEN,158,843,日向美ビタースイーツ♪,Hermit♣club,
湖底遺跡のヴィダー・ハル,08,ADV,HEAVENLY HAVEN,185,1232,borzy & 結月そら,cosMo＠暴走P,
地球防衛乙女パンナコッター,08,ADV,HEAVENLY HAVEN,156,570,Vocal by はるの,Megacycle,
刃の如く ft. ネコメアリ,08,ADV,HEAVENLY HAVEN,90~152,870,Iceon(Frost Fragment),ひとくちピエロ,
ΣmbryO,08,NOV,HEAVENLY HAVEN,220,1316,かぼちゃ,粛清の cosMo × Method × ～PH～,
*Feels Seasickness...*,08,NOV,HEAVENLY HAVEN,82~248,1224,かめりあ,～PH～rogressive CRAZY KID,
I,08,NOV,HEAVENLY HAVEN,225,1448,黒魔,深淵の闇より出でし光芒を描く者～PH～,
超☆超☆光☆速☆出☆前☆最☆速!!! スピード★スター★かなで,08,NOV,HEAVENLY HAVEN,30~999,1280,かめりあ feat. ななひら,はわっはわでふわっふわなしまんとがわ,
BOUNCE BOUNCE BOUNCE,08,ADV,GRAVITY WARS,128,877,ZYTOKINE feat. itori,TAKUYA,
Crazy ∞ nighT,08,ADV,GRAVITY WARS,204,904,ひとしずく×やま△,わかば,
ECHO,08,ADV,GRAVITY WARS,140,663,CIRCRUSH,漂白太郎,
Everything but the Girl,08,ADV,GRAVITY WARS,162,943,発熱巫女～ず,スカイシュート,
Find the Answer,08,ADV,GRAVITY WARS,170,553,みゅー feat. ゆいこんぬ,スカイシュート,
I'm so happy (Happy Hoppin Remix),08,ADV,GRAVITY WARS,0,658,polysha,ブルーコールドハリケーンズ,
Innocent Eyes,08,ADV,GRAVITY WARS,180,1306,FELT,TAKUYA,
Lovesick Lovetune,08,ADV,GRAVITY WARS,135,613,VALLEYSTONE feat. 紫崎 雪,漂白太郎,
MEGANE,08,ADV,GRAVITY WARS,120,859,Ultra-Noob,azuma,
My name is TSUMABUKI,08,ADV,GRAVITY WARS,180,887,KO3,わかば,
ON FIRE,08,ADV,GRAVITY WARS,160,811,ニシジマユーキ,東京ブルトゥーム,
One & Only,08,ADV,GRAVITY WARS,131,868,Salk2d,ユカリ☆chan,
Phantasm Ensemble (ゆんゆんRemix),08,ADV,GRAVITY WARS,143,671,ゆんゆん,中仙道マーゴット,
Pieces,08,ADV,GRAVITY WARS,172,985,発熱巫女～ず,漂白太郎,
Shirogane,08,ADV,GRAVITY WARS,128,848,nmk vs b-UMB feat.青砥 雫 a.k.a. ℃iel,MaKoTo,
Spice Road,08,ADV,GRAVITY WARS,90,528,C-CLAYS feat.小峠舞,ひとくちピエロ,
Starlight Dance Floor,08,ADV,GRAVITY WARS,128,691,発熱巫女～ず,東京ブルトゥーム,
StrayedCatz,08,ADV,GRAVITY WARS,151,1006,削除,WMM-E,
Struggle,08,ADV,GRAVITY WARS,180,734,Masayoshi Minoshima(ALR),漂白太郎,
Sweet little Lily,08,ADV,GRAVITY WARS,0,940,奏瀬いちこ (Silver Forest),ユカリ☆chan,
The willow and snow,08,ADV,GRAVITY WARS,140,914,saminun,TAKUYA,
The Wind of Gold(飛翔鳶 Remix),08,ADV,GRAVITY WARS,150,1009,飛翔鳶交響楽団,スカイシュート,
Treasure,08,ADV,GRAVITY WARS,126,658,発熱巫女～ず,恵方真紀,
twilight signal,08,ADV,GRAVITY WARS,144,661,XIzE,ひとくちピエロ,
イブの時代っ！,08,ADV,GRAVITY WARS,210,876,日向美ビタースイーツ♪,TAKUYA,
キズナ,08,ADV,GRAVITY WARS,178,1084,東雲心菜 Produced by 上村香月,ユカリ☆chan,
シアワセうさぎ,08,ADV,GRAVITY WARS,140,1087,あまね＋ビートまりお（COOL&CREATE）,MaKoTo,
ダブルラリアット,08,ADV,GRAVITY WARS,138,786,アゴアニキ,月刊ミズタニ,
ツーマンライブ,08,ADV,GRAVITY WARS,174,1012,東雲夏陽 meets 日向美ビタースイーツ♪,MaKoTo meets ユカリ☆,
ツギハギスタッカート,08,ADV,GRAVITY WARS,139,1000,とあ,Hermit♣club,
バイナリスター,08,ADV,GRAVITY WARS,135,926,ここなつ,ユカリ☆club,
木彫り鯰と右肩ゾンビ,08,ADV,GRAVITY WARS,150,822,赤飯,mitsu,
交渉人・西行寺幽々子 vs スカーレット警察,08,ADV,GRAVITY WARS,144,937,七条レタスグループ starring nachi,プレイヤーにクリアを強要させるエフェクトを密造していたとして、,
零れる夢のレミニセンス,08,ADV,GRAVITY WARS,180,1070,borzy & 結月そら,わかば,
深海シティアンダーグラウンド,08,ADV,GRAVITY WARS,170,1166,田中B,わかば,
心臓デモクラシー,08,ADV,GRAVITY WARS,190,996,みきとP,mitsu,
善悪の頂にある真実,08,ADV,GRAVITY WARS,100~140,910,幽閉サテライト feat. senya,七色Method feat. 影符,
千年ノ理,08,ADV,GRAVITY WARS,153,879,猫叉Master,恵方真紀,
都会征服Girls☆,08,ADV,GRAVITY WARS,140,606,日向美ビタースイーツ♪,スカイシュート,
鳥と桜と嘴と,08,ADV,GRAVITY WARS,180,1054,マッカチン企画,金色の夜叉,
恋愛方程式,08,ADV,GRAVITY WARS,140,737,パピ子りんft.ビタミンな兄貴♂＆ゆずり,TAKUYA × MaKoTo,
Lachryma《Re:Queen'M》,08,NOV,GRAVITY WARS,236,1438,かねこちはる,PHQUASE Lūcifer,
Bad ∞ End ∞ Night,08,ADV,INFINITE INFECTION,204,688,ひとしずく×やま△,mitsu,
City Edge,08,ADV,INFINITE INFECTION,200,913,winddrums,TAKUYA,
crazy cinema story,08,ADV,INFINITE INFECTION,137~150,1002,黒魔,MAD CHILD,
further the future,08,ADV,INFINITE INFECTION,142,562,上村香月,SCバイオメトリクス,
HAPPY HEART BEAT,08,ADV,INFINITE INFECTION,175,1083,ヒゲドライバー,DJ WILDPARTY,
Indomitable Spirit,08,ADV,INFINITE INFECTION,160,901,Tracy feat.ほたる,MAD CHILD,
Lieselotte,08,ADV,INFINITE INFECTION,180,1060,wa.,Megacycle,
Phantasm Brigade,08,ADV,INFINITE INFECTION,168,1080,Silver Forest,博多の男,
REPLiCA,08,ADV,INFINITE INFECTION,165,1136,"Music by Hommarju, Vocal by ぁゅ",MAD CHILD,
SCAPEGOAT BOY,08,ADV,INFINITE INFECTION,165,861,SOUND HOLIC feat. Nana Takahashi,ユカリ☆chan,
shiningray,08,ADV,INFINITE INFECTION,83,571,164 feat.GUMI,azuma,
Silver Impact,08,ADV,INFINITE INFECTION,175,838,Arch,MaKoTo,
snow motion,08,ADV,INFINITE INFECTION,181,919,こふ,DJ WILDPARTY,
WobbleTangleFestival,08,ADV,INFINITE INFECTION,154,642,Relect,MAD CHILD,
ウサテイ,08,ADV,INFINITE INFECTION,190,1183,あまね＋ビートまりお（COOL&CREATE）,Megacycle,
キミヱゴサーチ,08,ADV,INFINITE INFECTION,120,661,ここなつ,浮世マシーン,
きょうもハレバレ,08,ADV,INFINITE INFECTION,134,584,ふわりP Feat. GUMI,ユカリ☆chan,
タイムマシン,08,ADV,INFINITE INFECTION,126,885,1640mP,mitsu,
ってゐ！,08,ADV,INFINITE INFECTION,314~340,812,石鹸屋,MAD CHILD,
ドキドキ☆流星トラップガール!!,08,ADV,INFINITE INFECTION,140,866,流星トラップボーイズ,THE THIRD MAN,
ファンタジースター,08,ADV,INFINITE INFECTION,183,811,ぐるたみん,kinoto,
ミライプリズム,08,ADV,INFINITE INFECTION,140,903,ここなつ,MAD CHILD,
ロストワンの号哭,08,ADV,INFINITE INFECTION,162,864,Neru,azuma,
桜華月想,08,ADV,INFINITE INFECTION,138,752,源屋 feat. 3L,TAKUYA,
絢爛創世絵巻物,08,ADV,INFINITE INFECTION,80~137,860,ke-ji,TAKUYA,
群青硝子のスピカ,08,ADV,INFINITE INFECTION,145,704,unatra / カラクサ,Antonio Guccini,
最果てのコトバ,08,ADV,INFINITE INFECTION,155,1022,幽閉サテライト (Arranged:Iceon) feat. senya,MAD CHILD,
隅田川夏恋歌,08,ADV,INFINITE INFECTION,178,972,Daisuke Ohnuma(大福P),MAD CHILD,
星霜輪廻,08,ADV,INFINITE INFECTION,170,843,EastNewSound feat. 茶太,PHQUASE,
太陽はやめて！ぼくらのスカーレット警察,08,ADV,INFINITE INFECTION,134,624,七条レタスグループ starring ココ,,
東方妖々夢,08,ADV,INFINITE INFECTION,197~205,881,石鹸屋,MAD CHILD,
迷妄少年と小世界,08,ADV,INFINITE INFECTION,225,785,164 feat. GUMI,azuma,
good high school,08,EXH,BOOTH,150,956,baker,逆球レジェンド,https://sdvx.in/01/01004e.htm
U&M,08,EXH,BOOTH,128,763,emon,逆球レジェンド,https://sdvx.in/01/01040e.htm
Clione,08,ADV,BOOTH,170,1179,Hommarju,DJ WILDPARTY,
Diamond Dust,08,ADV,BOOTH,175,756,azuma,PHQUASE,
draw!!!!,08,ADV,BOOTH,157,564,"Music by PHQUASE, Vocal by ぁゅ",月刊ミズタニ,
Ha・lle・lu・jah,08,ADV,BOOTH,150,719,SOUND HOLIC feat. Nana Takahashi,karasu,
It's over,08,ADV,BOOTH,144,975,ゆよゆっぺ feat.めらみぽっぷ,PHQUASE,
Nyan Cat,08,ADV,BOOTH,142,729,daniwellP feat. 桃音モモ,DJ UTO,
pandora,08,ADV,BOOTH,140,652,Maozon,Hirayasu Matsudo,
Ray,08,ADV,BOOTH,175,923,源屋,ユカリ☆chan×逆球レジェンド,
Rot in hell！！,08,ADV,BOOTH,150,796,EastNewSound,PHQUASE,
Second Heaven,08,ADV,BOOTH,149,854,ラマーズP,TEK-A-RHYTHM,
Silent Story,08,ADV,BOOTH,126,755,発熱巫女～ず,PHQUASE,
smooooch・∀・,08,ADV,BOOTH,177,1182,KN,逆球レジェンド,
Space Diver Tama,08,ADV,BOOTH,170,626,黒魔,karasu,
SurVALI,08,ADV,BOOTH,200,765,YM,逆球レジェンド,
VISION,08,ADV,BOOTH,173,973,nora2r,しばまる子,
wound,08,ADV,BOOTH,185,729,KEENO,しばまる子,
ごりらがいるんだ,08,ADV,BOOTH,160,943,ピノキオP,しばまる子,
サヨナラ・ヘヴン,08,ADV,BOOTH,150,786,かめりあ,ユカリ☆chan,
ずっとそばにいさせてよね！,08,ADV,BOOTH,180,782,"Music by 音遊人 -mu-jin-, Vocal by みかん汁",しばまる子,
ソラヘドライブ,08,ADV,BOOTH,180,692,ぐるたみん,Megacycle,
ディストピア・ジパング,08,ADV,BOOTH,210,757,cosMo＠暴走P feat. GUMI,Acid=Stone Valley,
ハートブレイク・ヘッドライン,08,ADV,BOOTH,162,610,40mP feat. GUMI,DJ UTO,
バタフライキャット,08,ADV,BOOTH,167,916,daniwell,逆球レジェンド,
ヒマワリ,08,ADV,BOOTH,175,798,MUZIK SERVANT,SHOUTICE,
ヤサイマシ☆ニンニクアブラオオメ,08,ADV,BOOTH,180,798,azuma feat. ななひら,レッドホットスクリューズ,
明星ロケット,08,ADV,BOOTH,163,839,岸田教団＆THE明星ロケッツ,月刊ミズタニ,
一途な片思い、実らせたい小さな幸せ。,08,ADV,BOOTH,176,924,うたたP feat. MAYU,Sammy/A,
色は匂へど散りぬるを,08,ADV,BOOTH,138,872,幽閉サテライト feat. senya,ユカリ☆chan,
泡沫、哀のまほろば,08,ADV,BOOTH,155,805,幽閉サテライト feat. senya,ユカリ☆chan,
「月風魔伝」龍骨鬼戦,08,ADV,BOOTH,150,736,yuukiss,Megacycle,
孤独の番人,08,ADV,BOOTH,190,749,SCL Project（natsuP）feat. MAYU,kinoto,
十面相,08,ADV,BOOTH,173,802,YM feat.GUMI,kinoto,
地球最後の告白を,08,ADV,BOOTH,140~190,696,kemu feat. GUMI,kinoto,
灰色の空想をつかんで,08,ADV,BOOTH,200,779,じろうす,MAD CHILD,
不思議玩具ガンガラディンドン,08,ADV,BOOTH,150,756,マチゲリータ,Megacycle,
恋愛勇者,08,ADV,BOOTH,190,697,Last Note. feat.GUMI,DJ UTO,
Necromantic,09,ADV,NABLA,144~153,0,暁Records,カラフルネコキャット,
えんじぇる☆てすと！,09,ADV,NABLA,165,0,irucaice feat 初音ミク,直垂すもも☆,
murmur twins (guitar pop ver.),09,ADV,EXCEED GEAR,174,0,covered by 音乃瀬奏(ReGLOSS),直垂すもも∂,
Realize,09,ADV,EXCEED GEAR,206,978,鈴木このみ／アニメ「Re:ゼロから始める異世界生活」より,ダークダークダーク,
Say!ファンファーレ!,09,ADV,EXCEED GEAR,170,710,白上フブキ,ビーフ!ジョッキー!,
いいわけバニー,09,ADV,EXCEED GEAR,178,880,兎田ぺこら,マジな話～PH～,
もぐもぐYUMMY！,09,ADV,EXCEED GEAR,140,974,猫又おかゆ,花梨かりん,
ロマンシングエスケープ,09,ADV,EXCEED GEAR,132,768,ここなつ2.0,ベニーモ保栄茂,
愛昧ショコラーテ,09,ADV,EXCEED GEAR,135,803,角巻わため,花梨 かりん,
強風オールバック,09,ADV,EXCEED GEAR,135,714,Yukopi,オーフバッキー,
イエルウタ,09,ADV,EXCEED GEAR,110,646,ここなつ2.0,ビーフcycle,
インドア系ならトラックメイカー,09,ADV,EXCEED GEAR,128,821,Yunomi & nicamoq,Hirayasu Matsudo,
Le Merle Noir,09,ADV,EXCEED GEAR,92~136,925,Rigel Theatre,kamuy noko,
シアワセうさぎ・ぺこみこマリン,09,ADV,EXCEED GEAR,140,903,COOL&CREATE × 兎田ぺこら、さくらみこ、宝鐘マリン,MaKoTo,
追憶のアリア,09,ADV,EXCEED GEAR,130,637,Blanc Bunny Bandit,ダークダークダーク,
不可測的メトロポリス,09,ADV,EXCEED GEAR,156,925,少女フラクタル,三軒茶屋姉妹,
50th -Beginning Story-,09,ADV,VIVID WAVE,135,820,BEMANI Sound Team,↑↑↓↓←→←→MC,
iberis,09,ADV,VIVID WAVE,147,928,gaburyu feat. Frosch,バター氏,
Little Big Princess(DJ katsu EDIT),09,ADV,VIVID WAVE,170,1052,DiGiTAL WiNG with 空音,CRAIG AKAGI,
ROOM,09,ADV,VIVID WAVE,145,716,Blanc Bunny Bandit,ダークダークダーク,
SHION (ロースピード幻想チューン Remix),09,ADV,VIVID WAVE,110,734,HOUJIROU feat. 駄々子,MAD CHILD,
STYX HELIX（Digi-Rock Remix）,09,ADV,VIVID WAVE,128,639,Remixed by BEMANI Sound Team ”RealRemixer0123” feat.かなたん,Akizuki Nagomu,
Sweetiex2,09,ADV,VIVID WAVE,125,641,Dixie Flatline,スカイシュート,
4NT1 D34D,09,ADV,HEAVENLY HAVEN,109,646,N-Driver,Megacycle,
Aurora(Latinized Style),09,ADV,HEAVENLY HAVEN,140,895,mommy,Megacycle,
bass 2 bass [Tracy vs. Astronomical Remix],09,ADV,HEAVENLY HAVEN,155,953,Tracy vs. Astronomical,cosMo＠暴走P,
Drizzly Venom,09,ADV,HEAVENLY HAVEN,147~168,846,日向美ビタースイーツ♪,ふかせ,
fancy cake!!,09,ADV,HEAVENLY HAVEN,160,841,あるふぁ,Megacycle,
Finale,09,ADV,HEAVENLY HAVEN,167,1228,A-One,レッドホットスクリューズ,
Heavenly Adventure,09,ADV,HEAVENLY HAVEN,156,1002,Soleily,おすし仮面,
HEAVENLY SMILE,09,ADV,HEAVENLY HAVEN,184,857,VALLEYSTONE feat. 紫崎 雪,MAD CHILD,
HiGHER,09,ADV,HEAVENLY HAVEN,169,1144,REDALiCE,MAD CHILD,
Let's Bounce !!,09,ADV,HEAVENLY HAVEN,138,734,BEMANI Sound Team ”Sota F.”,MAD CHILD,
Mind Mapping(ag Remix),09,ADV,HEAVENLY HAVEN,128,780,ag,azuma,
Mysterious Nights,09,ADV,HEAVENLY HAVEN,140,871,あさり,凹ーダー凸ード,
NEWBORN CRYING,09,ADV,HEAVENLY HAVEN,185,1128,ZYTOKINE feat. nachi,恵方真紀,
Smoked Turkey Rag,09,ADV,HEAVENLY HAVEN,150,919,a_hisa,THE THIRD MAN,
SprrRush!!,09,ADV,HEAVENLY HAVEN,209,1258,MisoilePunch♪ feat.KIRARI,cosMo＠暴走P,
waxing and wanding(SS Remix),09,ADV,HEAVENLY HAVEN,180,1056,しま兄,おからヒット,
WONDER_WOBBLER,09,ADV,HEAVENLY HAVEN,186,1041,brz,風瑠人,
スペクトラム,09,ADV,HEAVENLY HAVEN,138,768,エルリ鳥 (O-SE + ueda),凹ーダー凸ード,
すろぉもぉしょん,09,ADV,HEAVENLY HAVEN,80~160,846,ピノキオピー,レッドホットスロォモォション,
デュアルメモリ,09,ADV,HEAVENLY HAVEN,162,1097,ここなつ,ユカリ☆chan,
テレポーテーションでやってきた彼とのその後の顛末,09,ADV,HEAVENLY HAVEN,190,928,Vocal by 藍月なくる,ポテト亀山,
ぱあ,09,ADV,HEAVENLY HAVEN,128,700,立秋 feat.ちょこ,cosMo＠暴走ぱあ,
ひとりぼっちの魔王,09,ADV,HEAVENLY HAVEN,112,837,Verdammt,Jin Majima,
マトリョシカ,09,ADV,HEAVENLY HAVEN,205~296,886,ハチ,MAD CHILD,
ミラクル・スイート・スイーツ・マジック！！,09,ADV,HEAVENLY HAVEN,88~206,985,日向美ビタースイーツ♪,cosMo＠暴走P,
ローリンガール,09,ADV,HEAVENLY HAVEN,195,1083,wowaka,SHiJiMiSo Soup.☆彡,
雪月花 (Shiron & Sound Artz Remix),09,ADV,HEAVENLY HAVEN,148,842,Shiron vs. Sound Artz,cosMo＠暴走P,
春時雨,09,ADV,HEAVENLY HAVEN,192,1011,まし,THE THIRD MAN,
胸の中で誰かが,09,ADV,HEAVENLY HAVEN,175,995,幽閉サテライト,Megacycle,
ancient garden,09,ADV,GRAVITY WARS,123,919,Cororo,ユカリ☆chan,
ANTI THE∞HOLiC,09,ADV,GRAVITY WARS,170,881,GAiA×cosMo＠暴走P,cosMo＠暴走P,
Beyond the Sandstorm,09,ADV,GRAVITY WARS,158,840,JouneyCat,凹ーダー凸ード,
bloom,09,ADV,GRAVITY WARS,174,1041,Gowrock,SCバイオメトリクス,
crescent moon,09,ADV,GRAVITY WARS,187,857,FELT,レッドホットスクリューズ,
disco KAWAii,09,ADV,GRAVITY WARS,130,970,uno feat.ちよこ(IOSYS),Hermit♣club,
Fabula Nova,09,ADV,GRAVITY WARS,128,788,unatra,Law of cosines vs. TAKUYA,
Go↓Go↑Girls&Boys!,09,ADV,GRAVITY WARS,158,1079,松下feat.Sota & wac,イエローSUB魔鈴 × TAKUYA,
"Help me, ERINNNNNN!! - SH Style -",09,ADV,GRAVITY WARS,190,1052,SOUND HOLIC feat. Nana Takahashi,MAD CHILD,
Hyper☆Chipspace,09,ADV,GRAVITY WARS,180,832,Saiph,DJ 摂津,
INDEPENDENT SKY,09,ADV,GRAVITY WARS,170,1041,SOUND HOLIC feat. Nana Takahashi,逆球レジェンド,
Issen,09,ADV,GRAVITY WARS,112,705,tanso a.k.a. モリヤマサト,Hirayasu Matsudo,
Le ××××,09,ADV,GRAVITY WARS,175~190,1289,Orange Vox+ ft.konomi*,カジキガツオ,
Liminality,09,ADV,GRAVITY WARS,145,681,FELT,Hermit♣club,
Locus Of Control,09,ADV,GRAVITY WARS,165,1256,EastNewSound feat. 3L from NJK Record,WMM-E,
Lonly Ranunculus,09,ADV,GRAVITY WARS,160,970,Amateras Records feat.築山さえ,ダークダークダーク,
lost chain,09,ADV,GRAVITY WARS,158,1147,まぁ言うてかぼちゃの色も橙だし多分大丈夫,MaKoTo,
MERRiESTxHOLiC,09,ADV,GRAVITY WARS,132,826,miko♡nachi feat.u-z,MaKoTo,
Never Let it End,09,ADV,GRAVITY WARS,0,823,FELT,凹ーダー凸ード,
Never Regret Anything,09,ADV,GRAVITY WARS,185,935,影虎。,SCバイオメトリクス,
Paranoia,09,ADV,GRAVITY WARS,150,900,DiGiTAL WiNG feat. 花たん,MaKoTo,
Princessどうかお願い!!,09,ADV,GRAVITY WARS,169,946,20文字と言う字数制限に挑み続けるかぼち,わかば,
Prominence,09,ADV,GRAVITY WARS,165,965,矢鴇つかさ feat. 佳織みちる,Hermit♣club,
relegation grimoire,09,ADV,GRAVITY WARS,114,814,tsuzu,あおにさい,
Russian Caravan Rhapsody,09,ADV,GRAVITY WARS,158,922,Power Of Nature,MaKoTo,
Sephirot,09,ADV,GRAVITY WARS,154,968,SHIKI,七色Method,
SkyDrive!,09,ADV,GRAVITY WARS,170,1375,Amateras Records feat.築山さえ,TAKUYA,
Sourire,09,ADV,GRAVITY WARS,138,739,とろまる,ポテト亀山,
Utopia,09,ADV,GRAVITY WARS,187,1159,溝口ゆうま feat. 大瀬良あい,浮世マシーン,
Virtual Sunrise (MYTK Remix),09,ADV,GRAVITY WARS,150,996,MYTK,Hermit♣club,
VOLTEXES II,09,ADV,GRAVITY WARS,147,826,Sota Fujimori,月刊ミズタニ ver.II,
You Know-SDVX EDIT-,09,ADV,GRAVITY WARS,170,870,源屋 with Kuroa*,Megacycle,
お嫁にしなさいっ！,09,ADV,GRAVITY WARS,110~180,862,ARM＋夕野ヨシミ (IOSYS),Megacycle,
キモチコネクト,09,ADV,GRAVITY WARS,150,916,東雲心菜 meets 日向美ビタースイーツ♪,ユカリ☆chan,
しゅわスパ大作戦☆ - SDVX Edit. -,09,ADV,GRAVITY WARS,140,731,SOUND HOLIC feat. Nana Takahashi,THE THIRD MAN,
ツインソウル～輪廻する旋律～,09,ADV,GRAVITY WARS,160,1099,C-CLAYS feat.小峠舞,ポテト亀山,
ホメ猫☆センセーション,09,ADV,GRAVITY WARS,200,992,P*Light feat. mow*2,Hermit♣club,
ポメグラネイト,09,ADV,GRAVITY WARS,130,879,ここなつ,ふかせ,
みくみくにしてあげる♪【してやんよ】,09,ADV,GRAVITY WARS,160,801,ika,恵方真紀,
めうめうぺったんたん！！,09,ADV,GRAVITY WARS,185,906,日向美ビタースイーツ♪,金色の夜叉,
モラトリアムノオト,09,ADV,GRAVITY WARS,182,781,東雲夏陽 Produced by シンゴ（マッカチン企画）＆アラ,MaKoTo,
妖隠し -あやかしかくし-,09,ADV,GRAVITY WARS,85,679,DJ TOTTO feat.3L,浮世マシーン,
或る春の日,09,ADV,GRAVITY WARS,198,1096,豚乙女,ポテト亀山,
感情Xerography,09,ADV,GRAVITY WARS,270,759,8284 feat. 榎楠,スカイシュート,
気まぐれスターダム,09,ADV,GRAVITY WARS,178,1049,TOKOTOKO(西沢さんP) feat.りぶ,カジキガツオ,
君色サブリミナル(Arranged: Iceon),09,ADV,GRAVITY WARS,150,617,幽閉サテライト feat. senya,mitsu,
君がいる場所へ,09,ADV,GRAVITY WARS,165,840,VALLEYSTONE feat. 紫崎 雪,わかば,
激アツ☆マジヤバ☆チアガール,09,ADV,GRAVITY WARS,170,742,日向美ビタースイーツ♪,MAD CHILD,
墨染 ft.ネコメアリ,09,ADV,GRAVITY WARS,148,1192,Iceon(Frost Fragment),TAKUYA,
脱獄,09,ADV,GRAVITY WARS,189,984,Neru feat.灯油,azuma,
時計仕掛けのメリーゴーランド,09,ADV,GRAVITY WARS,190,1031,餡若feat.みゅい,わかば,
星の器 feat. らっぷびと,09,ADV,GRAVITY WARS,128,1275,魂音泉,Hirayasu Matsudo,
滅びに至るエランプシス,09,ADV,GRAVITY WARS,158,955,日向美ビタースイーツ♪,SCバイオメトリクス,
碧の疾風,09,ADV,GRAVITY WARS,0,797,君の美術館,ひとくちピエロ,
-約束-,09,ADV,GRAVITY WARS,184,1293,ばんし,金色の夜叉,
闇夜舞踏会 -緋碧と蝶のためのmasquerade-,09,ADV,GRAVITY WARS,160,1053,ここなつ Produced by あおいひと with イオ,浮世マシーン,
BUBBLE RAVER,09,ADV,INFINITE INFECTION,174,857,P*Light,逆球レジェンド,
Daily Lunch Special(tpz Overcute Remix),09,ADV,INFINITE INFECTION,120~240,832,t+pazolite,PHQUASE,
En FIRE-G SOUL,09,ADV,INFINITE INFECTION,180,740,Yooh,PHQUASE,
GIGI BABA,09,ADV,INFINITE INFECTION,165,925,ヒゲドライバー,月刊ミズタニ,
I love you even now,09,ADV,INFINITE INFECTION,128,793,nana(Sevencolors),漂白太郎,
I'm so Happy,09,ADV,INFINITE INFECTION,181,740,Ryu☆,TEK-A-RHYTHM,
Keep Going!,09,ADV,INFINITE INFECTION,175,730,REDALiCE feat. 野宮あゆみ,MAD CHILD,
Lemures Prelude,09,ADV,INFINITE INFECTION,165,945,EastNewSound,PHQUASE×レッドホットスクリューズ,
Liar World Monologue,09,ADV,INFINITE INFECTION,186,1258,"Music by ismK, Vocal by Kuroa*",DJ WILDPARTY,
Mist Tek,09,ADV,INFINITE INFECTION,200,985,you,TAKUYA,
odds and ends,09,ADV,INFINITE INFECTION,264,767,MarcheИ,MAD CHILD,
Over the Starlit sky,09,ADV,INFINITE INFECTION,175,720,MUZIK SERVANT feat.CHERICa,レッドホットスクリューズ,
Paradoxy,09,ADV,INFINITE INFECTION,145,799,lapix,G9D,
Party Stream !!,09,ADV,INFINITE INFECTION,180,851,DJ Amane,レッドホットスクリューズ,
Raptate,09,ADV,INFINITE INFECTION,112,641,削除,Hermit♣club,
Sakura Reflection 音頭,09,ADV,INFINITE INFECTION,180,784,源屋,MAD CHILD,
Shadows in the Light,09,ADV,INFINITE INFECTION,185,1031,Sta,Hermit♣club,
SPARKLING FANTASY,09,ADV,INFINITE INFECTION,159,837,"Music by BlackY, Vocal by ぁゅ",ひとくちピエロ,
Starlight Express,09,ADV,INFINITE INFECTION,200~400,790,ginkiha,MAD CHILD,
Survival Games (Hommarju Remix),09,ADV,INFINITE INFECTION,170,1067,Hommarju,MAD CHILD vs. Hirayasu Matsudo,
sweet dream,09,ADV,INFINITE INFECTION,128,1083,平茸＋夕野ヨシミ＋山本椛,MAD CHILD,
The Wind of Gold,09,ADV,INFINITE INFECTION,170,871,borzy,ユカリ☆chan,
Tomato Leaf Breaks,09,ADV,INFINITE INFECTION,240,744,millstones,Megacycle,
TrailBlazer,09,ADV,INFINITE INFECTION,184,858,cold kiss,MaKoTo,
U.N. Owen was her?,09,ADV,INFINITE INFECTION,142,875,Hyuji,U.N. Okawatt,
UNLIMITED FIRE,09,ADV,INFINITE INFECTION,155,893,DJ Amane,MAD CHILD,
Vindicator,09,ADV,INFINITE INFECTION,87~175,771,void (Mournfinale),Hermit♣club,
wander+wonder+wand,09,ADV,INFINITE INFECTION,157,789,uma,MAD CHILD,
ありふれたせかいせいふく,09,ADV,INFINITE INFECTION,150,839,ピノキオP,azuma,
え？あぁ、そう。,09,ADV,INFINITE INFECTION,192,629,蝶々P,mitsu,
キリトリセン,09,ADV,INFINITE INFECTION,165,974,40mP,ひとくちピエロ,
サヨナラデイズ,09,ADV,INFINITE INFECTION,142,680,七誌,DJ WILDPARTY,
サリシノハラ,09,ADV,INFINITE INFECTION,135,807,みきとP,ユカリ☆chan,
サンドリヨン,09,ADV,INFINITE INFECTION,147,807,Dios/シグナルP,Hermit♣club,
デッドボヲルdeホームラン,09,ADV,INFINITE INFECTION,145,871,猫叉Masterβ2,MAD CHILD,
トラウィスカルパンテクートリ,09,ADV,INFINITE INFECTION,147~196,987,Noah,Ether99,
ネトゲ廃人シュプレヒコール,09,ADV,INFINITE INFECTION,175,809,さつき が てんこもり,azuma,
ハウトゥー世界征服,09,ADV,INFINITE INFECTION,151,820,Neru,THE THIRD MAN,
はなむけ,09,ADV,INFINITE INFECTION,224,1299,ふる,Megacycle,
マインド・ゲーム,09,ADV,INFINITE INFECTION,180,1088,96 with メカショッチョー,MAD CHILD,
マスパでシュッ☆メイドウィッチまりさちゃん,09,ADV,INFINITE INFECTION,160,945,ARM(IOSYS) feat. 桃井はるこ,みさこ,
ませまてぃっく ま+ま=まじっく！,09,ADV,INFINITE INFECTION,192,639,かめりあ feat. ななひら,ゆんゆん！ふかせ,
マネマネサイコトロピック,09,ADV,INFINITE INFECTION,135~210,1017,かいりきベア,MaKoTo,
モモンが門番ばんっ☆,09,ADV,INFINITE INFECTION,186,879,ねこみりん feat.みゆ,PHQUASE,
ゆうしゃのなつやすみ,09,ADV,INFINITE INFECTION,167,819,Verdammt,レッドホットスクリューズ,
ユクエシレズ,09,ADV,INFINITE INFECTION,264,719,こじろー feat.GUMI,ユカリ☆chan,
赤より紅い夢-Aya2g Tech Dance Remix-,09,ADV,INFINITE INFECTION,71~143,1048,Ayatsugu_Otowa,THE THIRD MAN,
赤より紅い夢-lucid dream Mix-,09,ADV,INFINITE INFECTION,183,956,くるぶっこちゃん,MAD CHILD,
十六夜桜,09,ADV,INFINITE INFECTION,140,627,u-z,THE THIRD MAN,
嘘と接吻,09,ADV,INFINITE INFECTION,215,1302,yozaquar feat.ぁゅ,TAKUYA,
君と僕とその空白と,09,ADV,INFINITE INFECTION,200,1103,のぼる↑ feat.GUMI,MaKoTo,
幻想浄瑠璃,09,ADV,INFINITE INFECTION,143,812,Ayatsugu_Otowa,レッドホットスクリューズ,
恋はどう？モロ◎波動OK☆方程式!!,09,ADV,INFINITE INFECTION,128,700,あべにゅぅぷろじぇくと feat.佐倉紗織 produced by ave;new,ユカリ☆chan,
自由のための不自由,09,ADV,INFINITE INFECTION,264,758,上村香月,MaKoTo,
少年は空を辿る,09,ADV,INFINITE INFECTION,140,787,とろまる,Megacycle,
竹取飛翔,09,ADV,INFINITE INFECTION,156,1011,岸田教団＆THE明星ロケッツ,MAD CHILD,
天狗の落とし文 feat. ｙｔｒ,09,ADV,INFINITE INFECTION,160,1187,魂音泉,Hirayasu Matsudo,
流れ星と君の歌,09,ADV,INFINITE INFECTION,185,1009,"Music by 沙野カモメ, Vocal by SOPHY",ユカリ☆chan,
冬に桜が咲くようなキセキ。,09,ADV,INFINITE INFECTION,160,878,"Music by nmk/佐原誠&kei_iwata, Vocal by SOPHY",PHQUASE,
魔境堕天録サリエル,09,ADV,INFINITE INFECTION,176,864,Unlucky Morpheus,Megacycle,
八雲藍の唯心論,09,ADV,INFINITE INFECTION,186,1224,君の美術館,Megacycle,
夕立、君と隠れ処,09,ADV,INFINITE INFECTION,150,958,幽閉サテライト (Arranged:Iceon) feat. senya,ユカリ☆chan,
悪いところがひとつもない！,09,ADV,INFINITE INFECTION,180,1027,臨界モスキー党,Megacycle,
jet coaster☆girl,09,EXH,BOOTH,120,747,sasakure.UK feat.mirto,Megacycle,https://sdvx.in/01/01018e.htm
再教育,09,EXH,BOOTH,163,672,Neru,DJ UTO,https://sdvx.in/01/01082e.htm
Black Board,09,ADV,BOOTH,124,621,蝶々P,DJ UTO,
caramel ribbon,09,ADV,BOOTH,175,877,P*Light,SCバイオメトリクス,
cloud,09,ADV,BOOTH,143,800,EZFG,DJ WILDPARTY,
eclair au chocolat,09,ADV,BOOTH,182,934,kamome sano,逆球レジェンド,
EGG,09,ADV,BOOTH,196,930,ginkiha,ユカリ☆chan,
Evans,09,ADV,BOOTH,180,901,cosMo＠暴走P,しばまる子,
Iterator,09,ADV,BOOTH,130,710,yanagi,しばまる子,
Life is Beautiful,09,ADV,BOOTH,120~190,966,"Music by コバヤシユウヤ, Vocal by Kuroa*",ユカリ☆chan,
MAX300,09,ADV,BOOTH,136,687,takamatt,とちおとめ♪(。・ω・。),
neu,09,ADV,BOOTH,130~199,693,cosMo＠暴走P,TEK-A-RHYTHM,
PULSE LASER,09,ADV,BOOTH,165,795,ヒゲドライバー,さきイカFX,
rainbow flyer,09,ADV,BOOTH,172,1129,PHQUASE,PHQUASE,
-Rayrain-,09,ADV,BOOTH,180,865,こなぐすり,レッドホットスクリューズ,
SOUL EXPLOSION,09,ADV,BOOTH,150,740,kanone,Megacycle,
Soundscape,09,ADV,BOOTH,165,852,Hommarju,PHQUASE,
Tomorrow Perfume(tpz Despair Remix),09,ADV,BOOTH,170,903,t+pazolite,PHQUASE,
Xepher,09,ADV,BOOTH,180,904,デッドボールP,逆球レジェンド,
おにゃのこ きねんび,09,ADV,BOOTH,180,639,赤飯,PHQUASE,
キミノメヲ,09,ADV,BOOTH,205,705,そらる,Megacycle,
ポーカーフェイス,09,ADV,BOOTH,184,834,ゆちゃP feat. GUMI,ユカリ☆chan,
ルービックキューブ,09,ADV,BOOTH,140,611,otetsu feat.GUMI,kinoto,
天ノ弱,09,ADV,BOOTH,200~205,980,164 feat. GUMI,DJ UTO,
月に叢雲華に風,09,ADV,BOOTH,160,1029,幽閉サテライト feat. Senya,PHQUASE,
七色のウタ,09,ADV,BOOTH,180,890,"Music by 上村香月, Vocal by みゅい",月刊ミズタニ,
秘封倶楽部の未踏世界,09,ADV,BOOTH,146,840,君の美術館,博多の男,
僕たちは此処にいる,09,ADV,BOOTH,146,803,でもたまに居場所とか見失うかぼちゃ,Hermit♣club,
魔理沙は大変なものを盗んでいきました,09,ADV,BOOTH,170,895,ARM(IOSYS),TEK-A-RHYTHM,
Mermaid girl,10,ADV,NABLA,140,0,Cream puff,ひとくちピエロ,
snooze,10,ADV,NABLA,150,0,wotaku feat SHIKI,Akizuki Nagomu,
モンダイナイトリッパー！,10,ADV,NABLA,160~180,0,名取さな,浮世マシーン,
Growing Up,10,ADV,EXCEED GEAR,190,745,Machico／アニメ「この素晴らしい世界に祝福を！３」より,MaKoTo,
Happiness World,10,ADV,EXCEED GEAR,150,645,BABACORN(宝鐘マリン/白上フブキ),Leverlesscontrollers,
I’m Your Treasure Box,10,ADV,EXCEED GEAR,75~120,893,宝鐘マリン,cosMo＠暴走P,
Redo,10,ADV,EXCEED GEAR,190,769,鈴木このみ／アニメ「Re:ゼロから始める異世界生活」より,Re:ーフジョッキー,
Secret Rouge,10,ADV,EXCEED GEAR,139,0,ハレトキドキ,噂のジャイアントスパーク,
Shooting Star,10,ADV,EXCEED GEAR,170,0,ReGLOSS,モンスタードミノ卿,
Virtual to LIVE,10,ADV,EXCEED GEAR,156,982,にじさんじ,花梨かりん,
WWW,10,ADV,EXCEED GEAR,146,693,HIMEHINA,レッホ＋ブルコ,
あおばの足音,10,ADV,EXCEED GEAR,98,0,駄菓子O型,T=I=なか,
カミサマ・ネコサマ,10,ADV,EXCEED GEAR,185,1185,猫又おかゆ,MaKoTo,
ポラリスノウタ,10,ADV,EXCEED GEAR,170,785,ここなつ2.0,Secret Lv2.0,
ララララビット！！,10,ADV,EXCEED GEAR,140~190,1345,兎田ぺこら,直垂すもも∩ ∩,
曇天羊,10,ADV,EXCEED GEAR,135,848,角巻わため,トトリオン軍団,
人マニア,10,ADV,EXCEED GEAR,150,1077,原口沙輔,梨マニア,
Bonetrousle,10,ADV,EXCEED GEAR,150,702,Toby Fox,ひとくちピエロ,
Follow Tomorrow,10,ADV,EXCEED GEAR,140,753,HHH×MM×ST,MMM×KK×S9,
Heartache / 心の痛み,10,ADV,EXCEED GEAR,119,665,Toby Fox,R-115Hz,
シル・ヴ・プレジデント,10,ADV,EXCEED GEAR,176,903,P丸様。,大統領～PH～,
マーメイドペレパスィ,10,ADV,EXCEED GEAR,160,1003,ここなつ2.0,Jin♣Majima,
ミライチューナー,10,ADV,EXCEED GEAR,140,817,U-ske feat.すずしろ,フォックスロット,
神っぽいな,10,ADV,EXCEED GEAR,142,491,ピノキオピー,レッドホットスクリューズ,
食虫植物,10,ADV,EXCEED GEAR,123,1240,理芽,ブルーコールドハリケーンズ,
↑↑↓↓←→←→BA,10,ADV,EXCEED GEAR,124,786,meiyo,↑↑↓↓←→←→UM,
"Aqua,Luna-rium",10,ADV,EXCEED GEAR,128,817,凛々咲,R-115Hz,
BEAT MAGIC,10,ADV,EXCEED GEAR,164,1006,ランコ feat. Eurobeat Union,kamuy noko,
Blue Forest(NightBounce Remix),10,ADV,EXCEED GEAR,132,744,kanone,CRAIG AKAGI,
MA・TSU・RI,10,ADV,EXCEED GEAR,160,931,"かなたん,アマギセーラ,ぁゅ by BEMANI Sound Team ”藤森崇多”",浮世マシーン,
MOVE! (We Keep It Movin'),10,ADV,EXCEED GEAR,142,1216,"Jonny Dynamite!,Lisa - paint with stars -,Rio Hiiragi by BEMANI Sound Team ”U1-ASAMi”",からあげブラザーズ,
Now loading…,10,ADV,EXCEED GEAR,128,784,つきみぐー、×如月結愛,ジグザグレエザア,
Over the Border,10,ADV,EXCEED GEAR,138,972,COOL&CREATE × 宝鐘マリン feat.不知火フレア,2conノックオン feat.唐揚シスターズ,
WARNING×WARNING×WARNING,10,ADV,EXCEED GEAR,172,1026,暁 Records,MAD CHILD×Hirayasu Matsudo×MAD CHILD,
キカイノミルユメ,10,ADV,EXCEED GEAR,128,800,はがね,凹ーダー凸ード,
ナスカの丘 (Hi-NRG Remix),10,ADV,EXCEED GEAR,133,778,Hyuji feat. LIQU@。& TadashiYamamoto,Akizuki Nagomu,
ナナホシのうた,10,ADV,EXCEED GEAR,160,891,Retropolitaliens(Ms.+駄々子),An East Scarlet,
ヒトガタ,10,ADV,EXCEED GEAR,150,1247,HIMEHINA,ひとくちピエロ,
穢れなきユーフォリア,10,ADV,EXCEED GEAR,160,1112,幽閉サテライト,からあげユーフォリア,
恋は君のそばでサクラサク,10,ADV,EXCEED GEAR,204,741,榮田一貴 feat.冬乃桜＆永久毎日,鋼のビスカッチャ,
花は折りたし梢は高し,10,ADV,EXCEED GEAR,215,899,夜叉姫神楽,サイバーガスタンク,
文月,10,ADV,EXCEED GEAR,150,760,nonomori feat. 亜沙美,凹ーダー凸ード,
門門しましょ,10,ADV,EXCEED GEAR,180,1296,ビートまりお (COOL&CREATE),XOИ,
Addicted Moon,10,ADV,VIVID WAVE,185,1494,Amateras Records feat.築山さえ,Akizuki Nagomu,
Colors,10,ADV,VIVID WAVE,160,886,REDALiCE feat.野宮あゆみ,サイバーガスタンク,
D1g1t1ze b0dy,10,ADV,VIVID WAVE,180,1154,シルクパラソル（yoa＆かゆき） feat. まめこ,サイバーガスタンク,
Dooooope,10,ADV,VIVID WAVE,136,700,RiMo,CRAIG AKAGI,
EGOISM -Rebuild-,10,ADV,VIVID WAVE,155,773,HAMA topground,CRAIG AKAGI,
floating girl,10,ADV,VIVID WAVE,132,817,あるふぁ feat. とおる,フォックスロット,
FlowerNation,10,ADV,VIVID WAVE,185,1383,ゆうゆ feat. 華,フォックスロット,
Get over!!,10,ADV,VIVID WAVE,155,969,猫大樹,Akizuki Nagomu,
Hi-Fi!!双子'S,10,ADV,VIVID WAVE,250,1365,technoplanet feat. ＯＲＩ姫 & やみん,からあげシスターズ,
Pixelated Platform,10,ADV,VIVID WAVE,137,788,pan,サイバーガスタンク,
Sweetest Paranoia,10,ADV,VIVID WAVE,149,1184,Amateras Records feat.築山さえ×抹(魂音泉),おつまみロブスター,
Together Going My Way,10,ADV,VIVID WAVE,155,805,DiGiTAL WiNG with 空音,MAD CHILD,
Tribal Trial,10,ADV,VIVID WAVE,165,1014,Yooh,MAD CHILD,
who I am,10,ADV,VIVID WAVE,110,701,カエルとネコ,凹ーダー凸ード,
ここからよろしく大作戦143,10,ADV,VIVID WAVE,184,1037,BEMANI Sound Team ”あさき隊”,フルトヴァルMk.2,
シープドリーミン,10,ADV,VIVID WAVE,220,1233,テヅカ feat. 大西あみみ,鋼のビスカッチャ,
すきなことだけでいいです,10,ADV,VIVID WAVE,140,765,ピノキオピー,Megacycle,
トーキョーサマーナイト,10,ADV,VIVID WAVE,151,757,みーに,Megacycle,
ヒカリユリイカ,10,ADV,VIVID WAVE,140,828,ここなつ,マッドチャイルド ＆ ひらやすまつど,
ユニバーページ (i-world Mix),10,ADV,VIVID WAVE,192,888,Remixed by BEMANI Sound Team ”Yvya” feat. かなたん,鋼のビスカッチャ,
ラブキラ☆スプラッシュ,10,ADV,VIVID WAVE,152,902,BEMANI Sound Team ”Sota F.” feat.いちか,喜屋武ミカエル vs. DJ みさこ,
ロキ,10,ADV,VIVID WAVE,150,820,みきとP,レッドロックスクリューズ,
鏡面の波（ramble mix）,10,ADV,VIVID WAVE,175,1062,YURiKA Remixed by BEMANI Sound Team ”DJ TOTTO”,フォックスロット,
偶然？ 必然？ アンビバレンス！,10,ADV,VIVID WAVE,142,692,諸星なな feat.加藤はるか&YKI,凹ーダー凸ード,
焦がれ唄,10,ADV,VIVID WAVE,100,647,ちきんぐ feat.TEA,MAD CHILD,
至上のラトゥーリア,10,ADV,VIVID WAVE,135,738,Vanitas Lacrimosa,MAD CHILD,
星の詩,10,ADV,VIVID WAVE,67,637,しーけー feat.arinco,鋼のビスカッチャ,
真夏の海の修道女,10,ADV,VIVID WAVE,145,847,bermei.inazawa,Akizuki Nagomu,
港町レディ,10,ADV,VIVID WAVE,159,1030,フーリンキャットマーク,フォックスロット,
迷夢ソウル,10,ADV,VIVID WAVE,165,1110,夕月椿(EastNewSound),凹ーダー凸ード,
弱虫モンブラン,10,ADV,VIVID WAVE,120,755,DECO*27,狂風少年鑑定Soup.☆彡,
Alice Maestera,10,EXH,HEAVENLY HAVEN,140,1146,Alstromeria Records,MAD CHILD,https://sdvx.in/04/04027e.htm
パンダヒーロー,10,EXH,HEAVENLY HAVEN,190,1107,ハチ,ひとくちパンダ,https://sdvx.in/04/04076e.htm
千本桜,10,EXH,HEAVENLY HAVEN,154,1258,黒うさP feat. 初音ミク,MaKoTo & ポテト,https://sdvx.in/04/04031e.htm
405nm(Shu※mix),10,ADV,HEAVENLY HAVEN,182,1134,Shu※,azuma,
Altale,10,ADV,HEAVENLY HAVEN,83~90,941,削除,おからヒット,
Apocrypha,10,ADV,HEAVENLY HAVEN,236,951,お月さま交響曲,凹ーダー凸ード,
Candy Star,10,ADV,HEAVENLY HAVEN,180,1028,DJ Genki feat. yukacco,七色Method,
couleur automnes de chocolat,10,ADV,HEAVENLY HAVEN,110,759,Citrus and Ocean Colour,Hermit♣club,
Destruction & Qreation,10,ADV,HEAVENLY HAVEN,190,1118,polysha+inusack,月刊ミズタニ,
disordered asia,10,ADV,HEAVENLY HAVEN,200,1105,シイナフユキ,フォックスロット,
dreamin' of u,10,ADV,HEAVENLY HAVEN,178,1003,Jun Kuroda,MaKoTo,
Dreaming feat.nomico,10,ADV,HEAVENLY HAVEN,135,1023,Alstroemeria Records,WMM-E,
DREAMING-ING!!,10,ADV,HEAVENLY HAVEN,180,784,ときめきアイドル project,MAD CHILD,
EDEN of TRUTH,10,ADV,HEAVENLY HAVEN,172,1073,Braflare(kanone&かぼちゃ),浮世マシーン,
Engraved Mark-Gow's ill! RMX-,10,ADV,HEAVENLY HAVEN,216,1069,Gowrock,凹ーダー凸ード,
Four Leaves,10,ADV,HEAVENLY HAVEN,181,1103,Endorfin.,MaKoTo,
Gaze ft. 紫崎 雪,10,ADV,HEAVENLY HAVEN,181,1027,Omnis,電撃ロブスター,
Genesis At Oasis (Hirayasu Matsudo Remix),10,ADV,HEAVENLY HAVEN,132,942,Hirayasu Matsudo,Hirayasu Matsudo,
Invisible Full Moon 古屋直雪 remix,10,ADV,HEAVENLY HAVEN,145,761,古屋直雪,電撃ロブスター,
JULIAN,10,ADV,HEAVENLY HAVEN,153,955,Queen P.A.L.,レッドホットスクリューズ,
Made In Love,10,ADV,HEAVENLY HAVEN,88,1488,黒魔,I,
Narcissus At Oasis (Freezer Remix),10,ADV,HEAVENLY HAVEN,155~180,1004,Freezer,ブルーコールドハリケーンズ,
Narcissus At Oasis -影虎。 style-,10,ADV,HEAVENLY HAVEN,180,1068,影虎。,cosMo＠暴走P,
Poison AND÷OR Affection,10,ADV,HEAVENLY HAVEN,120,813,LeaF,SCイノセンス,
Princess K,10,ADV,HEAVENLY HAVEN,139,756,Retropolitaliens (Ms.+駄々子),鋼のビスカッチャ,
Random Box,10,ADV,HEAVENLY HAVEN,137,769,LATI,CRAIG AKAGI,
Root Consciousness,10,ADV,HEAVENLY HAVEN,156,940,溝口ゆうま feat.大瀬良あい vs. QURELESS,CRAIG AKAGI,
Time to Air (jazz it up style),10,ADV,HEAVENLY HAVEN,135,848,borzy,Megacycle,
Sakura Mirage -Drum'n World-,10,ADV,HEAVENLY HAVEN,70~200,1068,Kairys,ダークダークダーク,
Second Heaven GravityPfArrange,10,ADV,HEAVENLY HAVEN,167,901,cosMo@暴走P,cosMo＠暴走P,
Secret Traveler -MeniRemix-,10,ADV,HEAVENLY HAVEN,131,926,Adust Rain,Hirayasu Matsudo,
sink into the dream,10,ADV,HEAVENLY HAVEN,148,904,uma,レッドホットスクリューズ,
Sleepless days,10,ADV,HEAVENLY HAVEN,188,968,猫叉Master feat.Mayumi Morinaga,鋼のビスカッチャ,
Voltage Higher,10,ADV,HEAVENLY HAVEN,166,933,A-One,MAD CHILD,
アンハッピーリフレイン,10,ADV,HEAVENLY HAVEN,205,1056,wowaka,MAD CHILD,
インフルエンサー・イズ・デッド,10,ADV,HEAVENLY HAVEN,144,978,じーざす（ワンダフル☆オポチュニティ！）,影符,
おにいちゃんハイテック,10,ADV,HEAVENLY HAVEN,150,832,立秋 feat.ちょこ,凹ーダー凸ード,
きゅん×きゅんばっきゅん☆LOVE,10,ADV,HEAVENLY HAVEN,165,1194,松下feat.Sota & wac,MAD CHILD,
けもののおうじゃ★めうめう,10,ADV,HEAVENLY HAVEN,162,794,日向美ビタースイーツ♪,cosMo＠暴走Beast,
ゴーストマスコット,10,ADV,HEAVENLY HAVEN,200,1022,はるなば feat.みかん汁,Fortunality,
シノビシノノメ,10,ADV,HEAVENLY HAVEN,174,897,東雲心菜,おすし仮面,
スピーカーガール！,10,ADV,HEAVENLY HAVEN,187,890,TAKU1175 feat. かなたん,レッドホットスクリューズ,
つるぺったん,10,ADV,HEAVENLY HAVEN,180,848,Silver Forest feat. くろねこ アキ さきち カガリ,狂風少年鑑定団,
トーホータノシ feat. 抹,10,ADV,HEAVENLY HAVEN,140~180,920,魂音泉,おすし仮面（たまご）,
トキメキストリーム,10,ADV,HEAVENLY HAVEN,164,841,Qrispy Joybox,THE THIRD MAN,
ナイト・オブ・ロンド,10,ADV,HEAVENLY HAVEN,169,711,日向美ビタースイーツ♪,MAD CHILD,
のぼれ八坂坂！,10,ADV,HEAVENLY HAVEN,170,1168,ビートまりおとARM,浮世マシーン,
ビビットストリーム,10,ADV,HEAVENLY HAVEN,184,744,DJ TOTTO,からあげブラザーズ,
ボーイミーツ・ブルー,10,ADV,HEAVENLY HAVEN,184,968,うさぎ愛好会(cosMo×syuri22),cosMo＠うさぎ愛好会,
マイネ・クライネ・ナハトムジーク,10,ADV,HEAVENLY HAVEN,220,1405,Die Ellipse (deli. with 倉田美和),フォックスロット,
モザイクロール,10,ADV,HEAVENLY HAVEN,145,906,DECO*27,鋼のビスカッチャ,
ワールズエンド・ダンスホール,10,ADV,HEAVENLY HAVEN,171,1061,wowaka,DJ みさこ,
異世界ノットパンピー,10,ADV,HEAVENLY HAVEN,195,648,164 feat.GUMI,WMM-E,
永遠に幸せになる方法、見つけました。,10,ADV,HEAVENLY HAVEN,128,993,うたたP,ねちっこく堂,
炎夏の音,10,ADV,HEAVENLY HAVEN,183,941,Vocal by 駄々子,レッドホットスクリューズ,
朧 (kamome sano remix),10,ADV,HEAVENLY HAVEN,155,1004,kamome sano feat. Kuroa*,MAD CHILD,
失敗作少女,10,ADV,HEAVENLY HAVEN,240,915,かいりきベア,電撃ロブスター,
灼熱のBlazin' Beat,10,ADV,HEAVENLY HAVEN,170,999,CielArc,からあげブラザーズ,
銃弾は解を撃ち抜いて,10,ADV,HEAVENLY HAVEN,171,1000,日向美ビタースイーツ♪,月刊ユカタニ,
新米天使のメランコリー,10,ADV,HEAVENLY HAVEN,150,765,Vocal by 荒巻,金色の夜叉,
水槽のクジラ,10,ADV,HEAVENLY HAVEN,206,1234,テヅカ feat. 大西あみみ,SCバイオメトリクス,
晴天Bon Voyage,10,ADV,HEAVENLY HAVEN,230,1320,TOMOSUKE × seiya-murai feat. ALT,ポテト亀山,
盗宝,10,ADV,HEAVENLY HAVEN,165,1206,猫大樹,Megacycle,
透明な記憶の風穴,10,ADV,HEAVENLY HAVEN,180,938,柚木梨沙（少女フラクタル）,MAD CHILD,
虹色の花,10,ADV,HEAVENLY HAVEN,170,901,Akhuta y OJ,Megacycle,
廃獄ドリームランド,10,ADV,HEAVENLY HAVEN,178,968,SOUND HOLIC feat. Nana Takahashi,MAD CHILD,
風鈴花火,10,ADV,HEAVENLY HAVEN,150,981,BEMANI Sound Team ”劇団レコード”feat.結良まり,Akizuki Nagomu,
焔 -MAGMA-,10,ADV,HEAVENLY HAVEN,185,1002,SOUND HOLIC feat. Nana Takahashi,MAD CHILD,
見世物ライフ,10,ADV,HEAVENLY HAVEN,220,1303,"otetsu,164,蝶々P",Megacycle,
幽玄の桜,10,ADV,HEAVENLY HAVEN,180,1119,音召缶 feat.Renna,ダークダークダーク,
０=Xerostrumental=,10,ADV,GRAVITY WARS,168,849,cosMo＠暴走P,cosMo＠暴走P,
6弦とピアノのためのエチュード op.4,10,ADV,GRAVITY WARS,110~280,793,ke-ji,浮世マシーン,
Angels And Demons,10,ADV,GRAVITY WARS,177,1054,すのうまん,Megacycle,
archive::zip,10,ADV,GRAVITY WARS,185,1004,kamome sano,レッドホットスクリューズ,
Asian Chip City,10,ADV,GRAVITY WARS,180,1088,提供,ビーフジョッキー,
Backflow,10,ADV,GRAVITY WARS,145,785,lapix,MAD CHILD,
Belly Flopper,10,ADV,GRAVITY WARS,185,949,O2i3,Hermit♣club,
Cold Inflation,10,ADV,GRAVITY WARS,175,1072,kanone vs. Yooh,TAKUYA,
crêpe suzette,10,ADV,GRAVITY WARS,202,1223,kamome sano,Megacycle,
Critical Crystal (brz_remix),10,ADV,GRAVITY WARS,0,704,brz,凹ーダー凸ード,
Death Blossom,10,ADV,GRAVITY WARS,174,1030,REDALiCE feat.Ayumi Nomiya,ダークダークダーク,
Discloze,10,ADV,GRAVITY WARS,128~145,850,lapix,月刊ミズタニ,
eastward -sdvx edit-,10,ADV,GRAVITY WARS,186,1007,ginkiha,SCバイオメトリクス,
FAKE STYLE II,10,ADV,GRAVITY WARS,125,793,FAKE TYPE.,MAD CHILD,
Finally Dive,10,ADV,GRAVITY WARS,146,883,ここなつ Produced by lapix,レッドホットスクリューズ,
FIRE FIREは電気スウィングの夢を見るか？,10,ADV,GRAVITY WARS,133,853,millstones,しばまる子,
GO BACK 2 YOUR RAVE,10,ADV,GRAVITY WARS,170,1265,nora2r,Megacycle,
GRISAILLE,10,ADV,GRAVITY WARS,196,1170,SOUND HOLIC feat. Nana Takahashi,Megacycle & MAD CHILD,
Hustle Beat!!,10,ADV,GRAVITY WARS,148,794,とろまる,浮世マシーン,
Jump!,10,ADV,GRAVITY WARS,136,1031,Syrufit feat.綾倉盟 / 市松椿,Hermit♣club,
Liming Light,10,ADV,GRAVITY WARS,190,1157,negi,TAKUYA,
macaron,10,ADV,GRAVITY WARS,185,1306,colate,スカイシュート,
MAGATORO,10,ADV,GRAVITY WARS,184,1068,上村香月,MAD CHILD,
Mermaid girl (Tropical Remix),10,ADV,GRAVITY WARS,100~150,998,Hyuji feat. LIQU@。,SCバイオメトリクス,
Milkyway - memorable -,10,ADV,GRAVITY WARS,155,960,こふ,スカイシュート,
Mind Mapping (hard liquid remix),10,ADV,GRAVITY WARS,175,1063,borzy,ダークダークダーク,
Monkey Business(Band Edit.),10,ADV,GRAVITY WARS,80~210,1296,daph,ポテト亀山,
NEON WORLD,10,ADV,GRAVITY WARS,154~164,1163,SOUND HOLIC feat. Nana Takahashi,スカイシュート,
New Days,10,ADV,GRAVITY WARS,123,841,10calorie,WMM-E,
Opium and Purple haze,10,ADV,GRAVITY WARS,165,1043,D.watt(OTAKU-ELITE Recordings),Hiromatsu Yasuda,
Oriental Blossom,10,ADV,GRAVITY WARS,180,974,影翔鼓舞,Megacycle,
Our Faith (takdrive remix),10,ADV,GRAVITY WARS,160,1167,takdrive,ユカリ☆chan,
Phantom dinning tonight!,10,ADV,GRAVITY WARS,165,962,Tomoya feat. 黒崎朔夜,浮世マシーン,
Prelude-Hereafter-,10,ADV,GRAVITY WARS,195,1444,源屋,逆球レジェンド × MISY.b,
Question.,10,ADV,GRAVITY WARS,175,1157,Tracy feat.築山さえ,ポテト亀山,
Russet,10,ADV,GRAVITY WARS,186,1041,wellow,PHQUASE,
Scarlet Moon,10,ADV,GRAVITY WARS,180,931,REDALiCE feat. Ayumi Nomiya,月刊ミズタニ,
Scarlet Pinheel,10,ADV,GRAVITY WARS,172,939,ぺのれり,DJ 摂津 × メルシー岡田,
Shiawase Transmission,10,ADV,GRAVITY WARS,210,1233,you,SCバイオメトリクス,
Solitude & Nightmare,10,ADV,GRAVITY WARS,180,1138,猫大樹,MaKoTo,
spectroscape,10,ADV,GRAVITY WARS,183,1121,kuroburger,浮世マシーン,
The Wind of Gold -HΔPPY MIX-,10,ADV,GRAVITY WARS,180,951,sky_delta,レッドホットスクリューズ,
tricky trick,10,ADV,GRAVITY WARS,165,1072,kamome sano,月刊ミズタニ,
TU-MA-MI△ALL-NIGHTER,10,ADV,GRAVITY WARS,132,865,xi underground,Law of cosines,
Ultimate Fury,10,ADV,GRAVITY WARS,185,1080,Arch vs n3pu,Megacycle,
Violet Soul,10,ADV,GRAVITY WARS,158,1016,Soleily,SCバイオメトリクス,
VOLTEXES,10,ADV,GRAVITY WARS,150,799,Sota Fujimori,PHUQUASE ver.I,
Wuv U (Colorful QT3 nekomix),10,ADV,GRAVITY WARS,173,868,ねこみりん feat.えみゅう。×みゆ×小宮真央,スカイシュート,
ZEPHYRANTHES,10,ADV,GRAVITY WARS,180,1147,TAG,TAG supported by SCライオット,
アルティメットトゥルース -Phantasm-,10,ADV,GRAVITY WARS,63~252,873,ふりらい feat. あにょ,凹ーダー凸ード,
あれこれそれどれ,10,ADV,GRAVITY WARS,194,1096,YM feat.赤飯,浮世マシーン,
いつかの夢、またねの約束。,10,ADV,GRAVITY WARS,180,1290,TAKU1175 ft.駄々子,ユカリ☆chan,
ギャラクシィ・トラベラー,10,ADV,GRAVITY WARS,130,742,U-ske feat.ななひら,Megaまる子,
シャ ビ ドゥ 素敵な恋の魔法,10,ADV,GRAVITY WARS,120,933,ARM feat. ちよこ(IOSYS),わかば,
ジャンピン・スマイル,10,ADV,GRAVITY WARS,242,1284,梅干茶漬け,ごましおくん,
しゅわスパ大作戦☆ (カシオれ！くーにゃんリミックス),10,ADV,GRAVITY WARS,185,1059,uno(IOSYS) feat.miko,PHQUASE,
ショットガン・ラヴァーズ,10,ADV,GRAVITY WARS,188,1283,のぼる↑ feat. 松下,MaKoTo,
ドゥンガドゥンガ狂詩曲,10,ADV,GRAVITY WARS,200,1153,かねこちはる ＋ はぁち ＋ 飛鳥男,わかば,
ナイフ,10,ADV,GRAVITY WARS,0,1234,パワーコードP,MaKoTo,
ハナビラ:リンクス,10,ADV,GRAVITY WARS,182,826,かゆき＆yoa feat.もちこまめ,ま☆,
フラッター現象の顛末と単一指向性の感情論,10,ADV,GRAVITY WARS,206,1510,日向美ビタースイーツ♪,Megacycle,
プレインエイジア -PHQ remix-,10,ADV,GRAVITY WARS,182,1031,PHQUASE,TAKUYA,
ぼくらしかしらない,10,ADV,GRAVITY WARS,180,1008,ぬゆり,TEK-A-RHYTHM,
メイガスナイト ～ Arr.Demetori,10,ADV,GRAVITY WARS,152,907,Demetori,azuma,
ゆうしゃのふゆやすみ,10,ADV,GRAVITY WARS,167,962,Verdammt,凹ーダー凸ード,
ロンロンへ　ライライライ！,10,ADV,GRAVITY WARS,156,1056,ここなつ,東京ブルトゥーム,
女言葉の消失,10,ADV,GRAVITY WARS,0,938,Sota Fujimori,ユカリ☆chan,
囲い無き世は一期の月影,10,ADV,GRAVITY WARS,172,842,豚乙女,SCバイオメトリクス,
我楽多イノセンス,10,ADV,GRAVITY WARS,230,1147,Last Note.,PHQUASE,
響縁,10,ADV,GRAVITY WARS,180,939,豚乙女,ポテト亀山,
鎖の少女,10,ADV,GRAVITY WARS,135,992,のぼる↑,博多の男,
水月鏡花のコノテーション,10,ADV,GRAVITY WARS,185,1320,日向美ビタースイーツ♪,東京ブルトゥーム,
千客万来☆無問題！,10,ADV,GRAVITY WARS,168,1074,ここなつ Produced by uma,Megacycle,
仙酌絶唱のファンタジア,10,ADV,GRAVITY WARS,160,1180,博麗神社例大祭コラボユニット,Megacycle,
双星ルミネセンス,10,ADV,GRAVITY WARS,210,1171,一舞 ＆ 夏陽,ビーフジョッキー,
竹取飛翔 ～ Lunatic Princess (Ryu☆Remix),10,ADV,GRAVITY WARS,171,957,Ryu☆,TAKUYA,
断罪は遍く人間の元に,10,ADV,GRAVITY WARS,170,966,Unlucky Morpheus,レッドホットスクリューズ,
弾幕注意報2014,10,ADV,GRAVITY WARS,155,1058,東京アクティブNEETs,浮世マシーン,
地方創生☆チクワクティクス,10,ADV,GRAVITY WARS,170,875,日向美ビタースイーツ♪,地方創生☆フカセクティクス,
飛花落葉,10,ADV,GRAVITY WARS,158,1102,なつめ千秋,MaKoTo,
暴走,10,ADV,GRAVITY WARS,310,720,cosMo@暴走P,MAD CHILD,
三つ数えろ,10,ADV,GRAVITY WARS,190,1152,豚乙女,東京ブルトゥーム,
滅亡天使 † にこきゅっぴん,10,ADV,GRAVITY WARS,200,1033,日向美ビタースイーツ♪,Antonio Guccini,
恋繋エピローグ,10,ADV,GRAVITY WARS,155,947,Amateras Records feat.KUMI（ヲタみん）,MAD CHILD,
神々の祈り,10,EXH,INFINITE INFECTION,130,986,舞風-MAIKAZE/沙紗飛鳥,DJ WILDPARTY,https://sdvx.in/02/02022e.htm
8 -eight-,10,ADV,INFINITE INFECTION,230,962,Tom-H@ck feat.Nadia,Hermit♣club,
Antinomie,10,ADV,INFINITE INFECTION,180,1257,void(IOSYS) feat. 厚志(石鹸屋),DJ WILDPARTY,
Attack on Dwarf-,10,ADV,INFINITE INFECTION,140,884,unatra,TAKUYA,
BabeL,10,ADV,INFINITE INFECTION,100~173,998,Power Of Nature,TEK-A-RHYTHM,
C18H27NO3,10,ADV,INFINITE INFECTION,210,1166,Team Grimoire,MAD CHILD,
Cirno Break,10,ADV,INFINITE INFECTION,196,1150,さわわ,Megacycle,
concon,10,ADV,INFINITE INFECTION,194,926,kamome sano,TEK-A-RHYTHM,
Daily Lunch Special～DeliciousREMIX～,10,ADV,INFINITE INFECTION,210,932,提供,MAD CHILD,
Diffused Reflection,10,ADV,INFINITE INFECTION,175,1010,ニシジマユーキ,Hermit♣club,
- dirty rouge -,10,ADV,INFINITE INFECTION,254,1057,ぺのれり,博多の男,
dream control,10,ADV,INFINITE INFECTION,128~197,992,C-YA,ユカリ☆chan,
"Electric ""Sister"" Bitch",10,ADV,INFINITE INFECTION,185,1120,t+pazolite,PHQUASE,
Erlung,10,ADV,INFINITE INFECTION,140,979,削除,ユカリ☆chan,
Flying!,10,ADV,INFINITE INFECTION,170,853,Tracy feat.築山さえ,MAD CHILD,
FLYING OUT TO THE SKY,10,ADV,INFINITE INFECTION,244,1320,かめりあ,PHQUASE,
Foolish Hero,10,ADV,INFINITE INFECTION,145,919,lapix,月刊ミズタニ,
Frantic Wolf,10,ADV,INFINITE INFECTION,178,1193,Jerico,Megacycle,
Goodbye-bye Planet,10,ADV,INFINITE INFECTION,185,1111,黒魔,MaKoTo,
Hoshizora Illumination,10,ADV,INFINITE INFECTION,210,1271,you,月刊ミズタニ,
Joyeuse,10,ADV,INFINITE INFECTION,260~274,674,ke-ji,Ether99,
Last Battalion,10,ADV,INFINITE INFECTION,185,1194,ETIA.,Hermit♣club,
LEMON SUMMER,10,ADV,INFINITE INFECTION,180,856,パイタン,MISY.b,
LittleGameStar,10,ADV,INFINITE INFECTION,215,1268,An,MaKoTo,
Lunartic Dial,10,ADV,INFINITE INFECTION,162,897,Shiron,PHQUASE,
Lunatic Rough Party!!,10,ADV,INFINITE INFECTION,120~400,859,かめりあ,MAD CHILD,
Mami Mami Zone,10,ADV,INFINITE INFECTION,173,1029,REDALiCE feat. 野宮あゆみ,PHQUASE,
Monkey Business,10,ADV,INFINITE INFECTION,145,908,lapix,浮世マシーン,
NEXT BILLIONAIRE,10,ADV,INFINITE INFECTION,130~165,906,SOUND HOLIC feat. Nana Takahashi,PHQUASE,
Next infection,10,ADV,INFINITE INFECTION,188,1171,Sanaas,TEK-A-RHYTHM,
OVERDRIVERS,10,ADV,INFINITE INFECTION,177,903,P*Light feat. mow*2,ユカリ☆chan,
Playing With Fire,10,ADV,INFINITE INFECTION,160,819,kors k,Hermit♣club,
Power of Battle,10,ADV,INFINITE INFECTION,170~173,905,ノマ,Megacycle,
Pristine Bigband,10,ADV,INFINITE INFECTION,218,1259,Y*Quartet project,SCバイオメトリクス,
PUNISHER,10,ADV,INFINITE INFECTION,180,1009,TAG×PON,THE THIRD MAN,
Rebirth,10,ADV,INFINITE INFECTION,192~197,980,164 feat. GUMI,mitsu,
Rings of Rainbow,10,ADV,INFINITE INFECTION,215,939,Hommarju,イエローSUB魔鈴,
Scene,10,ADV,INFINITE INFECTION,170,922,ジミーサムＰ,azuma,
She is my wife,10,ADV,INFINITE INFECTION,85~370,764,高井さんとuno(IOSYS),すーぱーアイドル☆フカセ子ちゃん,
shiny rainbow flower,10,ADV,INFINITE INFECTION,148,881,C-YA,SCバイオメトリクス,
SPARKING 2012,10,ADV,INFINITE INFECTION,185,1205,IRON ATTACK!,レッドホットスクリューズ,
take a step forward,10,ADV,INFINITE INFECTION,190,1354,uma,TAKUYA,
Unicorn tail,10,ADV,INFINITE INFECTION,200,1257,Dustboxxxx,週刊ミズタニ,
Venona,10,ADV,INFINITE INFECTION,178,1049,DOUBLE HELIX【たちのん&零-zero-】,週刊ミズタニ,
VERSUS!!,10,ADV,INFINITE INFECTION,187~280,784,しけもく,週刊ミズタニ,
Virtual Sunrise,10,ADV,INFINITE INFECTION,170,1176,kors k,MAD CHILD,
Virtual Sunrise (xac remix),10,ADV,INFINITE INFECTION,175,990,xac,スカイシュート,
Voice 2 Voice,10,ADV,INFINITE INFECTION,143,731,MAD CHILD,MAD CHILD,
WAVE WAVE WAVE,10,ADV,INFINITE INFECTION,135,1186,ZYTOKINE feat. itori,ごましおくん,
We Are The Scarlet,10,ADV,INFINITE INFECTION,180,1215,天音 (Rolling Contact),Megacycle,
will o' the wisp,10,ADV,INFINITE INFECTION,159,917,XIzE,Megacycle,
Wuv U,10,ADV,INFINITE INFECTION,177,1004,Yu_Asahina,Hermit♣club,
アルストロメリア,10,ADV,INFINITE INFECTION,173,1149,kuroburger,レッドホットスクリューズ,
アルテミス,10,ADV,INFINITE INFECTION,170,1179,FILTER SYSTEM,Megacycle,
イゴモヨス=オムル,10,ADV,INFINITE INFECTION,200,1182,日本楽音ノイズ協会,レッドホットスクリューズ,
ウバワレ,10,ADV,INFINITE INFECTION,190,941,TAKU1175,MAD CHILD,
おお われら喜び讃うべし、主よ,10,ADV,INFINITE INFECTION,180,1191,すのうまん,PHQUASE,
カレクレンマ,10,ADV,INFINITE INFECTION,121,757,"Music by アサヒナユウ, Vocal by みかん汁",Megacycle,
クノイチでも恋がしたい,10,ADV,INFINITE INFECTION,185,930,みきとP feat. 松下,azuma,
コミカルなミシャグジとラジエーション,10,ADV,INFINITE INFECTION,160,889,void & ARM feat. ななひら & ちよこ,MAD CHILD,
つぶやき魔法少女りむる,10,ADV,INFINITE INFECTION,190,946,DJ SHARPNEL feat. みらい,PHQUASE,
トーキョープレジャーグラウンド,10,ADV,INFINITE INFECTION,220,883,灯油,mitsu,
ナキムシロボ,10,ADV,INFINITE INFECTION,180,869,ラムネ(村人P),DJ 摂津,
ムーニャポヨポヨスッポコニャーゴ,10,ADV,INFINITE INFECTION,180,986,全日本スッポコニャーゴ親衛隊,博多の男,
やばいつよくてあたまいいあたいのうた,10,ADV,INFINITE INFECTION,175~250,910,Shiron feat. Kuroa*,Megacycle,
ラクガキスト,10,ADV,INFINITE INFECTION,199,1037,cosMo＠暴走P feat.GUMI,azuma,
ルーネイトエルフ,10,ADV,INFINITE INFECTION,175,944,Riz,Megacycle,
ワヴル魔法図書館,10,ADV,INFINITE INFECTION,180,1286,wobble magic library,MAD CHILD,
愛くるしフール,10,ADV,INFINITE INFECTION,174,1081,2ボス如きに負けるかぼちゃではなｙうわー,週刊ミズタニ,
命のユースティティア,10,ADV,INFINITE INFECTION,130,878,Neru,mitsu,
憂恋☆アクティベーション,10,ADV,INFINITE INFECTION,300,924,u-z,Hermit♣club,
神となり彼が見た境界線,10,ADV,INFINITE INFECTION,178,907,上村香月,レッドホットスクリューズ,
患部で止まってすぐ溶ける,10,ADV,INFINITE INFECTION,200,1130,ARM(IOSYS),痛みをおさえるリドカインなど８種類のふかせ,
上海紅茶館,10,ADV,INFINITE INFECTION,188,977,Yooh,MAD CHILD,
獣性オーバーフロウ,10,ADV,INFINITE INFECTION,168,697,PROCYON KNIGHTS PROJECT,Ether99,
白い雪のプリンセスは,10,ADV,INFINITE INFECTION,200,1334,のぼる↑,PHQUASE,
侵蝕コード：666,10,ADV,INFINITE INFECTION,138~276,947,かぼちゃ「黒幕はあやつぐ」と供述しており,THE THIRD MAN said,
青春☆してるかい？READY＆LADY！,10,ADV,INFINITE INFECTION,180,577,LV.4 feat.みゆ,しばまる子,
曾根崎心中,10,ADV,INFINITE INFECTION,190,958,デッドボールP,mitsu,
超爽快☆パッショネイト・フィーバー,10,ADV,INFINITE INFECTION,185,1000,Ayatsugu_Otowa,Megacycle,
華陽炎,10,ADV,INFINITE INFECTION,85~195,932,源屋 feat.Kuroa*,PHQUASE,
茅蜩モラトリアム,10,ADV,INFINITE INFECTION,189,1107,TOTAL OBJECTION feat.GUMI,月刊ミズタニ,
僕は空気が嫁ない,10,ADV,INFINITE INFECTION,192,1108,cosMo＠暴走P,mitsu,
魔法少女達の百年祭,10,ADV,INFINITE INFECTION,200,866,masty,MAD CHILD,
dilemma,10,EXH,BOOTH,128,765,豚乙女,レッドホットスクリューズ,https://sdvx.in/01/01020e.htm
Rebellious stage,10,EXH,BOOTH,160,781,Dios/シグナルP,Megacycle,https://sdvx.in/01/01027e.htm
サイコパスコミュニケーション,10,EXH,BOOTH,204,1095,ゆちゃP,MISY.b,https://sdvx.in/01/01028e.htm
センチメント,10,EXH,BOOTH,123,849,uno(IOSYS),DJ WILDPARTY,https://sdvx.in/01/01143e.htm
ナナイロ,10,EXH,BOOTH,230,1136,otetsu,Megacycle,https://sdvx.in/01/01023e.htm
ヒマワリ,10,EXH,BOOTH,175,947,MUZIK SERVANT,SHOUTICE,https://sdvx.in/01/01007e.htm
.59,10,ADV,BOOTH,145,636,IDEA+RHYTHM,月刊ミズタニ,
Abyss,10,ADV,BOOTH,175,1005,borzy,Megacycle,
Blue Rain,10,ADV,BOOTH,178,1399,Dustboxxxx,レッドホットスクリューズ,
DesireDrive,10,ADV,BOOTH,184,998,岸田教団＆THE明星ロケッツ,ミズタニ/A,
dreamin' feat.Ryu,10,ADV,BOOTH,156,851,Mayumi Morinaga (moimoi),DJ UTO,
Earthquake Super Shock,10,ADV,BOOTH,175,772,SOUND HOLIC feat. Nana Takahashi,Antonio Guccini,
Fire Strike,10,ADV,BOOTH,158,931,Junk,レッドホットスクリューズ,
Freeway Shuffle,10,ADV,BOOTH,160,1003,Yu_Asahina,PHQUASE × レッドホッドスクリューズ,
GAMBOL,10,ADV,BOOTH,177,933,D.F.K. Soundsystem,MAD CHILD,
Grip & Break down !!,10,ADV,BOOTH,160,1010,SOUND HOLIC feat. Nana Takahashi,PHQUASE,
Hello world!,10,ADV,BOOTH,175,988,"Music by 源屋, Vocal by SOPHY",Antonio Guccini,
"Help me, ERINNNNNN!!",10,ADV,BOOTH,185,1113,ビートまりお（COOL&CREATE）,ごましおくん,
Ignited Night,10,ADV,BOOTH,180,710,N-driver,Megacycle,
MANDARA,10,ADV,BOOTH,216,660,さたな,PHQUASE,
RPGシンドローム,10,ADV,BOOTH,170,1090,幽閉カタルシス,TEK-A-RHYTHM,
Strawberry Crisis,10,ADV,BOOTH,198,1241,CROW,Hermit♣club,
taboo tears you up 2008,10,ADV,BOOTH,180,835,REDALiCE,TEK-A-RHYTHM,
TRIGGER★HAPPY,10,ADV,BOOTH,185,820,P*Light,ごましおくん,
true feeling？,10,ADV,BOOTH,165,986,shin,DJ WILDPARTY,
TYCOON,10,ADV,BOOTH,170,1136,SOUND HOLIC feat. Nana Takahashi,Megacycle,
イカサマライフゲイム,10,ADV,BOOTH,200,962,kemu feat.GUMI,月刊ミズタニ,
カーニバル,10,ADV,BOOTH,254,1172,otetsu feat.灯油,PHQUASE,
カミサマネジマキ,10,ADV,BOOTH,284,691,kemu feat. GUMI,kinoto,
ケッペキショウ,10,ADV,BOOTH,190,862,すこっぷ feat.GUMI,月刊ミズタニ,
ケロ⑨destiny,10,ADV,BOOTH,172,923,Silver Forest feat. めらみぽっぷ,TEK-A-RHYTHM,
セツナトリップ,10,ADV,BOOTH,145,878,Last Note. feat.GUMI,Sammy/A,
チルノのパーフェクトさんすう教室,10,ADV,BOOTH,175,1005,ARM(IOSYS),ごましおくん,
ノイジーラバーソウル,10,ADV,BOOTH,190,899,Last Note. feat. GUMI,Acid=Stone Valley,
仇返しシンドローム,10,ADV,BOOTH,142,883,まふまふ feat.IA,mitsu,
過食性:アイドル症候群,10,ADV,BOOTH,200,996,スズム feat.GUMI＆MAYU,ごましお☆ちゃん,
君にエールを・・・！,10,ADV,BOOTH,180,1036,Mayumi Morinaga,DJ UTO,
究極焼肉レストラン!お燐の地獄亭!,10,ADV,BOOTH,185,758,ARM(IOSYS),Megacycle,
腐れ外道とチョコレゐト,10,ADV,BOOTH,260,700,ピノキオP,DJ UTO,
超恋愛☆エクストリーム・ガール,10,ADV,BOOTH,196,935,"Music by Ayatsugu_otowa, Vocal by みゅい",TEK-A-RHYTHM,
突撃!ガラスのニーソ姫!,10,ADV,BOOTH,185,892,D.watt,レッドホットスクリューズ(ネコミーミ！),
物凄い勢いでけーねが物凄いうた,10,ADV,BOOTH,180,806,Halozy,月刊ミズタニ,
六兆年と一夜物語,10,ADV,BOOTH,186,772,kemu feat.IA,DJ UTO,
サイエンス,11,ADV,NABLA,188,0,MIMI,花梨カリン,
デッドライン症候群,11,ADV,NABLA,151,0,irom,Mikaranti-ni,
B.B.K.K.B.K.K.(影虎。 & siqlo PsyRemix),11,ADV,EXCEED GEAR,160,1314,nora2r Remixed by 影虎。 & siqlo,K.K.M.M.K.M.M.,
Breath of Faith,11,ADV,EXCEED GEAR,200,0,satie,=Mt.SOTO=,
Demetel (Erixa ”MYTH” Remix),11,ADV,EXCEED GEAR,150,900,Erixa,Akizuki Nagomu,
For.*tune,11,ADV,EXCEED GEAR,205,1041,Capchii × low meow × Uzumaki,おすし仮面,
Four Leaves (Whitelily. remix),11,ADV,EXCEED GEAR,191,1192,Whitelily.(みーに&しろさきあや),Hananashi Karin,
Lost Emotion feat. nomico,11,ADV,EXCEED GEAR,172,1241,Alstroemeria Records,ステファンビート,
Lovesick Lovetune(brz_style),11,ADV,EXCEED GEAR,170,1034,brz1128 feat.しろさきあや,T=I=NAKA,
Second Game,11,ADV,EXCEED GEAR,185,1118,Tracy feat. miko,MaKoTo,
Vigor(siqlo's Hi-Tech Veats),11,ADV,EXCEED GEAR,154,1052,siqlo,T=I=NAKA,
What an amazing swing,11,ADV,EXCEED GEAR,125,826,角巻わため,鋼のビスカッチャ,
Windy Fairy,11,ADV,EXCEED GEAR,180,963,DJ TOTTO,cosMo＠暴走P,
アイスクリームマジック,11,ADV,EXCEED GEAR,220,0,雪乃イト,ゆめいろマジック,
おちゃめ機能,11,ADV,EXCEED GEAR,150,871,ゴジマジP feat. 重音テト,か　ら　ブ　ラ　P,
かくれんぼ (胡桃のあ Cover),11,ADV,EXCEED GEAR,180,1179,AliA,MaKoTo,
ギャ・ギャ・ギャ・ギャラクシー！,11,ADV,EXCEED GEAR,140,0,つきみぐー、,ReboundeR,
コントレイル,11,ADV,EXCEED GEAR,172,1027,葛葉,散切ブロス,
シンクロニティ,11,ADV,EXCEED GEAR,154,0,おめがシスターズ,フォックスロット,
チェイスチェイスジョーカーズのうた,11,ADV,EXCEED GEAR,185,1070,カギコ&チノン（CV:金元寿子&大空直美）,ユカリ&ポテト,
チョコレートスマイル,11,ADV,EXCEED GEAR,196,1292,日向美ビタースイーツ♪ & ここなつ,フォックスとロット,
テトリス,11,ADV,EXCEED GEAR,170,1082,柊マグネタイト,人生キャンセル～PH～,
ヒバナ-Reloaded-,11,ADV,EXCEED GEAR,200,875,DECO*27,cosMo＠暴走P-Reloaded-,
プリュネシエル,11,ADV,EXCEED GEAR,190,953,瀬名 feat. 音羽ことり。,モンスタードミノ卿,
ポジティブ☆ダンスタイム,11,ADV,EXCEED GEAR,210,1018,キノシタ feat.音街ウナ・鏡音リン,Hananashi Karin,
めた・メタ？ひまわり＊パンチ,11,ADV,EXCEED GEAR,177,0,ひまわり＊パンチ,MaKoTo,
ライアーダンサー,11,ADV,EXCEED GEAR,170,0,マサラダ,花梨カリン,
朱と碧のランページ,11,ADV,EXCEED GEAR,178,0,covered by 儒烏風亭らでん(ReGLOSS),肉汁魔人ガイオーザ,
梅雪夜,11,ADV,EXCEED GEAR,167,861,Qrispy Joybox feat.mao,微符序月,
焔華,11,ADV,EXCEED GEAR,160,1456,movies(moimoi×Xceon×Dai.),トトリオン軍団,
朧,11,ADV,EXCEED GEAR,149,815,白上フブキ,レッドホットスクリューズ,
機械仕掛けの魔法使い,11,ADV,EXCEED GEAR,120,644,Tsubusare BOZZ feat.madoka*,モンスタードミノ卿,
孤独のドロップハンター,11,ADV,EXCEED GEAR,197,781,otoshi.b×でか大×みゅい,サイバーガスタンク,
最強女神†ウーサペコラ,11,ADV,EXCEED GEAR,185,1004,兎田ぺこら,cosMo＠暴走P,
残像ニ繋ガレタ追憶ノHIDEAWAY,11,ADV,EXCEED GEAR,160,1063,SOUND HOLIC Vs. BEMANI Sound Team ”KE!JU” feat. Nana Takahashi,ロイヤルクラッカー,
千歳に泡影,11,ADV,EXCEED GEAR,200,0,Inaori feat.兎角あかり,ReboundeR,
月明りの旅人たち,11,ADV,EXCEED GEAR,137,1074,coTatsu,Hananashi Karin,
透明声彩,11,ADV,EXCEED GEAR,140,843,YuNi,CRAIG AKAGI,
美少女無罪?パイレーツ,11,ADV,EXCEED GEAR,170,1171,宝鐘マリン,唐揚シス,
鳳凰誓歌,11,ADV,EXCEED GEAR,192,1113,流星のサイトシーイング feat.雪希,Hananashi Karin,
右肩の蝶 (空澄セナ Cover),11,ADV,EXCEED GEAR,140,0,のりP,T=I=NAKA,
落赤,11,ADV,EXCEED GEAR,198,0,Acotto feat. 記憶に残る,Yasutomo Hirama,
凛として咲く花の如く,11,ADV,EXCEED GEAR,163,938,大神ミオ,唐揚シス,
惑星ループ (花芽すみれ Cover),11,ADV,EXCEED GEAR,170,0,ナユタン星人,Mikaranti-ni,
[E],11,ADV,EXCEED GEAR,152,1014,dj MAX STEROID,MaKoTo,
Element of SPADA,11,ADV,EXCEED GEAR,170,1366,猫叉Master feat.霜月はるか,フォックスロット,
FUJIMORI -祭- FESTIVAL,11,ADV,EXCEED GEAR,158,699,VENUS,浮世マツーリ,
Heroine is here,11,ADV,EXCEED GEAR,210,818,クルトン feat.ケィニ,An East Scarlet,
MURASAME,11,ADV,EXCEED GEAR,140,1042,Hommarju,ねちっこく堂,
Resonant Gear,11,ADV,EXCEED GEAR,185,1472,Endorfin.,ユカリ & MaKoTo,
Spear of Justice / 正義の槍,11,ADV,EXCEED GEAR,131,846,Toby Fox,2conノックオン,
Spider Dance / スパイダーダンス,11,ADV,EXCEED GEAR,230,1024,Toby Fox,ロイヤルクラッカー,
ヴァンパイア,11,ADV,EXCEED GEAR,164,589,DECO*27,ビーフジョッヴァー,
カシオペアノヒカリ,11,ADV,EXCEED GEAR,132,909,ここなつ2.0,MASTER TRICK,
キリカ,11,ADV,EXCEED GEAR,185,1700,HIMEHINA,晴れ、のち～PH～,
ステラレギア,11,ADV,EXCEED GEAR,130,671,ここなつ2.0,MAD CHILD 2.0,
フォニイ,11,ADV,EXCEED GEAR,170,1166,ツミキ feat.可不,秘密の～PH～ony,
メテオライツ・プレリュード,11,ADV,EXCEED GEAR,190,934,みーに,凹ーダー凸ード,
ユキバレ＊ぱれいど,11,ADV,EXCEED GEAR,160,1017,coTatsu,ロイヤルクラッカー,
リバース,11,ADV,EXCEED GEAR,135,713,ここなつ2.0,フォックスロット,
勇者の卒業式,11,ADV,EXCEED GEAR,162,1043,Verdammt,凹ーダー凸ード,
Chakra,11,ADV,EXCEED GEAR,165,921,uma,CRAIG AKAGI,
charm you,11,ADV,EXCEED GEAR,147,713,U-ske feat.花柚,鋼のビスカッチャ,
Empty Backdoor,11,ADV,EXCEED GEAR,169,901,森羅万象,レッドコールドスクリューズ,
Enter The Fire,11,ADV,EXCEED GEAR,140,809,Yooh,MAD CHILD,
Flip Flap,11,ADV,EXCEED GEAR,175,1129,kors k,噂のジャイアントスパーク,
Fun walk!!,11,ADV,EXCEED GEAR,170,1299,Enterskip,dj strassen,
Halloween Is Chaos,11,ADV,EXCEED GEAR,197,1583,RoughSketch feat.北小路ヒスイ,おすし仮面♣,
Impress(siqlo's Hi-Tech Veats),11,ADV,EXCEED GEAR,160,1371,siqlo,Amazeki Kagome,
- Jupiter -,11,ADV,EXCEED GEAR,144,1383,SHIKI,Akizuki Nagomu,
Love Love Scarlet,11,ADV,EXCEED GEAR,185,1299,イノライfeat.怜花,MaKoTo,
LUCKY CAT,11,ADV,EXCEED GEAR,167,805,ちょこふぁん,Megacycle,
PLANISPHERE,11,ADV,EXCEED GEAR,122~161,772,SOUND HOLIC feat. Nana Takahashi,MAD CHILD,
Screaming!!,11,ADV,EXCEED GEAR,135~180,1280,CielArc,からあげスクリームズ,
Verstarkt Killer,11,ADV,EXCEED GEAR,182,1020,MALVA.,Secret Lv.09,
アリスサイド・キャスリング,11,ADV,EXCEED GEAR,115,803,メリー・バッド・メルヘン,秋月なごむ,
オルターエゴ,11,ADV,EXCEED GEAR,176,1125,Misumi,Megacycle,
キャプテン・マリンのケツアンカー,11,ADV,EXCEED GEAR,150~190,1141,COOL&CREATE × 宝鐘マリン,MAD CHILD,
スカーレット警察のゲットーパトロール24時,11,ADV,EXCEED GEAR,160,1172,七条レタスグループ,Vol Force Crew,
スノウイコン,11,ADV,EXCEED GEAR,164,1324,mazuka153,フォックスロット,
デンデラパーティーナイト,11,ADV,EXCEED GEAR,181,1144,森羅万象,鋼のビスカッチャ,
トラダンスアナーキー,11,ADV,EXCEED GEAR,195,1230,暁 Records,サイバーガスタンクEXCEED,
ナナホシ(lovely bubbly party mix!),11,ADV,EXCEED GEAR,160,756,naka3,Akizuki Nagomu,
みたらしプラトニック,11,ADV,EXCEED GEAR,160,737,Yunomi,Megacycle,
驪駒早鬼は馬並み☆プロテイン,11,ADV,EXCEED GEAR,175,1052,ARM × 狐夢想 feat.ななひら,サイバーマッスルガスタンク,
孤月群雲に沈む,11,ADV,EXCEED GEAR,194,1062,めと（Metomate）,MAD CHILD,
木洩れ日に咲く,11,ADV,EXCEED GEAR,171,1279,seatrus feat.杠葉えりか,フォックスとロット,
緋色月下、狂咲ノ絶 (nayuta 2017 ver),11,ADV,EXCEED GEAR,150,1568,EastNewSound,ブルーコールドハリケーンズ,
夢の終わり、世界のはじまり。,11,ADV,EXCEED GEAR,175,1049,TAKU1175 ft.駄々子,Ginza Sis,
恋獄対刃,11,ADV,EXCEED GEAR,190,892,あるふぁ＋凜々,Secret Lv.09,
120秒のエンドロール,11,ADV,VIVID WAVE,219,1217,colorless（からとP feat.脱線ぐーぅ）,ZANGI Bros.,
50th -Flagship medley-,11,ADV,VIVID WAVE,135~175,831,BEMANI Sound Team,↑↑↓↓←→←→BSP,
50th -二人の時-,11,ADV,VIVID WAVE,160,1186,BEMANI Sound Team,↑↑↓↓←→←→DDD,
ABSOLUTE (EUROBEAT REMIX),11,ADV,VIVID WAVE,90~162,1076,Tracy vs. Yu_Asahina,サイバーガスタンク,
Adrenaline Rush,11,ADV,VIVID WAVE,158,806,siqlo,CRAIG AKAGI,
Believe (y)our Wings {GRA5P WAVES},11,ADV,VIVID WAVE,188,1248,GRACE COLORS（かめりあ ft. 紫崎 雪、藍月なくる、荒巻、ＯＲＩ姫、かなたん、駄々子、はるの、ななひら）,名誉グレイス王国民,
Believe (y)our Wings {V:IVID RAYS},11,ADV,VIVID WAVE,188,1140,RASIS COLORS（かめりあ ft. 紫崎 雪、ぁゅ、かぼちゃ、Kuroa*、SOPHY、みかん汁、みゅい）,元祖レイシス親衛隊長,
bistro twins☆☆☆,11,ADV,VIVID WAVE,228,1128,OSTER project feat. かなたん,MAD CHILD,
BLACK JACKAL,11,ADV,VIVID WAVE,150,861,Akira Complex,CRAIG AKAGI,
BLIZZARD BEAT,11,ADV,VIVID WAVE,170,1112,SOUND HOLIC feat. Nana Takahashi,鋼のビスカッチャ,
Bye or not,11,ADV,VIVID WAVE,170,1142,PSYQUI feat. mikanzil,レッドホットスクリューズ,
clear:wings,11,ADV,VIVID WAVE,252,1549,かゆき,月刊ミズタニ,
cloche(といぼっくすうぃんぐ　みっくす),11,ADV,VIVID WAVE,228,1262,,はがねのびすかっちゃ,
CLOUDS FLYER -sdvx edit-,11,ADV,VIVID WAVE,177,1111,ginkiha,Akizuki Nagomu,
Daydream cafe (Euro Hopping Mix),11,ADV,VIVID WAVE,154,861,Remixed by BEMANI Sound Team ”TAG” feat. ななひら,SCバイオメトリクス,
DEEP PSYCHEDELIC STRIKER,11,ADV,VIVID WAVE,155,961,影虎。,凹ーダー凸ード,
DESIRE,11,ADV,VIVID WAVE,180,1005,溝口ゆうま feat. 大瀬良あい,Megacycle,
empty,11,ADV,VIVID WAVE,184,1233,Λerdammt,サイバーガスタンク,
Enjoy This Time,11,ADV,VIVID WAVE,170,854,DJ Noriken feat. yukacco,MAD CHILD,
Finally Dive -kors k Remix-,11,ADV,VIVID WAVE,146,1053,ここなつ,からあげしすたーず,
Flaa Behavior,11,ADV,VIVID WAVE,175,1318,borzy,kamuy noko,
floorkiller,11,ADV,VIVID WAVE,210,1293,テヅカ,ZANGI Bros.,
Harmonia,11,ADV,VIVID WAVE,177,686,ATSUMI UEDA,鋼のビスカッチャ,
Holy Legacy,11,ADV,VIVID WAVE,190,1109,すのうまん,kamuy noko,
Jetcoaster Windy,11,ADV,VIVID WAVE,268,795,BEMANI Sound Team ”dj TAKA” feat.のの,鋼のビスカッチャ,
le coeur patissiere,11,ADV,VIVID WAVE,190,1150,U-ske feat.Ri9,からあげフランソワーズ,
MICHIZURE,11,ADV,VIVID WAVE,150,733,708/残響P,Megacycle,
MilK,11,ADV,VIVID WAVE,150,1211,モリモリあつし,月刊ミズタニ,
Princess Lily,11,ADV,VIVID WAVE,180,1438,溝口ゆうま feat. 大瀬良あい,kamuy noko,
Quark,11,ADV,VIVID WAVE,180,1147,Hate vs Brilliance,フォックスロット,
Record one's Dream,11,ADV,VIVID WAVE,145,958,uma vs. モリモリあつし,鋼のビスカッチャ,
Sacrifice Escape,11,ADV,VIVID WAVE,100,739,memex,鋼のビスカッチャ,
scary night,11,ADV,VIVID WAVE,200,1131,岸田教団＆THE明星ロケッツ,Megacycle,
Still Lonesome,11,ADV,VIVID WAVE,168,834,PSYQUI,サイバーガスタンク,
The First Step,11,ADV,VIVID WAVE,132,850,Yooh,レッドホットスクリューズ,
ULTRA B+K,11,ADV,VIVID WAVE,175,1090,nora2r,レッドホット+スクリューズ,
ultra turbo,11,ADV,VIVID WAVE,138,847,kamome sano,フォックスロット & kamuy noko,
VIVID DEBUT!,11,ADV,VIVID WAVE,182,913,#EmoCosine,Megacycle,
アライヴ,11,ADV,VIVID WAVE,200,870,あらいぐまファクトリー feat. okogeeechann,Megacycle,
うさぬこぬんぬんファンタジー！,11,ADV,VIVID WAVE,160,847,ARM(IOSYS) feat. 普透明度,SHiJiMiSo Soup.☆彡,
おーまい！らぶりー！すうぃーてぃ！だーりん！,11,ADV,VIVID WAVE,170,886,BEMANI Sound Team,MAD CHILD,
おどりましょうよ！ドラゴンさん～転生したらゲーム曲でした～,11,ADV,VIVID WAVE,158,609,諸星なな feat.加藤はるか＆廣瀬祐輝,噂のジャイアントスパーク,
スイーツはとまらない♪,11,ADV,VIVID WAVE,204,1279,日向美ビタースイーツ♪,Akizuki Nagomu,
ふ・れ・ん・ど・し・た・い (WEREHEREMIX),11,ADV,VIVID WAVE,170,894,Remixed by ボルテ学園生活部,ボルテ学園美術部,
ベビーステップ,11,ADV,VIVID WAVE,200,1167,ここなつ,ベビーフジョッキー,
ぼくらの16bit戦争,11,ADV,VIVID WAVE,122,917,sasakure.UK,からあげマザーズ(ケチャップ派),
雲海,11,ADV,VIVID WAVE,160,1189,椎名　豪,Jin Majima,
怪盗Fの台本～消えたダイヤの謎～,11,ADV,VIVID WAVE,128,1010,ひとしずく×やま△ feat.松下、eclair、おさむらいさん、柿チョコ、コニー、しゅーず、che:櫻井、nero、びびあん、mao（bass）、ゆう十、リシェ,サイバーガスタンク,
恋するレインガール,11,ADV,VIVID WAVE,160,836,MasKaleido feat. ぁゅ,SALMON GRAPHY,
逆さまシンデレラパレード,11,ADV,VIVID WAVE,135,935,メリー・バッド・メルヘン,秋月なごむ,
全力ハッピーライフ,11,ADV,VIVID WAVE,190,1191,森羅万象,ポテト亀山,
濁色踊るオートマタ,11,ADV,VIVID WAVE,205,1025,めと（Metomate）,凹ーダー凸ード,
抜刀,11,ADV,VIVID WAVE,170,1199,猫大樹,電撃ロブスター,
祭囃子,11,ADV,VIVID WAVE,188,1131,709sec. feat.Yui Chinen,Antonio Guccini,
妄想税,11,ADV,VIVID WAVE,134,982,DECO*27,からあげブラザーズ,
夢見草奇譚,11,ADV,VIVID WAVE,165,1003,Paradise Eve feat.しゃみお,サイバーガスタンク,
零次元エクスプレス,11,ADV,VIVID WAVE,160,1069,SOUND HOLIC feat. Nana Takahashi,鋼のビスカッチャ,
Crystallize Forest,11,EXH,HEAVENLY HAVEN,160,1380,奏瀬いちこ feat.Silver Forest,電撃ロブスター,https://sdvx.in/04/04091e.htm
New Game feat.Mayumi Morinaga,11,EXH,HEAVENLY HAVEN,170,1333,The 4th,cosMo＠暴走P,https://sdvx.in/04/04017e.htm
SO FLY ME TO YOU,11,EXH,HEAVENLY HAVEN,138,1024,ローゼライト powered by mu-ray,ひとくちピエロ,https://sdvx.in/04/04058e.htm
クリスタルミサイル,11,EXH,HEAVENLY HAVEN,133,866,フーリンキャットマーク～with 鳴紗,THE THIRD MAN,https://sdvx.in/04/04083e.htm
3y3s (JMBS FUNKOT RMX),11,ADV,HEAVENLY HAVEN,198,1166,Jockie ”MASTA BASS” Suama,THE THIRD MAN,
444,11,ADV,HEAVENLY HAVEN,190,1189,ZYTOKINE feat. aki,楊 麗華,
All Clear!!,11,ADV,HEAVENLY HAVEN,164,1054,sky_delta,月刊ミズタニ,
Another Chapter,11,ADV,HEAVENLY HAVEN,220,1156,からとP feat.リた☆,EIVY,
Aragami,11,ADV,HEAVENLY HAVEN,48~196,1371,xi,Megacycle,
Arcade Prison,11,ADV,HEAVENLY HAVEN,155,846,MAD CHILD vs. siromaru,"MAD CHILD, the Arcade Prisoner",
β,11,ADV,HEAVENLY HAVEN,190,1240,BlackY,からあげブラザーズ,
Be a Hero!,11,ADV,HEAVENLY HAVEN,190,932,中島由貴,Ether99,
BEAST BASS BOMB,11,ADV,HEAVENLY HAVEN,170,1292,Hommarju,Hirayasu Matsudo,
Burning Spark!,11,ADV,HEAVENLY HAVEN,169,973,uma & nmk feat. 橘花音,Akizuki Nagomu,
CARNIVOROUS,11,ADV,HEAVENLY HAVEN,170,967,SOUND HOLIC feat. Nana Takahashi,Megacycle,
Carry Me Away,11,ADV,HEAVENLY HAVEN,175,1339,lapix,七色Method,
Catch Our Fire!,11,ADV,HEAVENLY HAVEN,190,1187,中島由貴,Ether99,
Chantilly Fille,11,ADV,HEAVENLY HAVEN,200,997,Ange;art,凹ーダー凸ード,
Chaotic Romance,11,ADV,HEAVENLY HAVEN,200,1202,はるなば,Megacycle,
Chocolate Planet,11,ADV,HEAVENLY HAVEN,185,1442,Freezer feat.妃苺,七色Method,
cobalt,11,ADV,HEAVENLY HAVEN,145~175,1040,Des-ROW・組スペシアル,,
CUTE-Reflection,11,ADV,HEAVENLY HAVEN,160~170,1183,7mai,浮世マシーン,
Cy-Bird,11,ADV,HEAVENLY HAVEN,160,1097,Yooh,MAD CHILD,
Dark Matter,11,ADV,HEAVENLY HAVEN,205,984,Yooh,Hiroyasu Matsuda,
Empathetic,11,ADV,HEAVENLY HAVEN,180,1133,Sota÷Des,浮世×マシーン,
Fafnir,11,ADV,HEAVENLY HAVEN,196,1046,Aoi Sumito a.k.a. あおいひと,凹ーダー凸ード,
Fly far bounce,11,ADV,HEAVENLY HAVEN,98~163,954,猫叉Master,PHQUASE,
Game Over,11,ADV,HEAVENLY HAVEN,200,1138,Ancraft,CRAIG AKAGI,
If,11,ADV,HEAVENLY HAVEN,170,1139,Pa,七色Method 1+1/2,
ILL-STARRED Diver,11,ADV,HEAVENLY HAVEN,185,955,polysha,CRAIG AKAGI,
infinite;youniverse,11,ADV,HEAVENLY HAVEN,220,1325,かゆき,風瑠人,
Inscape,11,ADV,HEAVENLY HAVEN,200,1286,technoplanet,Megacycle,
Iridescent Clouds,11,ADV,HEAVENLY HAVEN,185,1354,Hidra-Xjeil,浮世マシーン,
Junk Mania,11,ADV,HEAVENLY HAVEN,165,1004,udouddo&VALLEYSTONE,CRAIG AKAGI,
La Danza del Fuego,11,ADV,HEAVENLY HAVEN,150,1024,Kiryu,Akizuki Nagomu,
Libera me,11,ADV,HEAVENLY HAVEN,165,1227,Cranky,Satchy,
Life is beautiful,11,ADV,HEAVENLY HAVEN,155,1132,BEMANI Sound Team ”猫叉Master”,おすし♣club,
Line 4 Ruin -kohumix-,11,ADV,HEAVENLY HAVEN,170,1051,こふ,Megacycle,
Lionheart,11,ADV,HEAVENLY HAVEN,170,984,P4koo,Megacycle,
MAXIVCORD,11,ADV,HEAVENLY HAVEN,154,794,BEMANI Sound Team ”dj TAKA”,ポテト亀山,
Melty Sweets,11,ADV,HEAVENLY HAVEN,177,1035,Ironami,CRAIG AKAGI,
NEON LOVE POTION!!!,11,ADV,HEAVENLY HAVEN,180,1012,パイタン,ポテト亀山,
No way,11,ADV,HEAVENLY HAVEN,160,971,影虎。,凹ーダー凸ード,
PIERROT KNIfE,11,ADV,HEAVENLY HAVEN,190,1176,まろん (IOSYS),CRAIG AKAGI,
Poppin’Cats!!,11,ADV,HEAVENLY HAVEN,150,902,やどりぎ,東京ブルトゥーム,
QUAKE,11,ADV,HEAVENLY HAVEN,130~150,772,Polyphonix,MAD CHILD,
Regretful Flower,11,ADV,HEAVENLY HAVEN,155,1071,Amateras Records feat.築山さえ,おからヒット,
Rejoin,11,ADV,HEAVENLY HAVEN,135,909,BEMANI Sound Team ”HuΣeR feat.PON”,鋼のビスカッチャ,
rhythmology study,11,ADV,HEAVENLY HAVEN,270,681,古屋直雪,Ether99,
Royal Judgement,11,ADV,HEAVENLY HAVEN,200,1212,Kobaryo,cosMo＠暴走P,
SACRIFICE feat.ayame,11,ADV,HEAVENLY HAVEN,180,1637,Alstroemeria Records,七色Method,
Sadistic Stabbing,11,ADV,HEAVENLY HAVEN,200,1057,ぬゆりとびす,Megacycle,
starmine (nora2r Remix),11,ADV,HEAVENLY HAVEN,190,905,nora2r,MAD CHILD,
Sulk,11,ADV,HEAVENLY HAVEN,150,1152,SYUNN,GOLD,
SUPER BUBBLE JOURNEY,11,ADV,HEAVENLY HAVEN,155,955,こふ,Megacycle,
SUPER SUMMER SALE,11,ADV,HEAVENLY HAVEN,155,765,BEMANI Sound Team ”U1 overground”,,
The Golden Era,11,ADV,HEAVENLY HAVEN,175,1045,polysha,浮世マシーン,
Theme of Ricerca,11,ADV,HEAVENLY HAVEN,90~158,1095,HuΣeR feat.ゆきまめ,月刊ミズタニ,
Tic Exe,11,ADV,HEAVENLY HAVEN,210,1290,Se-U-Ra,Akizuki Nagomu,
TRICKL4SH 220,11,ADV,HEAVENLY HAVEN,220,1557,Lite Show Magic,ごましおくん vs. PHQUASE,
Vigor,11,ADV,HEAVENLY HAVEN,132,968,Yooh,ビーフジョッキー,
VOLTEXES IV,11,ADV,HEAVENLY HAVEN,147,843,BEMANI Sound Team ”Sota Fujimori”,蒼弐 ver.IV,
We Go Down,11,ADV,HEAVENLY HAVEN,230,1171,DJ Genki feat. SHIN from HYPERNOVA with 三代,レッドホットスクリューズ,
インビジブル,11,ADV,HEAVENLY HAVEN,192,994,kemu,Megacycle,
お米,11,ADV,HEAVENLY HAVEN,190,821,大日本鉄倶楽部【あさき＆９６】,大日本松倶楽部,
オンディーヌの泪,11,ADV,HEAVENLY HAVEN,230,1587,かねこちはる,電撃ロブスター,
キリステゴメン,11,ADV,HEAVENLY HAVEN,156,830,東雲夏陽,THE THIRD MAN,
ゴーストルール,11,ADV,HEAVENLY HAVEN,210,1059,DECO*27,凹ーダー凸ード,
コメット⇒スケイター,11,ADV,HEAVENLY HAVEN,150,837,U-ske feat.棗いつき,星空を翔ける～CA～,
スカイダイバー,11,ADV,HEAVENLY HAVEN,180,888,ヒゲドライバー feat.ヒゲドライVAN,MAD CHILD,
チルノのパーフェクトさんすう教室　⑨周年バージョン,11,ADV,HEAVENLY HAVEN,175,1084,IOSYSと愉快な⑨周年フレンズ,ごましおくん,
ツキアカリ,11,ADV,HEAVENLY HAVEN,207,1089,タケノコ少年,凹ーダー凸ード,
トラウマ催眠少女さとり！,11,ADV,HEAVENLY HAVEN,210,1033,DJ SHARPNEL feat.一ノ瀬月琉,THE THIRD MAN,
プラネタジャーニー,11,ADV,HEAVENLY HAVEN,140,751,U-ske feat.棗いつき,夢と希望のカタマリ～PH～,
ペタ靴と憂夜リムーバー,11,ADV,HEAVENLY HAVEN,134,625,Vocal by ＯＲＩ姫,憂夜マシーン,
メルヘン風紀委員会,11,ADV,HEAVENLY HAVEN,188,1326,はるなば with すずしろ&桃箱,Hermit♣club,
ラキラキ,11,ADV,HEAVENLY HAVEN,165,861,Mutsuhiko Izumi & S-C-U,kamuy noko,
狂騒こども節,11,ADV,HEAVENLY HAVEN,198,757,Vocal by かなたん,MAD CHILD,
獅子奮迅,11,ADV,HEAVENLY HAVEN,170,1034,a_hisa vs KV.S&はらたま,MaKoTo,
星座が恋した瞬間を。,11,ADV,HEAVENLY HAVEN,186,1069,BEMANI Sound Team ”DJ TOTTO feat.MarL”,Megacycle,
零の位相,11,ADV,HEAVENLY HAVEN,190~205,1038,kradness,ポテト亀山,
蓬莱フェスティボー,11,ADV,HEAVENLY HAVEN,180,1032,溝口ゆうま feat. みこ♡なち♡あい,Akizuki Nagomu,
僕らの時間,11,ADV,HEAVENLY HAVEN,214,1069,テヅカ feat. 大西あみみ,SCバイオメトリクス,
物凄いスペースシャトルでこいしが物凄いうた,11,ADV,HEAVENLY HAVEN,175,1328,Halozy feat. ななひら,月刊ミズタニ,
雷鼓サンダービート,11,ADV,HEAVENLY HAVEN,175,1027,ARM(IOSYS) feat.ビートまりお(COOL&CREATE),Sammy/A,
黎明スケッチブック,11,ADV,HEAVENLY HAVEN,238,1366,アメツチ絵日記,ビーフジョッキー,
惑星☆ロリポップ,11,ADV,HEAVENLY HAVEN,180,705,SOUND HOLIC feat. Nana Takahashi,電撃ロブスター,
分けるな危険！モモモモモモーイズム,11,ADV,HEAVENLY HAVEN,200,1021,ARM×狐夢想 feat. 桃井はるこ,狂風少年鑑定団,
私の恋色。,11,ADV,HEAVENLY HAVEN,206,1026,テヅカ feat. 大西あみみ,Megacycle,
{albus},11,ADV,GRAVITY WARS,198,1402,かめりあ,風瑠人,
Aliquam,11,ADV,GRAVITY WARS,70~158,940,たちのん,凹ーダー凸ード,
Apex of the World,11,ADV,GRAVITY WARS,169,1017,uma&hurirai feat. ましろ,レッドホットスクリューズ,
B.B.K.K.B.K.K.,11,ADV,GRAVITY WARS,170,1120,nora2r,M.M.M.M.M.M.M.,
BEAT-NEW-WORLD,11,ADV,GRAVITY WARS,190,1022,ビートまりお（COOL&CREATE）,SCバイオメトリクス,
Borealis,11,ADV,GRAVITY WARS,196,1119,ginkiha,SCバイオメトリクス,
Chloé,11,ADV,GRAVITY WARS,176,1400,DJ Totoriott,レッドホットスクリューズ,
citrus,11,ADV,GRAVITY WARS,174,1247,kamome sano,わかば,
continew,11,ADV,GRAVITY WARS,64~256,1198,Verdammt,Ether99,
Din Don Dan (Fusion Remix),11,ADV,GRAVITY WARS,160,1187,TAKU1175 feat.かなたん,PHQUASE STARLiGHT,
Discover the Life,11,ADV,GRAVITY WARS,165,1380,A-One,ビーフジョッキー,
Dualive,11,ADV,GRAVITY WARS,190,1340,Quarks(kradness×Camellia),POT-E-RHYTHM,
EBONY & IVORY,11,ADV,GRAVITY WARS,113~170,940,OSTER project,SCバイオメトリクスR,
ΕΛΠΙΣ,11,ADV,GRAVITY WARS,175,1112,dj TAKA,Yu-tomo,
#Endroll,11,ADV,GRAVITY WARS,170,1308,uno & D.watt (IOSYS TRAX),Hirayasu Matsudo,
eternita,11,ADV,GRAVITY WARS,269,940,cosMo＠暴走P,スカイシュート,
F.K.S.,11,ADV,GRAVITY WARS,0,1049,Nizikawa,PHQUASE,
False Cross,11,ADV,GRAVITY WARS,162,1116,BlackY,月刊ミズタニ × Hermit♣club,
FIRE FIRE(Kazmasa Remix),11,ADV,GRAVITY WARS,190,1423,Kazmasa,浮世マシーン,
FLOWER,11,ADV,GRAVITY WARS,173,1236,DJ YOSHITAKA 「jubeat」より,SCライオット,
Follow Up,11,ADV,GRAVITY WARS,175,1255,あるふぁ,月刊ミズタニ,
Get back here,11,ADV,GRAVITY WARS,200,1149,Hommarju,風瑠人,
gigadelic(m3rkAb4# R3m!x),11,ADV,GRAVITY WARS,180~916,1118,ikaruga_nex,月刊ミズタニ,
Grand Chariot,11,ADV,GRAVITY WARS,191,1352,xi,Ester44,
HAELE III ~Angel Worlds~,11,ADV,GRAVITY WARS,185,1652,Yu_Asahina ft. Ritsuka,レッドホットスクリューズ,
Halcyon,11,ADV,GRAVITY WARS,40~191,1258,xi,Ether99,
Happy Sensation,11,ADV,GRAVITY WARS,180,1322,IckPo,東京ブルトゥーム,
In The Breeze,11,ADV,GRAVITY WARS,123~142,842,96 & Sota ft. Mayumi Morinaga,ユカリ & MaKoTo,
Inixia,11,ADV,GRAVITY WARS,217,1201,xi,風瑠人,
Laughin' Muffin,11,ADV,GRAVITY WARS,182,1108,Gowrock,ポテト亀山,
Le Fruit Defendu,11,ADV,GRAVITY WARS,220,1379,モリモリあつし+Verdammt,わかば,
Lucky*Clover,11,ADV,GRAVITY WARS,200,1076,Shiron＋こふ×モリモリあつしと提供でお送りします。,ユカリ♣ポテト,
M.A.Y.U.,11,ADV,GRAVITY WARS,128,921,Ryu☆ feat.MAYU,SCバイオメトリクス,
Mayohiga Spurt,11,ADV,GRAVITY WARS,192,1278,さわわ,Ether99,
Monkey Business -Satire mix-,11,ADV,GRAVITY WARS,200,1058,LeaF,MaKoTo,
NECRO PARTY,11,ADV,GRAVITY WARS,175,1023,VALLEYSTONE vs udouddo,MAD CHILD,
Never Ending,11,ADV,GRAVITY WARS,180~220,1171,syzfonics,MaKoTo,
Nofram,11,ADV,GRAVITY WARS,132,868,unatra,風瑠人,
Parousia,11,ADV,GRAVITY WARS,158,1306,xi,Ether99,
Poison Blood,11,ADV,GRAVITY WARS,200,1082,udouddo,SCバイオメトリクス,
Rubeus,11,ADV,GRAVITY WARS,200,956,RedMuffleR,月刊ミズタニ,
S1CK_F41RY,11,ADV,GRAVITY WARS,177,1122,HOUJIROU,レッドホットスクリューズ,
Shanghai Wu Long ～上海舞龍～,11,ADV,GRAVITY WARS,171,959,Hommarju,風瑠人,
She is my wife,11,ADV,GRAVITY WARS,85~170,801,SUPER STAR 満-MITSURU-,SUPER EFFECTOR 努-TSUTOMU-,
Smooth Wind,11,ADV,GRAVITY WARS,152,1043,とろまる,浮世マシーン,
Stleq,11,ADV,GRAVITY WARS,200,1302,ぬゆり,レッドホットスクリューズ♠TEK-A-RHYTHM,
The Sampling Paradise (P*Light Remix),11,ADV,GRAVITY WARS,181,1130,P*Light,IIDXで九段受かれないSCバイオメトリクス,
The setting sun,11,ADV,GRAVITY WARS,140,1047,DJ YASETAKA,Hirayasu Matsudo,
THUNDERCRACK,11,ADV,GRAVITY WARS,190,1001,IRON ATTACK!,TEK-A-RHYTHM,
Twin Blaster,11,ADV,GRAVITY WARS,185,1449,polysha+tcheb,TAKUYA,
Twin Rocket,11,ADV,GRAVITY WARS,185,1102,uno feat.ちよこ(IOSYS),月刊ミズタニ,
UROBØROS,11,ADV,GRAVITY WARS,129,1029,溝口ゆうま feat. 大瀬良あい,月刊ミズタニ,
Vampire's Territory,11,ADV,GRAVITY WARS,140~280,1046,u-z,レッドホットスクリューズ,
Virtual Bit,11,ADV,GRAVITY WARS,152,1041,KAN TAKAHIKO,Padcontrollers,
VOLTEXES III,11,ADV,GRAVITY WARS,180,1209,Sota Fujimori,MAD CHILD ver.III 1st SEASON,
Voynich:Manuscript,11,ADV,GRAVITY WARS,164,1087,かゆき,浮世マシーン,
Wuv U(picoustic rmx),11,ADV,GRAVITY WARS,182,1097,kamome sano,MaKoTo,
Zero-Day Exploit,11,ADV,GRAVITY WARS,194,1302,Trerey-U,cosMo＠暴走P,
カタルシスの月,11,ADV,GRAVITY WARS,200,1381,日向美ビタースイーツ♪,MaKoTo,
きらきらタイム☆,11,ADV,GRAVITY WARS,202,1000,さわわ,Ether99,
「ここなつ☆」は夢のカタチ,11,ADV,GRAVITY WARS,216,1310,ここなつ Produced by A than_Lily,東京ブルトゥーム,
ゲキツイムラサ,11,ADV,GRAVITY WARS,185,1110,ビートまりお（COOL&CREATE）ビートまりお（COOL&CREATE）,風瑠人,
そして紫の幻想曲は全てを受け入れる,11,ADV,GRAVITY WARS,174,944,黄泉路テヂーモ×dawn-system,ビーフジョッキー,
ちぇいす いん ざ さんしゃいん！！！,11,ADV,GRAVITY WARS,186,1326,ぺのれり,ポテト亀山,
ちくわパフェだよ☆ＣＫＰ,11,ADV,GRAVITY WARS,205,1416,日向美ビタースイーツ♪,月刊ミズタニ,
トリコロール・ダイアリー,11,ADV,GRAVITY WARS,173,1109,梅干茶漬け,しばまる子,
ネコクマウササー,11,ADV,GRAVITY WARS,180,1122,溝口ゆうま feat. みこ♡なち♡あい,Hermit♣club,
ネメシス SDVX Edit,11,ADV,GRAVITY WARS,146,1007,Larca,浮世マシーン,
ハイスピヰド・ランパンシヰ,11,ADV,GRAVITY WARS,174,1026,はがね,凹ーダー凸ード,
ブチアゲドクター☆ハイテッコ三姉妹,11,ADV,GRAVITY WARS,155,889,溝口ゆうま feat. みこ♡なち♡あい,MAD CHILD,
ほおずき程度には赤い頭髪,11,ADV,GRAVITY WARS,174,1069,Akhuta,YUK-A-RHYTHM,
ムラサキグルマ,11,ADV,GRAVITY WARS,125~180,1203,ここなつ Produced by はるなば,TEK-A-RHYTHM,
リカーシブ・ファンクション,11,ADV,GRAVITY WARS,145,921,OSTER project,ま☆,
朝色の紙飛行機,11,ADV,GRAVITY WARS,0,781,かめりあ,Hermit♣club,
踊るフィーバーロボ,11,ADV,GRAVITY WARS,160,860,ダニエル&eimy と よしくん,Megacycle,
鬼KYOKAN,11,ADV,GRAVITY WARS,160~182,1043,kradness×れをる,浮世マシーン,
感情の魔天楼 ～ Arr.Demetori,11,ADV,GRAVITY WARS,178,1155,Demetori,月刊バイオメトリクス,
雲の彼方,11,ADV,GRAVITY WARS,150,962,Cororo,SCバイオメトリクス,
幻想郷DEMPASTICグリーティング,11,ADV,GRAVITY WARS,195,1222,ARM(IOSYS) feat. 愛原千尋,MAD CHILD,
最速最高シャッターガール,11,ADV,GRAVITY WARS,160,1282,ビートまりお（COOL&CREATE）,MaKoTo,
瞬間ドリップ♪秘蜜のケーキセット,11,ADV,GRAVITY WARS,200,868,そよもぎ,浮世まる子,
好きトキメキとキス,11,ADV,GRAVITY WARS,200,1487,かねこちはる feat. はぁち,恵方真紀,
双翼 - Black Wings - SDVX Edit. -,11,ADV,GRAVITY WARS,168,1077,SOUND HOLIC feat. 709sec. & YURiCa,MaKoTo,
月見夜ラビット,11,ADV,GRAVITY WARS,240,1009,蝶々P,Megacycle,
常夏！！クリスタライズ・シャーベット,11,ADV,GRAVITY WARS,152,1021,Ayatsugu_Otowa,凹ーダー凸ー堂,
夏色DIARY -Summer Dazzlin' Vacation miX-,11,ADV,GRAVITY WARS,155,1085,猫叉王子 feat. PHQUASE vs. MAD CHILD,PHQUASE vs. MAD CHILD,
人形裁判 -THIRD IMPACT-,11,ADV,GRAVITY WARS,198,1305,激戦の人,Ether99,
爆なな☆てすとロイヤー,11,ADV,GRAVITY WARS,200,1328,ARM feat.ななひら,月刊ミズタニ,
花ノ下連歌,11,ADV,GRAVITY WARS,225,1265,Jan★Key,ポテト亀山,
無気力クーデター,11,ADV,GRAVITY WARS,185,1198,Last Note.,azuma,
無双,11,ADV,GRAVITY WARS,180,1360,SOUND HOLIC Vs. VENUS feat. Nana Takahashi,SCバイオメトリクス Vs. 金色の夜叉 feat. 忍,
物凄い狂っとるフランちゃんが物凄いうた,11,ADV,GRAVITY WARS,128~170,998,Halozy feat. ななひら,月刊ミズタニ,
dream control,11,EXH,INFINITE INFECTION,128~197,1330,C-YA,ユカリ☆chan,https://sdvx.in/02/02009e.htm
Two Fates,11,EXH,INFINITE INFECTION,176,1477,発熱巫女～ず,DJ WILDPARTY,https://sdvx.in/02/02038e.htm
キミヱゴサーチ,11,EXH,INFINITE INFECTION,120,933,ここなつ,浮世マシーン,https://sdvx.in/02/02300e.htm
ミライプリズム,11,EXH,INFINITE INFECTION,140,1065,ここなつ,MAD CHILD,https://sdvx.in/02/02264e.htm
自由のための不自由,11,EXH,INFINITE INFECTION,264,939,上村香月,MaKoTo,https://sdvx.in/02/02004e.htm
蒼空に舞え、墨染の桜,11,EXH,INFINITE INFECTION,150,1172,さゆり (Silver Forest),DJ WILDPARTY,https://sdvx.in/02/02026e.htm
夢の空、約束の場所,11,EXH,INFINITE INFECTION,135,1032,Illusion Sonic,ユカリ☆chan,https://sdvx.in/02/02133e.htm
Applique,11,ADV,INFINITE INFECTION,224,1293,モリモリあつし,MaKoTo,
Baby Sherry,11,ADV,INFINITE INFECTION,296,935,ぺのれり,TAKUYA,
Black Emperor,11,ADV,INFINITE INFECTION,30~195,1144,黒魔,TEK-A-RHYTHM,
Booths of Fighters,11,ADV,INFINITE INFECTION,155~225,1238,RoughSketch + DD,MAD CHILD,
choux a la creme,11,ADV,INFINITE INFECTION,192,949,kamome sano,逆球レジェンド × ユカリ☆chan,
Crack Traxxxx,11,ADV,INFINITE INFECTION,220,1142,Lite Show Magic (t+pazolite vs C-Show),ごましおくん vs. PHQUASE,
Dawn of Asia,11,ADV,INFINITE INFECTION,188,1126,ginkiha+kamome sano,DJ WILDPARTY vs. Hermit♣club,
DEADLOCK,11,ADV,INFINITE INFECTION,222,951,BlackY,月刊ミズタニ,
Decretum,11,ADV,INFINITE INFECTION,98~197,1078,Project Mayhem,レッドホットスクリューズ,
DELETED MOTION,11,ADV,INFINITE INFECTION,147,1066,たちのん,月刊ミズタニ,
Dignity,11,ADV,INFINITE INFECTION,193,1206,Yooh,MAD CHILD,
Double Universe,11,ADV,INFINITE INFECTION,180,1057,Hommarju vs P*Light,ユカリ☆chan vs. 月刊ミズタニ,
Engraved Mark,11,ADV,INFINITE INFECTION,188,1182,Ryu☆ ∞ Des-ROW,ごましおくん,
EOS,11,ADV,INFINITE INFECTION,175,876,ginkiha,ユカリ☆chan,
#FairyJoke,11,ADV,INFINITE INFECTION,160,1211,uno(IOSYS),Hirayasu Matsudo,
Fiat Lux,11,ADV,INFINITE INFECTION,200,1332,xi,Ether99,
GEROL,11,ADV,INFINITE INFECTION,175,1233,Hommarju,PHQUASE,
Get out of my sight,11,ADV,INFINITE INFECTION,200,820,void(IOSYS) feat. 厚志(石鹸屋)&周平(Silently Shooting Traitors),THE THIRD MAN,
gigadelic,11,ADV,INFINITE INFECTION,199,1174,Hate,TEK-A-RHYTHM,
#Fairy_dancing_in_lake,11,ADV,INFINITE INFECTION,142,1358,uno(IOSYS),Hirayasu Matsudo,
HAELEQUIN,11,ADV,INFINITE INFECTION,172,982,orangentle / Yu_Asahina,レッドホットスクリューズ,
Harpuia,11,ADV,INFINITE INFECTION,93~186,1023,BlackY,レッドホットスクリューズ,
INFINITY OVERDRIVE,11,ADV,INFINITE INFECTION,185,1026,DecisionS(kanone + nora2r),MAD CHILD vs. しばまる子,
Little princess has no identity.,11,ADV,INFINITE INFECTION,185,1222,0kash,Megacycle,
Mist In Hell,11,ADV,INFINITE INFECTION,225,1171,LUNA,レッドホットスクリューズ,
mon$tage,11,ADV,INFINITE INFECTION,146~197,827,"Music by Hommarju, Vocal by かぼちゃ",PHQUASE,
Mother Ship,11,ADV,INFINITE INFECTION,180,818,C-YA,レッドホットスクリューズ,
Our Faith (Faithful MTL Remix),11,ADV,INFINITE INFECTION,185,1140,DOUBLE HELIX,しばまる子 vs. TEK-A-RHYTHMbr>いそにん,
Qubism,11,ADV,INFINITE INFECTION,180,1113,Hate vs Brilliance,Ether99,
Quietus Ray,11,ADV,INFINITE INFECTION,200,1430,xi,Ether99,
REVERSE LIMITED!,11,ADV,INFINITE INFECTION,175,1026,MUZIK SERVANT feat.CHERICa,MAD CHILD,
Sakura Reflection (P*Light Slayer Remix),11,ADV,INFINITE INFECTION,186,1051,P*Light,PHQUASE,
snow storm,11,ADV,INFINITE INFECTION,89~180,1070,Yooh,TEK-A-RHYTHM,
Stella Sinistra,11,ADV,INFINITE INFECTION,120~180,1157,Akhuta Philharmonic Orchestra,Megacycle,
True Blue,11,ADV,INFINITE INFECTION,164,1312,dj TAKA feat.AiMEE,PHQUASE,
U.N.オーエンは彼女なのか？haru_naba Remix,11,ADV,INFINITE INFECTION,140~200,1111,はるなば,PHQUASE,
U.N.オーエンは彼女なのか？(TO-HOlic mix),11,ADV,INFINITE INFECTION,220,1132,C-Show,TEK-A-RHYTHM,
Unlimited Field,11,ADV,INFINITE INFECTION,193,998,"Music by 上村香月, Vocal by Kuroa*",MAD CHILD,
VALLIS-NERIA,11,ADV,INFINITE INFECTION,185,1505,DJ YOSHITAKA,SHOUTICE,
VILE CAT,11,ADV,INFINITE INFECTION,240,1428,TAKU1175,TAKUYA,
WAVE,11,ADV,INFINITE INFECTION,156,886,niki feat.kradness,Hermit♣club,
Wave of Craze,11,ADV,INFINITE INFECTION,153,674,Shiron,Megacycle,
Wish upon Twin Stars,11,ADV,INFINITE INFECTION,200,1249,xi,浮世マシーン,
アノ華咲クヤ,11,ADV,INFINITE INFECTION,204,991,幽閉サテライト with 岸田教団＆THE明星ロケッツ feat.ichigo & senya,PHQUASE,
げきオコスティック,11,ADV,INFINITE INFECTION,200,1012,ARM(IOSYS) feat.ビートまりお(COOL&CREATE),PHQUASE,
コンベア速度Max,11,ADV,INFINITE INFECTION,210,1023,かめりあ feat. ななひら,ウニ！カニ！ふかせ,
しんでしまうとはなさけない！,11,ADV,INFINITE INFECTION,174,1012,ワンダフル☆オポチュニティ！,MAD CHILD & Fortunality,
ゼンマイ恋時計,11,ADV,INFINITE INFECTION,168,884,A-One,月刊ミズタニ,
デストロイマーチ,11,ADV,INFINITE INFECTION,155,931,桜華,Megacycle,
はわわｗ！な展開っ！,11,ADV,INFINITE INFECTION,200,1503,かねこちはる feat. 紫崎 雪,TAKUYA,
ぼくらのタイムカプセル,11,ADV,INFINITE INFECTION,180,1081,ラムネ(村人P),浮世マシーン,
有頂天ビバーチェ,11,ADV,INFINITE INFECTION,266,781,Last Note.,azuma,
音楽 -resolve-,11,ADV,INFINITE INFECTION,114~220,914,Yu_Asahina,PHQUASE,
音楽 -壊音楽 mix-,11,ADV,INFINITE INFECTION,270~420,724,LeaF,Megacycle & MAD CHILD,
幻想系世界修復少女,11,ADV,INFINITE INFECTION,193,860,Last Note.,MAD CHILD,
終点,11,ADV,INFINITE INFECTION,222,1511,cosMo・證エ襍ーP,azuma,
信仰は儚き人間の為に,11,ADV,INFINITE INFECTION,220,1258,Demetori,逆球レジェンド,
打打打打打打打打打打,11,ADV,INFINITE INFECTION,156,903,ヒゲドライバー join. SELEN,SHOUTICE,
断片Story,11,ADV,INFINITE INFECTION,174,1162,Salk2d,DJ 摂津,
轟け！恋のビーンボール！！,11,ADV,INFINITE INFECTION,180,915,ダイナミック野球兄弟 v.s. クロスファイヤーPrim,がんばれ!!ミズしおくん,
放課後ストライド,11,ADV,INFINITE INFECTION,225,1563,Last Note.,月刊ミズタニ,
野球の遊び方 そしてその歴史,11,ADV,INFINITE INFECTION,141,885,あさき大監督,MAD CHILD & Fortunality,
Iterator,11,EXH,BOOTH,130,885,yanagi,レッドホットスクリューズ,https://sdvx.in/01/01014e.htm
Runway Drive,11,EXH,BOOTH,160,1066,FELT,DJ WILDPARTY,https://sdvx.in/01/01091e.htm
Silent Story,11,EXH,BOOTH,126,1149,発熱巫女～ず,PHQUASE,https://sdvx.in/01/01133e.htm
SurVALI,11,EXH,BOOTH,200,1204,YM,しばまる子,https://sdvx.in/01/01021e.htm
wound,11,EXH,BOOTH,185,910,KEENO,しばまる子,https://sdvx.in/01/01046e.htm
ガッテンだ!!,11,EXH,BOOTH,170,1008,ノボイスキ,Megacycle,https://sdvx.in/01/01003e.htm
ハートブレイク・ヘッドライン,11,EXH,BOOTH,162,883,40mP feat. GUMI,DJ UTO,https://sdvx.in/01/01079e.htm
ふしぎなくすり,11,EXH,BOOTH,162,1133,ゆうゆ,PHQUASE,https://sdvx.in/01/01008e.htm
ルートスフィア,11,EXH,BOOTH,124,926,Last Note. feat. GUMI,Acid=Stone Valley,https://sdvx.in/01/01104e.htm
遠く,11,EXH,BOOTH,128,959,Dixie Flatline feat.祭屋,レッドホットスクリューズ,https://sdvx.in/01/01032e.htm
凛として咲く花の如く,11,EXH,BOOTH,163,1235,マチゲリータ,SCバイオメトリクス,https://sdvx.in/01/01013e.htm
炉心融解,11,EXH,BOOTH,165,954,iroha,DJ UTO,https://sdvx.in/01/01074e.htm
Disagree Feelings,11,ADV,BOOTH,170,1076,uno(IOSYS),PHQUASE,
Distorted Floor,11,ADV,BOOTH,95~180,1182,RoughSketch,MAD CHILD,
FLOWER,11,ADV,BOOTH,180,1332,REDALiCE,PHQUASE,
Ganymede,11,ADV,BOOTH,200,1159,kamome sano,PHQUASE,
Gott,11,ADV,BOOTH,195,847,Hommarju,月刊ミズタニ,
Onigo,11,ADV,BOOTH,175,1120,Hommarju,PHQUASE,
PANIC HOLIC,11,ADV,BOOTH,220,1091,C-Show,ユカリ☆chan,
RED ZONE,11,ADV,BOOTH,180,929,幽閉カタルシス,ごましおくん,
The world of sound,11,ADV,BOOTH,210,997,"Music by Ryuwitty, Vocal by Kuroa*",TEK-A-RHYTHM,
V.I.P.,11,ADV,BOOTH,169,948,ismK,TEK-A-RHYTHM,
Wheel,11,ADV,BOOTH,136,1187,Syrufit feat.綾倉盟 / 市松椿,ユカリ☆chan,
とある少年の一日,11,ADV,BOOTH,142,585,蝶々P,レッドホットスクリューズ,
ナイト・オブ・ナイツ,11,ADV,BOOTH,180,849,ビートまりお（COOL&CREATE）,TEK-A-RHYTHM,
ナツノメイロ,11,ADV,BOOTH,148,836,stereoberry,レッドホットスクリューズ,
金縛りの逢を,11,ADV,BOOTH,200,1121,はるなば,TEK-A-RHYTHM,
境界インサニティー,11,ADV,BOOTH,190,1119,Toma+o,ユカリ☆chan,
幻想のサテライト,11,ADV,BOOTH,230,1117,豚乙女,MAD CHILD,
人生リセットボタン,11,ADV,BOOTH,200,978,kemu feat. GUMI,Acid=Stone Valley,
大宇宙ステージ,11,ADV,BOOTH,202,751,黒魔,TEK-A-RHYTHM,
香港功夫大旋風,11,ADV,BOOTH,178,991,Daisuke Ohnuma,ねちっこく堂,
9th Outburst,12,ADV,NABLA,163,0,Zekk,Classical Assistant,
"CAKE,Cake'n Cake!",12,ADV,NABLA,186,0,苺咲べりぃ,七色Method,
chaplet,12,ADV,EXCEED GEAR,200,1543,DJ TOTTO,fRUNctal-shoot!!,
"Help me, ERINNNNNN!!",12,ADV,NABLA,185,0,ビートまりお,ゆめいろパフィー,
L (SDVX ver.),12,ADV,NABLA,155,0,Ice,SALMON GRAPHY,
Massive Strength,12,ADV,NABLA,182,0,Riz,ツインテール少佐,
イガク,12,ADV,NABLA,170,0,原口沙輔,フォックスロット,
お返事まだカナ？おじさん構文！,12,ADV,NABLA,225,0,吉本おじさん,ビーフジョッ構文！,
ハートインワンダーランド,12,ADV,NABLA,181,0,森羅万象,ReboundeR,
ンポロロッカ,12,ADV,NABLA,160,0,かめりあ,Classical Assistant,
紅焔,12,ADV,NABLA,175,0,PON,T=I=NAKA,
Ahoy!! 我ら宝鐘海賊団☆,12,ADV,EXCEED GEAR,170,959,宝鐘マリン,A～PH～oy!!,
Applique(Vocal Remix),12,ADV,EXCEED GEAR,224,1025,nonomori feat. Nanao,モンスタードミノ卿,
Blessed Horizon,12,ADV,EXCEED GEAR,202,0,Qutabire,鋼のビスカッチャ,
Blossom,12,ADV,EXCEED GEAR,175,1420,Synthion,ロイヤルクラッカー,
CadenzaMaiden,12,ADV,EXCEED GEAR,145~290,1111,u-z feat.紫咲ほたる,FriedChickenSisters feat. 2conノックオン,
caramel ribbon (Tatsunoshin Remix),12,ADV,EXCEED GEAR,175,1307,Tatsunoshin,Hananashi Karin,
Chocolate Planet (いるちょこRemix),12,ADV,EXCEED GEAR,185,1075,irucaice feat. ちょこ,フォックスロット,
CHOVERY GOOSE!!!,12,ADV,EXCEED GEAR,180,1163,MYUKKE.,からあげキボーンヌ,
Colorful Magical Parade,12,ADV,EXCEED GEAR,160,856,Tsubusare BOZZ feat.madoka*,Akizuki Nagomu,
CO5M1C R4ILR0AD,12,ADV,EXCEED GEAR,155,1273,kanone,Akizuki Nagomu,
Crawl Out Immortal,12,ADV,EXCEED GEAR,192,1362,U-ske feat.Parfaitty,conceptual explorer,
Crazy Jackpot,12,ADV,EXCEED GEAR,170,1040,Hommarju,電撃ロブスター,
Crossfade,12,ADV,EXCEED GEAR,196,1194,La priere,ロングアイランドマナティー,
Cumulonimbus,12,ADV,EXCEED GEAR,190,1369,Hidra-Xjeil,飛行船を見上げるfractal-shoot!!,
Dawn of Asia(Alkome Remix),12,ADV,EXCEED GEAR,188,1171,Alkome,電撃ロブスター,
Divine Ether,12,ADV,EXCEED GEAR,187,0,あまみ×ひなみ,力を示せ～PH～,
ENERGY SYNERGY MATRIX,12,ADV,EXCEED GEAR,160,1167,Tanchiky,Akizuki Nagomu,
Everything B.K.,12,ADV,EXCEED GEAR,180,1276,nora2r,Everything B.J.,
#Evil_Signs_of_Bloodlines,12,ADV,EXCEED GEAR,146,0,RoughSkreamZ,Amazeki Kagome,
Ex concordia felicitas,12,ADV,EXCEED GEAR,205,1472,Connexio,ゆめいろパフィー,
!!Fanta∽cramble!!,12,ADV,EXCEED GEAR,110~154,1142,Potwi,浮世マシーン,
FLOOD_FLOOR,12,ADV,EXCEED GEAR,180,0,brz1128,Hananashi Karin,
Gate of Atlantis (Vocal ∞ Mix),12,ADV,EXCEED GEAR,8~240,1575,MasKaleido feat. ぁゅ,Hananashi Karin,
GEROL (Yooh Remix),12,ADV,EXCEED GEAR,145,1123,Yooh,conceptual explorer,
GIGI BABA(brz_style),12,ADV,EXCEED GEAR,180,1252,brz1128,ロイヤルクラッカー,
HEAVEN KNOWS,12,ADV,EXCEED GEAR,275,819,U-ske feat.石橋桃,噂のジャイアントスパーク,
"Hello, Hologram",12,ADV,EXCEED GEAR,181,1707,HIMEHINA,存分に遊ばせ～PH～,
HOLOGRAPHY,12,ADV,EXCEED GEAR,146,0,RYOQUCHA,Akizuki Nagomu,
Hopscotch,12,ADV,EXCEED GEAR,175,1214,GrivR.,ゆめいろパフィー,
Juωpscare!!,12,ADV,EXCEED GEAR,90~128,1003,coTatsu,フォックスロット,
KINGWORLD,12,ADV,EXCEED GEAR,240,1599,白上フブキ,肋兵器,
Line markeR,12,ADV,EXCEED GEAR,257,902,打打だいず,馬のミニ右耳に2ミリニキ,
LOVE TONIC,12,ADV,EXCEED GEAR,165,1192,影虎。,dj strassen,
MiRAi,12,ADV,EXCEED GEAR,257,987,#EmoCosine,kamuy noko,
My song,12,ADV,EXCEED GEAR,188,1346,角巻わため,倉科ロイヤ,
OverwriteTheCatastrophe,12,ADV,EXCEED GEAR,260,1003,deli.+駄々子,WILLIAMEDDIEDUNDAS,
Pixelated Platform (Super Honey!),12,ADV,EXCEED GEAR,216,1335,そよもぎ,鋼のビスカッチャ,
Prayer,12,ADV,EXCEED GEAR,183,1255,溝口ゆうま feat. 大瀬良あい,おすし feat. 風瑠人,
PRIDE of the FIREBALL,12,ADV,EXCEED GEAR,206,1235,かぼちゃ feat. CO-DA,MAD CHILD,
Profession(αirlemoneX”Mechanical Engineering”Remix),12,ADV,EXCEED GEAR,178,1436,αirlemoneX,Hananashi Karin,
SCHWARZSCHILD FIELD,12,ADV,EXCEED GEAR,150,815,L.E.D.,MXX CXXXX,
Shera,12,ADV,EXCEED GEAR,150,1124,MYUKKE.,fractal-shoot starry!!,
stellar rain,12,ADV,EXCEED GEAR,148,935,BEMANI Sound Team ”PHQUASE”,止まない～PH～はない,
SUPER HEROINE!!,12,ADV,EXCEED GEAR,186,1191,Amateras Records vs BEMANI Sound Team ”TATSUYA” feat. miko,Hananashi Karin,
The setting sun(burst),12,ADV,EXCEED GEAR,141,1193,nozakita kazumi,conceptual explorer,
TOKAKU=ALMiRAJ,12,ADV,EXCEED GEAR,170,1076,MYUKKE.,kamuy noko,
V!LLA!N,12,ADV,EXCEED GEAR,210,1310,Kaname,MASTER TR!CK,
Voice 2 Voice n Voice,12,ADV,EXCEED GEAR,157,867,Acotto,チッヰス邨中,
We Are All The Dreamer,12,ADV,EXCEED GEAR,148,957,Hommarju ft. かぼちゃ,The Cherry Glass,
WobbleTangleFestival (影虎。 & ikaruga_nex's HDM RMX),12,ADV,EXCEED GEAR,155,1099,影虎。 & ikaruga_nex,kamuy noko,
You Only Live Twice,12,ADV,EXCEED GEAR,185,1090,Sephid feat. aria,Hananashi Karin,
Zero-Day Exploit(One-Day Fusion Mix),12,ADV,EXCEED GEAR,151,982,庭師,Jin Majima,
アンチグラビティ・ガール,12,ADV,EXCEED GEAR,178,1293,月ノ美兎,ビーフジョ月,
イグジスター,12,ADV,EXCEED GEAR,176,1307,東雲蛍 feat. はぁち,蒼鉛キューブ,
いでぃおで結構！,12,ADV,EXCEED GEAR,151,800,諸星なな feat.加藤はるか,サイバーガスタンク,
ウイジン,12,ADV,EXCEED GEAR,190,1403,CHUBAY as ”NOVICE”,ゆめいろパフィー,
エクスプロウル,12,ADV,EXCEED GEAR,164,0,晴いちばん,cosMo＠暴走P,
オーバーライド,12,ADV,EXCEED GEAR,204,0,吉田夜世,限界まで足掻いた人生～PH～,
おにいちゃんグリッチホップ ～eternal love remix～,12,ADV,EXCEED GEAR,110,970,HOUJIROU feat. 杠葉えりか,モンスタードミノ狂,
おにけもだんす,12,ADV,EXCEED GEAR,197,911,いろはにほへっと あやふぶみ(白上フブキ/百鬼あやめ/大神ミオ),サイバーガスタンク,
おねがいダーリン,12,ADV,EXCEED GEAR,180,1452,OИE,ユカリ☆ホットスクリューズ,
カジノファイヤーことみちゃん,12,ADV,EXCEED GEAR,230,0,covered by 一条莉々華(ReGLOSS),フォックスロット×Akizuki Nagomu,
ぐしゃ,12,ADV,EXCEED GEAR,200,0,ポラリスピー,ボウソウピー,
グリーディ・スターズ！,12,ADV,EXCEED GEAR,260,973,みーに feat. しろさきあや,フォックスロット,
じもとっこスイーツ♪,12,ADV,EXCEED GEAR,108,743,ホララ・ホリック with 日向美ビタースイーツ♪,Hananashi Karin,
ちくわパフェだよ☆ＣＫＰ (Yvya Remix),12,ADV,EXCEED GEAR,205,1076,Remixed by BEMANI Sound Team ”Yvya”,さいばーガスタンクだよ☆ＣＧＴ,
ちょえちょえまぎか,12,ADV,EXCEED GEAR,180,1503,Pizuya,Hananashi Karin,
テレパシ,12,ADV,EXCEED GEAR,205,1438,DECO*27,ビーフジョッパシ,
トーキョーサマーナイト（華金Remix）,12,ADV,EXCEED GEAR,163,1006,あまみ×ひなみ,七色Method（熟睡Remix）,
トキノコエト,12,ADV,EXCEED GEAR,210,1491,setu-O meets 駄々子,kamuy noko,
ドリームエンド・サバイバー(Hidra-Xjeil Remix),12,ADV,EXCEED GEAR,215,1377,Hidra-Xjeil,dj strachen,
ハートビート×スラッガー,12,ADV,EXCEED GEAR,242,0,あまみ×ひなみ,モンスタードミノ卿,
パーフェクトイーター,12,ADV,EXCEED GEAR,175,1194,BEMANI Sound Team ”PON” feat.かなたん,Ether99,
ハガネノツルギ,12,ADV,EXCEED GEAR,144,1071,coTatsu,conceptual explorer,
フラッフィー・アドベンチャー！,12,ADV,EXCEED GEAR,155,0,みーに feat. まより,直垂すもも∂,
ポッピンキャンディ☆フィーバー！,12,ADV,EXCEED GEAR,190,837,キノシタ feat.音街ウナ・鏡音リン,cosMo＠暴走P,
マジかる☆doll ユタニケちゃん,12,ADV,EXCEED GEAR,40~205,0,Tsubusare BOZZ feat.madoka*,kamuy noko,
メズマライザー,12,ADV,EXCEED GEAR,185,1589,サツキ,Akizuki Nagomu,
レインボウ・フレーバー,12,ADV,EXCEED GEAR,140,977,みーに feat. 杠葉えりか,モンスタードミノ卿,
回想音楽 - Thank you for your playing music,12,ADV,EXCEED GEAR,220,1474,deli.+駄々子,Akizuki Nagomu,
覚悟せよ！エンタンメ～ン,12,ADV,EXCEED GEAR,141~176,0,マキシウキョウ,影符,
黒紅掬い,12,ADV,EXCEED GEAR,104,839,猫叉Master feat.霜月はるか,Akizuki Nagomu,
幻影ノ消失,12,ADV,EXCEED GEAR,160,1247,Xceon feat. Mayumi Morinaga,Hananashi Karin,
幻想プロミネンス,12,ADV,EXCEED GEAR,205,0,deli. vs 駄々子 vs かなたん,サイバーガスタンク×モンスタードミノ卿,
東風に鳴き翠嵐を想う,12,ADV,EXCEED GEAR,183,0,めと（Metomate）,ダークダークダーク,
邪魔をしないで,12,ADV,EXCEED GEAR,155~188,1242,Symholic feat.狛茉璃奈,Ginza Sis「綺麗な その瞳が嫌い」,
全人類　兎化計画！,12,ADV,EXCEED GEAR,244,1779,兎田ぺこら,レッドホットスクリューズ,
双星の冒険録,12,ADV,EXCEED GEAR,165,0,やどりぎ,パワフルネコニャンコ,
大宇宙ステージ奈落変,12,ADV,EXCEED GEAR,199,1017,めと（Metomate）,ダークダークダーク,
毒杯スワロウ,12,ADV,EXCEED GEAR,140,976,猫又おかゆ,NOX,
永久の粒虹,12,ADV,EXCEED GEAR,200,1495,Yu-dachi,kamuy noko,
花火のおもちゃ箱,12,ADV,EXCEED GEAR,176,1306,Yu-dachi,kamuy noko,
悲報！ワイ！ニート！,12,ADV,EXCEED GEAR,165,0,Shu,,
閉塞的フレーション,12,ADV,EXCEED GEAR,176,1180,Pizuya,ZANGI Bros.,
無意識レクイエム,12,ADV,EXCEED GEAR,195,1193,森羅万象,ビーフジョッキー,
Aerial Skydive,12,ADV,EXCEED GEAR,175,1178,Dirty Androids,kamuy noko,
Amazing Mirage,12,ADV,EXCEED GEAR,153,1135,lapix,Akizuki Nagomu,
ASGORE / アズゴア,12,ADV,EXCEED GEAR,114,1045,Toby Fox,フォックスロット,
Awakening Wings,12,ADV,EXCEED GEAR,190,828,伊達朱里紗,MAD CHILD,
Battle Against a True Hero / 本物のヒーローとの戦い,12,ADV,EXCEED GEAR,150,1238,Toby Fox,Probably Finest Dee One,
Berry Go!!,12,ADV,EXCEED GEAR,175,1069,Freezer feat.妃苺,ロイヤルクラッカー,
Black or Red?,12,ADV,EXCEED GEAR,157,913,コスモドライバー join. shully & Nimo,cosMo＠暴走P×電撃ロブスター,
c2Theater,12,ADV,EXCEED GEAR,190,1320,yaseta + Hidra-Xjeil,唐揚Brother + Ginza-Sis,
Corrupting Wonderland,12,ADV,EXCEED GEAR,250,1596,u-z feat.CHERICa,FriedChickenSisters,
CUDDLIE CUDDLIE,12,ADV,EXCEED GEAR,187,1068,ゆんゆん,ロイヤルクラッカー,
Death by Glamour / 華麗なる死闘,12,ADV,EXCEED GEAR,148,1056,Toby Fox,MAD CHILD,
Fl0ating:,12,ADV,EXCEED GEAR,206,1115,yuichi NAGAO,SALMON GRAPHY,
Garland,12,ADV,EXCEED GEAR,217,1455,ミハイル + K.key,kamuy noko,
GOODTEK,12,ADV,EXCEED GEAR,190,1286,EBIMAYO,Megacycle,
Hydroblast,12,ADV,EXCEED GEAR,160,1165,Aoi vs. siromaru,TEK-A-RHYTHM,
Ice Fortress,12,ADV,EXCEED GEAR,185,1251,荒谷サトル,フォックスロット,
Μοuσα,12,ADV,EXCEED GEAR,200,1474,ushiee,フォックスロット,
PHOTON BLAXT,12,ADV,EXCEED GEAR,165,1018,seatrus,電撃ロブスター,
Re:call,12,ADV,EXCEED GEAR,99,682,pan+meal feat.駄々子,MAD CHILD,
Re:Rose Gun Shoooot!,12,ADV,EXCEED GEAR,190,1306,あるふぁ,風瑠人,
SAVE the World,12,ADV,EXCEED GEAR,180,1109,Toby Fox,Megacycle,
Scat Jazz Dance,12,ADV,EXCEED GEAR,162,1276,Super Shrimp,Hirayasu Matsudo,
SHARK ATTACK,12,ADV,EXCEED GEAR,165,1433,ryhki,ハリケーンズポテト（respect HM）,
Splash Underwater,12,ADV,EXCEED GEAR,174,1166,siqlo,ステファンビート,
Struggle for Revival,12,ADV,EXCEED GEAR,110,886,NitoK,ロイヤルクラッカー,
Twinkle Rookie,12,ADV,EXCEED GEAR,205,1201,Halv,ロイヤルクラッカー,
Welcome to the Mosh Pit,12,ADV,EXCEED GEAR,172,1224,lapix,CRAIG AKAGI,
WINNING ROAD,12,ADV,EXCEED GEAR,170,1114,setu-O,Secret Lv.09,
イグノアザーズ,12,ADV,EXCEED GEAR,175,851,U-ske feat. 安土桃,An East Scarlet,
グッバイ宣言,12,ADV,EXCEED GEAR,170,1074,Chinozo,グッバイジョッキー,
サクラノソバニ！,12,ADV,EXCEED GEAR,228,1288,Ray_Oh feat.みかん汁,ロイヤルクラッカー,
ステラ・イミグレーション,12,ADV,EXCEED GEAR,170~210,1533,後藤 feat. リリカ,唐揚 feat. シスター,
チクサクコールが懐かしい,12,ADV,EXCEED GEAR,109~194,757,諸星なな feat.加藤はるか,凹ーダー凸ード,
ハートシェイプ・スピカ,12,ADV,EXCEED GEAR,170,1137,ここなつ2.0,サイバーガスタンク×鋼のビスカッチャ,
ぶいちゅっばの歌,12,ADV,EXCEED GEAR,150,1163,周防パトラ,倉科ロイヤ,
フリコドウル,12,ADV,EXCEED GEAR,160,1470,HIMEHINA,ブルーコールドビーフ＆ハリケーンジョッキーズ,
メモリーズ,12,ADV,EXCEED GEAR,136,1005,ここなつ2.0,apple kong,
メンタンピンドラドラ,12,ADV,EXCEED GEAR,185,868,enzo + O2i3,CRAIG AKAGI,
過去を喰らう,12,ADV,EXCEED GEAR,187,1178,花譜,ダークダークダーク,
灼ナル刃、破カヰ譜,12,ADV,EXCEED GEAR,165,1272,Symholic feat.狛茉璃奈,風瑠人,
少年リップルズ,12,ADV,EXCEED GEAR,210,1319,常盤ゆう,少年スクリューズ&浮世マシプルズ,
儚キ戀ノ幻想譚,12,ADV,EXCEED GEAR,175,1002,まろん feat. あやぽんず＊ (森羅万象),アオニサイ(蒼弐),
夢幻泡影,12,ADV,EXCEED GEAR,269,1037,wa.,dj strachen,
ラストリゾート,12,EXH,EXCEED GEAR,124,1056,Ayase,R-115Hz,
2094,12,ADV,EXCEED GEAR,162,807,Yuta Imai vs Blacklolita,MAD CHILD vs Megacycle,
ABSOLUTE(ismK passionate remix),12,ADV,EXCEED GEAR,147~180,1253,ismK,kamuy noko,
ABSOLUTE (saminun mix),12,ADV,EXCEED GEAR,61~146,803,あさり(saminun),凹ーダー凸ード,
Aftermath,12,ADV,EXCEED GEAR,200,1412,BEMANI Sound Team ”猫叉Master & あさき & Yvya”,揚Brother & フォックスとロット & 2conノックオン,
Chewingood!!!,12,ADV,EXCEED GEAR,190,1165,TORIENA,MAD CHILD,
Continuous Moment,12,ADV,EXCEED GEAR,154,909,影虎。,apple kong,
Destined Marionette,12,ADV,EXCEED GEAR,93~186,1154,ビートまりお（COOL&CREATE）,Antonio Guccini,
Destr0yer,12,ADV,EXCEED GEAR,90,950,削除 feat. Nikki Simmons,Hermit♣club,
Devastated Territory,12,ADV,EXCEED GEAR,97~195,1228,ryhki,dj strachen,
End of Guilty,12,ADV,EXCEED GEAR,290,1076,kanone,kamuy noko,
Foolish Again,12,ADV,EXCEED GEAR,160,996,lapix,電撃ロブスター,
Gimme dreamin',12,ADV,EXCEED GEAR,190,1228,BlackY feat. Risa Yuzuki,フォックスロット feat. Amazeki Kagome,
"Help me, ERINNNNNN!! #幻想郷ホロイズムver.",12,ADV,EXCEED GEAR,190,1571,COOL&CREATE × 宝鐘マリンと愉快な仲間たち,レッドホットスクリューズと愉快な仲間たち,
I Left for my Right,12,ADV,EXCEED GEAR,155,1156,あの日字数制限に負けて追い出された「ゃ」,20文字の字数制限が存在しないからあげブ,
Jailbreaker,12,ADV,EXCEED GEAR,180,1143,Hommarju feat. かぼちゃ,Megacycle,
LIKE A VAMPIRE,12,ADV,EXCEED GEAR,276,1184,"koyomi,星野奏子 by BEMANI Sound Team ”TAKA”",strassen,
M-O-R-F-I-N-E,12,ADV,EXCEED GEAR,220,1710,u-z feat.紫咲ほたる,2conノックオン,
#Namescapes,12,ADV,EXCEED GEAR,146,901,#Namescapes,#Namescapes,
NIN-NIN-NIN!!,12,ADV,EXCEED GEAR,90~170,770,よああああ（ああああ＋yoa）,鋼のビスカッチャ,
nostos -ark remix-,12,ADV,EXCEED GEAR,180~205,1161,Se-U-Ra + しーけー,Megacycle,
party:stage,12,ADV,EXCEED GEAR,310,1117,かゆき,ロイヤルクラッカー,
PRESERVED VAMPIRE,12,ADV,EXCEED GEAR,170,1073,SOUND HOLIC feat. Nana Takahashi,ポテト亀山,
Pure Ruby,12,ADV,EXCEED GEAR,178,1037,SHIKI,凹ーダー凸ード,
Sakura Fubuki,12,ADV,EXCEED GEAR,175,1497,Street,からあげブラザーズ,
SHION -sublimation mix-,12,ADV,EXCEED GEAR,186,1262,BlackY feat. Risa Yuzuki,フォックスロット,
Souhait bleu,12,ADV,EXCEED GEAR,225,1368,しーけー,ビーフジョッキー,
sparky spark,12,ADV,EXCEED GEAR,155,1064,kamome sano,2conノックオン,
Test Flight,12,ADV,EXCEED GEAR,188,1478,黒魔,鋼のビスカッチャ,
WICKeD CRφSS,12,ADV,EXCEED GEAR,180,919,OSTER project,MAD CHILD,
WILD FIRE,12,ADV,EXCEED GEAR,172,1060,がるる,dj strassen,
Xymatic Scope,12,ADV,EXCEED GEAR,22~170,928,MasKaleido feat. ぁゅ,CRAIG AKAGI,
イヤホンロマンス,12,ADV,EXCEED GEAR,132,942,COOL&CREATE × 宝鐘マリン,鋼のビスカッチャ,
オリガミカル・スウィートラヴ,12,ADV,EXCEED GEAR,192,1128,かめりあ feat. ななひら,MAD CHILD,
キラメキ居残り大戦争,12,ADV,EXCEED GEAR,212,1582,森羅万象,能天気 ぐるぐる ～PH～ 頭 ガチガチ,
スーパー戦湯ババンバーン,12,ADV,EXCEED GEAR,0,1058,"すわひでお,秋成,かぼちゃ,藍月なくる,NU-KO by BEMANI Sound Team ”八戸亀生羅”",凹ーダー凸ード,
ばらんが!!!!,12,ADV,EXCEED GEAR,285,748,かめりあ feat. ななひら,ばーフジョッキー!!,
フェアリーテイル・ラヴァーズ,12,ADV,EXCEED GEAR,142,920,みーに＠メルヘン風紀委員会書記,ロイヤルクラッカー,
ホイホイ☆幻想ホロイズム,12,ADV,EXCEED GEAR,195,1148,COOL&CREATE × 宝鐘マリン with ホロイズムファンタジー,A～PH～oy!!,
りむむむむむむ,12,ADV,EXCEED GEAR,140,864,立秋 feat.ちょこ,井ハッシュド鑑定団,
藍の華,12,ADV,EXCEED GEAR,198,1793,HIMEHINA,レッドホットビーフ＆スクリュージョッキーズ,
運命超過乃巡合,12,ADV,EXCEED GEAR,165,1059,Aoi feat. Gra+yanshu,電撃ロブスター,
月下の舞兎祭,12,ADV,EXCEED GEAR,152,1025,Aoi feat. Kuroa*,レッドホットスクリューズ,
天弓天華オトハナビ,12,ADV,EXCEED GEAR,170,1338,ビートまりおとまろん,からあげブラザー市場,
叛逆のディスパレート,12,ADV,EXCEED GEAR,194,950,Vanitas Lacrimosa,MAD CHILD,
響く静寂,12,ADV,EXCEED GEAR,212,914,テヅカ,サイバーガスタンク,
斑咲花,12,ADV,EXCEED GEAR,134~201,1329,"mami,駄々子 by BEMANI Sound Team ”Akhuta Works”",フォックスロット,
黎明の情,12,ADV,EXCEED GEAR,210,878,TAKU1175 ft.駄々子,MAD CHILD,
ROOM,12,EXH,VIVID WAVE,145,1288,Blanc Bunny Bandit,ダークダークダーク,
Sweetiex2,12,EXH,VIVID WAVE,125,1090,Dixie Flatline,スカイシュート,
50th -The BEMANI History-,12,ADV,VIVID WAVE,136,1007,BEMANI Sound Team,↑↑↓↓←→←→PH,
AXION,12,ADV,VIVID WAVE,160,998,削除,フォックスロット,
Bioslaves,12,ADV,VIVID WAVE,160,1082,mazuka153,kamuy noko,
BLAZE∞BREEZE,12,ADV,VIVID WAVE,175,860,BEMANI Sound Team ”TAG×PON”,B∞フジョッキー,
Blue Forest (Prog Keys Remix),12,ADV,VIVID WAVE,150,806,とろまる,SALMON GRAPHY,
Bolerrot,12,ADV,VIVID WAVE,179,1301,かねこちはる,Akizuki Nagomu,
Butterfly Twist,12,ADV,VIVID WAVE,160,956,Yooh,MAD CHILD,
Chocolate Parade,12,ADV,VIVID WAVE,190,1259,Freezer feat.妃苺,七色Chocolatière,
Circulator,12,ADV,VIVID WAVE,165,1060,Reaper,おつまみロブスター,
Colorless feat.ももかみ,12,ADV,VIVID WAVE,165,1129,Spacelectro,CRAIG AKAGI,
Cynical Joker,12,ADV,VIVID WAVE,160,979,brz1128,電撃ロブスター,
DO-IT-AMA-SITE!!!,12,ADV,VIVID WAVE,135,927,MYUKKE.,おつまみロブスター,
Enigma II,12,ADV,VIVID WAVE,201,1348,とろまる,kamuy noko,
Hexennacht,12,ADV,VIVID WAVE,165,829,rider,Hirayasu Matsudo (MAD CHILD Remix),
Historia of Velnoti,12,ADV,VIVID WAVE,180,1088,KV.S&はらたま,Megacycle,
Ichi-Go! DX Pancake!,12,ADV,VIVID WAVE,90~180,980,梅干茶漬け,SALMON GRAPHY,
Impress (bansou Remix),12,ADV,VIVID WAVE,150,927,bansou,kamuy noko,
Into The Madness,12,ADV,VIVID WAVE,155,1095,Yuta Imai,Akizuki Nagomu,
Jacob’s Elevator,12,ADV,VIVID WAVE,193,1191,まろん (IOSYS),電撃ロブスター,
Lazurite,12,ADV,VIVID WAVE,175,1285,sazanami,MaKoTo,
Liar rain,12,ADV,VIVID WAVE,220,1419,しーけー,スエヒロ,
MARENOL,12,ADV,VIVID WAVE,140,1291,LeaF,サイバーガスタンク,
Me:Tear,12,ADV,VIVID WAVE,213,1203,タケノコ少年 feat. 荒巻,ZANGI Bros.,
memento mori -intro-,12,ADV,VIVID WAVE,170,1118,あさき,レッドホットビーフ＆スクリュージョッキーズ,
Mischievous theater,12,ADV,VIVID WAVE,155,962,黒魔,鋼のビスカッチャ,
New Decade,12,ADV,VIVID WAVE,200,910,Sota F.,-,
Non RolicK!!大冒険,12,ADV,VIVID WAVE,230,1543,Croire,からあげシスターズ!!,
ΩBIRD,12,ADV,VIVID WAVE,178,1304,SOUND HOLIC feat. Nana Takahashi,MaKoTo,
OZONE,12,ADV,VIVID WAVE,180,1425,BEMANI Sound Team ”Sota Fujimori”,東京ブルトゥーム,
petits fours,12,ADV,VIVID WAVE,222,1253,kamome sano,鋼のビスカッチャ,
PIZZATIME,12,ADV,VIVID WAVE,168,1108,Tsubusare BOZZ,Akizuki Nagomu,
POSSESSION(Gowrock Remix),12,ADV,VIVID WAVE,158,966,Gowrock,dj strachen,
Pulsar,12,ADV,VIVID WAVE,222,1305,はがね,フォックスロット,
ЯegreT of MemoRy,12,ADV,VIVID WAVE,215,1089,からとP vs タケノコ少年,凹ーダー凸ード,
Яe:son D'etre,12,ADV,VIVID WAVE,63~205,928,SCHOOL CASTE(石見＆とおる),ダークダークダークダーク,
Revolution,12,ADV,VIVID WAVE,165,1012,lapix,MAD CHILD,
Sharkbait,12,ADV,VIVID WAVE,155,1351,ryhki,ディープブルーコールドハリケーンズ（respect HM）,
Six String Proof,12,ADV,VIVID WAVE,130,736,BEMANI Sound Team,電撃ロブスター×cosMo@暴走P,
SociuS,12,ADV,VIVID WAVE,195~211,1316,Ellim Gnirps vs よみぃ,凹ーダー凸ード,
Sparkle Smilin',12,ADV,VIVID WAVE,180,1025,BEMANI Sound Team ”Qrispy Joybox” feat.いちか,MaKoTo,
Sparkling Laser Beam,12,ADV,VIVID WAVE,170,1205,you,フォックスロット,
Sudden Visitor,12,ADV,VIVID WAVE,178,1422,黒魔,kamuy noko,
Sunflower Vibes,12,ADV,VIVID WAVE,190,1530,Dustvoxx,dj strachen,
toy boxer,12,ADV,VIVID WAVE,190,840,BEMANI Sound Team,からあげブラザーズ,
Valkyrja ~Aldrlag~,12,ADV,VIVID WAVE,185,1176,ℱsinfonia (Yu_Asahina 溝口ゆうま かなたん 大瀬良あい),MAD CHILD & Megacycle,
vivid landscape,12,ADV,VIVID WAVE,137,912,paraoka,電撃ロブスター,
VIVIDWAVERS,12,ADV,VIVID WAVE,140,997,SDVX SOUND UNION,Megacycle ver.V,
Xicholauncher,12,ADV,VIVID WAVE,110~440,1275,隣の庭は青い(庭師+Aoi),ロブスター,
エンゲージ〆ント,12,ADV,VIVID WAVE,190~230,1077,Croire,フォックスロット,
クレイジークレイジーダンサーズ,12,ADV,VIVID WAVE,172,1013,ビートまりお＋あまね（COOL&CREATE）,電撃ロブスター,
ストリーミングハート,12,ADV,VIVID WAVE,210,1384,DECO*27,サイバーガスタンク,
タイムトラベル,12,ADV,VIVID WAVE,220,1447,モリモリあつし,SCバイオメトリクス,
ツマミ戦隊 タテレンジャー,12,ADV,VIVID WAVE,95~380,1240,ツマミ戦隊 タテレンジャー,角獣・テカリヘッダー,
プログレなぞなぞクイズのテーマ,12,ADV,VIVID WAVE,136~204,833,BEMANI Sound Team ”プログレッシブなぞなぞ星人”,Ether99,
ミッドナイト☆WAR,12,ADV,VIVID WAVE,156,733,いちか,Megacycle,
ミュージックプレイヤー,12,ADV,VIVID WAVE,232,1403,Retropolitaliens(Ms.+駄々子),鋼のビスカッチャ,
ランカーキラーガール,12,ADV,VIVID WAVE,200,1207,中島由貴 × いちか,Ether99,
伊邪那美白山姫大神,12,ADV,VIVID WAVE,190,1908,Morrigan feat. リリィ,フォックスロット,
悪戯センセーション,12,ADV,VIVID WAVE,192,993,森羅万象,サイバーガスタンク,
御伽噺に幕切れを,12,ADV,VIVID WAVE,131~203,1057,夜叉姫神楽,サイバーガスタンク,
革命パッショネイト,12,ADV,VIVID WAVE,194,1163,日向美ビタースイーツ♪,cosMo＠暴走P,
君は Fantasista,12,ADV,VIVID WAVE,220,1205,杉下 トキヤ,Megacycle,
近未来百鬼夜行譚,12,ADV,VIVID WAVE,165,971,近未来妖怪活劇をかぼちゃが謡う！　いざ！,MAD CHILD,
諏訪大信仰,12,ADV,VIVID WAVE,200,987,ビートまりお＋あまね（COOL&CREATE）,MAD CHILD,
世界の果てに約束の凱歌を,12,ADV,VIVID WAVE,205,915,BEMANI Sound Team ”Sota Fujimori”,Ether99,
遷,12,ADV,VIVID WAVE,151,1037,隣の庭は青い(庭師+Aoi),凹ーダー凸ード,
熱情のサパデアード,12,ADV,VIVID WAVE,136,1052,日向美ビタースイーツ♪,ひとくちピエロ,
真夏の蜜と唇 fm.希望の星は青霄に昇る,12,ADV,VIVID WAVE,150,1030,ARM (IOSYS) ft. yukina (TUMENECO),鋼のビスカッチャ,
無魎大数,12,ADV,VIVID WAVE,230,1532,cosMo＠暴走P,cosMo＠暴走P,
Blue Fire,12,EXH,HEAVENLY HAVEN,175,1438,REDALiCE feat. 野宮あゆみ,レッドホットスクリューズ,https://sdvx.in/04/04092e.htm
Dystopia,12,EXH,HEAVENLY HAVEN,155,1059,DiGiTAL WiNG feat. 花たん/YURiCa,ユカリ☆chan,https://sdvx.in/04/04093e.htm
fancy cake!!,12,EXH,HEAVENLY HAVEN,160,1178,あるふぁ,Megacycle,https://sdvx.in/04/04042e.htm
Gaze ft. 紫崎 雪,12,EXH,HEAVENLY HAVEN,181,1065,Omnis,電撃ロブスター,https://sdvx.in/04/04087e.htm
Genesis At Oasis (Hirayasu Matsudo Remix),12,EXH,HEAVENLY HAVEN,132,992,Hirayasu Matsudo,Hirayasu Matsudo,https://sdvx.in/04/04073e.htm
HiGHER,12,EXH,HEAVENLY HAVEN,169,1477,REDALiCE,MAD CHILD,https://sdvx.in/04/04018e.htm
I feel something for you,12,EXH,HEAVENLY HAVEN,150,1122,556ミリメートル,ひとくちピエロ,https://sdvx.in/04/04106e.htm
It's a new day!,12,EXH,HEAVENLY HAVEN,132,842,パピ子りんft.ビタミンな兄貴♂＆ゆずり,スカイシュート,https://sdvx.in/04/04182e.htm
LOVE EAST,12,EXH,HEAVENLY HAVEN,168,1197,暁Records,月刊ミズタニ,https://sdvx.in/04/04030e.htm
NEWBORN CRYING,12,EXH,HEAVENLY HAVEN,185,1456,ZYTOKINE feat. nachi,恵方真紀,https://sdvx.in/04/04097e.htm
Poppin' Shower,12,EXH,HEAVENLY HAVEN,175,1139,P*Light,MAD CHILD & Megacycle,https://sdvx.in/04/04022e.htm
Smoked Turkey Rag,12,EXH,HEAVENLY HAVEN,150,1092,a_hisa,THE THIRD MAN,https://sdvx.in/04/04080e.htm
SprrRush!!,12,EXH,HEAVENLY HAVEN,209,1606,MisoilePunch♪ feat.KIRARI,cosMo＠暴走P,https://sdvx.in/04/04111e.htm
Take to Lips,12,EXH,HEAVENLY HAVEN,115,1038,Sound CYCLONE feat.大瀬良あい＆℃iel,TAKUYA,https://sdvx.in/04/04026e.htm
Two of Us,12,EXH,HEAVENLY HAVEN,92,758,Sound CYCLONE,azuma,https://sdvx.in/04/04274e.htm
VAMPIRE,12,EXH,HEAVENLY HAVEN,145,1092,nyankobrq,CRAIG AKAGI,https://sdvx.in/04/04079e.htm
オトゲラヴ！,12,EXH,HEAVENLY HAVEN,176,1095,ねこみりん feat.小宮真央×みゆ×えみゅう。,凹ーダー凸ード,https://sdvx.in/04/04021e.htm
からくりピエロ,12,EXH,HEAVENLY HAVEN,102,824,40mP,Megacycle,
きゅん×きゅんばっきゅん☆LOVE,12,EXH,HEAVENLY HAVEN,165,1587,松下feat.Sota & wac,MAD CHILD,https://sdvx.in/04/04036e.htm
テレポーテーションでやってきた彼とのその後の顛末,12,EXH,HEAVENLY HAVEN,190,1351,Vocal by 藍月なくる,ポテト亀山,https://sdvx.in/04/04173e.htm
ナナイロライト,12,EXH,HEAVENLY HAVEN,135,1210,ここなつ,マッドチャイルド＆ひらやすまつど,https://sdvx.in/04/04070e.htm
マトリョシカ,12,EXH,HEAVENLY HAVEN,205~296,913,ハチ,MAD CHILD,https://sdvx.in/04/04075e.htm
ミラクル・スイート・スイーツ・マジック！！,12,EXH,HEAVENLY HAVEN,88~206,1210,日向美ビタースイーツ♪,cosMo＠暴走P,https://sdvx.in/04/04162e.htm
ルミナスデイズ,12,EXH,HEAVENLY HAVEN,96~145,1390,ここなつ,MAD CHILD & Hirayasu Matsudo,https://sdvx.in/04/04212e.htm
ローリンガール,12,EXH,HEAVENLY HAVEN,195,1515,wowaka,SHiJiMiSo Soup.☆彡,https://sdvx.in/04/04381e.htm
裏表ラバーズ,12,EXH,HEAVENLY HAVEN,159,1081,wowaka,凹ーダー凸ード,https://sdvx.in/04/04034e.htm
恋とキングコング,12,EXH,HEAVENLY HAVEN,158,1109,日向美ビタースイーツ♪,Hermit♣club,https://sdvx.in/04/04098e.htm
湖底遺跡のヴィダー・ハル,12,EXH,HEAVENLY HAVEN,185,1625,borzy & 結月そら,cosMo＠暴走P,https://sdvx.in/04/04071e.htm
少女救世論,12,EXH,HEAVENLY HAVEN,159,1289,暁Records,ダークダークダーク,https://sdvx.in/04/04116e.htm
地球防衛乙女パンナコッター,12,EXH,HEAVENLY HAVEN,156,761,Vocal by はるの,Megacycle,https://sdvx.in/04/04171e.htm
透明な記憶の風穴,12,EXH,HEAVENLY HAVEN,180,1183,柚木梨沙（少女フラクタル）,MAD CHILD,https://sdvx.in/04/04108e.htm
胸の中で誰かが,12,EXH,HEAVENLY HAVEN,175,1350,幽閉サテライト,Megacycle,https://sdvx.in/04/04148e.htm
刃の如く ft. ネコメアリ,12,EXH,HEAVENLY HAVEN,90~152,1047,Iceon(Frost Fragment),ひとくちピエロ,https://sdvx.in/04/04049e.htm
私とあなたのMYOURENJI☆,12,EXH,HEAVENLY HAVEN,142,1134,歌恋人,ビーフジョッキー,https://sdvx.in/04/04105e.htm
ALTONA,12,ADV,HEAVENLY HAVEN,158,906,SOUND HOLIC Vs. SWING HOLIC,Megacycle Vs. Megaheartz,
BLAZING_LAZER,12,ADV,HEAVENLY HAVEN,191,1236,brz1128,七色Method,
Blue Stream,12,ADV,HEAVENLY HAVEN,140,749,とろまる,kamuy noko,
Boss Rush,12,ADV,HEAVENLY HAVEN,190,1254,USAO,MAD CHILD,
BREAKNECK NY☆N! NY★N!,12,ADV,HEAVENLY HAVEN,220,1110,ZerA,Megacycle,
Cepheus,12,ADV,HEAVENLY HAVEN,190,1270,しらこいし,.424kHz,
Coldlapse,12,ADV,HEAVENLY HAVEN,200,1205,Aoi vs. r0y,凹ーダー凸ード,
Concertino in Blue,12,ADV,HEAVENLY HAVEN,103~155,810,佐々木博史,PHQUASE,
Decoy,12,ADV,HEAVENLY HAVEN,180,1097,Yooh,MAD CHILD,
Dharma,12,ADV,HEAVENLY HAVEN,160,1100,Massive New Krew,東京ブルトゥーム,
Doppelganger,12,ADV,HEAVENLY HAVEN,280,1105,LeaF,Ether99,
Dreadnought,12,ADV,HEAVENLY HAVEN,96~384,1406,Mastermind (xi + nora2r),レッドホットスクリューズ,
DropZ-Line-,12,ADV,HEAVENLY HAVEN,50~400,1171,Getty vs. DJ DiA,レッドホットスクリューズ,
ECHIDNA,12,ADV,HEAVENLY HAVEN,146,1119,HuΣeR,七色Method,
Far Away,12,ADV,HEAVENLY HAVEN,155,1142,lapix,東京ブルトゥーム,
GAIA,12,ADV,HEAVENLY HAVEN,180,1188,猫叉L.E.D.Master+,風瑠人,
GERBERA,12,ADV,HEAVENLY HAVEN,205,1518,BEMANI Sound Team ”TAG”,Chapter 02「　　」かすれて読む事ができない,
Ghost Trigger,12,ADV,HEAVENLY HAVEN,140~280,870,u-z feat.CHERICa,レッドホットスクリューズ,
Goddess Bless you,12,ADV,HEAVENLY HAVEN,232,1672,winddrums,TEK-A-RHYTHM,
Gorgetech,12,ADV,HEAVENLY HAVEN,160,1039,Shiron,電撃ロブスター,
Grand-Guignol,12,ADV,HEAVENLY HAVEN,231,1517,モリモリあつし,ビーフジョッキー,
HP1,12,ADV,HEAVENLY HAVEN,11~193,1175,Verdammt,ユカリ☆chan(僧侶),
НУМЛ,12,ADV,HEAVENLY HAVEN,158~200,1412,Zutt,浮世マシーン,
Invisible Bullets,12,ADV,HEAVENLY HAVEN,184,1044,brz1128,電撃ロブスター,
JUGGLE,12,ADV,HEAVENLY HAVEN,148,1087,Ras,月刊ミズタニ,
JUNKIE FLAVOR,12,ADV,HEAVENLY HAVEN,120~240,1213,yaseta + Hidra-Xjeil,レッドホットスクリューズ,
Justitia Gladius,12,ADV,HEAVENLY HAVEN,156,975,kanone,kamuy noko,
KIMIDORI Streak!!,12,ADV,HEAVENLY HAVEN,219,1189,梅干茶漬け,Akizuki Nagomu,
Knights Assault,12,ADV,HEAVENLY HAVEN,300,1065,零 -zero-,電撃ロブスター,
Lievre -blanche-,12,ADV,HEAVENLY HAVEN,180,1107,Diartzh,ユカリ☆chan vs. 月刊ミズタニ,
Lost Wing at.0,12,ADV,HEAVENLY HAVEN,185,1287,猫叉Master+,東京ブルトゥーム,
Lunatic Sprinter,12,ADV,HEAVENLY HAVEN,152~205,1404,さわわ,風瑠人,
Musha Vibration,12,ADV,HEAVENLY HAVEN,177,1036,NA7,Akizuki Nagomu,
Nexta,12,ADV,HEAVENLY HAVEN,160,1403,lapix,NOX,
Night Rockin' Bird,12,ADV,HEAVENLY HAVEN,190,1447,kanone,おすし仮面,
Noisy Minority,12,ADV,HEAVENLY HAVEN,180,1390,DJ Grimoire,.424kHz,
OPEN MY GATE,12,ADV,HEAVENLY HAVEN,175,1170,ARM×狐夢想 feat. RINA (I,ブルーコールドハリケーンズ,
Oriens,12,ADV,HEAVENLY HAVEN,140~185,1186,ginkiha,Megacycle,
Phlox,12,ADV,HEAVENLY HAVEN,185,991,Sota Fujimori 2nd Season,凹ーダー凸ード,
planetarium,12,ADV,HEAVENLY HAVEN,180,1029,SUi,おすし仮面,
POLICY BREAK Medley from SOUND VOLTEX×jubeat,12,ADV,HEAVENLY HAVEN,93~311,1284,United Composers from jubeat,United Effectors,
Puberty Dysthymia,12,ADV,HEAVENLY HAVEN,70~210,1212,BEMANI Sound Team ”person09”,フォックスロット,
Rebuilding of Paradise Lost,12,ADV,HEAVENLY HAVEN,190~280,1362,Laur,CRAIG AKAGI vs. 凹ーダー凸ード,
Яe's NoVE,12,ADV,HEAVENLY HAVEN,250,1246,からとP feat.リた☆,Megacycle,
REDO the NIGHT,12,ADV,HEAVENLY HAVEN,206,1242,岸田教団＆THE明星ロケッツ,鋼のビスカッチャ,
RHYZING BEAT,12,ADV,HEAVENLY HAVEN,187,1040,PHQUASE,ウィーアーライジング！！～PH～,
Royal Action,12,ADV,HEAVENLY HAVEN,173,978,BlackY,cosMo＠暴走P,
Sacrifice and Faith,12,ADV,HEAVENLY HAVEN,186~184,1245,ℱsinfonia（Yu_Asahina　溝口ゆうま　かなたん　大瀬良 あい）,SCライオット,
Scarlet Lance,12,ADV,HEAVENLY HAVEN,185,1085,MASAKI（ZUNTATA）「グルーヴコースター」より,Megacycle,
SPACE VILLAGE,12,ADV,HEAVENLY HAVEN,170,1185,サイバー劇レコ,SCバイオメトリクス,
Sweet Requiem,12,ADV,HEAVENLY HAVEN,190,1275,REDALiCE & aran,THE THIRD MAN,
Synergy For Angels,12,ADV,HEAVENLY HAVEN,160,1225,TAG×U1-ASAMi,からあげブラザーズ,
The Formula,12,ADV,HEAVENLY HAVEN,144,1371,Junk,ビーフジョッキー,
THE HEAVEN,12,ADV,HEAVENLY HAVEN,200,1541,Juggernaut.,ブルーコールドハリケーンズ＆レッドホットスクリューズ,
Touch My Body,12,ADV,HEAVENLY HAVEN,150,953,anubasu-anubasu,レッドホットスクリューズ,
ULTRAVELOCITY,12,ADV,HEAVENLY HAVEN,158,930,はがね,ビーフジョッキー,
V,12,ADV,HEAVENLY HAVEN,150,878,TAKA,H,
Victim of Nights,12,ADV,HEAVENLY HAVEN,180,1161,すのうまん,電撃ロブスター,
Wings of Glory,12,ADV,HEAVENLY HAVEN,225,1275,Crawk × Capchii,フォックスロット,
Xibercannon,12,ADV,HEAVENLY HAVEN,190,1237,隣の庭は青い(庭師+Aoi),SCバイオメトリクス,
Zelophilia,12,ADV,HEAVENLY HAVEN,155,989,ぺのれり feat.ぁゅ,ビーフジョッキー,
アワデコノヨヲ,12,ADV,HEAVENLY HAVEN,212,1371,AMAZE,Akizuki Nagomu,
キュリオシティ,12,ADV,HEAVENLY HAVEN,193,1230,庭師,TEK-A-RHYTHM,
ケムマキ underground,12,ADV,HEAVENLY HAVEN,200,1238,t+pazolite feat. リズナ,MAD CHILD,
スラッシュシスターズ,12,ADV,HEAVENLY HAVEN,210,1110,はるなば with すずしろ&桃箱,からあげ//シスターズ,
セイクリッド ルイン,12,ADV,HEAVENLY HAVEN,186,1450,Drop＆祇羽 feat. 葉月ゆら「太鼓の達人」より,TEK-A-TSUTHM,
セイシュンライナー,12,ADV,HEAVENLY HAVEN,200,1609,蝶々P meets まじ娘,Akizuki Nagomu,
そして黄金郷へ,12,ADV,HEAVENLY HAVEN,260,1002,TAKU1175 × かにまゆ,dj strachen,
それは花火のような恋,12,ADV,HEAVENLY HAVEN,182,1292,夏色バーニングラブ☆Prim,MaKoTo & マシーン,
びいすと！,12,ADV,HEAVENLY HAVEN,200,1342,ビートまりおとARM,月刊ポテタニ,
ファイナルレター,12,ADV,HEAVENLY HAVEN,205,1336,かねこちはる,七色Method,
ブチ上げ候！現代忍者三姉妹,12,ADV,HEAVENLY HAVEN,192,1054,溝口ゆうま feat. みこ♡なち♡あい,電撃ロブスター(残業忍者),
プレインエイジア(MRM REMIX),12,ADV,HEAVENLY HAVEN,146,768,モリモリあつし,月刊ミズタニ,
まじかる生主＠りすなちゃん,12,ADV,HEAVENLY HAVEN,220,1358,DJ SHARPNEL feat. みらい,始まる恋のアナリティクス～PH～,
ロプノールの商隊,12,ADV,HEAVENLY HAVEN,186,1315,Ahkuta,MaKoTo,
怒槌,12,ADV,HEAVENLY HAVEN,200,1838,光吉猛修「CHUNITHM」より,SCライオット from SOUND VOLTEX譜面ボーイズの逆襲,
煙,12,ADV,HEAVENLY HAVEN,170,1170,庭師,からあげブラザーズ,
恋歌疾風！かるたクイーンいろは,12,ADV,HEAVENLY HAVEN,120~168,1269,ねこまんまチーム！,Antonio Guccini,
業焔繚乱,12,ADV,HEAVENLY HAVEN,201,1344,BlackY,MAD CHILD,
極彩天奏,12,ADV,HEAVENLY HAVEN,156,1055,かゆき,Megacycle,
少女綺想曲 -G.X.N. Remix-,12,ADV,HEAVENLY HAVEN,180,1078,激戦の人,MaKoTo,
神話に芽吹く,12,ADV,HEAVENLY HAVEN,197,1050,Cororo,ビーフジョッキー,
水簾ノ調,12,ADV,HEAVENLY HAVEN,190,1358,Capchii × Crawk,SHiJiMiSo Soup.☆彡,
創世ノート,12,ADV,HEAVENLY HAVEN,200,1396,PON+wac,Antonio+Guccini,
片翼のディザイア,12,ADV,HEAVENLY HAVEN,178,1025,Endorfin.,凹ーダー凸ード,
蟲の棲む処,12,ADV,HEAVENLY HAVEN,161,943,かめりあ feat. Nana Takahashi,MAD CHILD,
闇夜に舞うは紅の華,12,ADV,HEAVENLY HAVEN,174,983,TAKU1175,SCバイオメトリクス,
Find the Answer,12,EXH,GRAVITY WARS,170,952,みゅー feat. ゆいこんぬ,スカイシュート,https://sdvx.in/03/03022e.htm
Just Be Friends,12,EXH,GRAVITY WARS,128,1145,Dixie Flatline,漂白太郎,https://sdvx.in/03/03069e.htm
MEGANE,12,EXH,GRAVITY WARS,120,1115,Ultra-Noob,azuma,https://sdvx.in/03/03014e.htm
Pieces,12,EXH,GRAVITY WARS,172,1211,発熱巫女～ず,漂白太郎,https://sdvx.in/03/03005e.htm
The Starry true,12,EXH,GRAVITY WARS,153,818,Liz Triangle,ユカリ☆chan,https://sdvx.in/03/03031e.htm
Virtual Sunrise (nana's Festival EDM Remix) feat. Kanae Asaba,12,EXH,GRAVITY WARS,128,955,nana(Sevencolors),わかば,https://sdvx.in/03/03103e.htm
シリョクケンサ,12,EXH,GRAVITY WARS,135,1073,40mP,わかば,https://sdvx.in/03/03107e.htm
星屑ユートピア,12,EXH,GRAVITY WARS,240,1742,otetsu,TAKUYA,https://sdvx.in/03/03013e.htm
↓↓↓,12,ADV,GRAVITY WARS,222,1671,庭師,月刊ミズタニ,
2 MINUTES FIGHTERS,12,ADV,GRAVITY WARS,203,1183,P*Light,月刊♦マシーン,
ΑΩ-,12,ADV,GRAVITY WARS,208,1433,BlackY,MAD CHILD Ressurection,
akasha-assembly,12,ADV,GRAVITY WARS,153,1161,溝口ゆうま from セブンスヘブンAmmy,Megacycle,
Angelic Jelly,12,ADV,GRAVITY WARS,200,1259,t+pazolite,MAD CHILD,
AYAKASHI,12,ADV,GRAVITY WARS,140,1532,Hommarju,ねちっこく堂,
Blacksphere,12,ADV,GRAVITY WARS,153,1032,s-don as Iriss,レッドホットスクリューズ,
Celestial stinger,12,ADV,GRAVITY WARS,259,992,Noah,Megacycle,
CENSORED!!,12,ADV,GRAVITY WARS,195,1190,t+pazolite,PHQUASE,
Chant du Cygne,12,ADV,GRAVITY WARS,140~190,1220,ke-ji,Ether99,
Clash of swords,12,ADV,GRAVITY WARS,229,1501,Noah,TEK-A-RHYTHM,
Completeness Under Incompleteness,12,ADV,GRAVITY WARS,194,1447,かめりあ as,SCライオット,
conflict,12,ADV,GRAVITY WARS,160,1327,siromaru + cranky,MAD CHILD + Megacycle,
CRITICAL LINE,12,ADV,GRAVITY WARS,128,799,Ryu☆ feat.kradness,Hermit♣club,
cross the future,12,ADV,GRAVITY WARS,179,1444,uma,東京ブルトゥーム,
CUTIE☆EX-DREAM,12,ADV,GRAVITY WARS,188,1022,BlackY,ビーフジョッキー,
Deadly Dolly Dance,12,ADV,GRAVITY WARS,160,900,Shiron,Megacycle,
Demise Quartet,12,ADV,GRAVITY WARS,200,1118,Shiron＋こふ×モリモリあつしと提供でお送りします。,ビー フジョッキー,
Destroy,12,ADV,GRAVITY WARS,195,1248,Yooh,MAD CHILD,
Emperor's Divide,12,ADV,GRAVITY WARS,220,1314,にゃそ,凹ーダー凸ード,
EMPIRE OF FLAME,12,ADV,GRAVITY WARS,114,976,かめりあ,Hermit♣ミズタニ,
End to end,12,ADV,GRAVITY WARS,250~255,1266,Noah,TEK-A-マシーン,
Endless GRAVITY,12,ADV,GRAVITY WARS,265,1030,kanone,TEK-A-RHYTHM,
Enigma,12,ADV,GRAVITY WARS,198,1276,とろまる,Megacycle,
ERROR CODE,12,ADV,GRAVITY WARS,110,878,C-Show,Megacycle,
Firestorm,12,ADV,GRAVITY WARS,177,1330,ETIA.,Hirayasu Matsudo × ごましおくん,
Fox4-Raize-,12,ADV,GRAVITY WARS,50~200,1362,Getty vs. DJ DiA,ブルーコールドハリケーンズ,
Garakuta Doll Play,12,ADV,GRAVITY WARS,256,977,t+pazolite 「maimai」より,浮世マイーン,
GEOMETRIA,12,ADV,GRAVITY WARS,256,828,Shiron,Megacycle,
"Help me, ERINNNNNN!! -Cranky remix-",12,ADV,GRAVITY WARS,180,1502,ビートまりお × Cranky,七色Method,
"Help me, ERINNNNNN!! -VENUS mix-",12,ADV,GRAVITY WARS,183,1646,VENUS,金色のSC夜叉トリクス,
IKAROS DYNAMITE!!!!,12,ADV,GRAVITY WARS,216,1296,BlackY,MAD CHILD,
INF-B《L-aste-R》,12,ADV,GRAVITY WARS,197,1271,かねこちはる,レッドホットスクリューズ,
Innocent Floor,12,ADV,GRAVITY WARS,199,1347,P*Light,SCバイオメトリクス,
Invitation from Mr.C,12,ADV,GRAVITY WARS,230,1303,C-Show,ごましお♣摂津,
JOMANDA,12,ADV,GRAVITY WARS,90~300,1437,DJ YOSHITAKA,†PHQUASE†,
KAC 2012 ULTIMATE MEDLEY,12,ADV,GRAVITY WARS,200,1740,FLOOR LEGENDS -KAC 2012-,SOUND VOLTEX Effectors,
LegenD.,12,ADV,GRAVITY WARS,205~206,1360,Yooh,Hermit♠レジェンド,
Lo-Fi-M,12,ADV,GRAVITY WARS,140,1052,yaseta,Low of cosines,
Lord=Crossight,12,ADV,GRAVITY WARS,154,1030,ぺのれり,PHQUASE the Exceed,
Metamorphobia,12,ADV,GRAVITY WARS,160,1079,winddrums,Megacycle,
MG277,12,ADV,GRAVITY WARS,277,1015,eicaTV vs kanone,Ether99,
NEO GRAVITY,12,ADV,GRAVITY WARS,165,1101,lapix,NEO GUCCINI,
NEO TREASON,12,ADV,GRAVITY WARS,200,1462,lapix,NEO GUCCINI,
Never Fails,12,ADV,GRAVITY WARS,151,989,lapix,風瑠マシーン,
Ok!! Hug Me,12,ADV,GRAVITY WARS,210,1392,はるなば,TEK-A-RHYTHM,
Paradission,12,ADV,GRAVITY WARS,154,1149,BlackY,PHQUASE,
Pet Peeve,12,ADV,GRAVITY WARS,140,1218,Hirayasu Matsudo,Hirayasu Matsudo,
Pieces of a Dream,12,ADV,GRAVITY WARS,202,1231,uma vs. モリモリあつし,レッドホットスクリューズ,
Pon-Pon-Pompoko Dai-Sen-Saw!,12,ADV,GRAVITY WARS,183,1161,黒魔,TEK-A-マシーン,
Prayer,12,ADV,GRAVITY WARS,144,1194,ぺのれり,PHQUASE Hēlios,
Preserved Valkyria,12,ADV,GRAVITY WARS,115~220,1304,ぺのれり,PHQUASE rebirth,
Quaint Echo,12,ADV,GRAVITY WARS,195,1297,KLing(Aoi+Yunosuke),レッドホットスクリューズ,
REGALIA,12,ADV,GRAVITY WARS,222,1846,Riz,Megacycle,
Renegade Fruits,12,ADV,GRAVITY WARS,240,1720,t+pazolite,MAD CHILD,
REVOLVER,12,ADV,GRAVITY WARS,160,1025,sky_delta,MAD CHILD Hyperīōn,
Scream out! (SDVX EDIT),12,ADV,GRAVITY WARS,166,1045,A-One,博多の男,
Seraphim,12,ADV,GRAVITY WARS,186,1135,Yooh,PHQUASE,
Solar Storm,12,ADV,GRAVITY WARS,200,1216,xi「グルーヴコースター 3 リンクフィーバー」より,浮世コスーン,
Sounds Of Summer,12,ADV,GRAVITY WARS,175,1203,Hommarju,東京ブルトゥーム,
The End of War,12,ADV,GRAVITY WARS,194,1139,たちのん as Project Mayhem,ダークダークダーク,
The star in eclipse,12,ADV,GRAVITY WARS,220,1717,しーけー,MAD CHILD MOONLiGHT,
TIEFSEE,12,ADV,GRAVITY WARS,165,1397,SOUND HOLIC Vs. dj TAKA feat. YURiCa,MAK-O-RHYTHM,
Time to Air -Fly High Remix-,12,ADV,GRAVITY WARS,202,1275,xi,MAD CHILD,
TOXIC VIBRATION,12,ADV,GRAVITY WARS,197,1415,SOUND HOLIC Vs. T.Kakuta feat. YURiCa,SCバイオメトリクス,
Triple Counter,12,ADV,GRAVITY WARS,216,1629,DJ YOSHITAKA meets dj TAKA,TEK-A meets RHYTHM,
Ultimate Ascension,12,ADV,GRAVITY WARS,200,1344,かめりあ,月刊ミズタニ,
UnivEarth,12,ADV,GRAVITY WARS,187,1298,Antinomic Paradox,Antonio Guccini,
Warriors Aboot,12,ADV,GRAVITY WARS,175,1065,RoughSketch vs MAD CHILD,MAD CHILD,
Witch in Sweetsland,12,ADV,GRAVITY WARS,185,1546,COOKIE MONSTERS(winddrums+黒魔),七色Method,
World's end,12,ADV,GRAVITY WARS,270,1053,Noah,レッドホットスクリューズ♥TEK-A-RHYTHM,
XHAOS JUDGE,12,ADV,GRAVITY WARS,200,1322,BlackYooh vs.siromaru,MAD CHILD,
XROSS THE XOUL,12,ADV,GRAVITY WARS,194,1265,BlackY vs. Yooh,PHQUASE vs. FUKASE,
XyHATTE,12,ADV,GRAVITY WARS,222,1474,cosMo＠暴走Ultimate,SC(バイオメトリクス+ライオット),
アキネイション,12,ADV,GRAVITY WARS,185,1159,ビートまりお（COOL&CREATE）,PHQUASE,
アナーキーインザ夕景,12,ADV,GRAVITY WARS,160,1327,ここなつ Produced by ぬゆり,MAD CHILD & Hirayasu Matsudo,
イグジスタンス,12,ADV,GRAVITY WARS,200,1353,スズム,TEK-A-RHYTHM,
ウエンレラの氷華,12,ADV,GRAVITY WARS,200,1520,Cororo,Hermit♣club,
きたさいたま2000,12,ADV,GRAVITY WARS,222,1652,LindaAI-CUE（BNGI）「太鼓の達人」より,首領ぐっち～に,
じゅーじゅー♥焼肉の火からフェニックス！？,12,ADV,GRAVITY WARS,180,1271,かめりあ feat. ななひら,食☆べ★足☆り★な☆～★い☆ふかせ,
チルノとまりおのパーフェクトさんすう教室,12,ADV,GRAVITY WARS,180,1221,ビートまりお（COOL&CREATE）,ボブ・四万十川のパーフェクト書道教室,
ドーパミン,12,ADV,GRAVITY WARS,200,1464,U1 overground,MAD CHILD,
パ→ピ→プ→Yeah!-,12,ADV,GRAVITY WARS,160,891,ヒゲドライバー join. shully & Nimo,月刊ミズタニS,
ホーンテッド★メイドランチ,12,ADV,GRAVITY WARS,188,1192,日向美ビタースイーツ♪,Hermit♣club,
マサカリブレイド,12,ADV,GRAVITY WARS,194,1435,REDALiCE,MAD CHILD,
鬼天,12,ADV,GRAVITY WARS,161,1419,兎々,しばまる子,
極圏,12,ADV,GRAVITY WARS,207,1419,cosMo VS dj TAKA,cosMo@暴走P,
紅の剣舞,12,ADV,GRAVITY WARS,190,1353,かねこちはる,Ether99,
月光乱舞,12,ADV,GRAVITY WARS,186,1084,P*Light,PHQUASE,
混乱少女♥そふらんちゃん!!,12,ADV,GRAVITY WARS,32~259,933,かめりあ feat. ななひら,にゃいにゃーい!! ミズタニ,
幸せになれる隠しコマンドがあるらしい,12,ADV,GRAVITY WARS,0,1173,うたたP feat. 結月ゆかり,ユカリ☆chan,
漆黒のスペシャルプリンセスサンデー,12,ADV,GRAVITY WARS,200,1256,日向美ビタースイーツ♪,ビーフジョッキー,
灼熱Beach Side Bunny,12,ADV,GRAVITY WARS,153,1448,DJ Mass MAD Izm*,ねちっこく堂,
雪月花 -さわわRemix-,12,ADV,GRAVITY WARS,188,1242,さわわ,Ether99,
絶対零度,12,ADV,GRAVITY WARS,209,1374,かねこちはる,七色Method 1+1/2,
東方妖々夢 ULTIMATE MEDLEY,12,ADV,GRAVITY WARS,220,1247,uma vs. モリモリあつし,Megacycle,
冥天・ヘメカリス,12,ADV,GRAVITY WARS,180~230,1253,u-z,月刊ミズタニ,
量子の海のリントヴルム-,12,ADV,GRAVITY WARS,280,944,黒猫ダンジョン,風瑠人,
Arcadia,12,EXH,INFINITE INFECTION,148,876,CHRIS (Sound Libero),DJ WILDPARTY,https://sdvx.in/02/02206e.htm
Darkness Pleasure,12,EXH,INFINITE INFECTION,136,1070,Hull feat.℃iel,MAD CHILD,https://sdvx.in/02/02117e.htm
Demetel,12,EXH,INFINITE INFECTION,132,1098,ETIA.,Megacycle,https://sdvx.in/02/02146e.htm
Devotion,12,EXH,INFINITE INFECTION,140,1099,void (Mournfinale),MAD CHILD,https://sdvx.in/02/02151e.htm
Diffused Reflection,12,EXH,INFINITE INFECTION,175,1310,ニシジマユーキ,Hermit♣club,https://sdvx.in/02/02007e.htm
Fly to Next World,12,EXH,INFINITE INFECTION,185,1167,syzfonics,DJ WILDPARTY,https://sdvx.in/02/02041e.htm
Future MUSiC,12,EXH,INFINITE INFECTION,132,1408,Ym1024 feat. lamie*,TAKUYA,https://sdvx.in/02/02196e.htm
Hail Storm,12,EXH,INFINITE INFECTION,134,940,FELT,DJ WILDPARTY,https://sdvx.in/02/02129e.htm
honey trap,12,EXH,INFINITE INFECTION,172,1046,そよもぎ,MAD CHILD,https://sdvx.in/02/02052e.htm
Raptate,12,EXH,INFINITE INFECTION,112,880,削除,Hermit♣club,https://sdvx.in/02/02013e.htm
second spring storm,12,EXH,INFINITE INFECTION,131,1188,Spacelectro,TAKUYA,https://sdvx.in/02/02261e.htm
Shiny Up!,12,EXH,INFINITE INFECTION,130,1027,C-CLAYS,MAD CHILD,https://sdvx.in/02/02128e.htm
Smile,12,EXH,INFINITE INFECTION,185,997,Hommarju feat. 実谷なな,DJ WILDPARTY,https://sdvx.in/02/02099e.htm
Starlight Vision,12,EXH,INFINITE INFECTION,180,1607,矢鴇つかさ feat. 三澤秋 (SoundOnline),レッドホットスクリューズ,https://sdvx.in/02/02110e.htm
え？あぁ、そう。,12,EXH,INFINITE INFECTION,192,964,蝶々P,mitsu,https://sdvx.in/02/02065e.htm
エピクロスの虹はもう見えない,12,EXH,INFINITE INFECTION,155,1237,SYNC.ART,PHQUASE,https://sdvx.in/02/02021e.htm
カラルの月,12,EXH,INFINITE INFECTION,135,1033,Verdammt,Hermit♣club,https://sdvx.in/02/02060e.htm
きょうもハレバレ,12,EXH,INFINITE INFECTION,134,879,ふわりP Feat. GUMI,ユカリ☆chan,https://sdvx.in/02/02199e.htm
サヨナラデイズ,12,EXH,INFINITE INFECTION,142,1094,七誌,DJ WILDPARTY,https://sdvx.in/02/02074e.htm
サリシノハラ,12,EXH,INFINITE INFECTION,135,1031,みきとP,ユカリ☆chan,https://sdvx.in/02/02048e.htm
ってゐ！,12,EXH,INFINITE INFECTION,314~340,1291,石鹸屋,MAD CHILD,https://sdvx.in/02/02242e.htm
トリノコシティ,12,EXH,INFINITE INFECTION,135,1057,40mP,ユカリ☆chan,https://sdvx.in/02/02067e.htm
ハローラフター,12,EXH,INFINITE INFECTION,190,1321,Last Note.,しばまる子,https://sdvx.in/02/02108e.htm
ワールド・ランプシェード,12,EXH,INFINITE INFECTION,193,1306,りょーくん,kinoto,https://sdvx.in/02/02033e.htm
桜華月想,12,EXH,INFINITE INFECTION,138,1127,源屋 feat. 3L,TAKUYA,https://sdvx.in/02/02143e.htm
最果てのコトバ,12,EXH,INFINITE INFECTION,155,1501,幽閉サテライト (Arranged:Iceon) feat. senya,MAD CHILD,https://sdvx.in/02/02279e.htm
隅田川夏恋歌,12,EXH,INFINITE INFECTION,178,1256,Daisuke Ohnuma(大福P),MAD CHILD,https://sdvx.in/02/02061e.htm
HΨ=世界創造=EΨ,12,EXH,INFINITE INFECTION,208,1487,"黒猫アンティーク feat.IA,GUMI",mitsu,https://sdvx.in/02/02066e.htm
始まりへと続く帰り道,12,EXH,INFINITE INFECTION,171,1395,たちのん,TAKUYA,https://sdvx.in/02/02311e.htm
非公開日誌,12,EXH,INFINITE INFECTION,190,1622,みきとP feat.GUMI,kinoto,https://sdvx.in/02/02031e.htm
待チ人ハ来ズ。,12,EXH,INFINITE INFECTION,160,1224,豚乙女,MAD CHILD,https://sdvx.in/02/02028e.htm
BLACK or WHITE?,12,ADV,INFINITE INFECTION,185,1208,BlackYooh vs. siromaru,MAD CHILD,
Cleopatrysm,12,ADV,INFINITE INFECTION,190,1252,ピラミッ℃,THE THIRD MAN,
CODE,12,ADV,INFINITE INFECTION,167,1029,Shiron,TEK-A-RHYTHM × 逆球レジェンド,
Growth Memories,12,ADV,INFINITE INFECTION,215,1390,Hidra-Xjeil,月刊ミズタニと博多の男,
Hellfire,12,ADV,INFINITE INFECTION,176,1222,Hommarju,月刊ミズタニ,
HYENA,12,ADV,INFINITE INFECTION,178,1261,Hommarju,ねちっこく堂,
Idola,12,ADV,INFINITE INFECTION,201,1563,iconoclasm feat.GUMI,PHQUASE vs. FUKASE,
Innocent Tempest,12,ADV,INFINITE INFECTION,180,1185,Diceros Bicornis,PHQUASE,
INSECTICIDE,12,ADV,INFINITE INFECTION,199,1263,Camellia,PHQUASE,
IX,12,ADV,INFINITE INFECTION,198,1368,dj TAKA VS DJ TOTTO feat.藍,月刊ミズタッチ,
KHAMEN BREAK,12,ADV,INFINITE INFECTION,180,1475,くふおー,Megacycle,
KiLLeR MeRMaiD,12,ADV,INFINITE INFECTION,440,1108,QURELESS,Ether99,
Last Concerto,12,ADV,INFINITE INFECTION,220,1075,ke-ji,Ether99,
Profession,12,ADV,INFINITE INFECTION,132,1034,syzfonics,Hirayasu Matsudo,
Pure Evil,12,ADV,INFINITE INFECTION,190,1157,kors k,PHQUASE,
Pure Evil-Aya2g Drm'n Tech Rmx-,12,ADV,INFINITE INFECTION,190,1189,Ayatsugu_Otowa,TAKUYA,
Sakura Mirage,12,ADV,INFINITE INFECTION,187,1174,Ryu☆,黄パステル君 vs. イエローSUB魔鈴,
Squeeze,12,ADV,INFINITE INFECTION,173,1320,VENUS feat.Mutsuhiko Izumi,Hermit♣club,
The Sampling Paradise (N-Driver Style),12,ADV,INFINITE INFECTION,177,1295,N-Driver,ユカリの男,
Verse IV,12,ADV,INFINITE INFECTION,212,1183,ZOGRAPHOS (Yu_Asahina+Yamajet),レッドホットスクリューズ,
werewolf howls.,12,ADV,INFINITE INFECTION,222,1000,かめりあ,月刊ミズタニ,
こちら、幸福安心委員会です。,12,ADV,INFINITE INFECTION,128,1383,うたたP,ねちっこく堂,
バンブーソード・ガール,12,ADV,INFINITE INFECTION,208,1153,cosMo＠暴走P,PHQUASE ver.1.5,
ボルテ体操第一,12,ADV,INFINITE INFECTION,175~200,1249,Kaoru feat.FG75,Megacycle,
悪性ロリィタマキャヴェリズム,12,ADV,INFINITE INFECTION,280,1126,かいりきベア,Megacycle,
御千手メディテーション,12,ADV,INFINITE INFECTION,150~190,1225,昇天家族,MAD CHILD,
最終鬼畜妹フランドール・S,12,ADV,INFINITE INFECTION,200,1547,ビートまりお（COOL&CREATE）,レッドホットスクリューズ,
少女暴動,12,ADV,INFINITE INFECTION,300,1021,Last Note.,azuma,
超越してしまった彼女と其を生み落した理由,12,ADV,INFINITE INFECTION,178,1227,Ayatsugu_Otowa,TEK-A-RHYTHM,
柳の下のデュラハン,12,ADV,INFINITE INFECTION,220,1418,albel.,Megacycle,
雪女,12,ADV,INFINITE INFECTION,200,1197,かねこちはる,Megacycle,
Bad Apple!! feat. nomico,12,EXH,BOOTH,138,1066,Alstroemeria Records,ユカリ☆chan,https://sdvx.in/01/01087e.htm
Black Board,12,EXH,BOOTH,124,920,蝶々P,DJ UTO,https://sdvx.in/01/01081e.htm
cloud,12,EXH,BOOTH,143,896,EZFG,DJ WILDPARTY,https://sdvx.in/01/01042e.htm
Diamond Dust,12,EXH,BOOTH,175,1056,azuma,PHQUASE,https://sdvx.in/01/01031e.htm
draw!!!!,12,EXH,BOOTH,157,1069,"Music by PHQUASE, Vocal by ぁゅ",月刊ミズタニ,https://sdvx.in/01/01153e.htm
It's over,12,EXH,BOOTH,144,990,ゆよゆっぺ feat.めらみぽっぷ,PHQUASE,https://sdvx.in/01/01002e.htm
Love sicK,12,EXH,BOOTH,132,1011,8#Prince(八王子P),PHQUASE,https://sdvx.in/01/01011e.htm
Ray,12,EXH,BOOTH,175,1240,源屋,逆球レジェンド,https://sdvx.in/01/01096e.htm
-Rayrain-,12,EXH,BOOTH,180,1016,こなぐすり,レッドホットスクリューズ,https://sdvx.in/01/01136e.htm
STARDUST MERMAID,12,EXH,BOOTH,128,1038,"Music by MasKaleido, Vocal by ぁゅ",ユカリ☆chan,https://sdvx.in/01/01157e.htm
true feeling？,12,EXH,BOOTH,165,1130,shin,DJ WILDPARTY,https://sdvx.in/01/01139e.htm
Vampire Killer,12,EXH,BOOTH,130,957,fu_mou,Megacycle,https://sdvx.in/01/01033e.htm
キミノメヲ,12,EXH,BOOTH,205,1098,そらる,Megacycle,https://sdvx.in/01/01049e.htm
ごりらがいるんだ,12,EXH,BOOTH,160,1038,ピノキオP,Megacycle,https://sdvx.in/01/01017e.htm
サヨナラ・ヘヴン,12,EXH,BOOTH,150,1047,かめりあ,ユカリ☆chan,https://sdvx.in/01/01063e.htm
ソラヘドライブ,12,EXH,BOOTH,180,931,ぐるたみん,Megacycle,https://sdvx.in/01/01050e.htm
チェックメイト,12,EXH,BOOTH,196,964,ゆちゃP feat. GUMI,kinoto,https://sdvx.in/01/01111e.htm
ポーカーフェイス,12,EXH,BOOTH,184,1264,ゆちゃP feat. GUMI,ユカリ☆chan,https://sdvx.in/01/01080e.htm
レトロスペクティビリー・メリーゴーランド,12,EXH,BOOTH,180,1193,はるなば,DJ WILDPARTY,https://sdvx.in/01/01059e.htm
一途な片思い、実らせたい小さな幸せ。,12,EXH,BOOTH,176,1259,うたたP feat. MAYU,Sammy/A,https://sdvx.in/01/01148e.htm
色は匂へど散りぬるを,12,EXH,BOOTH,138,1170,幽閉サテライト feat. senya,ユカリ☆chan,https://sdvx.in/01/01125e.htm
世界はネコのもの,12,EXH,BOOTH,157,1245,Nem,Hirayasu Matsudo,https://sdvx.in/01/01043e.htm
地球最後の告白を,12,EXH,BOOTH,140~190,1008,kemu feat. GUMI,kinoto,https://sdvx.in/01/01109e.htm
西日暮里の踊り,12,EXH,BOOTH,140,1117,家の裏でマンボウが死んでるP,Hirayasu Matsudo,https://sdvx.in/01/01024e.htm
灰色の空想をつかんで,12,EXH,BOOTH,200,1295,じろうす,MAD CHILD,https://sdvx.in/01/01137e.htm
秘封倶楽部の未踏世界,12,EXH,BOOTH,146,1084,君の美術館,博多の男,https://sdvx.in/01/01161e.htm
恋愛勇者,12,EXH,BOOTH,190,997,Last Note. feat.GUMI,DJ UTO,https://sdvx.in/01/01075e.htm
AA,12,ADV,BOOTH,160,1182,BlackY,月刊ミズタニ,
Absurd Gaff,12,ADV,BOOTH,160,946,siromaru,月刊ミズタニ,
ALBIDA,12,ADV,BOOTH,156,909,無力P,BING-WANG-FX,
Broken,12,ADV,BOOTH,150,901,iroha(sasaki),デジャヴーSP,
croiX,12,ADV,BOOTH,160~195,1093,TeamGrimoire+あま猫,レッドホットスクリューズ,
Dynasty,12,ADV,BOOTH,189,1004,Yooh,MAD CHILD,
freaky freak,12,ADV,BOOTH,145,807,kamome sano,博多の男,
SEED,12,ADV,BOOTH,175,1048,DJ Noriken,PHQUASE,
Tomorrow Perfume (C-Show Remix),12,ADV,BOOTH,175,1067,C-Show,しばまる子,
World Vertex,12,ADV,BOOTH,160,920,void,逆球レジェンド,
ドロボウナイトトリック,12,ADV,BOOTH,218,1212,ゆちゃP feat.GUMI,mitsu,
恋する☆宇宙戦争っ！！,12,ADV,BOOTH,200,949,ARM(IOSYS),たいきけ～ん☆ふかせ,
いますぐ輪廻,13,EXH,NABLA,145,1349,なきそ,いますぐ梨廻,
えんじぇる☆てすと！,13,EXH,NABLA,165,0,irucaice feat 初音ミク,直垂すもも☆,
Anti-Matter,13,ADV,NABLA,200,0,Orbit1 & Milo,Plasmadeleine,
Black Out,13,ADV,NABLA,165,0,Hommarju,Hananashi Karin,
ИEXTAGE,13,ADV,NABLA,190,0,polysha&Ashrount,conceptual explorer,
Veins Resonance,13,ADV,NABLA,207,0,めと（Metomate）,ダークダークダークダーク,
Votum stellarum -forest #25 RMX-,13,ADV,NABLA,140,0,iconoclasm,七色Method,
ミスクレイジースピード,13,ADV,NABLA,220,0,cosMo＠暴走P feat 初音ミク,cosMo＠暴走P,
華麗なる一撃,13,ADV,NABLA,190,0,TAKIO feat. 駄々子,ゆめいろパフィー,
稲田姫様に叱られちゃいました,13,ADV,NABLA,188,0,りりぃろっくfeatЄИ1GM4&桃寝ちのい,ゆめいろパフィー,
天鯨譚,13,ADV,NABLA,215,0,テヅカ x otoshi.b,fractal-shoot!! MODE:BPL,
Happiness World,13,EXH,EXCEED GEAR,150,913,BABACORN(宝鐘マリン/白上フブキ),Leverlesscontrollers,
Shooting Star,13,EXH,EXCEED GEAR,170,1172,ReGLOSS,モンスタードミノ卿,https://sdvx.in/06/06642e.htm
いいわけバニー,13,EXH,EXCEED GEAR,178,1383,兎田ぺこら,マジな話～PH～,
リメンバーリメンバー,13,EXH,EXCEED GEAR,182,1242,covered by 轟はじめ(ReGLOSS),花梨 かりん,https://sdvx.in/06/06644e.htm
ロマンシングエスケープ,13,EXH,EXCEED GEAR,132,1065,ここなつ2.0,ベニーモ保栄茂,
愛昧ショコラーテ,13,EXH,EXCEED GEAR,135,1272,角巻わため,花梨 かりん,
強風オールバック,13,EXH,EXCEED GEAR,135,1068,Yukopi,オーフバッキー,
∞vitUniverse,13,ADV,EXCEED GEAR,234,1442,Lime,Arcana,
Almandite,13,ADV,EXCEED GEAR,207,2012,7mai,Hananashi Karin,
=∴NOMADE∵OTION=,13,ADV,EXCEED GEAR,250,2063,qfeileadh + yuichi NAGAO,Hananashi Karin,
ΛNXIENT:LEGΛXIEZ,13,ADV,EXCEED GEAR,261,1154,Ashrount,ゆめいろパフィー,
ARACHNE,13,ADV,EXCEED GEAR,179,1100,MAX MAXIMIZER,レッドホットスクリューズ,
Ars Magna,13,ADV,EXCEED GEAR,269,969,Riz,サイバーガスタンク,
B.B.K.K.B.K.K.(USAO Remix),13,ADV,EXCEED GEAR,195,1462,nora2r Remixed by USAO,Hananashi Karin,
BEMANI PRO LEAGUE -SEASON 2- SOUND VOLTEX ULTIMATE MEDLEY,13,ADV,EXCEED GEAR,215,1583,FLOOR LEGENDS -BPL S2 SDVX-,SOUND VOLTEX Effectors,
birth,13,ADV,EXCEED GEAR,200~220,1968,Yu_Asahina,フォックスロット,
BLISS,13,ADV,EXCEED GEAR,190~210,1679,ミハイル + K.key,fractal-shoot!! mf,
Blφφdy Cφncertφ,13,ADV,EXCEED GEAR,210,1369,OSTER project & RoughSketch,Amazonought & Megacycle,
Break Through Δpex,13,ADV,EXCEED GEAR,190~210,1302,Halv feat.Kuroa*,ROYΔL CRΔCKER,
C18H27NO3(ryhki remix),13,ADV,EXCEED GEAR,75~155,1008,ryhki,エナメルペンギン,
Caldwell 99,13,ADV,EXCEED GEAR,142,1226,BlackY,Akizuki Nagomu,
Come to Life,13,ADV,EXCEED GEAR,180,1590,ARM (IOSYS) feat. Nicole Curry,Hananashi Karin,
Crack Traxxxx (108x3 BPM Remix),13,ADV,EXCEED GEAR,81~324,1011,RoughSketch,電撃ロブスター,
D.I.X.,13,ADV,EXCEED GEAR,70~1080,1355,日夜すずり feat. 凜々,モンスタードミノ卿,
Dear Deer,13,ADV,EXCEED GEAR,185,0,Hylen,conceptual explorer,
Deep tenDon Reflex,13,ADV,EXCEED GEAR,180,1094,BEMANI Sound Team ”Coyaan”,fryctal-shoot!!,
Di-Da-De-Doo,13,ADV,EXCEED GEAR,144,830,Yu_Asahina ft.Mizutama,モンスタードミノ卿,
Distorted Floor -Boosted-,13,ADV,EXCEED GEAR,166,1251,M-UE vs. siromaru,dj strassen,
Double or Nothing,13,ADV,EXCEED GEAR,175,1071,Tatsunoshin,電撃ロブスター,
Dynasty -dal segno-,13,ADV,EXCEED GEAR,205,1321,Ashrount,フォックスロット,
ΣMERGENCY CODΣ,13,ADV,EXCEED GEAR,205,1440,概念,風瑠人,
Enter The Rave,13,ADV,EXCEED GEAR,160,1227,Tatsunoshin,MASTER TRICK,
FLAVOR-G,13,ADV,EXCEED GEAR,200,0,utzbo,トトリオン軍団,
For All The Challengers,13,ADV,EXCEED GEAR,201,1388,cosMo＠暴走P,cosMo＠暴走P,
Grαnd Arχitect,13,ADV,EXCEED GEAR,198,0,CHUBAY,Classical Assistant,
Golden Rotation,13,ADV,EXCEED GEAR,177,1105,xi,SALMON GRAPHY,
Imitated Visions,13,ADV,EXCEED GEAR,150,1291,荒谷サトル,conceptual explorer,
Inevitable Magic,13,ADV,EXCEED GEAR,170,1591,Alkome,conceptual explorer,
Jupiter,13,ADV,EXCEED GEAR,102~224,1444,technoplanet feat. Tamako Kinoshita,Akizuki Nagomu,
King's Gambit,13,ADV,EXCEED GEAR,195,1179,brz1128,電撃ロブスター,
Knew Order,13,ADV,EXCEED GEAR,195,1430,あまみ×ひなみ,始まりの空へ～PH～,
Kool Awesome Croon,13,ADV,EXCEED GEAR,185,1894,Super Shrimp,The Cherry Glass,
La Nostra Storia!,13,ADV,EXCEED GEAR,246,1651,polysha w/ mikanzil,Hananashi Karin,
Like the Starlight,13,ADV,EXCEED GEAR,200,0,uma,電撃ロブスター,
Little Red Riding Hood,13,ADV,EXCEED GEAR,55,1290,RoughSketch,ごましお風,
Lollipop Error 404,13,ADV,EXCEED GEAR,120~176,0,Tsubusare BOZZ feat.madoka*,ゆめいろパフィー,
Lost Gear Syndrome,13,ADV,EXCEED GEAR,240,0,polysha vs. モリモリあつし,水平思考のT=I=NAKA,
Lunatic Mare,13,ADV,EXCEED GEAR,245,2084,Alkome,conceptual explorer,
Marielle,13,ADV,EXCEED GEAR,234,1488,ゆんゆん,鋼のビスカッチャ,
Max Burning!!(GαineN Beyond yΩu Remix),13,ADV,EXCEED GEAR,200,1432,概念,EIVY,
Misfortune Crawler,13,ADV,EXCEED GEAR,155,0,Aoi,七色Method,
Never Forget Evergreen,13,ADV,EXCEED GEAR,226,1840,黒魔,からあげブラザーズ先生の次回作にご期待ください,
NO SURRENDER,13,ADV,EXCEED GEAR,160,1282,493Water,Hananashi Karin,
ON THE WORLD,13,ADV,EXCEED GEAR,255,1067,Yuta Imai,Hananashi Karin,
OROCHI STRIKE,13,ADV,EXCEED GEAR,50~200,1674,Hommarju & BEMANI Sound Team ”兎々”,Akizuki Nagomu,
PANIC HOLIC (かめりあ's ”24600 POWER” Remix),13,ADV,EXCEED GEAR,246,1629,かめりあ,Akizuki Nagomu,
Poochie,13,ADV,EXCEED GEAR,110,964,kors k,Hananashi Karin,
Re:RHYZE,13,ADV,EXCEED GEAR,200,1689,beatnation RHYZE,Re:VIVE,
reSTART yOUR STORIES,13,ADV,EXCEED GEAR,250,1552,setu-O,SALMON GRAPHY,
SΛMVICΛ,13,ADV,EXCEED GEAR,245,1835,seatrus -Reborn-,Arcana,
Sayonara Planet Wars (Sot-C Remix),13,ADV,EXCEED GEAR,224,1340,Sot-C,MASTER TRICK,
Scarlet Pinheel -appassionato-,13,ADV,EXCEED GEAR,168,1299,BlackY,Hananashi Karin,
SHARK IMPACT,13,ADV,EXCEED GEAR,165,1210,ryhki,ピーキーステップ,
Snow Garland Fairy,13,ADV,EXCEED GEAR,200,0,BEMANI Sound Team ”KE!JU”,メンクイクイーン,
StellarflightS,13,ADV,EXCEED GEAR,225,1468,otoshi.b,dj strachen,
Stylus,13,ADV,EXCEED GEAR,165,1278,BEMANI Sound Team ”HuΣeR”,Akizuki NagoΣu,
Sunlit toybox,13,ADV,EXCEED GEAR,146,0,Juggernaut. + しーけー,conceptual explorer,
suspicions,13,ADV,EXCEED GEAR,153,1105,BEMANI Sound Team ”猫叉Master VS dj TAKA”,TEK-A-RHYTHM,
Sweetie Beauti Magic,13,ADV,EXCEED GEAR,150~285,1109,打打だいず feat. 凜々,Dr. Yippee,
Temporal Veil,13,ADV,EXCEED GEAR,180,0,Gardens,Temporal Method,
The EXworld of sound,13,ADV,EXCEED GEAR,222,1515,"Remix by Aoi, Vocal by Kuroa*",鋼のビスカッチャEX,
THE PEERLESS UNDER HEAVEN,13,ADV,EXCEED GEAR,170,1049,Yuta Imai Vs. BEMANI Sound Team ”L.E.D.-G”,ステファンビート,
The world of sound -celestial mix-,13,ADV,EXCEED GEAR,230,1700,BlackY feat. Risa Yuzuki,トトリオン軍団,
Towards The Horizon,13,ADV,EXCEED GEAR,154,1224,かめりあ,Akizuki Nagomu,
TOYBOX CANNON,13,ADV,EXCEED GEAR,234,1626,Mono.,鋼のビスカッチャ,
Two of Wonder Lights,13,ADV,EXCEED GEAR,264,1134,technoplanet feat. Tamako Kinoshita,Akizuki Nagomu,
Voice 7 Voice!!!!!!!,13,ADV,EXCEED GEAR,150,886,かめりあ feat. ななひら,～PH～!!!,
waxing and wanding,13,ADV,EXCEED GEAR,191,1275,青龍,レッドホットスクリューズ,
We Are GamerZ!,13,ADV,EXCEED GEAR,210,1351,Ninja Never DieS!,トトリオン軍団,
X1GNUS,13,ADV,EXCEED GEAR,204,1590,BlackY,Classical Assistant,
アイの雫,13,ADV,EXCEED GEAR,261,928,kuro,SALMON LOBSTER,
アルファ・スカイ,13,ADV,EXCEED GEAR,210,1192,みーに feat. しろさきあや,Megacycle,
ヴァルプルギスの夜,13,ADV,EXCEED GEAR,110~220,1422,すっかりBPM200以下の曲を作れない体に改造されてしまった哀れなかぼちゃを見るがいい,kamuy noko,
うぇるかむ -||祭みっくす||-,13,ADV,EXCEED GEAR,125~220,1011,忠兵衛,ロブ太とビス吉,
カミツレの成り方,13,ADV,EXCEED GEAR,212,0,テヅカ feat. 遠山小春,cosMo＠暴走P,
こどもかくしのアンダーランド,13,ADV,EXCEED GEAR,183,1158,iru feat. 桃寝ちのい,鋼のビスカッチャ,
すべてを賭して,13,ADV,EXCEED GEAR,228~278,986,ke-ji,Ether99,
トリコエリヌム▽コンチェルト,13,ADV,EXCEED GEAR,222,1352,qfeileadh,TEK-A-RHYTHM,
ハッピーエンド,13,ADV,EXCEED GEAR,230~267,979,technoplanet feat. Kuroto Sion,Akizuki Nagomu,
ビューティフル レシート,13,ADV,EXCEED GEAR,196,1181,Lucky Vacuum,レッドホットスクリューズ,
ヒュブリスの頂に聳えるのは,13,ADV,EXCEED GEAR,158,1968,qfeileadh feat.のあ,ゆめいろパフィー,
ぼくらのはじまりのおと,13,ADV,EXCEED GEAR,275,1253,Shiron+こふ×モリモリあつしと提供でお送りしました。,Arcana,
ませまてぃっく ま＋ま＝まじっく！～徹夜の追込みエナジーまっくす！～,13,ADV,EXCEED GEAR,251,1506,KAH feat.こにゃばた,微分♡積分～からあげブラザーズ！～,
マツヨイナイトバグ,13,ADV,EXCEED GEAR,190,1479,ビートまりおとまろん,からあげブラザー蟲,
ミュージックプレイヤー （J-pop Remix）,13,ADV,EXCEED GEAR,236,1513,technoplanet feat. Risa Yuzuki,フォックスロット,
めうめうぺったんたん！！ (ZAQUVA Remix),13,ADV,EXCEED GEAR,200,1188,Remixed by BEMANI Sound Team ”ZAQUVA”,MASTER TRICK,
リュミレイラ,13,ADV,EXCEED GEAR,207,1886,後藤 feat. nayuta,Hananashi Karin,
リリーゼと炎龍レーヴァテイン,13,ADV,EXCEED GEAR,200,1114,黒猫ダンジョン,ビーフジョッキー,
一水山風,13,ADV,EXCEED GEAR,888,1938,Enterskip,Classical Assistant,
異次元の孤独～カナタノキミヘ～,13,ADV,EXCEED GEAR,250,1599,RoughSkreamZ feat. Sennzai,Megacycle feat. KSK,
随神,13,ADV,EXCEED GEAR,163,1091,影虎。,ロイヤルクラッカー,
群青纏う朱の槍,13,ADV,EXCEED GEAR,220~230,1368,めと（Metomate）,レッドホットダークスクリューズ,
劇場版ムーニャポヨポヨスッポコニャーゴ,13,ADV,EXCEED GEAR,140~210,1350,打打だいず,kamuy noko include,
十三不塔,13,ADV,EXCEED GEAR,203,1347,隣の卓は役満(庭師+Aoi),kamuy noko,
憧憬のファンファーレ,13,ADV,EXCEED GEAR,276,1218,CHUBAY,Akizuki Nagomu,
星界のアルペジオ,13,ADV,EXCEED GEAR,200,1742,yuichi NAGAO,Hananashi Karin,
弾幕信仰,13,ADV,EXCEED GEAR,170,1085,豚乙女×BEMANI Sound Team ”PON”,電撃ロブスター,
天穹のアルカナビット,13,ADV,EXCEED GEAR,230~280,1104,打打だいず + Tanchiky + siromaru,凹ーダー凸ード,
七七七夕,13,ADV,EXCEED GEAR,192,1137,Mono. + uynet,kamuy noko,
幽霊船戦,13,ADV,EXCEED GEAR,160,1507,宝鐘マリン,花梨かりん,
累乗のカルマ,13,ADV,EXCEED GEAR,178,1098,めと（Metomate）,(ダーク)³,
流転に咲く魂の花,13,ADV,EXCEED GEAR,198,1126,めと（Metomate）,ダークダークダーク,
忘れないように、失くさないように,13,ADV,EXCEED GEAR,150~208,1754,Mono.,The Cherry Glass,
Bonetrousle,13,EXH,EXCEED GEAR,150,1032,Toby Fox,ひとくちピエロ,
Heartache / 心の痛み,13,EXH,EXCEED GEAR,119,924,Toby Fox,R-115Hz,
イエルウタ,13,EXH,EXCEED GEAR,110,1003,ここなつ2.0,ビーフcycle,
マーメイドペレパスィ,13,EXH,EXCEED GEAR,160,1237,ここなつ2.0,Jin♣Majima,
ミライチューナー,13,EXH,EXCEED GEAR,140,1036,U-ske feat.すずしろ,フォックスロット,
リバース,13,EXH,EXCEED GEAR,135,974,ここなつ2.0,フォックスロット,
食虫植物,13,EXH,EXCEED GEAR,123,1300,理芽,ブルーコールドハリケーンズ,
Across the Starlight,13,ADV,EXCEED GEAR,170,1218,かゆき,SALMON GRAPHY,
Brave Power Leader 《 = Voltage = 》,13,ADV,EXCEED GEAR,205,1162,概念,サイバー・T・ガスタンク,
Chat perche,13,ADV,EXCEED GEAR,210,1171,Ange;art + Nota,鋼のビスカッチャ,
DATAERR0R,13,ADV,EXCEED GEAR,180,1184,Cosmograph,dj strachen,
Decadence Mission,13,ADV,EXCEED GEAR,175,1269,Jerico,凹ーダー凸ード,
ENDGAME,13,ADV,EXCEED GEAR,222,1496,Yuta Imai,MASTER TRICK,
FAR GONE,13,ADV,EXCEED GEAR,160,1325,493Water,Hirayasu Matsudo,
Finale / フィナーレ,13,ADV,EXCEED GEAR,190,1089,Toby Fox,サイバーガスタンク,
graduation,13,ADV,EXCEED GEAR,170,1264,星野音楽工房,電撃ロブスター,
Grandeur,13,ADV,EXCEED GEAR,190,1205,CANVAS x RoughSketch feat. Quimar,凹ーダー凸ード,
Holy Trail,13,ADV,EXCEED GEAR,200,1556,satie,kamuy noko,
Imperator,13,ADV,EXCEED GEAR,215,1365,Xe (αirlemoneX),MASTER TRICK,
Initiating League,13,ADV,EXCEED GEAR,200,992,EmoCosine vs. nora2r,電撃ロブスター,
KAMAITACHI,13,ADV,EXCEED GEAR,165,1143,DJ TECHNORCH fw. GUHROOVY,LOBSTER,
Kontrol Line,13,ADV,EXCEED GEAR,140~180,1337,Yooh,MAD CHILD,
Lost Parliament,13,ADV,EXCEED GEAR,200,1344,Juggernaut.,Megacycle,
MEGALOVANIA,13,ADV,EXCEED GEAR,240,1591,Toby Fox,burning in ～PH～ell,
Memory Flow,13,ADV,EXCEED GEAR,206,1103,兎波かなで feat.とうな,電撃ロブスター,
ИADIR,13,ADV,EXCEED GEAR,190,1275,Ashrount vs polysha,凹ーダー凸ード vs. CRAIG AKAGI,
Never Ending Future,13,ADV,EXCEED GEAR,215,1387,#EmoCosine,ロイヤルクラッカー,
NOT YOUR IDOL,13,ADV,EXCEED GEAR,155,909,Yuta Imai,MAD CHILD,
Paradigm Shift,13,ADV,EXCEED GEAR,220,1733,あまみ×ひなみ,七色Method,
Petit espoir,13,ADV,EXCEED GEAR,222,1552,しーけー,kamuy noko,
Please Welcome Mr.C,13,ADV,EXCEED GEAR,230,1187,C-Show,MAD CHILD,
quaver♪,13,ADV,EXCEED GEAR,182~186,1110,Risk Junk,Akizuki Nagomu,
Revvable Engine,13,ADV,EXCEED GEAR,205,1379,nora2r,ロイヤルクラッカー,
ROZELCIA,13,ADV,EXCEED GEAR,194~195,1263,brz1128,Megacycle,
SHOCKER BREAKER,13,ADV,EXCEED GEAR,110~165,1123,Yu_Asahina,ロイヤルクラッカー,
Snowmelt,13,ADV,EXCEED GEAR,222,1559,nora2r × BEMANI Sound Team ”Yvya”,kamuy noko,
Stairway to the sun,13,ADV,EXCEED GEAR,255,1099,Noah,Akizuki Nagomu,
S(TAR)2☆pistol,13,ADV,EXCEED GEAR,214,1373,Mono.,鋼のビスカッチャ,
STIGMA,13,ADV,EXCEED GEAR,194,1357,U-ske feat. 棗いつき,An East Scarlet,
THE WORLD REVOLVING,13,ADV,EXCEED GEAR,190,1525,Toby Fox,カオスのビスカッチャ,
Thousand Triggers,13,ADV,EXCEED GEAR,242,1408,めと（Metomate）,ダークビーフダークジョッキー,
Tickled Pink,13,ADV,EXCEED GEAR,180,1109,BEMANI Sound Team ”ZAQUVA”,ロイヤルクラッカー,
White Stream,13,ADV,EXCEED GEAR,222,1223,BEMANI Sound Team ”ZAQUVA”,ロイヤルクラッカー,
あいあむなんばーわんパトラちゃん様,13,ADV,EXCEED GEAR,220,1543,周防パトラ,浮世マシーン,
アガット,13,ADV,EXCEED GEAR,200,1145,Bazole,ロイヤルクラッカー,
光風霽月,13,ADV,EXCEED GEAR,160,1181,影虎。,電撃ロブスター,
極夜、暁を望んで,13,ADV,EXCEED GEAR,222,1328,めと(Metomate),MAD CHILD,
最果ての勇者にラブソングを,13,ADV,EXCEED GEAR,268,1125,deli.+駄々子,Megacycle,
神罰,13,ADV,EXCEED GEAR,201,1081,cosMo＠暴走P,cosMo＠暴走P,
涙の女神と無形のエトワル,13,ADV,EXCEED GEAR,140,930,Yu-dachi,SALMON GRAPHY,
二分間の世界,13,ADV,EXCEED GEAR,225,1198,Cororo,サイバーガスタンク,
爆烈歓迎♪エクストリーム飲茶旋風脚ッ!!,13,ADV,EXCEED GEAR,94~188,1002,BlackY feat. Risa Yuzuki,MAD CHILD,
禊,13,ADV,EXCEED GEAR,160,1263,Nhato,GOLI,
零天視,13,ADV,EXCEED GEAR,200,1357,隣の庭は青い(庭師+Aoi),レッドホットスクリューズ＋Akizuki Nagomu,
"Aqua,Luna-rium",13,EXH,EXCEED GEAR,128,788,凛々咲,R-115Hz,
BEAT MAGIC,13,EXH,EXCEED GEAR,164,1215,ランコ feat. Eurobeat Union,kamuy noko,
Mr.VIRTUALIZER,13,EXH,EXCEED GEAR,130,1339,HIMEHINA,Mr.～PH～,
Over the Border,13,EXH,EXCEED GEAR,138,1255,COOL&CREATE × 宝鐘マリン feat.不知火フレア,2conノックオン feat.唐揚シスターズ,
キカイノミルユメ,13,EXH,EXCEED GEAR,128,859,はがね,凹ーダー凸ード,
シアワセうさぎ・ぺこみこマリン,13,EXH,EXCEED GEAR,140,1386,COOL&CREATE × 兎田ぺこら、さくらみこ、宝鐘マリン,MaKoTo,
ナナホシ(lovely bubbly party mix!),13,EXH,EXCEED GEAR,160,925,naka3,Akizuki Nagomu,
恋は君のそばでサクラサク,13,EXH,EXCEED GEAR,204,1121,榮田一貴 feat.冬乃桜＆永久毎日,鋼のビスカッチャ,
追憶のアリア,13,EXH,EXCEED GEAR,130,1105,Blanc Bunny Bandit,ダークダークダーク,
不可測的メトロポリス,13,EXH,EXCEED GEAR,156,1354,少女フラクタル,三軒茶屋姉妹,
AIM HIGHER,13,ADV,EXCEED GEAR,168,966,U-ske feat. 棗いつき,Undisclosed Hard Groove,
Air,13,ADV,EXCEED GEAR,178,1814,SHIKI,ポテト亀山,
All for One,13,ADV,EXCEED GEAR,185,1496,CANVAS feat. Quimar,風瑠人,
Archangelio,13,ADV,EXCEED GEAR,300,1053,Juggernaut.,MAD CHILD,
Bad Elixir,13,ADV,EXCEED GEAR,203,1280,xi,Ether99,
Bigbang Faker,13,ADV,EXCEED GEAR,155,1017,BlackY,ロイヤルクラッカー,
Cappuccino Hearts,13,ADV,EXCEED GEAR,260,925,nora2r,鋼のビスカッチャ,
Comet popcorn,13,ADV,EXCEED GEAR,244,1809,pan,kamuy noko,
Crystalia,13,ADV,EXCEED GEAR,270,1239,DJ TOTTO,Akizuki Nagomu,
EGOISM 440 (Ange;art remix),13,ADV,EXCEED GEAR,220,1649,Ange;art,dj strachen,
Elemental Creation -xiRemix-,13,ADV,EXCEED GEAR,121~242,1549,xi,Ether99,
EMERALDAS (Yuta Imai Remix),13,ADV,EXCEED GEAR,190,1333,Yuta Imai,サイバーガスタンク,
#EmoCloche,13,ADV,EXCEED GEAR,182,1001,#EmoCosine,CRAIG AKAGI,
eXtridia,13,ADV,EXCEED GEAR,136,939,unatra×Nego_tiator,kamuy noko,
FEEL THE FORCE,13,ADV,EXCEED GEAR,210,1186,brz1128,レッドホットポテト,
Fegrix,13,ADV,EXCEED GEAR,175,1040,Xceon vs DJ Command (Eurobeat Union),SALMON GRAPHY,
G4ME OVEЯ,13,ADV,EXCEED GEAR,201,1256,Takenoko boy feat. metyao,風瑠人,
Going My Future!,13,ADV,EXCEED GEAR,183,895,#EmoCosine,鋼のビスカッチャ×電撃ロブスター,
Hurt me plenty,13,ADV,EXCEED GEAR,143,1022,Noah,SALMON GRAPHY,
Innocent Azure,13,ADV,EXCEED GEAR,203,1189,kuro,電撃ロブスター,
Macuilxochitl (Latin Jazz Mix),13,ADV,EXCEED GEAR,156,912,technoplanet,SALMON GRAPHY,
Metagame Matador,13,ADV,EXCEED GEAR,160,1104,RoughSketch vs MAD CHILD,MAD CHILD,
Perfect Ultimate Celebration!!,13,ADV,EXCEED GEAR,200,1519,2時間でPUCされたかぼちゃ,Perfect Ultimate CRAIG!!,
POSSESSION (Aoi Q.E.D. RMX),13,ADV,EXCEED GEAR,106~318,1066,Aoi,電撃ロブスター,
PSYCHO+HEROES,13,ADV,EXCEED GEAR,210,1204,かめりあ,月刊ミズタニ,
R.I.P.ゴシップの海,13,ADV,EXCEED GEAR,222,1289,cosMo＠暴走P,cosMo＠暴走P,
Red＋White＝Kawaii,13,ADV,EXCEED GEAR,210,1242,こすも８ｂｉｔ,こすも８ｂｉｔ,
refluxio,13,ADV,EXCEED GEAR,159~212,1610,Juggernaut.,電撃ロブスター＆ロイヤルクラッカー,
Refrain,13,ADV,EXCEED GEAR,163,1186,お月さま交響曲,1+1/2conノックオン,
Restless Waitress,13,ADV,EXCEED GEAR,206,1382,winddrums,ZANGI Sisterss,
Scars of FAUNA(ろひ Remix),13,ADV,EXCEED GEAR,135~195,1077,ろひ,電撃ロブスター,
SPECIAL SUMMER CAMPAIGN!,13,ADV,EXCEED GEAR,168,790,Lucky Vacuum,Megacycle,
Star☆Beat,13,ADV,EXCEED GEAR,185,1123,PandaBoY feat.ななひら,CRAIG AKAGI,
STEEL NEEDLE,13,ADV,EXCEED GEAR,205,1339,Scorpion,IIconノックオン,
SuperMiracleEnsemble,13,ADV,EXCEED GEAR,303,1155,fnylsp,ポテト亀山,
The King Of Red,13,ADV,EXCEED GEAR,195,1158,Hommarju,MAD CHILD,
Triple Cross,13,ADV,EXCEED GEAR,196,1249,BEMANI Sound Team ”dj TAKA & DJ YOSHITAKA & SYUNN”,サイバーガスタンク,
Unleashed Redness,13,ADV,EXCEED GEAR,185,1318,DecisionS (kanone + nora2r),MAD CHILD,
VALKYRIE ASSAULT,13,ADV,EXCEED GEAR,180,1185,BEMANI Sound Team ”SYUNN”,MAD CHILD ver.VI,
Vallasotiena,13,ADV,EXCEED GEAR,170~210,1298,ろひ,フォックスロット,
Vanishing Eidos,13,ADV,EXCEED GEAR,179,875,めと（Metomate）,ダークダークダーク,
Verflucht,13,ADV,EXCEED GEAR,180,1177,Tyrfing,レッドホットビーフ&スクリュージョッキーズ,
Whip☆Drip,13,ADV,EXCEED GEAR,249,1092,pan+テヅカ feat.桃雛なの,CRAIG AKAGI,
Wings to fly high,13,ADV,EXCEED GEAR,249,1762,Noah,サイバーガスタンク×鋼のビスカッチャ,
XXanadu#climaXX,13,ADV,EXCEED GEAR,187,1181,概念,dj strachen,
Your SOUL Is Mine,13,ADV,EXCEED GEAR,195,1156,fZy,CRAIG AKAGI,
ヴぉるみっくす!!!!,13,ADV,EXCEED GEAR,161,1074,かめりあ feat. ななひら,レッドホットスクリューズ,
カジノファイヤーことみちゃん,13,ADV,EXCEED GEAR,230,1115,ARM feat. 山本椛 + Brasscapsule,散財少年鑑定団,
プナイプナイたいそう,13,ADV,EXCEED GEAR,271,815,立秋 feat.ちよこ,ビープジョッキー,
まみむめまるっとまっしゅるーむ,13,ADV,EXCEED GEAR,161,1002,かめりあ as ”まいたけラヴ” feat. ななひら as ”エリンギ大好き”,菌類の電撃ロブスター,
ユメブキ,13,ADV,EXCEED GEAR,200,1307,"紫崎 雪,Risa Yuzuki,709sec. by BEMANI Sound Team ”PHQUASE & SYUNN”",力を重ねて戦いへ～PH～,
ラヴチャンス!!,13,ADV,EXCEED GEAR,215,956,Ponchi♪ feat.はぁち,凹ーダー凸ード,
神にした彼女が示す世界線,13,ADV,EXCEED GEAR,157~250,1506,上村 香月,フォックスロット,
限界突破リザレクション,13,ADV,EXCEED GEAR,190,1358,まろん vs. モリモリあつし feat. ビートまりお,MAD CHILD,
～仔羊のナヴァラン・クリシェを添えて～,13,ADV,EXCEED GEAR,150,981,PiyoPiyo Kitchen,風瑠人,
蝕,13,ADV,EXCEED GEAR,220,1591,めと（Metomate）,凹ーダー凸ード,
火狐之舞,13,ADV,EXCEED GEAR,242,1711,影虎。,kamuy noko,
恋愛悪戯！？まじかる☆ぱふゅ～む！！,13,ADV,EXCEED GEAR,212,1685,さわわ feat.杠葉えりか＆凜々,からあげ☆しすた～ず！！,
50th -Beginning Story-,13,EXH,VIVID WAVE,135,1027,BEMANI Sound Team,↑↑↓↓←→←→MC,
Addicted Moon,13,EXH,VIVID WAVE,185,1756,Amateras Records feat.築山さえ,Akizuki Nagomu,
Dooooope,13,EXH,VIVID WAVE,136,872,RiMo,CRAIG AKAGI,
Flaa Behavior,13,EXH,VIVID WAVE,175,1469,borzy,kamuy noko,
floating girl,13,EXH,VIVID WAVE,132,981,あるふぁ feat. とおる,フォックスロット,
Get over!!,13,EXH,VIVID WAVE,155,1193,猫大樹,Akizuki Nagomu,
iberis,13,EXH,VIVID WAVE,147,1301,gaburyu feat. Frosch,バター氏,
Little Big Princess(DJ katsu EDIT),13,EXH,VIVID WAVE,170,1523,DiGiTAL WiNG with 空音,CRAIG AKAGI,
SHION (ロースピード幻想チューン Remix),13,EXH,VIVID WAVE,110,966,HOUJIROU feat. 駄々子,MAD CHILD,
Together Going My Way,13,EXH,VIVID WAVE,155,1198,DiGiTAL WiNG with 空音,MAD CHILD,
かくしん的☆めたまるふぉ～ぜっ！（crabMixx）,13,EXH,VIVID WAVE,132~139,849,土間うまる（CV.田中あいみ） Remixed by いぬ,cosMo＠暴走P,
すきなことだけでいいです,13,EXH,VIVID WAVE,140,1020,ピノキオピー,Megacycle,
ヒカリユリイカ,13,EXH,VIVID WAVE,140,1362,ここなつ,マッドチャイルド ＆ ひらやすまつど,
動く、動く（”A&M Chillin' ” Electro Remix）,13,EXH,VIVID WAVE,128,869,Remixed by かめりあ feat.響木アオ＆虹乃まほろ,MAD CHILD,
偶然？ 必然？ アンビバレンス！,13,EXH,VIVID WAVE,142,1007,諸星なな feat.加藤はるか&YKI,凹ーダー凸ード,
焦がれ唄,13,EXH,VIVID WAVE,100,985,ちきんぐ feat.TEA,MAD CHILD,
至上のラトゥーリア,13,EXH,VIVID WAVE,135,1025,Vanitas Lacrimosa,MAD CHILD,
港町レディ,13,EXH,VIVID WAVE,159,1487,フーリンキャットマーク,フォックスロット,
迷夢ソウル,13,EXH,VIVID WAVE,165,1418,夕月椿(EastNewSound),凹ーダー凸ード,
弱虫モンブラン,13,EXH,VIVID WAVE,120,1201,DECO*27,狂風少年鑑定Soup.☆彡,
Φnd:you,13,ADV,VIVID WAVE,259,971,かゆき,SALMON GRAPHY,
Aerial Fortress,13,ADV,VIVID WAVE,200,1478,xi,Ether99,
Afterimage d'automne,13,ADV,VIVID WAVE,232,1432,BEMANI Sound Team,鋼のビスカッチャ×サイバーガスタンク,
ANGER of the GOD,13,ADV,VIVID WAVE,200,1970,BlackY,七色メットスクリューズ,
apo:llioth,13,ADV,VIVID WAVE,200,1165,Juggernaut.,電撃ロブスター,
ARROW RAIN,13,ADV,VIVID WAVE,180,1653,Alstroemeria Records,七色Method,
Atropa bella-donna,13,ADV,VIVID WAVE,238,1813,HOUJIROU,Akizuki Nagomu,
Aurolla,13,ADV,VIVID WAVE,235,1434,MisoilePunch♪,Akizuki Nagomu,
Barbatos,13,ADV,VIVID WAVE,230,1747,Crawk × Capchii,Verdefo,
Barbless Ego,13,ADV,VIVID WAVE,150,1011,MAD CHILD,MAD CHILD,
Believe In Yourself,13,ADV,VIVID WAVE,165,1464,kors k,金色の夜叉,
Black Lotus,13,ADV,VIVID WAVE,200,1467,wa.,風瑠人,
Blessing Bouquet,13,ADV,VIVID WAVE,212,1492,setu-O,Jin Majima,
Call of the World,13,ADV,VIVID WAVE,212,1444,お月さま交響曲,風瑠人,
Cloud Crasher,13,ADV,VIVID WAVE,200,1532,Hommarju,Jessica Toshimitsu,
Defining Future,13,ADV,VIVID WAVE,200,1315,！すでのな,フォックスロット,
Dogeza Stairs,13,ADV,VIVID WAVE,190,1889,ビートまりお（COOL&CREATE）,Jin Majima,
eighth-slave,13,ADV,VIVID WAVE,170,1130,Yu_Asahina,電撃ロブスター,
Electric Injury,13,ADV,VIVID WAVE,190,1623,siqlo,電撃ロブスター,
Elemental Creation (kamome sano Remix),13,ADV,VIVID WAVE,128~256,1002,kamome sano,鋼のビスカッチャ,
Enchante,13,ADV,VIVID WAVE,115,1108,winddrums,風瑠人,
eternite,13,ADV,VIVID WAVE,190,1201,Ryo Arue,Megacycle,
Ethereal Lotus,13,ADV,VIVID WAVE,218,1887,wa. + 杠葉えりか,EIVY,
FIRST：DREAMS,13,ADV,VIVID WAVE,300,1010,uma vs. モリモリあつし,CRAIG AKAGI,
GALAXY BURST,13,ADV,VIVID WAVE,201,1671,かめりあ,Akizuki Nagomu,
GaLaXyEggPlanT,13,ADV,VIVID WAVE,240,1327,sasakure.UK,DeNGeKiLoWBooSteR,
GEMINI LA2ER,13,ADV,VIVID WAVE,200,1125,ミカルコスモ(せらみかる×cosMo＠暴走P),cosMo＠暴走P×電撃ロブスター,
Glorious Journey,13,ADV,VIVID WAVE,252,1838,古屋直雪,浮世マシーン,
Innocent,13,ADV,VIVID WAVE,210,1537,Alkome,SHiJiMiSo Soup.☆彡,
Jack-the-Ripper◆,13,ADV,VIVID WAVE,105~240,2159,sasakure.UK,フォックスロット,
JUPITER 4 GRAVITY,13,ADV,VIVID WAVE,205,1423,YumAeL ex. 溝口ゆうま,フォックスロット,
Katharsis,13,ADV,VIVID WAVE,140~280,1044,u-z feat.CHERICa,Akizuki Nagomu,
L9,13,ADV,VIVID WAVE,53~128,914,paraoka,ビーフジョッ9,
LECTORIA,13,ADV,VIVID WAVE,185,1615,Cranky,蒼弐 feat.RASIS -BOOTH-,
Leviathan-,13,ADV,VIVID WAVE,160,938,山本真央樹,SALMON GRAPHY,
lEyl,13,ADV,VIVID WAVE,221,1475,t+pazolite feat. incl*incr,月刊ミズタニ,
m1dy Deluxe,13,ADV,VIVID WAVE,410,1240,m1dy,電撃ロブスターDeluxe,
METATRON-,13,ADV,VIVID WAVE,190,1533,SHIKI,Jin Majima,
MeteorA,13,ADV,VIVID WAVE,190,1247,Verseus,電撃ロブスター,
mqlo,13,ADV,VIVID WAVE,220,2162,C-Show,ごましお～PH～くん,
Mynarco(Nagomu 2Step Remix),13,ADV,VIVID WAVE,230,1459,Akizuki Nagomu feat. fu-ko,Akizuki Nagomu,
Nebulas,13,ADV,VIVID WAVE,140,951,BEMANI Sound Team ”Yvya”,SALMON GRAPHY,
Nhelv,13,ADV,VIVID WAVE,174,1331,Silentroom,凹ーダー凸ード,
On take SUN,13,ADV,VIVID WAVE,220,1379,Sampling Masters MEGA,Hirayasu Matsudo & MAD CHILD,
Our Love,13,ADV,VIVID WAVE,190,1545,lapix,Ether99,
ΩVERFLOW,13,ADV,VIVID WAVE,175,1618,BlackY,,
PARTY TIME!,13,ADV,VIVID WAVE,190,965,RoughSketch & Hommarju,MAD CHILD,
pique,13,ADV,VIVID WAVE,162,1355,星野音楽工房,電撃ロブスター,
Re：Elemental Creation,13,ADV,VIVID WAVE,212,1484,uma meets モリモリあつし,TEK-A-RHYTHM,
rE:Voltagers,13,ADV,VIVID WAVE,153,1100,Tanchiky,apple kong,
Ring!Run!Nyan!!,13,ADV,VIVID WAVE,195,1213,MisomyL,電撃ロブニャン,
SAMURAI TIGER,13,ADV,VIVID WAVE,165,1313,ぽんきち&ゆんゆん,徒士マシーン vs. しばまる子,
SLEEPWALKER,13,ADV,VIVID WAVE,188,1390,monoq+RIZARDI,Akizuki Nagomu+フォックスロット,
Symphonic Tear,13,ADV,VIVID WAVE,150,931,BEMANI Sound Team ”TAG”,鋼のビスカッチャ,
Teufel,13,ADV,VIVID WAVE,200,1249,Hommarju,凹ーダー凸ード,
Thank you for your playing music,13,ADV,VIVID WAVE,220,1353,かぼちゃ feat. miko,cosMo×電撃ロブスター×サイバーガスタンク,
To:BrandNewDeadline,13,ADV,VIVID WAVE,210,1290,せいぎのあおぢる,はがねのびすかっちゃ,
Turn the story,13,ADV,VIVID WAVE,110~240,1382,technoplanet feat. Kuroto Sion,NOX,
Typhoon Craaash!!,13,ADV,VIVID WAVE,172,1128,A-One,CRAIG AKAGI,
Ubertreffen,13,ADV,VIVID WAVE,174,1241,TAKA respect for J.S.B.,Megacycle respect for M.M.M.,
V Sen5eS,13,ADV,VIVID WAVE,190,1475,MasKaleido VS 709sec.,SHiJiMiSo Soup.☆彡,
Valanga(polysha Remix),13,ADV,VIVID WAVE,100,863,polysha,Akizuki Nagomu,
Vividly Impromptu,13,ADV,VIVID WAVE,161,1062,BlackY,Megacycle,
With It This Heaven?,13,ADV,VIVID WAVE,250~290,1200,technoplanet,フォックスロット,
World of Iris,13,ADV,VIVID WAVE,255,1097,polysha,Akizuki Nagomu,
ZEИITH,13,ADV,VIVID WAVE,190,1339,Ashrount vs polysha,TEK-A-RHYTHM vs. 逆球レジェンド,
αρχη,13,ADV,VIVID WAVE,120,1067,Dormir,νοχ,
アオアラシ,13,ADV,VIVID WAVE,256,1108,やどりぎ,はがねのびすかっちゃ,
おはようからおやすみまでかまってポメポメ,13,ADV,VIVID WAVE,177,1536,立秋 feat.ちょこ,アザラシから犬になったAkizuki Nagomu,
トマヨイ,13,ADV,VIVID WAVE,165,982,Spacelectro feat.椎木レク,レッドホットスクリューズ,
ねこみみ(=ФωФ=)ぱんでみみっく,13,ADV,VIVID WAVE,195,1034,ねこみりん feat.小宮真央,兄ジェットマン,
び,13,ADV,VIVID WAVE,169,1002,立秋 feat.ちょこ,びーフジョッキー,
蛇神,13,ADV,VIVID WAVE,170,1639,Zektbach,歩手登と美津多仁,
月々紅花,13,ADV,VIVID WAVE,183,1370,7mai,Megacycle,
狂水一華,13,ADV,VIVID WAVE,160,1207,BEMANI Sound Team ”HuΣeR Vs. SYUNN” feat.いちか,MAD CHILD,
最小三倍完全数,13,ADV,VIVID WAVE,220,1260,DJ TECHNORCH,Amazeki Kagome,
消失(Hommarju Remix),13,ADV,VIVID WAVE,240,1731,cosMo＠暴走P,cosMo＠暴走P,
翠雨の祷,13,ADV,VIVID WAVE,197,1237,Cororo feat.Yuria Miyazono,天空の電撃ロブスター,
春告胡蝶,13,ADV,VIVID WAVE,202,1499,BlackY feat. Risa Yuzuki,MAD CHILD,
星の透る夏空に願う,13,ADV,VIVID WAVE,210,1788,Yu-dachi,Akizuki Nagomu,
4NT1 D34D,13,EXH,HEAVENLY HAVEN,109,981,N-Driver,Megacycle,
Adansonia,13,EXH,HEAVENLY HAVEN,132~138,1390,sweez / Meine Meinung,THE THIRD MAN,
Altale,13,EXH,HEAVENLY HAVEN,83~90,1143,削除,おからヒット,https://sdvx.in/04/04130e.htm
Aurora(Latinized Style),13,EXH,HEAVENLY HAVEN,140,1157,mommy,Megacycle,https://sdvx.in/04/04009e.htm
bass 2 bass [Tracy vs. Astronomical Remix],13,EXH,HEAVENLY HAVEN,155,1380,Tracy vs. Astronomical,cosMo＠暴走P,https://sdvx.in/04/04014e.htm
Burn everything,13,EXH,HEAVENLY HAVEN,175,1894,LiLA,Hermit♣club,https://sdvx.in/04/04120e.htm
Burning Spark!,13,EXH,HEAVENLY HAVEN,169,1181,uma & nmk feat. 橘花音,Akizuki Nagomu,https://sdvx.in/04/04328e.htm
Candy Star,13,EXH,HEAVENLY HAVEN,180,1290,DJ Genki feat. yukacco,七色Method,https://sdvx.in/04/04023e.htm
CARNIVOROUS,13,EXH,HEAVENLY HAVEN,170,1198,SOUND HOLIC feat. Nana Takahashi,Megacycle,
Claidheamh Soluis-光の剣- feat.はるの,13,EXH,HEAVENLY HAVEN,160,1482,猫大樹,CRAIG AKAGI,https://sdvx.in/04/04149e.htm
Destruction & Qreation,13,EXH,HEAVENLY HAVEN,190,1384,polysha+inusack,月刊ミズタニ,https://sdvx.in/04/04203e.htm
disordered asia,13,EXH,HEAVENLY HAVEN,200,1236,シイナフユキ,フォックスロット,https://sdvx.in/04/04272e.htm
dreamin' of u,13,EXH,HEAVENLY HAVEN,178,1277,Jun Kuroda,MaKoTo,https://sdvx.in/04/04124e.htm
Dreaming feat.nomico,13,EXH,HEAVENLY HAVEN,135,1163,Alstroemeria Records,WMM-E,https://sdvx.in/04/04275e.htm
DREAMING-ING!!,13,EXH,HEAVENLY HAVEN,180,994,ときめきアイドル project,MAD CHILD,https://sdvx.in/04/04178e.htm
Drizzly Venom,13,EXH,HEAVENLY HAVEN,147~168,1253,日向美ビタースイーツ♪,ふかせ,https://sdvx.in/04/04164e.htm
EDEN of TRUTH,13,EXH,HEAVENLY HAVEN,172,1365,Braflare(kanone&かぼちゃ),浮世マシーン,https://sdvx.in/04/04007e.htm
Empathetic,13,EXH,HEAVENLY HAVEN,180,1241,Sota÷Des,浮世×マシーン,
Engraved Mark-Gow's ill! RMX-,13,EXH,HEAVENLY HAVEN,216,1332,Gowrock,凹ーダー凸ード,https://sdvx.in/04/04044e.htm
Fairy in Strasbourg,13,EXH,HEAVENLY HAVEN,138,1044,Laur,ひとくちピエロ,https://sdvx.in/04/04181e.htm
FIRE IN MY HEART,13,EXH,HEAVENLY HAVEN,131~132,973,Spacelectro,レッドホットスクリューズ,https://sdvx.in/04/04107e.htm
Fly far bounce,13,EXH,HEAVENLY HAVEN,98~163,1197,猫叉Master,PHQUASE,https://sdvx.in/04/04064e.htm
Four Leaves,13,EXH,HEAVENLY HAVEN,181,1528,Endorfin.,MaKoTo,https://sdvx.in/04/04008e.htm
HEAVENLY SMILE,13,EXH,HEAVENLY HAVEN,184,1328,VALLEYSTONE feat. 紫崎 雪,MAD CHILD,https://sdvx.in/04/04001e.htm
ILL-STARRED Diver,13,EXH,HEAVENLY HAVEN,185,1212,polysha,CRAIG AKAGI,https://sdvx.in/04/04280e.htm
Invisible Full Moon 古屋直雪 remix,13,EXH,HEAVENLY HAVEN,145,935,古屋直雪,電撃ロブスター,https://sdvx.in/04/04304e.htm
JULIAN,13,EXH,HEAVENLY HAVEN,153,1172,Queen P.A.L.,レッドホットスクリューズ,https://sdvx.in/04/04019e.htm
KIRAMEKI OVERDRIVE,13,EXH,HEAVENLY HAVEN,130,1417,FALL,ちたちゅれ with BATAASHI,https://sdvx.in/04/04385e.htm
Let's Bounce !!,13,EXH,HEAVENLY HAVEN,138,931,BEMANI Sound Team ”Sota F.”,MAD CHILD,https://sdvx.in/04/04333e.htm
Made In Love,13,EXH,HEAVENLY HAVEN,88,1646,黒魔,I,https://sdvx.in/04/04313e.htm
Mind Mapping(ag Remix),13,EXH,HEAVENLY HAVEN,128,1408,ag,azuma,https://sdvx.in/04/04102e.htm
moon,13,EXH,HEAVENLY HAVEN,150,1337,iroha(sasaki),THE THIRD MAN,
Mysterious Nights,13,EXH,HEAVENLY HAVEN,140,1148,あさり,凹ーダー凸ード,https://sdvx.in/04/04303e.htm
Narcissus At Oasis -影虎。 style-,13,EXH,HEAVENLY HAVEN,180,1330,影虎。,cosMo＠暴走P,https://sdvx.in/04/04061e.htm
Nostalgia,13,EXH,HEAVENLY HAVEN,162,1882,矢鴇つかさ,azuma,https://sdvx.in/04/04029e.htm
Princess K,13,EXH,HEAVENLY HAVEN,139,833,Retropolitaliens (Ms.+駄々子),鋼のビスカッチャ,https://sdvx.in/04/04352e.htm
Random Box,13,EXH,HEAVENLY HAVEN,137,875,LATI,CRAIG AKAGI,https://sdvx.in/04/04228e.htm
Root Consciousness,13,EXH,HEAVENLY HAVEN,156,1187,溝口ゆうま feat.大瀬良あい vs. QURELESS,CRAIG AKAGI,https://sdvx.in/04/04121e.htm
Twilight ∞ nighT,13,EXH,HEAVENLY HAVEN,124,938,ひとしずく×やま△,cosMo＠暴走P,https://sdvx.in/04/04383e.htm
waxing and wanding(SS Remix),13,EXH,HEAVENLY HAVEN,180,1466,しま兄,おからヒット,https://sdvx.in/04/04153e.htm
インフルエンサー・イズ・デッド,13,EXH,HEAVENLY HAVEN,144,1246,じーざす（ワンダフル☆オポチュニティ！）,影符,https://sdvx.in/04/04035e.htm
おにいちゃんハイテック,13,EXH,HEAVENLY HAVEN,150,1111,立秋 feat.ちょこ,凹ーダー凸ード,https://sdvx.in/04/04197e.htm
ゴーストマスコット,13,EXH,HEAVENLY HAVEN,200,1282,はるなば feat.みかん汁,Fortunality,https://sdvx.in/04/04114e.htm
シノビシノノメ,13,EXH,HEAVENLY HAVEN,174,1212,東雲心菜,おすし仮面,https://sdvx.in/04/04168e.htm
スカイダイバー,13,EXH,HEAVENLY HAVEN,180,1123,ヒゲドライバー feat.ヒゲドライVAN,MAD CHILD,
スピーカーガール！,13,EXH,HEAVENLY HAVEN,187,1453,TAKU1175 feat. かなたん,レッドホットスクリューズ,
スペクトラム,13,EXH,HEAVENLY HAVEN,138,1036,エルリ鳥 (O-SE + ueda),凹ーダー凸ード,
チルノのパーフェクトさんすう教室　⑨周年バージョン,13,EXH,HEAVENLY HAVEN,175,1493,IOSYSと愉快な⑨周年フレンズ,月刊ミズタニ×ごましおくん,https://sdvx.in/04/04160e.htm
つるぺったん,13,EXH,HEAVENLY HAVEN,180,1037,Silver Forest feat. くろねこ アキ さきち カガリ,狂風少年鑑定団,https://sdvx.in/04/04117e.htm
トキメキストリーム,13,EXH,HEAVENLY HAVEN,164,1055,Qrispy Joybox,THE THIRD MAN,https://sdvx.in/04/04222e.htm
ナイト・オブ・ロンド,13,EXH,HEAVENLY HAVEN,169,895,日向美ビタースイーツ♪,MAD CHILD,https://sdvx.in/04/04163e.htm
ぱあ,13,EXH,HEAVENLY HAVEN,128,843,立秋 feat.ちょこ,cosMo＠暴走ぱあ,https://sdvx.in/04/04112e.htm
ひとりぼっちの魔王,13,EXH,HEAVENLY HAVEN,112,1202,Verdammt,Jin Majima,https://sdvx.in/04/04307e.htm
ビビットストリーム,13,EXH,HEAVENLY HAVEN,184,1491,DJ TOTTO,からあげブラザーズ,
ボーイミーツ・ブルー,13,EXH,HEAVENLY HAVEN,184,1277,うさぎ愛好会(cosMo×syuri22),cosMo＠うさぎ愛好会,https://sdvx.in/04/04210e.htm
マイネ・クライネ・ナハトムジーク,13,EXH,HEAVENLY HAVEN,220,1850,Die Ellipse (deli. with 倉田美和),フォックスロット,https://sdvx.in/04/04353e.htm
斑鳩,13,EXH,HEAVENLY HAVEN,119~134,1564,豊田竜行,TAKUYA,https://sdvx.in/04/04025e.htm
異世界ノットパンピー,13,EXH,HEAVENLY HAVEN,195,1174,164 feat.GUMI,WMM-E,https://sdvx.in/04/04345e.htm
嘘とぬいぐるみ,13,EXH,HEAVENLY HAVEN,105~120,842,Dixie Flatline,Megacycle,https://sdvx.in/04/04346e.htm
永遠に幸せになる方法、見つけました。,13,EXH,HEAVENLY HAVEN,128,1193,うたたP,ねちっこく堂,https://sdvx.in/04/04033e.htm
灼熱のBlazin' Beat,13,EXH,HEAVENLY HAVEN,170,1206,CielArc,からあげブラザーズ,https://sdvx.in/04/04327e.htm
新米天使のメランコリー,13,EXH,HEAVENLY HAVEN,150,1213,Vocal by 荒巻,金色の夜叉,https://sdvx.in/04/04170e.htm
水槽のクジラ,13,EXH,HEAVENLY HAVEN,206,1547,テヅカ feat. 大西あみみ,SCバイオメトリクス,https://sdvx.in/04/04005e.htm
晴天Bon Voyage,13,EXH,HEAVENLY HAVEN,230,1484,TOMOSUKE × seiya-murai feat. ALT,ポテト亀山,
盗宝,13,EXH,HEAVENLY HAVEN,165,1430,猫大樹,Megacycle,https://sdvx.in/04/04048e.htm
虹色の花,13,EXH,HEAVENLY HAVEN,170,1339,Akhuta y OJ,Megacycle,
春時雨,13,EXH,HEAVENLY HAVEN,192,1370,まし,THE THIRD MAN,https://sdvx.in/04/04180e.htm
風鈴花火,13,EXH,HEAVENLY HAVEN,150,1204,BEMANI Sound Team ”劇団レコード”feat.結良まり,Akizuki Nagomu,https://sdvx.in/04/04334e.htm
冒涜的選択のアレグリア ft. Mayumi Morinaga,13,EXH,HEAVENLY HAVEN,156,1297,Iceon(Frost Fragment),MAD CHILD,https://sdvx.in/04/04122e.htm
見世物ライフ,13,EXH,HEAVENLY HAVEN,220,1546,"otetsu,164,蝶々P",Megacycle,https://sdvx.in/04/04295e.htm
惑星☆ロリポップ,13,EXH,HEAVENLY HAVEN,180,959,SOUND HOLIC feat. Nana Takahashi,電撃ロブスター,
私の恋色。,13,EXH,HEAVENLY HAVEN,206,1202,テヅカ feat. 大西あみみ,Megacycle,https://sdvx.in/04/04271e.htm
Akzeriyyuth,13,ADV,HEAVENLY HAVEN,195,1271,Team&Dj Grimoire,MAD CHILD,
Beyond the BLUE,13,ADV,HEAVENLY HAVEN,132,1021,Asato × sak × 田島千種,NOX,
Black night,13,ADV,HEAVENLY HAVEN,226,1367,Noah,kamuy noko,
BlueMoon Princess,13,ADV,HEAVENLY HAVEN,235,1445,うさぎ愛好会(cosMo×syuri22),cosMo＠うさぎ愛好会,
Breakin' Asia,13,ADV,HEAVENLY HAVEN,230,1486,かたぎり,凹ーダー凸ード,
CHERNOBOG,13,ADV,HEAVENLY HAVEN,200,1230,漆黒のEBONY,闇黒のEIVY,
Cloud 9,13,ADV,HEAVENLY HAVEN,153,1251,雄之助,逆球レジェンド,
crossing blue,13,ADV,HEAVENLY HAVEN,234,1823,ぺのれり,風瑠人,
Destiny,13,ADV,HEAVENLY HAVEN,111~222,1134,Yooh,MAD CHILD,
Divine's:Bugscript,13,ADV,HEAVENLY HAVEN,230,1394,かゆき,EIVY,
Divine's or Deal,13,ADV,HEAVENLY HAVEN,223,1429,winddrums vs cosMo,cosMo＠暴走P,
Evans,13,ADV,HEAVENLY HAVEN,185,1207,DJ YOSHITAKA,Akizuki Nagomu,
FLOOR INFECTION Medley from SOUND VOLTEX×jubeat,13,ADV,HEAVENLY HAVEN,145~195,1208,United Composers from SOUND VOLTEX,United Effectors,
Gamerz FestivaL,13,ADV,HEAVENLY HAVEN,208,1506,うさぎ愛好会(cosMo×syuri22),cosMo＠うさぎ愛好会,
Gate of Atlantis,13,ADV,HEAVENLY HAVEN,8~888,1319,MasKaleido,ビーフジョッキー,
GERBERA -For Finalists-,13,ADV,HEAVENLY HAVEN,205,1432,remixed by cosMo@暴走P,cosMo@暴走P,
Glitter Flatter Scatter,13,ADV,HEAVENLY HAVEN,197,1365,Project B-,DJ みさこ,
Hug!! Vs. Hug!!,13,ADV,HEAVENLY HAVEN,120,841,はるなば,Ether99,
Immortal saga,13,ADV,HEAVENLY HAVEN,205,1331,Noah,レッドホットスクリューズ,
Juggler's Maddness,13,ADV,HEAVENLY HAVEN,250,1388,Lite Show Magic,MAD CHILD & Bob Shimantogawa,
KAC 2013 Empress Side,13,ADV,HEAVENLY HAVEN,201,1739,FLOOR LEGENDS -KAC 2013-,SOUND VOLTEX Effectors,
Khionos TiARA,13,ADV,HEAVENLY HAVEN,200,1426,Ellim Gnirps vs よみぃ,風瑠マシーン,
LastΩmegA,13,ADV,HEAVENLY HAVEN,208,1302,BlackY,MAD CHILD,
Legendary Road,13,ADV,HEAVENLY HAVEN,248,1634,kanone,MAD CHILD & Megacycle,
Levier'n NabYss,13,ADV,HEAVENLY HAVEN,249,1862,MisoilePunch♪ ~Take No Complete~,TEK-A-RHYTHM,
Lowermost revolt,13,ADV,HEAVENLY HAVEN,219,1752,かめりあ feat. 歌劇派学生,NOX,
Make Magic,13,ADV,HEAVENLY HAVEN,230,1708,Lite Show Magic,浮世マシーン,
MeteorGlow Aftermath,13,ADV,HEAVENLY HAVEN,264,981,pan,浮世マシーン,
Midnight City Warfare,13,ADV,HEAVENLY HAVEN,180,1441,sky_delta,月刊風瑠タニ,
Mirrorwall,13,ADV,HEAVENLY HAVEN,144,1284,BlackY,逆球レジェンド,
MODEL FT4,13,ADV,HEAVENLY HAVEN,145~155,1367,BEMANI Sound Team ”Mutsuhiko Izumi”,Akizuki Nagomu,
MONOLITH,13,ADV,HEAVENLY HAVEN,170~205,1301,TOMOSUKE,Jin Majima,
New Leaf,13,ADV,HEAVENLY HAVEN,173,1154,BlackY vs. Yooh,からあげブラザーズ vs. MAD CHILD,
Nostalgic Blood of the Strife,13,ADV,HEAVENLY HAVEN,240,1376,Laur,Megacycle,
ouroboros,13,ADV,HEAVENLY HAVEN,188,1550,Cranky VS MASAKI「グルーヴコースター」より,MAD CHILD VS Megacycle,
ΩVERSOUL,13,ADV,HEAVENLY HAVEN,155,1144,BlackY,TEK-A-RHYTHM,
Prey,13,ADV,HEAVENLY HAVEN,210,1214,BEMANI Sound Team ”Dustup”,電撃ロブスター,
PROVOES*PROPOSE <<el fine>>,13,ADV,HEAVENLY HAVEN,120~280,1125,Yu_Asahina as ”papyrus”,風瑠人,
PUPA,13,ADV,HEAVENLY HAVEN,50~202,1403,モリモリあつし,レッドホットスクリューズ,
Re:End of a Dream,13,ADV,HEAVENLY HAVEN,106~212,1419,uma vs. モリモリあつし,レッドホットスクリューズ vs. GUCCINI,
Rebellio,13,ADV,HEAVENLY HAVEN,234,1500,MAX MAXIMIZER VS DJ TOTTO,Ether99,
Reb∞t,13,ADV,HEAVENLY HAVEN,240,1594,BEMANI Sound Team ”TAG”,BEMANI Sound Team,
Redshift,13,ADV,HEAVENLY HAVEN,190,1333,technoplanet,ポテトマシーン,
SAtAN,13,ADV,HEAVENLY HAVEN,300,1172,P*Light,tEK-A-RHYTHM,
She Turns Me On,13,ADV,HEAVENLY HAVEN,200,1237,BEMANI Sound Team ”Sota Fujimori”,MAD CHILD,
Sky High,13,ADV,HEAVENLY HAVEN,153,1391,Cuvelia,Jin Majima,
#SpeedyCats,13,ADV,HEAVENLY HAVEN,226,1348,RoughSketch a.k.a. uno(IOSYS),風瑠人,
Spirit of the Beast,13,ADV,HEAVENLY HAVEN,195,1376,ikaruga_nex fw.tcheb,Megacycle,
STULTI,13,ADV,HEAVENLY HAVEN,90~182,1312,MAX MAXIMIZER VS DJ TOTTO,ビーフジョッキー,
Taiko Drum Monster,13,ADV,HEAVENLY HAVEN,266,1179,steμ feat. siroa「太鼓の達人」より,EIVY,
ULTiMATE INFLATiON,13,ADV,HEAVENLY HAVEN,451,1809,cosMo@暴走Genocider,SCライオット,
Venomous Firefly,13,ADV,HEAVENLY HAVEN,264,1138,かめりあ,レッドホットミズタニ,
Xevel,13,ADV,HEAVENLY HAVEN,176~185,1753,Tatsh「CHUNITHM」より,浮世チュニーン,
Yum Yum Sweetie,13,ADV,HEAVENLY HAVEN,165,1132,t+pazolite,電撃ロブスター,
オニユリ,13,ADV,HEAVENLY HAVEN,153,1037,ぺのれり,電撃ロブスター,
サイコパスラビット,13,ADV,HEAVENLY HAVEN,250,1465,うさぎ愛好会PSYCHOPATH(cosMo×syuri22),cosMo＠暴走PSYCHOPATH,
ドリームエンド・サバイバー,13,ADV,HEAVENLY HAVEN,201,1678,ぽんきち,七色Method,
ホワイトパレード,13,ADV,HEAVENLY HAVEN,218,1444,梅干茶漬け,風瑠人,
メイビ～初恋！？ビスケット☆大作戦,13,ADV,HEAVENLY HAVEN,182,1056,DJ TOTTO×mitsu feat.BisCo(CV:洲崎綾),レッドホットビスケット,
壊Rave*it!! 壊Rave*it!!,13,ADV,HEAVENLY HAVEN,280,977,LeaF,cosMo＠暴走P,
祝福の色彩は想い結ぶ君たち迄,13,ADV,HEAVENLY HAVEN,235,1338,Yu-dachi,鋼のビスカッチャ,
準備運動,13,ADV,HEAVENLY HAVEN,182,1481,すのうまん,Ester運動,
神獄烙桜,13,ADV,HEAVENLY HAVEN,258,1085,かゆき,風瑠人,
誰が為に兎は舞う＝狂速狂騒曲＝,13,ADV,HEAVENLY HAVEN,231,1334,うさぎ愛好会(cosMo×syuri22),cosMo＠うさぎ愛好会,
†渚の小悪魔ラヴリィ～レイディオ†,13,ADV,HEAVENLY HAVEN,190,1167,夏色ビキニのPrim,えいニャ！えいニャ！ラヴリィ～PH～,
光射す澪のユズリハ,13,ADV,HEAVENLY HAVEN,190,1229,Cororo feat.Yuria Miyazono,フォックスロット,
真っ白な靴,13,ADV,HEAVENLY HAVEN,226,1174,豚乙女,ビーフジョッキー,
羅生門,13,ADV,HEAVENLY HAVEN,230,1260,TAKU1175 × かにまゆ,ひとくちピエロ,
bloom,13,EXH,GRAVITY WARS,174,1608,Gowrock,SCバイオメトリクス,https://sdvx.in/03/03025e.htm
BOUNCE BOUNCE BOUNCE,13,EXH,GRAVITY WARS,128,1256,ZYTOKINE feat. itori,TAKUYA,https://sdvx.in/03/03136e.htm
crescent moon,13,EXH,GRAVITY WARS,187,1300,FELT,レッドホットスクリューズ×PHQUASE,https://sdvx.in/03/03311e.htm
Critical Crystal (brz_remix),13,EXH,GRAVITY WARS,0,1177,brz,凹ーダー凸ード,https://sdvx.in/03/03316e.htm
ECHO,13,EXH,GRAVITY WARS,140,1302,CIRCRUSH,漂白太郎,https://sdvx.in/03/03158e.htm
ERROR CODE,13,EXH,GRAVITY WARS,110,1288,C-Show,Megacycle,https://sdvx.in/03/03274e.htm
Everything but the Girl,13,EXH,GRAVITY WARS,162,1511,発熱巫女～ず,スカイシュート,https://sdvx.in/03/03344e.htm
"Help me, ERINNNNNN!! - SH Style -",13,EXH,GRAVITY WARS,190,1570,SOUND HOLIC feat. Nana Takahashi,MAD CHILD,https://sdvx.in/03/03260e.htm
I'm so happy (Happy Hoppin Remix),13,EXH,GRAVITY WARS,0,1031,polysha,ブルーコールドハリケーンズ,https://sdvx.in/03/03315e.htm
INDEPENDENT SKY,13,EXH,GRAVITY WARS,170,1692,SOUND HOLIC feat. Nana Takahashi,ユカリ☆chan,https://sdvx.in/03/03054e.htm
Innocent Eyes,13,EXH,GRAVITY WARS,180,2057,FELT,TAKUYA,https://sdvx.in/03/03123e.htm
Jump!,13,EXH,GRAVITY WARS,136,1789,Syrufit feat.綾倉盟 / 市松椿,Hermit♣club,https://sdvx.in/03/03002e.htm
Liming Light,13,EXH,GRAVITY WARS,190,1728,negi,TAKUYA,https://sdvx.in/03/03028e.htm
Locus Of Control,13,EXH,GRAVITY WARS,165,1627,EastNewSound feat. 3L from NJK Record,WMM-E,https://sdvx.in/03/03347e.htm
lost chain,13,EXH,GRAVITY WARS,158,1593,まぁ言うてかぼちゃの色も橙だし多分大丈夫,MaKoTo,https://sdvx.in/03/03392e.htm
Lovesick Lovetune,13,EXH,GRAVITY WARS,135,1175,VALLEYSTONE feat. 紫崎 雪,漂白太郎,https://sdvx.in/03/03111e.htm
MERRiESTxHOLiC,13,EXH,GRAVITY WARS,132,1299,miko♡nachi feat.u-z,MaKoTo,https://sdvx.in/03/03350e.htm
neko＊neko,13,EXH,GRAVITY WARS,123,1083,日向美ビタースイーツ♪,凹ーダー凸ード,https://sdvx.in/03/03233e.htm
Never Let it End,13,EXH,GRAVITY WARS,0,1285,FELT,凹ーダー凸ード,https://sdvx.in/03/03346e.htm
Phantasm Ensemble (ゆんゆんRemix),13,EXH,GRAVITY WARS,143,1262,ゆんゆん,中仙道マーゴット,https://sdvx.in/03/03279e.htm
Prominence,13,EXH,GRAVITY WARS,165,1490,矢鴇つかさ feat. 佳織みちる,Hermit♣club,https://sdvx.in/03/03302e.htm
Sephirot,13,EXH,GRAVITY WARS,154,1409,SHIKI,七色Method,https://sdvx.in/03/03362e.htm
Spice Road,13,EXH,GRAVITY WARS,90,981,C-CLAYS feat.小峠舞,ひとくちピエロ,https://sdvx.in/03/03393e.htm
Starlight Dance Floor,13,EXH,GRAVITY WARS,128,1029,発熱巫女～ず,東京ブルトゥーム,https://sdvx.in/03/03159e.htm
Struggle,13,EXH,GRAVITY WARS,180,1410,Masayoshi Minoshima(ALR),漂白太郎,https://sdvx.in/03/03086e.htm
Sweet little Lily,13,EXH,GRAVITY WARS,0,1754,奏瀬いちこ (Silver Forest),ユカリ☆chan,https://sdvx.in/03/03320e.htm
The Wind of Gold(飛翔鳶 Remix),13,EXH,GRAVITY WARS,150,1949,飛翔鳶交響楽団,スカイシュート,https://sdvx.in/03/03119e.htm
Treasure,13,EXH,GRAVITY WARS,126,1450,発熱巫女～ず,恵方真紀,https://sdvx.in/03/03181e.htm
Virtual Sunrise (MYTK Remix),13,EXH,GRAVITY WARS,150,1780,MYTK,Hermit♣club,https://sdvx.in/03/03017e.htm
ZEPHYRANTHES,13,EXH,GRAVITY WARS,180,1536,TAG,TAG supported by SCライオット,https://sdvx.in/03/03363e.htm
キズナ,13,EXH,GRAVITY WARS,178,1575,東雲心菜 Produced by 上村香月,ユカリ☆chan,https://sdvx.in/03/03252e.htm
シアワセうさぎ,13,EXH,GRAVITY WARS,140,1645,あまね＋ビートまりお（COOL&CREATE）,MaKoTo,https://sdvx.in/03/03396e.htm
しゅわスパ大作戦☆ - SDVX Edit. -,13,EXH,GRAVITY WARS,140,1085,SOUND HOLIC feat. Nana Takahashi,THE THIRD MAN,https://sdvx.in/03/03003e.htm
ツインソウル～輪廻する旋律～,13,EXH,GRAVITY WARS,160,1523,C-CLAYS feat.小峠舞,ポテト亀山,https://sdvx.in/03/03254e.htm
ツギハギスタッカート,13,EXH,GRAVITY WARS,139,1435,とあ,Hermit♣club,https://sdvx.in/03/03046e.htm
バイナリスター,13,EXH,GRAVITY WARS,135,1292,ここなつ,ユカリ☆club,https://sdvx.in/03/03377e.htm
ハッピーシンセサイザ,13,EXH,GRAVITY WARS,127,884,EasyPop,ユカリ☆chan,https://sdvx.in/03/03216e.htm
メランコリック,13,EXH,GRAVITY WARS,140,1210,Junky,SCバイオメトリクス,https://sdvx.in/03/03219e.htm
モラトリアムノオト,13,EXH,GRAVITY WARS,182,1570,東雲夏陽 Produced by シンゴ（マッカチン企画）＆アラ,MaKoTo,https://sdvx.in/03/03251e.htm
女言葉の消失,13,EXH,GRAVITY WARS,0,1303,Sota Fujimori,ユカリ☆chan,https://sdvx.in/03/03082e.htm
木彫り鯰と右肩ゾンビ,13,EXH,GRAVITY WARS,150,1196,赤飯,mitsu,https://sdvx.in/03/03008e.htm
気まぐれスターダム,13,EXH,GRAVITY WARS,178,1589,TOKOTOKO(西沢さんP) feat.りぶ,カジキガツオ,https://sdvx.in/03/03160e.htm
君がいる場所へ,13,EXH,GRAVITY WARS,165,1289,VALLEYSTONE feat. 紫崎 雪,わかば,https://sdvx.in/03/03199e.htm
激アツ☆マジヤバ☆チアガール,13,EXH,GRAVITY WARS,170,1276,日向美ビタースイーツ♪,MAD CHILD,https://sdvx.in/03/03234e.htm
虚空と光明のディスクール,13,EXH,GRAVITY WARS,140,1614,日向美ビタースイーツ♪,スカイシュート,https://sdvx.in/03/03287e.htm
交渉人・西行寺幽々子 vs スカーレット警察,13,EXH,GRAVITY WARS,144,1381,七条レタスグループ starring nachi,SDVXエフェクト取締法違反の容疑でエフェクターの男を逮捕しました,https://sdvx.in/03/03214e.htm
零れる夢のレミニセンス,13,EXH,GRAVITY WARS,180,1731,borzy & 結月そら,わかば,https://sdvx.in/03/03191e.htm
脱獄,13,EXH,GRAVITY WARS,189,1482,Neru feat.灯油,azuma,https://sdvx.in/03/03050e.htm
時計仕掛けのメリーゴーランド,13,EXH,GRAVITY WARS,190,1650,餡若feat.みゅい,わかば,https://sdvx.in/03/03112e.htm
鳥と桜と嘴と,13,EXH,GRAVITY WARS,180,1456,マッカチン企画,金色の夜叉,https://sdvx.in/03/03327e.htm
取り残された美術(Arranged:HiZuMi),13,EXH,GRAVITY WARS,160,1015,幽閉サテライト feat. senya,東京ブルトゥーム,https://sdvx.in/03/03087e.htm
心臓デモクラシー,13,EXH,GRAVITY WARS,190,1546,みきとP,mitsu,https://sdvx.in/03/03049e.htm
墨染 ft.ネコメアリ,13,EXH,GRAVITY WARS,148,1805,Iceon(Frost Fragment),TAKUYA,https://sdvx.in/03/03298e.htm
善悪の頂にある真実,13,EXH,GRAVITY WARS,100~140,1325,幽閉サテライト feat. senya,七色Method feat. 影符,https://sdvx.in/03/03340e.htm
滅びに至るエランプシス,13,EXH,GRAVITY WARS,158,1325,日向美ビタースイーツ♪,SCバイオメトリクス,https://sdvx.in/03/03288e.htm
碧の疾風,13,EXH,GRAVITY WARS,0,1199,君の美術館,ひとくちピエロ,https://sdvx.in/03/03321e.htm
恋愛方程式,13,EXH,GRAVITY WARS,140,1121,パピ子りんft.ビタミンな兄貴♂＆ゆずり,TAKUYA × MaKoTo,https://sdvx.in/03/03043e.htm
Blastix Riotz,13,ADV,GRAVITY WARS,256,1139,かめりあ as,TEK-A-RHYTHM-IX,
Candy Colored Hearts,13,ADV,GRAVITY WARS,193,1236,はるなば,風瑠人,
DIABLOSIS::Nāga,13,ADV,GRAVITY WARS,200,1597,sky_delta,月刊風瑠タニ,
Everlasting Message,13,ADV,GRAVITY WARS,230,1619,ぺのれり,PHQUASE forever,
FLügeL《Λrp:ΣggyØ》,13,ADV,GRAVITY WARS,120~240,1610,かねこちはる,MAD CHILD the Execute,
gigadelic (かめりあ's The TERA RMX),13,ADV,GRAVITY WARS,183,1339,かめりあ,風瑠人,
Got more raves？,13,ADV,GRAVITY WARS,266,1260,E.G.G.「グルーヴコースター」より,七色Method,
HAVOX,13,ADV,GRAVITY WARS,210,1409,BlackY vs. Yooh,逆球レジェンド vs. しばまる子,
JEHANNEDARC,13,ADV,GRAVITY WARS,200,1291,BlackY,TEK-A-RHYTHM,
KAC 2013 ULTIMATE MEDLEY -HISTORIA SOUND VOLTEX- Emperor Side,13,ADV,GRAVITY WARS,30~234,1250,FLOOR LEGENDS -KAC2013-,SOUND VOLTEX Effectors,
Lachryma《Re:Queen'M》,13,ADV,GRAVITY WARS,236,1752,かねこちはる,PHQUASE Lūcifer,
Pure Evil (Kobaryo FTN-Remix),13,ADV,GRAVITY WARS,380,1197,Kobaryo,月刊ミズタニ,
Sayonara Planet Wars,13,ADV,GRAVITY WARS,224,1642,黒魔,レッドホットスクリューズ,
veRtrageS,13,ADV,GRAVITY WARS,190,1427,Riz vs. Shiron,レッドホットスクリューズ,
黒髪乱れし修羅となりて～凛 edition～,13,ADV,GRAVITY WARS,150,1278,日向美ビタースイーツ♪,SCミズタニ,
侍 Annihilate!!,13,ADV,GRAVITY WARS,500,1585,QURELESS,凹ーダー凸ード,
消失,13,ADV,GRAVITY WARS,240,1990,cosMo@暴走P,PHQUASE,
到達してしまった僕らと夢と希望の最之果,13,ADV,GRAVITY WARS,188,1311,Ayatsugu_Otowa,TAKUYA,
伐折羅-vajra-,13,ADV,GRAVITY WARS,173,1246,,PHQUASE VS 深瀬,
It's over,13,INF,BOOTH,144,1480,ゆよゆっぺ feat.めらみぽっぷ,Megacycle,https://sdvx.in/01/01002m.htm
Rebellious stage,13,INF,BOOTH,160,1200,Dios/シグナルP,TEK-A-RHYTHM,https://sdvx.in/01/01027m.htm
サイコパスコミュニケーション,13,INF,BOOTH,204,1509,ゆちゃP,MAD CHILD,https://sdvx.in/01/01028m.htm
ナナイロ,13,INF,BOOTH,230,1455,otetsu,TEK-A-RHYTHM,https://sdvx.in/01/01023m.htm
炉心融解,13,INF,BOOTH,165,1513,iroha,MaKoTo,https://sdvx.in/01/01074m.htm
Antinomie,13,EXH,INFINITE INFECTION,180,1580,void(IOSYS) feat. 厚志(石鹸屋),DJ WILDPARTY,https://sdvx.in/02/02039e.htm
Bad ∞ End ∞ Night,13,EXH,INFINITE INFECTION,204,1277,ひとしずく×やま△,mitsu,https://sdvx.in/02/02058e.htm
Catadioptric,13,EXH,INFINITE INFECTION,146,1377,Jerico,Megacycle,https://sdvx.in/02/02132e.htm
City Edge,13,EXH,INFINITE INFECTION,200,1689,winddrums,TAKUYA,https://sdvx.in/02/02259e.htm
concon,13,EXH,INFINITE INFECTION,194,1272,kamome sano,TEK-A-RHYTHM,https://sdvx.in/02/02015e.htm
Daily Lunch Special (tpz Overcute Remix),13,EXH,INFINITE INFECTION,120~240,1455,t+pazolite,PHQUASE,https://sdvx.in/02/02018e.htm
DELETED MOTION,13,EXH,INFINITE INFECTION,147,1547,たちのん,月刊ミズタニ,https://sdvx.in/02/02008e.htm
En FIRE-G SOUL,13,EXH,INFINITE INFECTION,180,1174,Yooh,レッドホットスクリューズ×PHQUASE,https://sdvx.in/02/02054e.htm
EOS,13,EXH,INFINITE INFECTION,175,1520,ginkiha,ユカリ☆chan,https://sdvx.in/02/02183e.htm
Flying!,13,EXH,INFINITE INFECTION,170,1248,Tracy feat.築山さえ,MAD CHILD,https://sdvx.in/02/02271e.htm
GIGI BABA,13,EXH,INFINITE INFECTION,165,1256,ヒゲドライバー,月刊ミズタニ,https://sdvx.in/02/02003e.htm
I love you even now,13,EXH,INFINITE INFECTION,128,1072,nana(Sevencolors),漂白太郎,https://sdvx.in/02/02306e.htm
Indomitable Spirit,13,EXH,INFINITE INFECTION,160,1479,Tracy feat.ほたる,MAD CHILD,https://sdvx.in/02/02131e.htm
Keep Going!,13,EXH,INFINITE INFECTION,175,1315,REDALiCE feat. 野宮あゆみ,MAD CHILD,https://sdvx.in/02/02037e.htm
Phantasm Brigade,13,EXH,INFINITE INFECTION,168,1746,Silver Forest,博多の男,https://sdvx.in/02/02239e.htm
Power of Battle,13,EXH,INFINITE INFECTION,178,1387,RoughSketch vs REDALiCE feat.イザベル,MAD CHILD,https://sdvx.in/02/02040e.htm
Rebirth,13,EXH,INFINITE INFECTION,192~197,1440,164 feat. GUMI,mitsu,https://sdvx.in/02/02234e.htm
REPLiCA,13,EXH,INFINITE INFECTION,165,1408,"Music by Hommarju, Vocal by ぁゅ",MAD CHILD,https://sdvx.in/02/02235e.htm
Sakura Reflection 音頭,13,EXH,INFINITE INFECTION,180,1125,源屋,MAD CHILD,https://sdvx.in/02/02070e.htm
Scene,13,EXH,INFINITE INFECTION,170,1377,ジミーサムＰ,azuma,https://sdvx.in/02/02297e.htm
Shadows in the Light,13,EXH,INFINITE INFECTION,185,1525,Sta,Hermit♣club,https://sdvx.in/02/02145e.htm
shiningray,13,EXH,INFINITE INFECTION,83,918,164 feat.GUMI,azuma,https://sdvx.in/02/02154e.htm
Silver Impact,13,EXH,INFINITE INFECTION,175,1426,Arch,MaKoTo,https://sdvx.in/02/02089e.htm
snow motion,13,EXH,INFINITE INFECTION,181,1469,こふ,DJ WILDPARTY,https://sdvx.in/02/02195e.htm
SPARKLING FANTASY,13,EXH,INFINITE INFECTION,159,1351,"Music by BlackY, Vocal by ぁゅ",ひとくちピエロ,https://sdvx.in/02/02246e.htm
Survival Games,13,EXH,INFINITE INFECTION,170,1349,Hommarju,MAD CHILD vs. Hirayasu Matsudo,https://sdvx.in/02/02071e.htm
sweet dream,13,EXH,INFINITE INFECTION,128,1662,平茸＋夕野ヨシミ＋山本椛,MAD CHILD,https://sdvx.in/02/02280e.htm
Tomato Leaf Breaks,13,EXH,INFINITE INFECTION,240,1208,millstones,Megacycle,https://sdvx.in/02/02042e.htm
TrailBlazer,13,EXH,INFINITE INFECTION,184,1335,cold kiss,MaKoTo,https://sdvx.in/02/02162e.htm
UNLIMITED FIRE,13,EXH,INFINITE INFECTION,155,1313,DJ Amane,MAD CHILD,https://sdvx.in/02/02014e.htm
WAVE WAVE WAVE,13,EXH,INFINITE INFECTION,135,1271,ZYTOKINE feat. itori,Hermit♣club,https://sdvx.in/02/02224e.htm
will o' the wisp,13,EXH,INFINITE INFECTION,159,1177,XIzE,Megacycle,https://sdvx.in/02/02179e.htm
WobbleTangleFestival,13,EXH,INFINITE INFECTION,154,1269,Relect,MAD CHILD,https://sdvx.in/02/02050e.htm
ありふれたせかいせいふく,13,EXH,INFINITE INFECTION,150,1067,ピノキオP,azuma,https://sdvx.in/02/02107e.htm
アルテミス,13,EXH,INFINITE INFECTION,170,1663,FILTER SYSTEM,Megacycle,https://sdvx.in/02/02307e.htm
いーあるふぁんくらぶ,13,EXH,INFINITE INFECTION,145,1071,みきとP,azuma,https://sdvx.in/02/02064e.htm
キリトリセン,13,EXH,INFINITE INFECTION,165,1356,40mP,ひとくちピエロ,https://sdvx.in/02/02266e.htm
サンドリヨン,13,EXH,INFINITE INFECTION,147,1251,Dios/シグナルP,Hermit♣club,https://sdvx.in/02/02046e.htm
タイムマシン,13,EXH,INFINITE INFECTION,126,1258,1640mP,mitsu,https://sdvx.in/02/02155e.htm
トーキョープレジャーグラウンド,13,EXH,INFINITE INFECTION,220,1084,灯油,mitsu,https://sdvx.in/02/02030e.htm
ドキドキ☆流星トラップガール!!,13,EXH,INFINITE INFECTION,140,1274,流星トラップボーイズ,THE THIRD MAN,https://sdvx.in/02/02262e.htm
ナキムシロボ,13,EXH,INFINITE INFECTION,180,1613,ラムネ(村人P),DJ 摂津,https://sdvx.in/02/02289e.htm
はなむけ,13,EXH,INFINITE INFECTION,224,1799,ふる,Megacycle,https://sdvx.in/02/02211e.htm
ぱられる,13,EXH,INFINITE INFECTION,130,1285,"Music by akira asano feat.Tia, Vocal by みゅい",DJ WILDPARTY,https://sdvx.in/02/02219e.htm
ファンタジースター,13,EXH,INFINITE INFECTION,183,1199,ぐるたみん,kinoto,https://sdvx.in/02/02032e.htm
マスパでシュッ☆,13,EXH,INFINITE INFECTION,160,1345,ARM(IOSYS) feat. 桃井はるこ,みさこ,https://sdvx.in/02/02253e.htm
ユクエシレズ,13,EXH,INFINITE INFECTION,264,1043,こじろー feat.GUMI,ユカリ☆chan,https://sdvx.in/02/02115e.htm
ロストワンの号哭,13,EXH,INFINITE INFECTION,162,1488,Neru,azuma,https://sdvx.in/02/02057e.htm
赤より紅い夢 -lucid dream Mix-,13,EXH,INFINITE INFECTION,183,1345,くるぶっこちゃん,MAD CHILD,https://sdvx.in/02/02104e.htm
十六夜桜,13,EXH,INFINITE INFECTION,140,1005,u-z,THE THIRD MAN,https://sdvx.in/02/02207e.htm
命のユースティティア,13,EXH,INFINITE INFECTION,130,1278,Neru,mitsu,https://sdvx.in/02/02191e.htm
嘘と接吻,13,EXH,INFINITE INFECTION,215,1816,yozaquar feat.ぁゅ,TAKUYA,https://sdvx.in/02/02201e.htm
君と僕とその空白と,13,EXH,INFINITE INFECTION,200,1515,のぼる↑ feat.GUMI,MaKoTo,https://sdvx.in/02/02198e.htm
青春☆してるかい？READY&LADY!,13,EXH,INFINITE INFECTION,180,1167,LV.4 feat.みゆ,しばまる子,https://sdvx.in/02/02006e.htm
星霜輪廻,13,EXH,INFINITE INFECTION,170,1570,EastNewSound feat. 茶太,PHQUASE,https://sdvx.in/02/02025e.htm
太陽はやめて！ぼくらのスカーレット警察,13,EXH,INFINITE INFECTION,134,1472,七条レタスグループ starring ココ,,https://sdvx.in/02/02105e.htm
天狗の落とし文 feat. ｙｔｒ,13,EXH,INFINITE INFECTION,160,1808,魂音泉,Hirayasu Matsudo,https://sdvx.in/02/02036e.htm
東方妖々夢,13,EXH,INFINITE INFECTION,197~205,1413,石鹸屋,MAD CHILD,https://sdvx.in/02/02027e.htm
迷妄少年と小世界,13,EXH,INFINITE INFECTION,225,1207,164 feat. GUMI,azuma,https://sdvx.in/02/02069e.htm
殯,13,EXH,INFINITE INFECTION,176~186,1420,かねこちはる,Megacycle,https://sdvx.in/02/02078e.htm
野球の遊び方 そしてその歴史,13,EXH,INFINITE INFECTION,141,1410,あさき大監督,MAD CHILD & Fortunality,https://sdvx.in/02/02188e.htm
夕立、君と隠れ処,13,EXH,INFINITE INFECTION,150,1338,幽閉サテライト (Arranged:Iceon) feat. senya,ユカリ☆chan,https://sdvx.in/02/02240e.htm
Bangin' Burst,13,ADV,INFINITE INFECTION,234,1293,かめりあ,月刊ごましお♣club,
FIRE FIRE -DARK BLAZE REMIX-,13,ADV,INFINITE INFECTION,177,1386,Yooh,月刊ミズタニ,
For UltraPlayers,13,ADV,INFINITE INFECTION,201,1497,cosMo＠暴走P,PHQUASE ver.II,
XROSS INFECTION,13,ADV,INFINITE INFECTION,194,1102,BlackY vs. Yooh,PHQUASE vs. FUKASE,
朱と碧のランページ,13,ADV,INFINITE INFECTION,178,1541,NU-KO,Antonio Guccini,
.59,13,EXH,BOOTH,145,926,IDEA+RHYTHM,月刊ミズタニ,https://sdvx.in/01/01064e.htm
Abyss,13,EXH,BOOTH,175,1226,borzy,Megacycle,https://sdvx.in/01/01093e.htm
ALBIDA,13,EXH,BOOTH,156,1107,無力P,逆球レジェンド,https://sdvx.in/01/01001e.htm
caramel ribbon,13,EXH,BOOTH,175,1100,P*Light,SCバイオメトリクス,https://sdvx.in/01/01057e.htm
Clione,13,EXH,BOOTH,170,1452,Hommarju,DJ WILDPARTY,https://sdvx.in/01/01073e.htm
DesireDrive,13,EXH,BOOTH,184,1195,岸田教団＆THE明星ロケッツ,Sammy/A,https://sdvx.in/01/01134e.htm
dreamin' feat.Ryu☆,13,EXH,BOOTH,156,1352,Mayumi Morinaga (moimoi),DJ UTO,https://sdvx.in/01/01083e.htm
eclair au chocolat,13,EXH,BOOTH,182,1355,kamome sano,逆球レジェンド,https://sdvx.in/01/01119e.htm
Fire Strike,13,EXH,BOOTH,158,1309,Junk,レッドホットスクリューズ,https://sdvx.in/01/01066e.htm
GAMBOL,13,EXH,BOOTH,177,1249,D.F.K. Soundsystem,MAD CHILD,https://sdvx.in/01/01070e.htm
Ha・lle・lu・jah,13,EXH,BOOTH,150,1021,SOUND HOLIC feat. Nana Takahashi,karasu,https://sdvx.in/01/01026e.htm
Hello world!,13,EXH,BOOTH,175,1193,"Music by 源屋, Vocal by SOPHY",Antonio Guccini,https://sdvx.in/01/01155e.htm
"Help me, ERINNNNNN!!",13,EXH,BOOTH,185,1569,ビートまりお（COOL&CREATE）,ごましお風ミズタニ,https://sdvx.in/01/01127e.htm
Life is Beautiful,13,EXH,BOOTH,120~190,1285,"Music by コバヤシユウヤ, Vocal by Kuroa*",ユカリ☆chan,https://sdvx.in/01/01152e.htm
LOVE SHINE,13,EXH,BOOTH,177,1040,ARM(IOSYS) feat. 一ノ瀬月琉(monotone),PHQUASE×逆球レジェンド,https://sdvx.in/01/01012e.htm
Nyan Cat,13,EXH,BOOTH,142,999,daniwellP feat. 桃音モモ,DJ UTO,https://sdvx.in/01/01056e.htm
pandora,13,EXH,BOOTH,140,1506,Maozon,Hirayasu Matsudo,https://sdvx.in/01/01099e.htm
PULSE LASER,13,EXH,BOOTH,165,1022,ヒゲドライバー,さきイカFX,https://sdvx.in/01/01006e.htm
Rot in hell ! !,13,EXH,BOOTH,150,1133,EastNewSound,PHQUASE,https://sdvx.in/01/01130e.htm
RPGシンドローム,13,EXH,BOOTH,170,1342,幽閉カタルシス,TEK-A-RHYTHM,https://sdvx.in/01/01041e.htm
Second Heaven,13,EXH,BOOTH,149,1177,ラマーズP,TEK-A-RHYTHM,https://sdvx.in/01/01029e.htm
smooooch・∀・,13,EXH,BOOTH,177,1580,KN,PHQUASE,https://sdvx.in/01/01005e.htm
SOUL EXPLOSION,13,EXH,BOOTH,150,1025,kanone,Megacycle,https://sdvx.in/01/01062e.htm
Soundscape,13,EXH,BOOTH,165,1189,Hommarju,PHQUASE,https://sdvx.in/01/01101e.htm
Tomorrow Perfume (tpz Despair Remix),13,EXH,BOOTH,170,1323,t+pazolite,PHQUASE,https://sdvx.in/01/01097e.htm
VISION,13,EXH,BOOTH,173,1283,nora2r,しばまる子,https://sdvx.in/01/01116e.htm
おにゃのこ きねんび,13,EXH,BOOTH,180,1478,赤飯,PHQUASE,https://sdvx.in/01/01047e.htm
チルノのパーフェクトさんすう教室,13,EXH,BOOTH,175,1259,ARM(IOSYS),月刊ミズタニ×ごましおくん,https://sdvx.in/01/01086e.htm
ディストピア・ジパング,13,EXH,BOOTH,210,1054,cosMo＠暴走P feat. GUMI,Acid=Stone Valley,https://sdvx.in/01/01112e.htm
とある少年の一日,13,EXH,BOOTH,142,865,蝶々P,レッドホットスクリューズ,https://sdvx.in/01/01022e.htm
バタフライキャット,13,EXH,BOOTH,167,1106,daniwell,逆球レジェンド,https://sdvx.in/01/01025e.htm
ヤサイマシ☆ニンニクアブラオオメ,13,EXH,BOOTH,180,1275,azuma feat. ななひら,PHQUASE,https://sdvx.in/01/01039e.htm
明星ロケット,13,EXH,BOOTH,163,1144,岸田教団＆THE明星ロケッツ,月刊ミズタニ,https://sdvx.in/01/01088e.htm
天ノ弱,13,EXH,BOOTH,200~205,1335,164 feat. GUMI,DJ UTO,https://sdvx.in/01/01054e.htm
泡沫、哀のまほろば,13,EXH,BOOTH,155,1178,幽閉サテライト feat. senya,ユカリ☆chan,https://sdvx.in/01/01131e.htm
究極焼肉レストラン!お燐の地獄亭!,13,EXH,BOOTH,185,1142,ARM(IOSYS),Megacycle,https://sdvx.in/01/01132e.htm
境界インサニティー,13,EXH,BOOTH,190,1419,Toma+o,ユカリ☆chan,https://sdvx.in/01/01141e.htm
「月風魔伝」龍骨鬼戦,13,EXH,BOOTH,150,1149,yuukiss,Megacycle,https://sdvx.in/01/01016e.htm
十面相,13,EXH,BOOTH,173,1204,YM feat.GUMI,kinoto,https://sdvx.in/01/01103e.htm
月に叢雲華に風,13,EXH,BOOTH,160,1254,幽閉サテライト feat. Senya,PHQUASE,https://sdvx.in/01/01090e.htm
七色のウタ,13,EXH,BOOTH,180,1429,"Music by 上村香月, Vocal by みゅい",月刊ミズタニ,https://sdvx.in/01/01158e.htm
僕たちは此処にいる,13,EXH,BOOTH,146,1047,でもたまに居場所とか見失うかぼちゃ,Hermit♣club,https://sdvx.in/01/01151e.htm
Max Burning!!,13,ADV,BOOTH,190,1335,BlackY,PHQUASE,
冥,13,ADV,BOOTH,200,1231,164,TEK-A-RHYTHM,
Mermaid girl,14,EXH,NABLA,140,0,Cream puff,ひとくちピエロ,
Necromantic,14,EXH,NABLA,144~153,939,暁Records,カラフルネコキャット,
snooze,14,EXH,NABLA,150,1151,wotaku feat SHIKI,Akizuki Nagomu,
サイエンス,14,EXH,NABLA,188,1449,MIMI,花梨カリン,
デッドライン症候群,14,EXH,NABLA,151,1163,irom,Mikaranti-ni,
モンダイナイトリッパー！,14,EXH,NABLA,160~180,1721,名取さな,浮世マシーン,
777 (Vocal ver.),14,ADV,NABLA,777,0,RoughSketch featななひら,Orbie & Barbie,
Blue Diamond,14,ADV,NABLA,272,0,青龍改,T=I=NAKA改,
Celestial Conquest,14,ADV,NABLA,108~222,0,xi,鋼のビスカッチャ,
DANGER XLOZE,14,ADV,NABLA,184,0,EYEN(seatrus+kuro),T=I=NAKA,
fixer,14,ADV,NABLA,75~215,0,PHQUASE vs. dj TAKA,～PH～ a.k.a PHQUASE,
Glitch N Ride,14,ADV,NABLA,30~300,0,Eagle,フォックスロット,
L2 -Reminiscence- (SDVX ver.),14,ADV,NABLA,152,0,Ice,Akizuki Nagomu,
"Pick up, Me!",14,ADV,NABLA,155~240,0,Capchii feat 初音ミク,パワフルネコニャンコ×カラフルネコキャット,
Plan 8,14,ADV,EXCEED GEAR,212,2132,Ryu☆,赤色Method -tricoro RED ver-,
ShowDawn,14,ADV,NABLA,227,0,Capchii × Uzumaki,apple kong,
Synthesis.,14,ADV,NABLA,180,0,tn-shi,Arcana,
Zany Arcadia ”E”,14,ADV,NABLA,180,0,天束 vs siromaru,kamuy noko,
Zt!ri△,14,ADV,NABLA,260,0,m@sumi vs RoughSketch,レッドホットビーフ vs スクリュージョッキーズ,
B.B.K.K.B.K.K.(影虎。 & siqlo PsyRemix),14,EXH,EXCEED GEAR,160,1263,nora2r Remixed by 影虎。 & siqlo,K.K.S.S.K.S.S.,
Breath of Faith,14,EXH,EXCEED GEAR,200,1490,satie,=Mt.SOTO=,https://sdvx.in/06/06636e.htm
Crossfade,14,EXH,EXCEED GEAR,196,1870,La priere,ロングアイランドマナティー,
Demetel (Erixa ”MYTH” Remix),14,EXH,EXCEED GEAR,150,1159,Erixa,Akizuki Nagomu,
For.*tune,14,EXH,EXCEED GEAR,205,1581,Capchii × low meow × Uzumaki,おすし仮面,
Four Leaves (Whitelily. remix),14,EXH,EXCEED GEAR,191,1617,Whitelily.(みーに&しろさきあや),Hananashi Karin,
Growing Up,14,EXH,EXCEED GEAR,190,1204,Machico／アニメ「この素晴らしい世界に祝福を！３」より,MaKoTo,
I’m Your Treasure Box,14,EXH,EXCEED GEAR,75~120,1365,宝鐘マリン,cosMo＠暴走P,
Lost Emotion feat. nomico,14,EXH,EXCEED GEAR,172,1607,Alstroemeria Records,ステファンビート,
Lovesick Lovetune(brz_style),14,EXH,EXCEED GEAR,170,1814,brz1128 feat.しろさきあや,T=I=NAKA,
murmur twins (guitar pop ver.),14,EXH,EXCEED GEAR,174,1323,covered by 音乃瀬奏(ReGLOSS),直垂すもも∂,https://sdvx.in/06/06643e.htm
Realize,14,EXH,EXCEED GEAR,206,1326,鈴木このみ／アニメ「Re:ゼロから始める異世界生活」より,ダークダークダーク,
Redo,14,EXH,EXCEED GEAR,190,1083,鈴木このみ／アニメ「Re:ゼロから始める異世界生活」より,Re:ーフジョッキー,
Say!ファンファーレ!,14,EXH,EXCEED GEAR,170,1118,白上フブキ,ビーフ!ジョッキー!,
Second Game,14,EXH,EXCEED GEAR,185,1375,Tracy feat. miko,MaKoTo,
Secret Rouge,14,EXH,EXCEED GEAR,139,0,ハレトキドキ,噂のジャイアントスパーク,
Vigor(siqlo's Hi-Tech Veats),14,EXH,EXCEED GEAR,154,1609,siqlo,T=I=NAKA,
Virtual to LIVE,14,EXH,EXCEED GEAR,156,1418,にじさんじ,花梨かりん,
Windy Fairy,14,EXH,EXCEED GEAR,180,1291,DJ TOTTO,cosMo＠暴走P,
WWW,14,EXH,EXCEED GEAR,146,1202,HIMEHINA,レッホ＋ブルコ,
アイスクリームマジック,14,EXH,EXCEED GEAR,220,1933,雪乃イト,ゆめいろマジック,
あおばの足音,14,EXH,EXCEED GEAR,98,895,駄菓子O型,T=I=なか,
いでぃおで結構！,14,EXH,EXCEED GEAR,151,971,諸星なな feat.加藤はるか,サイバーガスタンク,
おちゃめ機能,14,EXH,EXCEED GEAR,150,1176,ゴジマジP feat. 重音テト,か　ら　ブ　ラ　P,
おにいちゃんグリッチホップ ～eternal love remix～,14,EXH,EXCEED GEAR,110,1120,HOUJIROU feat. 杠葉えりか,モンスタードミノ狂,
おにけもだんす,14,EXH,EXCEED GEAR,197,1194,いろはにほへっと あやふぶみ(白上フブキ/百鬼あやめ/大神ミオ),サイバーガスタンク,
かくれんぼ (胡桃のあ Cover),14,EXH,EXCEED GEAR,180,1701,AliA,MaKoTo,https://sdvx.in/06/06588e.htm
カミサマ・ネコサマ,14,EXH,EXCEED GEAR,185,1574,猫又おかゆ,MaKoTo,
ギャ・ギャ・ギャ・ギャラクシー！,14,EXH,EXCEED GEAR,140,1229,つきみぐー、,ReboundeR,
ぐしゃ,14,EXH,EXCEED GEAR,200,0,ポラリスピー,ボウソウピー,
コントレイル,14,EXH,EXCEED GEAR,172,1363,葛葉,散切ブロス,
シンクロニティ,14,EXH,EXCEED GEAR,154,1565,おめがシスターズ,フォックスロット,https://sdvx.in/06/06649e.htm
チェイスチェイスジョーカーズのうた,14,EXH,EXCEED GEAR,185,1293,カギコ&チノン（CV:金元寿子&大空直美）,ユカリ&ポテト,
チョコレートスマイル,14,EXH,EXCEED GEAR,196,1546,日向美ビタースイーツ♪ & ここなつ,フォックスとロット,
トーキョーサマーナイト（華金Remix）,14,EXH,EXCEED GEAR,163,1275,あまみ×ひなみ,七色Method（豪遊Remix）,
ヒバナ-Reloaded-,14,EXH,EXCEED GEAR,200,1284,DECO*27,cosMo＠暴走P-Reloaded-,
フラッフィー・アドベンチャー！,14,EXH,EXCEED GEAR,155,0,みーに feat. まより,直垂すもも∂,
プリュネシエル,14,EXH,EXCEED GEAR,190,1361,瀬名 feat. 音羽ことり。,モンスタードミノ卿,
ポジティブ☆ダンスタイム,14,EXH,EXCEED GEAR,210,1373,キノシタ feat.音街ウナ・鏡音リン,Hananashi Karin,
ポラリスノウタ,14,EXH,EXCEED GEAR,170,1189,ここなつ2.0,Secret Lv2.0,
めた・メタ？ひまわり＊パンチ,14,EXH,EXCEED GEAR,177,0,ひまわり＊パンチ,MaKoTo,
もぐもぐYUMMY！,14,EXH,EXCEED GEAR,140,1330,猫又おかゆ,花梨かりん,
ライアーダンサー,14,EXH,EXCEED GEAR,170,1638,マサラダ,花梨カリン,https://sdvx.in/06/06634e.htm
ララララビット！！,14,EXH,EXCEED GEAR,140~190,1856,兎田ぺこら,直垂すもも∩ ∩,
朱と碧のランページ,14,EXH,EXCEED GEAR,178,1385,covered by 儒烏風亭らでん(ReGLOSS),肉汁魔人ガイオーザ,https://sdvx.in/06/06640e.htm
梅雪夜,14,EXH,EXCEED GEAR,167,884,Qrispy Joybox feat.mao,微符序月,
焔華,14,EXH,EXCEED GEAR,160,1491,movies(moimoi×Xceon×Dai.),トトリオン軍団,https://sdvx.in/06/06513e.htm
朧,14,EXH,EXCEED GEAR,149,1242,白上フブキ,レッドホットスクリューズ,
回想音楽 - Thank you for your playing music,14,EXH,EXCEED GEAR,220,1741,deli.+駄々子,Akizuki Nagomu,
機械仕掛けの魔法使い,14,EXH,EXCEED GEAR,120,955,Tsubusare BOZZ feat.madoka*,モンスタードミノ卿,
幻影ノ消失,14,EXH,EXCEED GEAR,160,1671,Xceon feat. Mayumi Morinaga,Hananashi Karin,
孤独のドロップハンター,14,EXH,EXCEED GEAR,197,1431,otoshi.b×でか大×みゅい,サイバーガスタンク,
残像ニ繋ガレタ追憶ノHIDEAWAY,14,EXH,EXCEED GEAR,160,1298,SOUND HOLIC Vs. BEMANI Sound Team ”KE!JU” feat. Nana Takahashi,ロイヤルクラッカー,
千歳に泡影,14,EXH,EXCEED GEAR,200,0,Inaori feat.兎角あかり,ReboundeR,
月明りの旅人たち,14,EXH,EXCEED GEAR,137,1211,coTatsu,Hananashi Karin,https://sdvx.in/06/06489e.htm
曇天羊,14,EXH,EXCEED GEAR,135,1234,角巻わため,トトリオン軍団,
人マニア,14,EXH,EXCEED GEAR,150,1500,原口沙輔,梨マニア,
鳳凰誓歌,14,EXH,EXCEED GEAR,192,1801,流星のサイトシーイング feat.雪希,Hananashi Karin,
右肩の蝶 (空澄セナ Cover),14,EXH,EXCEED GEAR,140,1187,のりP,T=I=NAKA,https://sdvx.in/06/06630e.htm
落赤,14,EXH,EXCEED GEAR,198,0,Acotto feat. 記憶に残る,Yasutomo Hirama,
凛として咲く花の如く,14,EXH,EXCEED GEAR,163,1290,大神ミオ,唐揚シス,
惑星ループ (花芽すみれ Cover),14,EXH,EXCEED GEAR,170,1344,ナユタン星人,Mikaranti-ni,
555 (Please call me “Go! Go! Go!”),14,ADV,EXCEED GEAR,555,0,RoughSketch,T=I=NAKA vs. fractal-shoot!!,
Absurd Gaff (Metallize Remix),14,ADV,EXCEED GEAR,220,1403,Metal Giant,凹ーダー凸ード,
Allegro Saetta,14,ADV,EXCEED GEAR,182,1246,天束 vs. siromaru,脈力木魚,
Ambivalent Vermilia,14,ADV,EXCEED GEAR,185,1493,BEMANI Sound Team ”二代目朱雀 feat.朱雀”,レッドホットスクリューズ,
and After the Merry BADEND,14,ADV,EXCEED GEAR,64~192,1572,polysha,フォックスロット,
Ardenok,14,ADV,EXCEED GEAR,167,1222,kanone VS nora2r,kamuy noko,
ARISE,14,ADV,EXCEED GEAR,256,1051,Juggernaut.,鋼のビスカッチャ,
Breakneck Pursuit,14,ADV,EXCEED GEAR,210,1276,Ashrount,電撃ロブスター,
Burst Λnd reBoost,14,ADV,EXCEED GEAR,203~232,1590,めと（Metomate）,ダーク Λnd スクリューズ,
Circuit Surfer,14,ADV,EXCEED GEAR,230,1850,kors k,レッドホットスクリューズ,
COSMIC V3LOCITY,14,ADV,EXCEED GEAR,200,1359,BEMANI Sound Team ”Coyaan & KE!JU & ZAQUVA”,Nature FV,
Cuz we <3 this Game,14,ADV,EXCEED GEAR,276~333,1207,打打だいず,CosMo The OverDrive,
DISTORDER,14,ADV,EXCEED GEAR,220,0,DJ Myosuke,トトリオン軍団,
Electronic Sports Complex,14,ADV,EXCEED GEAR,220,0,栄免建設,T=I=NAKA,
Entropic EnHαncemEnt,14,ADV,EXCEED GEAR,254,1606,CHUBAY,Royα∠ CrαckEr,
EROICA,14,ADV,EXCEED GEAR,200,0,BEMANI Sound Team ”HERO”,DJ FSHOOT,
EYE OF THE HEAVEN,14,ADV,EXCEED GEAR,308,0,BEMANI Sound Team ”U1-ASAMi”,レッドホットスクリューズ,
FRENZY HEART,14,ADV,EXCEED GEAR,165,0,EBIMAYO,ゆめいろパフィー×あまぐもリコイル,
Gryphone,14,ADV,EXCEED GEAR,175,1684,ETIA.,Hxxxxxxx Mxxxxxx,
Guinevere～白き妖精～,14,ADV,EXCEED GEAR,150~225,1680,ぺのれり,～PH～ annibirth,
If Summer Ever Comes_,14,ADV,EXCEED GEAR,155~185,0,黒魔,ZYPRESSEN,
JACK -the KING Ki11ing-,14,ADV,EXCEED GEAR,311,1397,打打だいず vs. siromaru,kamuy noko,
Lichtsaule,14,ADV,EXCEED GEAR,215,2029,かめりあ & BEMANI Sound Team ”PHQUASE”,～PH～(beatnation RHYZE),
MΔX FLAVOR,14,ADV,EXCEED GEAR,125~261,1314,EmoCosine overlay,レッドホットスクリューズ,
Nebula Dysorder,14,ADV,EXCEED GEAR,164,1556,かめりあ,ゆめいろパフィー (supervised by RHS),
OVER《Δ》,14,ADV,EXCEED GEAR,100~573,0,EmoCosine overlay,フォックスロット,
O<3rf10W,14,ADV,EXCEED GEAR,200,1552,momocaca (月乃×Capchii),|直垂すもも|×frΛ(7α1-$höøt!!,
OVEЯ+TUЯE,14,ADV,EXCEED GEAR,244,1805,kanone VS nora2r,真・七色Method,
QQ,14,ADV,EXCEED GEAR,199,1301,BEMANI Sound Team ”PHQUASE & ZAQUVA”,organiQ effeQtors,
REINCARNATION,14,ADV,EXCEED GEAR,220,1315,P*Light,電撃ロブスター,
SAD1STIC Я04D,14,ADV,EXCEED GEAR,292,1278,Enterskip,TEK-A-RHYTHM × 月刊ミズタニ,
SOLAR ECLIPSE,14,ADV,EXCEED GEAR,195,1914,Yuta Imai Vs. BEMANI Sound Team ”Yvya”,フォックスロット,
Spectacular“V”Adventure!,14,ADV,EXCEED GEAR,238~264,1631,Enterskip,ロイヤルクラッカー,
Superstar!,14,ADV,EXCEED GEAR,280,1112,Tatsunoshin,鋼のビスカッチャ,
Timepiece phase Ⅱ,14,ADV,EXCEED GEAR,287,988,佐々木博史,～PH～ase Ⅱ,
Titanomachia,14,ADV,EXCEED GEAR,165,1737,打打だいず vs. siromaru,Arcana,
Undead Raving Scare,14,ADV,EXCEED GEAR,165~250,1414,RoughSkreamZ,Undisclosed Dee One,
XΛLT=OVER,14,ADV,EXCEED GEAR,321,1214,Ashrount,XΛLMON=GRAPHY,
Xeno Gravity,14,ADV,EXCEED GEAR,286,896,xi,Ether99,
Xinca,14,ADV,EXCEED GEAR,235,1822,隣の庭は青い(庭師+Aoi),真化 - fractal-shoot!!,
XROSS INFECTION -xiRemix-,14,ADV,EXCEED GEAR,107~215,1455,xi,～PH～ vs. Ether99,
What's up Pop!,14,ADV,EXCEED GEAR,170~230,1529,Capchii feat. 初音ミク,cosMo＠暴走P,
while (screen is blue),14,ADV,EXCEED GEAR,64~255,1235,kamome sano,ダークフォックスダークロット,
Who then no 灯,14,ADV,EXCEED GEAR,188,1554,星野音楽工房,ReboundeR,
オムニシエント・ゼロ,14,ADV,EXCEED GEAR,134~208,0,ke-ji（CERTIA）,Ether99,
シュレーディンガーの猫,14,ADV,EXCEED GEAR,187,1196,Cait Sith,レッドキャットスクリューズ,
神威,14,ADV,EXCEED GEAR,210,2480,TJ.hangneil,Arcana -Exceed-,
黒蝶のワルツ,14,ADV,EXCEED GEAR,108~160,999,ぺのれり,ブラックホットスクリューズ,
細氷,14,ADV,EXCEED GEAR,180,1668,かねこちはる,七色Method III,
天泣,14,ADV,EXCEED GEAR,150,0,BEMANI Sound Team ”meteorologists”,～PH～ from meteorologists,
無意識レクイエム (cosmobsp rmx),14,ADV,EXCEED GEAR,230,1634,cosMo＠暴走P（original arranged by 森羅万象）,cosMo＠暴走P,
[E],14,EXH,EXCEED GEAR,152,1352,dj MAX STEROID,MaKoTo,
Awakening Wings,14,EXH,EXCEED GEAR,190,1102,伊達朱里紗,MAD CHILD,
Element of SPADA,14,EXH,EXCEED GEAR,170,1786,猫叉Master feat.霜月はるか,フォックスロット,
Follow Tomorrow,14,EXH,EXCEED GEAR,140,1132,HHH×MM×ST,MMM×KK×S9,
FUJIMORI -祭- FESTIVAL,14,EXH,EXCEED GEAR,158,1075,VENUS,浮世マツーリ,
Heroine is here,14,EXH,EXCEED GEAR,210,1351,クルトン feat.ケィニ,An East Scarlet,
Re:call,14,EXH,EXCEED GEAR,99,994,pan+meal feat.駄々子,MAD CHILD,
Resonant Gear,14,EXH,EXCEED GEAR,185,1859,Endorfin.,ユカリ & MaKoTo,
Spear of Justice / 正義の槍,14,EXH,EXCEED GEAR,131,1152,Toby Fox,kamuy noko,
Spider Dance / スパイダーダンス,14,EXH,EXCEED GEAR,230,1309,Toby Fox,ロイヤルクラッカー,
Splash Underwater,14,EXH,EXCEED GEAR,174,1509,siqlo,ステファンビート,
ヴァンパイア,14,EXH,EXCEED GEAR,164,862,DECO*27,ビーフジョッヴァー,
カシオペアノヒカリ,14,EXH,EXCEED GEAR,132,1256,ここなつ2.0,MASTER TRICK,
キリカ,14,EXH,EXCEED GEAR,185,2882,HIMEHINA,晴れ、のち～PH～,
グッバイ宣言,14,EXH,EXCEED GEAR,170,1707,Chinozo,ビーフジョ宣言,
シル・ヴ・プレジデント,14,EXH,EXCEED GEAR,176,1195,P丸様。,大統領～PH～,
ステラレギア,14,EXH,EXCEED GEAR,130,896,ここなつ2.0,MAD CHILD 2.0,
フォニイ,14,EXH,EXCEED GEAR,170,1415,ツミキ feat.可不,秘密の～PH～ony,
メテオライツ・プレリュード,14,EXH,EXCEED GEAR,190,1485,みーに,凹ーダー凸ード,
メンタンピンドラドラ,14,EXH,EXCEED GEAR,185,949,enzo + O2i3,CRAIG AKAGI,
ユキバレ＊ぱれいど,14,EXH,EXCEED GEAR,160,1432,coTatsu,ロイヤルクラッカー,
神っぽいな,14,EXH,EXCEED GEAR,142,881,ピノキオピー,レッドホットスクリューズ,
勇者の卒業式,14,EXH,EXCEED GEAR,162,1464,Verdammt,凹ーダー凸ード,
All We Need is HAPPY END!!!,14,ADV,EXCEED GEAR,260,969,polysha,CosMo The OverDrive,
Avalanx,14,ADV,EXCEED GEAR,185,1618,隣の庭は青い(庭師+Aoi),TEK-風瑠人,
DEUX EX MAXHINA,14,ADV,EXCEED GEAR,257,1151,Ashrount,Akizuki Nagomu,
Fαtα∠ Ent∠mEnt,14,ADV,EXCEED GEAR,254,1720,CHUBAY,Royα∠ CrαckEr,
Glory of Fighters,14,ADV,EXCEED GEAR,90~240,1300,RoughSkreamZ,MAD CHILD Beat Per Limits,
HALO,14,ADV,EXCEED GEAR,210,1078,Tatsunoshin,NOX,
[ ]DENTITY,14,ADV,EXCEED GEAR,200,1591,BEMANI Sound Team ”HuΣeR”,～PH～×レッドホットスクリューズ,
LaμreLs ~the Angelus~,14,ADV,EXCEED GEAR,321,1223,Ashrount,SALμON GRAPHY,
MILITARY R04D,14,ADV,EXCEED GEAR,272,1187,Enterskip,TEK-A-RHYTHM × 月刊ミズタニ,
One More Lovely,14,ADV,EXCEED GEAR,200,1350,Risk Junk,レッドホットラブリー,
OZ,14,ADV,EXCEED GEAR,90~350,1391,Hommarju ft. Mayumi Morinaga,凹ーダー凸ード,
perditus†paradisus,14,ADV,EXCEED GEAR,172,1367,iconoclasm,salmontus†graphsus,
trea→journey,14,ADV,EXCEED GEAR,260,1081,CHUBAY,ロイヤルクラッカー vs. レッドホットスクリューズ,
VΛZiLiSQ,14,ADV,EXCEED GEAR,199,1618,BlackY,ZangY Bros.,
VOLAQUAS,14,ADV,EXCEED GEAR,212,1849,BEMANI Sound Team ”DJ TOTTO VS 兎々”,Akizuki Nagomu,
すべてが幻になった後で,14,ADV,EXCEED GEAR,66~79,762,かめりあ・超機装幻楽隊,松田博泰・超希想箋楽隊,
ピアノ独奏無言歌 ”灰燼”,14,ADV,EXCEED GEAR,100~200,840,BEMANI Sound Team ”Virkato Wakhmaninov”,-,
赫焉,14,ADV,EXCEED GEAR,222,1833,打打だいず vs. siromaru,赤熱螺旋,
赫焉のヴァルキュリア -Ragnarok-,14,ADV,EXCEED GEAR,222,1506,ryhki,MAD CHILD & Megacycle,
紫焔双穿,14,ADV,EXCEED GEAR,230,1314,かめりあ,MAD CHILD,
恋愛＝精度×認識力,14,ADV,EXCEED GEAR,3~333,1283,立秋 vs. BEMANI Sound Team ”L.E.D.-G” feat.ちょこ＆ななひら,まゆずみ feat. あゆた,
↑↑↓↓←→←→BA,14,EXH,EXCEED GEAR,124,1582,meiyo,↑↑↓↓←→←→UM,
2094,14,EXH,EXCEED GEAR,162,1050,Yuta Imai vs Blacklolita,MAD CHILD vs Megacycle,
ABSOLUTE (saminun mix),14,EXH,EXCEED GEAR,61~146,1281,あさり(saminun),凹ーダー凸ード,
Blue Forest(NightBounce Remix),14,EXH,EXCEED GEAR,132,1041,kanone,CRAIG AKAGI,
Chakra,14,EXH,EXCEED GEAR,165,1221,uma,CRAIG AKAGI,
Empty Backdoor,14,EXH,EXCEED GEAR,169,1163,森羅万象,ブルーコールドスクリューズ,
Enter The Fire,14,EXH,EXCEED GEAR,140,1055,Yooh,MAD CHILD,
Flip Flap,14,EXH,EXCEED GEAR,175,1366,kors k,噂のジャイアントスパーク,
Impress(siqlo's Hi-Tech Veats),14,EXH,EXCEED GEAR,160,1593,siqlo,Amazeki Kagome,
- Jupiter -,14,EXH,EXCEED GEAR,144,1463,SHIKI,Akizuki Nagomu,
Le Merle Noir,14,EXH,EXCEED GEAR,92~136,1162,Rigel Theatre,kamuy noko,
Love Love Scarlet,14,EXH,EXCEED GEAR,185,1738,イノライfeat.怜花,MaKoTo,
LUCKY CAT,14,EXH,EXCEED GEAR,167,1270,ちょこふぁん,Megacycle,
MA・TSU・RI,14,EXH,EXCEED GEAR,160,1144,"かなたん,アマギセーラ,ぁゅ by BEMANI Sound Team ”藤森崇多”",浮世マシーン,
MOVE! (We Keep It Movin'),14,EXH,EXCEED GEAR,142,1460,"Jonny Dynamite!,Lisa - paint with stars -,Rio Hiiragi by BEMANI Sound Team ”U1-ASAMi”",からあげブラザーズ,
NIN-NIN-NIN!!,14,EXH,EXCEED GEAR,90~170,955,よああああ（ああああ＋yoa）,鋼のビスカッチャ,
Now loading…,14,EXH,EXCEED GEAR,128,1012,つきみぐー、×如月結愛,ジグザグレエザア,
PLANISPHERE,14,EXH,EXCEED GEAR,122~161,1090,SOUND HOLIC feat. Nana Takahashi,MAD CHILD,
Screaming!!,14,EXH,EXCEED GEAR,135~180,1523,CielArc,からあげスクリームズ,
Verstarkt Killer,14,EXH,EXCEED GEAR,182,1514,MALVA.,Secret Lv.09,
WARNING×WARNING×WARNING,14,EXH,EXCEED GEAR,172,1837,暁 Records,MAD CHILD×Hirayasu Matsudo×MAD CHILD,
WILD FIRE,14,EXH,EXCEED GEAR,172,1295,がるる,dj strassen,
アリスサイド・キャスリング,14,EXH,EXCEED GEAR,115,947,メリー・バッド・メルヘン,秋月なごむ,
イヤホンロマンス,14,EXH,EXCEED GEAR,132,1152,COOL&CREATE × 宝鐘マリン,鋼のビスカッチャ,
キャプテン・マリンのケツアンカー,14,EXH,EXCEED GEAR,150~190,1720,COOL&CREATE × 宝鐘マリン,MAD CHILD,
スノウイコン,14,EXH,EXCEED GEAR,164,1401,mazuka153,フォックスロット,
*ハロー、プラネット。,14,EXH,EXCEED GEAR,150,1371,sasakure.UK,ビーフジョッキー,
ヒトガタ,14,EXH,EXCEED GEAR,150,1626,HIMEHINA,ひとくちピエロ,
ナスカの丘 (Hi-NRG Remix),14,EXH,EXCEED GEAR,133,983,Hyuji feat. LIQU@。& TadashiYamamoto,Akizuki Nagomu,
ナナホシのうた,14,EXH,EXCEED GEAR,160,1180,Retropolitaliens(Ms.+駄々子),An East Scarlet,
みたらしプラトニック,14,EXH,EXCEED GEAR,160,1120,Yunomi,Megacycle,
運命超過乃巡合,14,EXH,EXCEED GEAR,165,1243,Aoi feat. Gra+yanshu,電撃ロブスター,
驪駒早鬼は馬並み☆プロテイン,14,EXH,EXCEED GEAR,175,1367,ARM × 狐夢想 feat.ななひら,サイバーマッスルガスタンク,
孤月群雲に沈む,14,EXH,EXCEED GEAR,194,1633,めと（Metomate）,MAD CHILD,
花は折りたし梢は高し,14,EXH,EXCEED GEAR,215,1229,夜叉姫神楽,サイバーガスタンク,
響く静寂,14,EXH,EXCEED GEAR,212,1116,テヅカ,サイバーガスタンク,
文月,14,EXH,EXCEED GEAR,150,1244,nonomori feat. 亜沙美,凹ーダー凸ード,
門門しましょ,14,EXH,EXCEED GEAR,180,1550,ビートまりお (COOL&CREATE),XOИ,
夢の終わり、世界のはじまり。,14,EXH,EXCEED GEAR,175,1425,TAKU1175 ft.駄々子,Ginza Sis,
黎明の情,14,EXH,EXCEED GEAR,210,1354,TAKU1175 ft.駄々子,MAD CHILD,
恋獄対刃,14,EXH,EXCEED GEAR,190,1329,あるふぁ＋凜々,Secret Lv.09,
2 Beasts Unchained,14,ADV,EXCEED GEAR,175,1335,kors k vs Yooh,MAD CHILD & Hirayasu Matsudo,
777,14,ADV,EXCEED GEAR,777,2139,RoughSketch(Notebook Records),RED MAD HOT CHILDREN,
AμreoLe ~for Triumph~,14,ADV,EXCEED GEAR,321,1280,Ashrount,レッドホットスクリューズ,
αzalea,14,ADV,EXCEED GEAR,99~198,1416,BlackY,MAD CHILD,
BAYONEX,14,ADV,EXCEED GEAR,262,1145,かめりあ as ”Revenge of Riot”,TEK-A-RHYTHM Ｘ レッドホットスクリューズ,
Chronomia,14,ADV,EXCEED GEAR,227,2085,Lime,風瑠人,
CLAMARE,14,ADV,EXCEED GEAR,224,1709,MAX MAXIMIZER,Ether99,
EncorE & cALL,14,ADV,EXCEED GEAR,240,1369,CHUBAY,電撃ロブスター,
onslaught -Retaliation of Bahamut-,14,ADV,EXCEED GEAR,238,1224,かめりあ,レッドホットスクリューズ,
Puni Puni Parade,14,ADV,EXCEED GEAR,188,1224,MARON (IOSYS),Puni Puni ロブスター,
Rapsodia d'amore,14,ADV,EXCEED GEAR,288,1017,xi,Ether99,
Reverenced Flower,14,ADV,EXCEED GEAR,152~209,1549,ぺのれり,～PH～ prebirth,
Rhapsody Of Triumph,14,ADV,EXCEED GEAR,235,1869,かめりあ・超機裝旋楽隊,鋼鐵のビスカチア,
The Clown of 24stairs,14,ADV,EXCEED GEAR,204,1419,Yu_Asahina,レッドホットスクリューズ,
Xb10r,14,ADV,EXCEED GEAR,200,1414,隣の庭は青い(庭師+Aoi),月刊ミズタニ,
ZEUS,14,ADV,EXCEED GEAR,228,1852,BlackY,２κονノックオン,
ディスコルディア,14,ADV,EXCEED GEAR,180~280,1284,ぺのれり vs. BEMANI Sound Team ”HuΣeR”,～PH～ the Valhalla,
ドゥサンコオデッセイ!!,14,ADV,EXCEED GEAR,160,1118,cosMo＠暴走P,cosMo＠暴走P,
ピアノ協奏曲第１番”蠍火”,14,ADV,EXCEED GEAR,165~188,818,virkato,赫,
十の試煉,14,ADV,EXCEED GEAR,211,1617,打打だいず vs. siromaru,フォックスロット,
竹,14,ADV,EXCEED GEAR,5~315,1197,立秋 feat.ちょこ,ビーフジョッ竹,
120秒のエンドロール,14,EXH,VIVID WAVE,219,1644,colorless（からとP feat.脱線ぐーぅ）,ZANGI Bros.,
50th -Flagship medley-,14,EXH,VIVID WAVE,135~175,1114,BEMANI Sound Team,↑↑↓↓←→←→BSP,
50th -The BEMANI History-,14,EXH,VIVID WAVE,136,1194,BEMANI Sound Team,↑↑↓↓←→←→PH,
50th -二人の時-,14,EXH,VIVID WAVE,160,1484,BEMANI Sound Team,↑↑↓↓←→←→DDD,
ABSOLUTE (EUROBEAT REMIX),14,EXH,VIVID WAVE,90~162,1238,Tracy vs. Yu_Asahina,サイバーガスタンク,
Adrenaline Rush,14,EXH,VIVID WAVE,158,1230,siqlo,CRAIG AKAGI,
Believe (y)our Wings {GRA5P WAVES},14,EXH,VIVID WAVE,188,1690,GRACE COLORS（かめりあ ft. 紫崎 雪、藍月なくる、荒巻、ＯＲＩ姫、かなたん、駄々子、はるの、ななひら）,名誉グレイス王国民,
Believe (y)our Wings {V:IVID RAYS},14,EXH,VIVID WAVE,188,1604,RASIS COLORS（かめりあ ft. 紫崎 雪、ぁゅ、かぼちゃ、Kuroa*、SOPHY、みかん汁、みゅい）,元祖レイシス親衛隊長,
Bioslaves,14,EXH,VIVID WAVE,160,1530,mazuka153,Amazeki Kagome,
bistro twins☆☆☆,14,EXH,VIVID WAVE,228,1485,OSTER project feat. かなたん,MAD CHILD,
BLACK JACKAL,14,EXH,VIVID WAVE,150,1294,Akira Complex,CRAIG AKAGI,
Blue Forest (Prog Keys Remix),14,EXH,VIVID WAVE,150,867,とろまる,SALMON GRAPHY,
Bye or not,14,EXH,VIVID WAVE,170,1611,PSYQUI feat. mikanzil,レッドホットスクリューズ,
clear:wings,14,EXH,VIVID WAVE,252,2123,かゆき,月刊ミズタニ,
cloche(といぼっくすうぃんぐ　みっくす),14,EXH,VIVID WAVE,228,1483,,はがねのびすかっちゃ,
CLOUDS FLYER -sdvx edit-,14,EXH,VIVID WAVE,177,1252,ginkiha,Akizuki Nagomu,
Colorless feat.ももかみ,14,EXH,VIVID WAVE,165,1397,Spacelectro,CRAIG AKAGI,
Colors,14,EXH,VIVID WAVE,160,1212,REDALiCE feat.野宮あゆみ,サイバーガスタンク,
D1g1t1ze b0dy,14,EXH,VIVID WAVE,180,1312,シルクパラソル（yoa＆かゆき） feat. まめこ,サイバーガスタンク,
Daydream cafe (Euro Hopping Mix),14,EXH,VIVID WAVE,154,1093,Remixed by BEMANI Sound Team ”TAG” feat. ななひら,SCバイオメトリクス,
DEEP PSYCHEDELIC STRIKER,14,EXH,VIVID WAVE,155,1171,影虎。,凹ーダー凸ード,
DESIRE,14,EXH,VIVID WAVE,180,1524,溝口ゆうま feat. 大瀬良あい,Megacycle,
DO-IT-AMA-SITE!!!,14,EXH,VIVID WAVE,135,1173,MYUKKE.,おつまみロブスター,
EGOISM -Rebuild-,14,EXH,VIVID WAVE,155,1031,HAMA topground,CRAIG AKAGI,
empty,14,EXH,VIVID WAVE,184,1365,Λerdammt,サイバーガスタンク,
Enjoy This Time,14,EXH,VIVID WAVE,170,1340,DJ Noriken feat. yukacco,MAD CHILD,
Finally Dive -kors k Remix-,14,EXH,VIVID WAVE,146,1288,ここなつ,からあげしすたーず,
floorkiller,14,EXH,VIVID WAVE,210,1634,テヅカ,ZANGI Bros.,
FlowerNation,14,EXH,VIVID WAVE,185,1888,ゆうゆ feat. 華,フォックスロット,
Harmonia,14,EXH,VIVID WAVE,177,888,ATSUMI UEDA,鋼のビスカッチャ,
Hi-Fi!!双子'S,14,EXH,VIVID WAVE,250,1779,technoplanet feat. ＯＲＩ姫 & やみん,からあげシスターズ,
Holy Legacy,14,EXH,VIVID WAVE,190,1372,すのうまん,kamuy noko,
Impress (bansou Remix),14,EXH,VIVID WAVE,150,1102,bansou,kamuy noko,
Into The Madness,14,EXH,VIVID WAVE,155,1593,Yuta Imai,Akizuki Nagomu,
Jetcoaster Windy,14,EXH,VIVID WAVE,268,1153,BEMANI Sound Team ”dj TAKA” feat.のの,鋼のビスカッチャ,
le coeur patissiere,14,EXH,VIVID WAVE,190,1356,U-ske feat.Ri9,からあげフランソワーズ,
MARENOL,14,EXH,VIVID WAVE,140,1830,LeaF,おやすみなさい。,
MICHIZURE,14,EXH,VIVID WAVE,150,967,708/残響P,Megacycle,
Mischievous theater,14,EXH,VIVID WAVE,155,1274,黒魔,鋼のビスカッチャ,
Pixelated Platform,14,EXH,VIVID WAVE,137,1017,pan,サイバーガスタンク,
Princess Rose（Sunshine Mix）,14,EXH,VIVID WAVE,170,1100,Remixed by BEMANI Sound Team ”Sota Fujimori” feat.ななひら,からあげシスターズさんじゅうななさい,
Quark,14,EXH,VIVID WAVE,180,1511,Hate vs Brilliance,フォックスロット,
Record one's Dream,14,EXH,VIVID WAVE,145,1151,uma vs. モリモリあつし,鋼のビスカッチャ,
Revolution,14,EXH,VIVID WAVE,165,1418,lapix,MAD CHILD,
Sacrifice Escape,14,EXH,VIVID WAVE,100,853,memex,鋼のビスカッチャ,
scary night,14,EXH,VIVID WAVE,200,1408,岸田教団＆THE明星ロケッツ,Megacycle,
Six String Proof,14,EXH,VIVID WAVE,130,982,BEMANI Sound Team,電撃ロブスター×cosMo@暴走P,
Sparkle Smilin',14,EXH,VIVID WAVE,180,1662,BEMANI Sound Team ”Qrispy Joybox” feat.いちか,MaKoTo,
Sparkling Laser Beam,14,EXH,VIVID WAVE,170,1391,you,フォックスロット,
Still Lonesome,14,EXH,VIVID WAVE,168,1318,PSYQUI,サイバーガスタンク,
STYX HELIX（Digi-Rock Remix）,14,EXH,VIVID WAVE,128,967,Remixed by BEMANI Sound Team ”RealRemixer0123” feat.かなたん,Akizuki Nagomu,
Sweetest Paranoia,14,EXH,VIVID WAVE,149,1604,Amateras Records feat.築山さえ×抹(魂音泉),おつまみロブスター,
The First Step,14,EXH,VIVID WAVE,132,1058,Yooh,レッドホットスクリューズ,
Tribal Trial,14,EXH,VIVID WAVE,165,1179,Yooh,MAD CHILD,
ULTRA B+K,14,EXH,VIVID WAVE,175,1451,nora2r,レッドホット+スクリューズ,
ultra turbo,14,EXH,VIVID WAVE,138,1037,kamome sano,フォックスロット & kamuy noko,
VIVID DEBUT!,14,EXH,VIVID WAVE,182,1231,#EmoCosine,Megacycle,
who I am,14,EXH,VIVID WAVE,110,1084,カエルとネコ,凹ーダー凸ード,
アライヴ,14,EXH,VIVID WAVE,200,1288,あらいぐまファクトリー feat. okogeeechann,Megacycle,
うさぬこぬんぬんファンタジー！,14,EXH,VIVID WAVE,160,1219,ARM(IOSYS) feat. 普透明度,SHiJiMiSo Soup.☆彡,
おーまい！らぶりー！すうぃーてぃ！だーりん！,14,EXH,VIVID WAVE,170,1274,BEMANI Sound Team,MAD CHILD,
おどりましょうよ！ドラゴンさん～転生したらゲーム曲でした～,14,EXH,VIVID WAVE,158,973,諸星なな feat.加藤はるか＆廣瀬祐輝,噂のジャイアントスパーク,
ここからよろしく大作戦143,14,EXH,VIVID WAVE,184,1494,BEMANI Sound Team ”あさき隊”,ポテラーフMk.2,
シープドリーミン,14,EXH,VIVID WAVE,220,1443,テヅカ feat. 大西あみみ,鋼のビスカッチャ,
スイーツはとまらない♪,14,EXH,VIVID WAVE,204,1693,日向美ビタースイーツ♪,Akizuki Nagomu,
ストリーミングハート,14,EXH,VIVID WAVE,210,1522,DECO*27,サイバーガスタンク,
トーキョーサマーナイト,14,EXH,VIVID WAVE,151,1006,みーに,Megacycle,
ハレ トキドキ メランコリック,14,EXH,VIVID WAVE,150,1145,ここなつ,MAD CHILD & Hirayasu Matsudo,
ベビーステップ,14,EXH,VIVID WAVE,200,1609,ここなつ,ベビーフジョッキー,
ぼくらの16bit戦争,14,EXH,VIVID WAVE,122,1156,sasakure.UK,からあげシスターズ(マヨネーズ派),
ユニバーページ (i-world Mix),14,EXH,VIVID WAVE,192,1047,Remixed by BEMANI Sound Team ”Yvya” feat. かなたん,鋼のビスカッチャ,
ラブキラ☆スプラッシュ,14,EXH,VIVID WAVE,152,1250,BEMANI Sound Team ”Sota F.” feat.いちか,Jessica Toshimitsu,
ロキ,14,EXH,VIVID WAVE,150,1056,みきとP,レッドロックスクリューズ,
悪戯センセーション,14,EXH,VIVID WAVE,192,1254,森羅万象,サイバーガスタンク,
雲海,14,EXH,VIVID WAVE,160,1465,椎名　豪,Jin Majima,
怪盗Fの台本～消えたダイヤの謎～,14,EXH,VIVID WAVE,128,1136,ひとしずく×やま△ feat.松下、eclair、おさむらいさん、柿チョコ、コニー、しゅーず、che:櫻井、nero、びびあん、mao（bass）、ゆう十、リシェ,鋼のビスカッチャ,
鏡面の波（ramble mix）,14,EXH,VIVID WAVE,175,1573,YURiKA Remixed by BEMANI Sound Team ”DJ TOTTO”,フォックスロット,
近未来百鬼夜行譚,14,EXH,VIVID WAVE,165,1246,近未来妖怪活劇をかぼちゃが謡う！　いざ！,MAD CHILD,
恋するレインガール,14,EXH,VIVID WAVE,160,1242,MasKaleido feat. ぁゅ,SALMON GRAPHY,
逆さまシンデレラパレード,14,EXH,VIVID WAVE,135,1285,メリー・バッド・メルヘン,秋月なごむ,
遷,14,EXH,VIVID WAVE,151,1172,隣の庭は青い(庭師+Aoi),凹ーダー凸ード,
全力ハッピーライフ,14,EXH,VIVID WAVE,190,1668,森羅万象,ポテト亀山,
濁色踊るオートマタ,14,EXH,VIVID WAVE,205,1505,めと（Metomate）,凹ーダー凸ード,
熱情のサパデアード,14,EXH,VIVID WAVE,136,1236,日向美ビタースイーツ♪,ひとくちピエロ,
抜刀,14,EXH,VIVID WAVE,170,1718,猫大樹,電撃ロブスター,
星の詩,14,EXH,VIVID WAVE,67,839,しーけー feat.arinco,鋼のビスカッチャ,
祭囃子,14,EXH,VIVID WAVE,188,1097,709sec. feat.Yui Chinen,Antonio Guccini,
真夏の海の修道女,14,EXH,VIVID WAVE,145,1238,bermei.inazawa,Akizuki Nagomu,
妄想税,14,EXH,VIVID WAVE,134,1235,DECO*27,からあげブラザーズ,
夢見草奇譚,14,EXH,VIVID WAVE,165,1225,Paradise Eve feat.しゃみお,サイバーガスタンク,
零次元エクスプレス,14,EXH,VIVID WAVE,160,1497,SOUND HOLIC feat. Nana Takahashi,鋼のビスカッチャ,
9TH5IN,14,ADV,VIVID WAVE,222,1457,ETIA.,サイバーガスタンク,
Calamity Tempest,14,ADV,VIVID WAVE,194,1102,Diceros Bicornis,SALMON GASTANK,
Daisycutter,14,ADV,VIVID WAVE,191,1666,ETIA.,The Hirayasu Matsudo,
ENDYMION,14,ADV,VIVID WAVE,110~880,1314,fallen shepherd ft. RabbiTon Strings,レッドホットスクリューズ,
Ghost Family,14,ADV,VIVID WAVE,238,2274,RoughSketch,MAD CHILD & Hirayasu Matsudo,
Lancelot,14,ADV,VIVID WAVE,189~216,1439,ぺのれり,亡国の電撃ロブスター,
Lisa-RICCIA,14,ADV,VIVID WAVE,205,1497,DJ YOSHITAKA,レッドホットスクリューズ,
LubedeR,14,ADV,VIVID WAVE,256,923,C-Show,ごましお風,
ΛΛemoria,14,ADV,VIVID WAVE,118,1388,MisoilePunch♪,Akizuki NagoΛΛu♪,
†:OLPHEUX:†,14,ADV,VIVID WAVE,276,1230,Juggernaut.,†:凹ーダー凸ード:†,
OUTERHEΛVEN,14,ADV,VIVID WAVE,210,1655,Juggernaut.,Amazeki Kagome & Akizuki Nagomu,
Over The Top,14,ADV,VIVID WAVE,205,1541,Ashrount,凹ーダー凸ード,
Redshift 2nd Ignition,14,ADV,VIVID WAVE,104~230,1607,technoplanet,Akizuki Nagomu,
ЯeviveR,14,ADV,VIVID WAVE,238,1734,Diceros Bicornis,Ether99,
TENKAICHI ULTIMATE BOSSRUSH MEDLEY,14,ADV,VIVID WAVE,207~282,1967,TENKAICHI LEGENDS,SOUND VOLTEX Effectors,
THE凸GENERATOR,14,ADV,VIVID WAVE,255,1094,cosMo＠暴走P,cosMo凸暴走P,
Trill auf G,14,ADV,VIVID WAVE,188,1296,BEMANI Sound Team,G線上のロブスター,
voltississimo,14,ADV,VIVID WAVE,225,1192,BEMANI Sound Team,～PHPHPH～,
Xronial Xero,14,ADV,VIVID WAVE,335,1370,かめりあ as ”menaXe inXonnu”,レッドホットスクリューズ ＸＸ TEK-A-RHYTHM,
θコトノハθカプセルθ,14,ADV,VIVID WAVE,228,1222,cosMo＠暴走P,θcosMoθ暴走Pθ,
色を喪った街,14,ADV,VIVID WAVE,166,1350,かめりあ feat. かめりあ,零色メソッド,
卑弥呼,14,ADV,VIVID WAVE,82~185,1223,朱雀 VS 玄武,浮世魔神,
飄える翼追い掛けて,14,ADV,VIVID WAVE,255,1340,かめりあ feat. かめりあ,テカタニ feat. テカタニ,
Alice Maestera,14,MXM,HEAVENLY HAVEN,140,1566,Alstromeria Records,MAD CHILD,https://sdvx.in/04/04027m.htm
クリスタルミサイル,14,MXM,HEAVENLY HAVEN,133,1415,フーリンキャットマーク～with 鳴紗,THE THIRD MAN,https://sdvx.in/04/04083m.htm
3y3s (JMBS FUNKOT RMX),14,EXH,HEAVENLY HAVEN,198,1547,Jockie ”MASTA BASS” Suama,THE THIRD MAN,https://sdvx.in/04/04010e.htm
405nm(Shu※mix),14,EXH,HEAVENLY HAVEN,182,1463,Shu※,azuma,https://sdvx.in/04/04101e.htm
444,14,EXH,HEAVENLY HAVEN,190,1472,ZYTOKINE feat. aki,喜屋武ミカエル,https://sdvx.in/04/04159e.htm
All Clear!!,14,EXH,HEAVENLY HAVEN,164,1339,sky_delta,月刊ミズタニ,https://sdvx.in/04/04194e.htm
Another Chapter,14,EXH,HEAVENLY HAVEN,220,1575,からとP feat.リた☆,EIVY,https://sdvx.in/04/04315e.htm
Apocrypha,14,EXH,HEAVENLY HAVEN,236,1651,お月さま交響曲,凹ーダー凸ード,https://sdvx.in/04/04143e.htm
Arcade Prison,14,EXH,HEAVENLY HAVEN,155,1177,MAD CHILD vs. siromaru,"MAD CHILD, the Arcade Prisoner",https://sdvx.in/04/04265e.htm
β,14,EXH,HEAVENLY HAVEN,190,1761,BlackY,からあげブラザーズ,https://sdvx.in/04/04266e.htm
Blue Stream,14,EXH,HEAVENLY HAVEN,140,998,とろまる,kamuy noko,https://sdvx.in/04/04284e.htm
Carry Me Away,14,EXH,HEAVENLY HAVEN,175,1733,lapix,七色Method,https://sdvx.in/04/04059e.htm
Chantilly Fille,14,EXH,HEAVENLY HAVEN,200,1253,Ange;art,凹ーダー凸ード,https://sdvx.in/04/04185e.htm
Chaotic Romance,14,EXH,HEAVENLY HAVEN,200,1614,はるなば,Megacycle,https://sdvx.in/04/04199e.htm
cobalt,14,EXH,HEAVENLY HAVEN,145~175,1384,Des-ROW・組スペシアル,ユカリ☆chan,https://sdvx.in/04/04213e.htm
couleur automnes de chocolat,14,EXH,HEAVENLY HAVEN,110,1026,Citrus and Ocean Colour,Hermit♣club,https://sdvx.in/04/04156e.htm
CUTE-Reflection,14,EXH,HEAVENLY HAVEN,160~170,1625,7mai,浮世マシーン,https://sdvx.in/04/04232e.htm
Cy-Bird,14,EXH,HEAVENLY HAVEN,160,1463,Yooh,MAD CHILD,https://sdvx.in/04/04188e.htm
Dark Matter,14,EXH,HEAVENLY HAVEN,205,1515,Yooh,Hiroyasu Matsuda,https://sdvx.in/04/04308e.htm
Decoy,14,EXH,HEAVENLY HAVEN,180,1446,Yooh,MAD CHILD,https://sdvx.in/04/04267e.htm
Far Away,14,EXH,HEAVENLY HAVEN,155,1559,lapix,東京ブルトゥーム,https://sdvx.in/04/04189e.htm
Finale,14,EXH,HEAVENLY HAVEN,167,1820,A-One,レッドホットスクリューズ,https://sdvx.in/04/04115e.htm
Game Over,14,EXH,HEAVENLY HAVEN,200,1471,Ancraft,CRAIG AKAGI,https://sdvx.in/04/04126e.htm
Heavenly Adventure,14,EXH,HEAVENLY HAVEN,156,1296,Soleily,おすし仮面,https://sdvx.in/04/04006e.htm
If,14,EXH,HEAVENLY HAVEN,170,1494,Pa,七色Method 1+1/2,https://sdvx.in/04/04057e.htm
infinite;youniverse,14,EXH,HEAVENLY HAVEN,220,1792,かゆき,風瑠人,https://sdvx.in/04/04053e.htm
Inscape,14,EXH,HEAVENLY HAVEN,200,1433,technoplanet,Megacycle,https://sdvx.in/04/04081e.htm
Iridescent Clouds,14,EXH,HEAVENLY HAVEN,185,1505,Hidra-Xjeil,浮世マシーン,https://sdvx.in/04/04276e.htm
JUGGLE,14,EXH,HEAVENLY HAVEN,148,1389,Ras,月刊ミズタニ,https://sdvx.in/04/04003e.htm
Knights Assault,14,EXH,HEAVENLY HAVEN,300,1202,零 -zero-,電撃ロブスター,https://sdvx.in/04/04299e.htm
La Danza del Fuego,14,EXH,HEAVENLY HAVEN,150,1176,Kiryu,Akizuki Nagomu,https://sdvx.in/04/04285e.htm
Libera me,14,EXH,HEAVENLY HAVEN,165,1221,Cranky,Satchy,
Lievre -blanche-,14,EXH,HEAVENLY HAVEN,180,1373,Diartzh,ユカリ☆chan vs. 月刊ミズタニ,https://sdvx.in/04/04329e.htm
Life is beautiful,14,EXH,HEAVENLY HAVEN,155,1547,BEMANI Sound Team ”猫叉Master”,おすし♣club,https://sdvx.in/04/04336e.htm
Line 4 Ruin -kohumix-,14,EXH,HEAVENLY HAVEN,170,1454,こふ,Megacycle,https://sdvx.in/04/04074e.htm
Lionheart,14,EXH,HEAVENLY HAVEN,170,1285,P4koo,Megacycle,https://sdvx.in/04/04227e.htm
MAXIVCORD,14,EXH,HEAVENLY HAVEN,154,1169,BEMANI Sound Team ”dj TAKA”,ポテト亀山,
Melty Sweets,14,EXH,HEAVENLY HAVEN,177,1314,Ironami,CRAIG AKAGI,https://sdvx.in/04/04301e.htm
Narcissus At Oasis (Freezer Remix),14,EXH,HEAVENLY HAVEN,155~180,1416,Freezer,ブルーコールドハリケーンズ,https://sdvx.in/04/04089e.htm
NEON LOVE POTION!!!,14,EXH,HEAVENLY HAVEN,180,1378,パイタン,ポテト亀山,https://sdvx.in/04/04155e.htm
Night Rockin' Bird,14,EXH,HEAVENLY HAVEN,190,1665,kanone,MaKoTo仮面,https://sdvx.in/04/04355e.htm
No way,14,EXH,HEAVENLY HAVEN,160,1341,影虎。,凹ーダー凸ード,https://sdvx.in/04/04347e.htm
OPEN MY GATE,14,EXH,HEAVENLY HAVEN,175,1406,ARM×狐夢想 feat. RINA (I,ブルーコールドハリケーンズ,https://sdvx.in/04/04190e.htm
Oriens,14,EXH,HEAVENLY HAVEN,140~185,1358,ginkiha,Megacycle,https://sdvx.in/04/04264e.htm
Phlox,14,EXH,HEAVENLY HAVEN,185,1270,Sota Fujimori 2nd Season,凹ーダー凸ード,https://sdvx.in/04/04257e.htm
PIERROT KNIfE,14,EXH,HEAVENLY HAVEN,190,1513,まろん (IOSYS),CRAIG AKAGI,https://sdvx.in/04/04201e.htm
Poison AND÷OR Affection,14,EXH,HEAVENLY HAVEN,120,1224,LeaF,SCイノセンス,https://sdvx.in/04/04384e.htm
QUAKE,14,EXH,HEAVENLY HAVEN,130~150,891,Polyphonix,MAD CHILD,https://sdvx.in/04/04183e.htm
Rebuilding of Paradise Lost,14,EXH,HEAVENLY HAVEN,190~280,1533,Laur,CRAIG AKAGI vs. 凹ーダー凸ード,https://sdvx.in/04/04045e.htm
Regretful Flower,14,EXH,HEAVENLY HAVEN,155,1444,Amateras Records feat.築山さえ,おからヒット,https://sdvx.in/04/04103e.htm
Rejoin,14,EXH,HEAVENLY HAVEN,135,1028,BEMANI Sound Team ”HuΣeR feat.PON”,鋼のビスカッチャ,https://sdvx.in/04/04337e.htm
rhythmology study,14,EXH,HEAVENLY HAVEN,270,1083,古屋直雪,Ether99,https://sdvx.in/04/04125e.htm
Royal Action,14,EXH,HEAVENLY HAVEN,173,1393,BlackY,cosMo＠暴走P,https://sdvx.in/04/04207e.htm
Royal Judgement,14,EXH,HEAVENLY HAVEN,200,1270,Kobaryo,cosMo＠暴走P,
SACRIFICE feat.ayame,14,EXH,HEAVENLY HAVEN,180,2075,Alstroemeria Records,七色Method,https://sdvx.in/04/04119e.htm
Sadistic Stabbing,14,EXH,HEAVENLY HAVEN,200,1272,ぬゆりとびす,Megacycle,https://sdvx.in/04/04154e.htm
Sakura Mirage -Drum'n World-,14,EXH,HEAVENLY HAVEN,70~200,1514,Kairys,ダークダークダーク,https://sdvx.in/04/04046e.htm
Second Heaven GravityPfArrange,14,EXH,HEAVENLY HAVEN,167,1205,cosMo@暴走P,cosMo＠暴走P,https://sdvx.in/04/04011e.htm
Secret Traveler -MeniRemix-,14,EXH,HEAVENLY HAVEN,131,1619,Adust Rain,Hirayasu Matsudo,https://sdvx.in/04/04294e.htm
sink into the dream,14,EXH,HEAVENLY HAVEN,148,1017,uma,レッドホットスクリューズ,https://sdvx.in/04/04072e.htm
Sleepless days,14,EXH,HEAVENLY HAVEN,188,1153,猫叉Master feat.Mayumi Morinaga,鋼のビスカッチャ,https://sdvx.in/04/04331e.htm
SPACE VILLAGE,14,EXH,HEAVENLY HAVEN,170,1357,サイバー劇レコ,SCバイオメトリクス,
starmine (nora2r Remix),14,EXH,HEAVENLY HAVEN,190,1298,nora2r,MAD CHILD,https://sdvx.in/04/04012e.htm
Sulk,14,EXH,HEAVENLY HAVEN,150,1469,SYUNN,GOLD,
SUPER BUBBLE JOURNEY,14,EXH,HEAVENLY HAVEN,155,1186,こふ,Megacycle,https://sdvx.in/04/04283e.htm
Synergy For Angels,14,EXH,HEAVENLY HAVEN,160,1296,TAG×U1-ASAMi,からあげブラザーズ,
Technical Master,14,EXH,HEAVENLY HAVEN,160,1416,天音(Rolling Contact),SCイノセンス,https://sdvx.in/04/04096e.htm
Tic Exe,14,EXH,HEAVENLY HAVEN,210,1450,Se-U-Ra,Akizuki Nagomu,https://sdvx.in/04/04354e.htm
Time to Air (jazz it up style),14,EXH,HEAVENLY HAVEN,135,1081,borzy,Megacycle,https://sdvx.in/04/04152e.htm
Vigor,14,EXH,HEAVENLY HAVEN,132,1223,Yooh,ビーフジョッキー,https://sdvx.in/04/04099e.htm
Voltage Higher,14,EXH,HEAVENLY HAVEN,166,1255,A-One,MAD CHILD,https://sdvx.in/04/04090e.htm
VOLTEXES IV,14,EXH,HEAVENLY HAVEN,147,1124,BEMANI Sound Team ”Sota Fujimori”,蒼弐 ver.IV,https://sdvx.in/04/04215e.htm
WONDER_WOBBLER,14,EXH,HEAVENLY HAVEN,186,1424,brz,風瑠人,https://sdvx.in/04/04157e.htm
アンハッピーリフレイン,14,EXH,HEAVENLY HAVEN,205,1482,wowaka,MAD CHILD,https://sdvx.in/04/04382e.htm
インビジブル,14,EXH,HEAVENLY HAVEN,192,1380,kemu,Megacycle,https://sdvx.in/04/04032e.htm
オンディーヌの泪,14,EXH,HEAVENLY HAVEN,230,1603,かねこちはる,電撃ロブスター,https://sdvx.in/04/04113e.htm
キリステゴメン,14,EXH,HEAVENLY HAVEN,156,1133,東雲夏陽,THE THIRD MAN,https://sdvx.in/04/04167e.htm
けもののおうじゃ★めうめう,14,EXH,HEAVENLY HAVEN,162,1073,日向美ビタースイーツ♪,cosMo＠暴走Beast,https://sdvx.in/04/04165e.htm
コメット⇒スケイター,14,EXH,HEAVENLY HAVEN,150,1343,U-ske feat.棗いつき,星空を翔ける～CA～,https://sdvx.in/04/04314e.htm
すろぉもぉしょん,14,EXH,HEAVENLY HAVEN,80~160,1175,ピノキオピー,レッドホットスロォモォション,
それは花火のような恋,14,EXH,HEAVENLY HAVEN,182,1553,夏色バーニングラブ☆Prim,MaKoTo & マシーン,
ツキアカリ,14,EXH,HEAVENLY HAVEN,207,1490,タケノコ少年,凹ーダー凸ード,https://sdvx.in/04/04208e.htm
デュアルメモリ,14,EXH,HEAVENLY HAVEN,162,1358,ここなつ,ユカリ♣club,https://sdvx.in/04/04047e.htm
トーホータノシ feat. 抹,14,EXH,HEAVENLY HAVEN,140~180,1381,魂音泉,おすし仮面（いくら）,https://sdvx.in/04/04094e.htm
トラウマ催眠少女さとり！,14,EXH,HEAVENLY HAVEN,210,1463,DJ SHARPNEL feat.一ノ瀬月琉,THE THIRD MAN,https://sdvx.in/04/04028e.htm
ブチ上げ候！現代忍者三姉妹,14,EXH,HEAVENLY HAVEN,192,1252,溝口ゆうま feat. みこ♡なち♡あい,電撃ロブスター(土日限定忍者),
プラネタジャーニー,14,EXH,HEAVENLY HAVEN,140,1022,U-ske feat.棗いつき,夢と希望のカタマリ～PH～,https://sdvx.in/04/04249e.htm
プレインエイジア(MRM REMIX),14,EXH,HEAVENLY HAVEN,146,1342,モリモリあつし,月刊ミズタニ,https://sdvx.in/04/04292e.htm
ペタ靴と憂夜リムーバー,14,EXH,HEAVENLY HAVEN,134,991,Vocal by ＯＲＩ姫,憂夜マシーン,https://sdvx.in/04/04174e.htm
メルヘン風紀委員会,14,EXH,HEAVENLY HAVEN,188,1585,はるなば with すずしろ&桃箱,Hermit♣club,https://sdvx.in/04/04248e.htm
モザイクロール,14,EXH,HEAVENLY HAVEN,145,1150,DECO*27,鋼のビスカッチャ,
ラキラキ,14,EXH,HEAVENLY HAVEN,165,1112,Mutsuhiko Izumi & S-C-U,kamuy noko,
ロプノールの商隊,14,EXH,HEAVENLY HAVEN,186,1314,Ahkuta,MaKoTo,https://sdvx.in/04/04258e.htm
ワールズエンド・ダンスホール,14,EXH,HEAVENLY HAVEN,171,1567,wowaka,楊 麗華,
炎夏の音,14,EXH,HEAVENLY HAVEN,183,1581,Vocal by 駄々子,レッドホットスクリューズ,https://sdvx.in/04/04172e.htm
朧 (kamome sano remix),14,EXH,HEAVENLY HAVEN,155,1359,kamome sano feat. Kuroa*,MAD CHILD,https://sdvx.in/04/04013e.htm
狂騒こども節,14,EXH,HEAVENLY HAVEN,198,953,Vocal by かなたん,MAD CHILD,https://sdvx.in/04/04169e.htm
煙,14,EXH,HEAVENLY HAVEN,170,1372,庭師,からあげブラザーズ,https://sdvx.in/04/04279e.htm
失敗作少女,14,EXH,HEAVENLY HAVEN,240,1591,かいりきベア,電撃ロブスター,https://sdvx.in/04/04296e.htm
銃弾は解を撃ち抜いて,14,EXH,HEAVENLY HAVEN,171,1390,日向美ビタースイーツ♪,月刊ユカタニ,https://sdvx.in/04/04166e.htm
少女綺想曲 -G.X.N. Remix-,14,EXH,HEAVENLY HAVEN,180,1438,激戦の人,MaKoTo,https://sdvx.in/04/04305e.htm
星座が恋した瞬間を。,14,EXH,HEAVENLY HAVEN,186,1428,BEMANI Sound Team ”DJ TOTTO feat.MarL”,Megacycle,https://sdvx.in/04/04335e.htm
雪月花 (Shiron & Sound Artz Remix),14,EXH,HEAVENLY HAVEN,148,1156,Shiron vs. Sound Artz,cosMo＠暴走P,https://sdvx.in/04/04088e.htm
零の位相,14,EXH,HEAVENLY HAVEN,190~205,1622,kradness,ポテト亀山,https://sdvx.in/04/04037e.htm
廃獄ドリームランド,14,EXH,HEAVENLY HAVEN,178,1343,SOUND HOLIC feat. Nana Takahashi,MAD CHILD,https://sdvx.in/04/04123e.htm
僕らの時間,14,EXH,HEAVENLY HAVEN,214,1440,テヅカ feat. 大西あみみ,SCバイオメトリクス,https://sdvx.in/04/04230e.htm
焔 -MAGMA-,14,EXH,HEAVENLY HAVEN,185,1483,SOUND HOLIC feat. Nana Takahashi,MAD CHILD,https://sdvx.in/04/04024e.htm
幽玄の桜,14,EXH,HEAVENLY HAVEN,180,1340,音召缶 feat.Renna,ダークダークダーク,https://sdvx.in/04/04104e.htm
黎明スケッチブック,14,EXH,HEAVENLY HAVEN,238,1768,アメツチ絵日記,ビーフジョッキー,https://sdvx.in/04/04043e.htm
分けるな危険！モモモモモモーイズム,14,EXH,HEAVENLY HAVEN,200,1288,ARM×狐夢想 feat. 桃井はるこ,狂風少年鑑定団,https://sdvx.in/04/04256e.htm
A Lasting Promise,14,ADV,HEAVENLY HAVEN,270,1130,Laur,TEK-A-RHYTHM-IX,
Absolute Domination,14,ADV,HEAVENLY HAVEN,109~218,1588,Laur,MAD CHILD,
Awakening,14,ADV,HEAVENLY HAVEN,208,1590,technoplanet,七色Method Infrared,
BELOBOG,14,ADV,HEAVENLY HAVEN,200,1371,BEMANI Sound Team ”純白のIVORY”,Ether99,
Chrono Diver -PENDULUMs-,14,ADV,HEAVENLY HAVEN,196,1341,猫叉L.E.D.Master+,時間軸を超越する者～PH～,
Cross Fire,14,ADV,HEAVENLY HAVEN,180,1546,Hommarju vs RoughSketch,NET-i-TEK,
Deadly force,14,ADV,HEAVENLY HAVEN,300,1075,Noah,Megacycle,
Dyscontrolled Galaxy,14,ADV,HEAVENLY HAVEN,161,1373,かめりあ,レッドホットスクリューズ,
Elemental Creation,14,ADV,HEAVENLY HAVEN,212,1815,dj TAKA meets DJ YOSHITAKA,MAD CHILD meets レッドホットスクリューズ,
Failnaught,14,ADV,HEAVENLY HAVEN,220,1723,xi,TEK-A-RHYTHM,
Fin.ArcDeaR,14,ADV,HEAVENLY HAVEN,225,1526,MisoilePunch♪ ～タケノコ添え～,SCライオット,
Fly Like You,14,ADV,HEAVENLY HAVEN,196~286,1203,technoplanet,蒼穹の電撃ロブスター,
FREEDOM DiVE,14,ADV,HEAVENLY HAVEN,222,1456,xi,Ether99,
GODHEART,14,ADV,HEAVENLY HAVEN,190,1630,BlackY,Akizuki Nagomu,
Last Resort,14,ADV,HEAVENLY HAVEN,252,1765,xi,MAD CHILD VX,
Sailing Force,14,ADV,HEAVENLY HAVEN,110~159,1127,ぺのれり,PHQUASE,
Staring at star,14,ADV,HEAVENLY HAVEN,250,1658,MisoilePunch♪ ～タケノコ添え～,凹ーダー凸ード,
TWO-TORIAL,14,ADV,HEAVENLY HAVEN,213,1450,BEMANI Sound Team ”PHQUASE vs DJ TOTTO”,Beat Professor Maxima,
Xeroa,14,ADV,HEAVENLY HAVEN,301,1208,かめりあ,dj strachen,
セイレーン ～悲壮の竪琴～,14,ADV,HEAVENLY HAVEN,93~214,1730,ぺのれり,Ether99,
逆月,14,ADV,HEAVENLY HAVEN,280,1176,BEMANI Sound Team ”HuΣeR” feat.Fernweh,CosΣo＠暴走P,
archive::zip,14,EXH,GRAVITY WARS,185,1539,kamome sano,レッドホットスクリューズ,https://sdvx.in/03/03276e.htm
disco KAWAii,14,EXH,GRAVITY WARS,130,1590,uno feat.ちよこ(IOSYS),Hermit♣club,https://sdvx.in/03/03130e.htm
My name is TSUMABUKI,14,EXH,GRAVITY WARS,180,1722,KO3,わかば,https://sdvx.in/03/03163e.htm
relegation grimoire,14,EXH,GRAVITY WARS,114,1226,tsuzu,あおにさい,https://sdvx.in/03/03306e.htm
Shirogane,14,EXH,GRAVITY WARS,128,1238,nmk vs b-UMB feat.青砥 雫 a.k.a. ℃iel,MaKoTo,https://sdvx.in/03/03376e.htm
The willow and snow,14,EXH,GRAVITY WARS,140,1193,saminun,TAKUYA,https://sdvx.in/03/03104e.htm
いつかの夢、またねの約束。,14,EXH,GRAVITY WARS,180,1502,TAKU1175 ft.駄々子,ユカリ☆chan,https://sdvx.in/03/03399e.htm
イブの時代っ！,14,EXH,GRAVITY WARS,210,2044,日向美ビタースイーツ♪,TAKUYA,https://sdvx.in/03/03361e.htm
ギャラクシィ・トラベラー,14,EXH,GRAVITY WARS,130,1183,U-ske feat.ななひら,Megaまる子,https://sdvx.in/03/03161e.htm
コンフェイト＊コンチェルト,14,EXH,GRAVITY WARS,142,1882,ここなつ Produced by U-ske,ひとくちピエロ,https://sdvx.in/03/03221e.htm
或る春の日,14,EXH,GRAVITY WARS,198,1622,豚乙女,ポテト亀山,https://sdvx.in/03/03339e.htm
感情Xerography,14,EXH,GRAVITY WARS,270,1102,8284 feat. 榎楠,スカイシュート,https://sdvx.in/03/03039e.htm
君色サブリミナル(Arranged: Iceon),14,EXH,GRAVITY WARS,150,1336,幽閉サテライト feat. senya,mitsu,https://sdvx.in/03/03048e.htm
千年ノ理,14,EXH,GRAVITY WARS,153,1482,猫叉Master,恵方真紀,https://sdvx.in/03/03095e.htm
都会征服Girls☆,14,EXH,GRAVITY WARS,140,1404,日向美ビタースイーツ♪,スカイシュート,https://sdvx.in/03/03174e.htm
飛花落葉,14,EXH,GRAVITY WARS,158,1457,なつめ千秋,MaKoTo,https://sdvx.in/03/03012e.htm
Ops:Code-Rapture-,14,ADV,GRAVITY WARS,48~195,1354,Getty vs. DJ DiA,月刊ミズタニ,
Attack on Dwarf-,14,EXH,INFINITE INFECTION,140,1902,unatra,Law of cosines,https://sdvx.in/02/02301e.htm
Erlung,14,EXH,INFINITE INFECTION,140,1212,削除,ユカリ☆chan,https://sdvx.in/02/02159e.htm
Foolish Hero,14,EXH,INFINITE INFECTION,145,1228,lapix,月刊ミズタニ,https://sdvx.in/02/02011e.htm
Frantic Wolf,14,EXH,INFINITE INFECTION,178,1613,Jerico,Megacycle,https://sdvx.in/02/02227e.htm
Goodbye-bye Planet,14,EXH,INFINITE INFECTION,185,1534,黒魔,MaKoTo,https://sdvx.in/02/02002e.htm
HAPPY HEART BEAT,14,EXH,INFINITE INFECTION,175,1674,ヒゲドライバー,DJ WILDPARTY,https://sdvx.in/02/02086e.htm
Lemures Prelude,14,EXH,INFINITE INFECTION,165,1509,EastNewSound,PHQUASE×レッドホットスクリューズ,https://sdvx.in/02/02254e.htm
OVERDRIVERS,14,EXH,INFINITE INFECTION,177,1385,P*Light feat. mow*2,ユカリ☆chan,https://sdvx.in/02/02072e.htm
SCAPEGOAT BOY,14,EXH,INFINITE INFECTION,165,1232,SOUND HOLIC feat. Nana Takahashi,ユカリ☆chan,https://sdvx.in/02/02024e.htm
The Wind of Gold (folkcore remix),14,EXH,INFINITE INFECTION,170,1287,borzy,ユカリ☆chan,https://sdvx.in/02/02282e.htm
アノ華咲クヤ,14,EXH,INFINITE INFECTION,204,1359,幽閉サテライト with 岸田教団＆THE明星ロケッツ feat.ichigo & senya,PHQUASE,https://sdvx.in/02/02020e.htm
げきオコスティック,14,EXH,INFINITE INFECTION,200,1683,ARM(IOSYS) feat.ビートまりお(COOL&CREATE),PHQUASE,https://sdvx.in/02/02023e.htm
ネトゲ廃人シュプレヒコール,14,EXH,INFINITE INFECTION,175,1428,さつき が てんこもり,azuma,https://sdvx.in/02/02068e.htm
ハウトゥー世界征服,14,EXH,INFINITE INFECTION,151,1293,Neru,THE THIRD MAN,https://sdvx.in/02/02299e.htm
マインド・ゲーム,14,EXH,INFINITE INFECTION,180,1512,96 with メカショッチョー,MAD CHILD,https://sdvx.in/02/02165e.htm
マネマネサイコトロピック,14,EXH,INFINITE INFECTION,135~210,1563,かいりきベア,MaKoTo,https://sdvx.in/02/02136e.htm
ゆうしゃのなつやすみ,14,EXH,INFINITE INFECTION,167,1717,Verdammt,レッドホットスクリューズ,https://sdvx.in/02/02148e.htm
ルーネイトエルフ,14,EXH,INFINITE INFECTION,175,1513,Riz,Megacycle,https://sdvx.in/02/02152e.htm
絢爛創世絵巻物,14,EXH,INFINITE INFECTION,80~137,1142,ke-ji,TAKUYA,https://sdvx.in/02/02193e.htm
十面相(フリーダムVer),14,EXH,INFINITE INFECTION,173,1269,YM feat.__(アンダーバー）,月刊ミズタニ/A,https://sdvx.in/02/02029e.htm
流れ星と君の歌,14,EXH,INFINITE INFECTION,185,1675,"Music by 沙野カモメ, Vocal by SOPHY",ユカリ☆chan,https://sdvx.in/02/02218e.htm
華陽炎-Hana Kagerou-,14,EXH,INFINITE INFECTION,85~195,1366,源屋 feat.Kuroa*,PHQUASE,https://sdvx.in/02/02085e.htm
魔境堕天録サリエル,14,EXH,INFINITE INFECTION,176,1504,Unlucky Morpheus,Megacycle,https://sdvx.in/02/02035e.htm
八雲藍の唯心論,14,EXH,INFINITE INFECTION,186,1958,君の美術館,Megacycle,https://sdvx.in/02/02244e.htm
悪いところがひとつもない！,14,EXH,INFINITE INFECTION,180,1479,臨界モスキー党,Megacycle,https://sdvx.in/02/02079e.htm
Blue Rain,14,EXH,BOOTH,178,1725,Dustboxxxx,レッドホットスクリューズ,https://sdvx.in/01/01092e.htm
Broken,14,EXH,BOOTH,150,1109,iroha(sasaki),デジャヴーSP,https://sdvx.in/01/01009e.htm
EGG,14,EXH,BOOTH,196,1075,ginkiha,ユカリ☆chan,https://sdvx.in/01/01113e.htm
Ignited Night,14,EXH,BOOTH,180,1140,N-driver,Megacycle,https://sdvx.in/01/01065e.htm
RED ZONE,14,EXH,BOOTH,180,1228,幽閉カタルシス,ごましおくん,https://sdvx.in/01/01035e.htm
SEED,14,EXH,BOOTH,175,1089,DJ Noriken,PHQUASE,https://sdvx.in/01/01072e.htm
TRIGGER★HAPPY,14,EXH,BOOTH,185,1202,P*Light,ごましおくん×ユカリ☆chan,https://sdvx.in/01/01118e.htm
World Vertex,14,EXH,BOOTH,160,1473,void,PHQUASE,https://sdvx.in/01/01067e.htm
イカサマライフゲイム,14,EXH,BOOTH,200,1436,kemu feat.GUMI,月刊ミズタニ,https://sdvx.in/01/01077e.htm
カーニバル,14,EXH,BOOTH,254,1613,otetsu feat.灯油,レッドホットスクリューズ×PHQUASE,https://sdvx.in/01/01048e.htm
ドロボウナイトトリック,14,EXH,BOOTH,218,1395,ゆちゃP feat.GUMI,mitsu,https://sdvx.in/01/01164e.htm
ナツノメイロ,14,EXH,BOOTH,148,1300,stereoberry,レッドホットスクリューズ,https://sdvx.in/01/01138e.htm
君にエールを・・・！,14,EXH,BOOTH,180,1306,Mayumi Morinaga,DJ UTO,https://sdvx.in/01/01055e.htm
腐れ外道とチョコレゐト,14,EXH,BOOTH,260,1113,ピノキオP,DJ UTO,https://sdvx.in/01/01102e.htm
不思議玩具ガンガラディンドン,14,EXH,BOOTH,150,1095,マチゲリータ,Megacycle×しばまる子,https://sdvx.in/01/01037e.htm
六兆年と一夜物語,14,EXH,BOOTH,186,1024,kemu feat.IA,DJ UTO,https://sdvx.in/01/01078e.htm
9th Outburst,15,EXH,NABLA,163,0,Zekk,Classical Assistant,
"CAKE,Cake'n Cake!",15,EXH,NABLA,186,1341,苺咲べりぃ,七色Method,
chaplet,15,EXH,EXCEED GEAR,200,2007,DJ TOTTO,fRUNctal-shoot!!,https://sdvx.in/06/06586e.htm
"Help me, ERINNNNNN!!",15,EXH,NABLA,185,1926,ビートまりお,ゆめいろパフィー,
L (SDVX ver.),15,EXH,NABLA,155,1405,Ice,SALMON GRAPHY,
Massive Strength,15,EXH,NABLA,182,1307,Riz,ツインテール少佐,
イガク,15,EXH,NABLA,170,1361,原口沙輔,フォックスロット,
お返事まだカナ？おじさん構文！,15,EXH,NABLA,225,1447,吉本おじさん,ビーフジョッ構文！,
ハートインワンダーランド,15,EXH,NABLA,181,2015,森羅万象,ReboundeR,
ンポロロッカ,15,EXH,NABLA,160,1393,かめりあ,Classical Assistant,
紅焔,15,EXH,NABLA,175,0,PON,T=I=NAKA,
Ahoy!! 我ら宝鐘海賊団☆,15,EXH,EXCEED GEAR,170,1319,宝鐘マリン,A～PH～oy!!,
Applique(Vocal Remix),15,EXH,EXCEED GEAR,224,1330,nonomori feat. Nanao,モンスタードミノ卿,
Blessed Horizon,15,EXH,EXCEED GEAR,202,0,Qutabire,鋼のビスカッチャ,
caramel ribbon (Tatsunoshin Remix),15,EXH,EXCEED GEAR,175,1606,Tatsunoshin,Hananashi Karin,
Chocolate Planet (いるちょこRemix),15,EXH,EXCEED GEAR,185,1530,irucaice feat. ちょこ,フォックスロット,
CHOVERY GOOSE!!!,15,EXH,EXCEED GEAR,180,1470,MYUKKE.,からあげキボーンヌ,
Colorful Magical Parade,15,EXH,EXCEED GEAR,160,1088,Tsubusare BOZZ feat.madoka*,Akizuki Nagomu,
CO5M1C R4ILR0AD,15,EXH,EXCEED GEAR,155,1760,kanone,Akizuki Nagomu,
Crawl Out Immortal,15,EXH,EXCEED GEAR,192,1850,U-ske feat.Parfaitty,conceptual explorer,
Crazy Jackpot,15,EXH,EXCEED GEAR,170,1255,Hommarju,電撃ロブスター,
Cumulonimbus,15,EXH,EXCEED GEAR,190,1844,Hidra-Xjeil,飛行船を見上げるfractal-shoot!!,
Dawn of Asia(Alkome Remix),15,EXH,EXCEED GEAR,188,1234,Alkome,電撃ロブスター,
Di-Da-De-Doo,15,EXH,EXCEED GEAR,144,1116,Yu_Asahina ft.Mizutama,モンスタードミノ卿,
Divine Ether,15,EXH,EXCEED GEAR,187,0,あまみ×ひなみ,力を示せ～PH～,
Everything B.K.,15,EXH,EXCEED GEAR,180,1666,nora2r,Everything B.J.,
#Evil_Signs_of_Bloodlines,15,EXH,EXCEED GEAR,146,0,RoughSkreamZ,Amazeki Kagome,
Ex concordia felicitas,15,EXH,EXCEED GEAR,205,1871,Connexio,ゆめいろパフィー,
!!Fanta∽cramble!!,15,EXH,EXCEED GEAR,110~154,1286,Potwi,浮世マシーン,
FLOOD_FLOOR,15,EXH,EXCEED GEAR,180,0,brz1128,Hananashi Karin,
Gate of Atlantis (Vocal ∞ Mix),15,EXH,EXCEED GEAR,8~240,1793,MasKaleido feat. ぁゅ,Hananashi Karin,
GEROL (Yooh Remix),15,EXH,EXCEED GEAR,145,1360,Yooh,conceptual explorer,
GIGI BABA(brz_style),15,EXH,EXCEED GEAR,180,1514,brz1128,ロイヤルクラッカー,
HEAVEN KNOWS,15,EXH,EXCEED GEAR,275,1163,U-ske feat.石橋桃,噂のジャイアントスパーク,
"Hello, Hologram",15,EXH,EXCEED GEAR,181,2070,HIMEHINA,存分に遊ばせ～PH～,
HOLOGRAPHY,15,EXH,EXCEED GEAR,146,1243,RYOQUCHA,Akizuki Nagomu,https://sdvx.in/06/06638e.htm
Hopscotch,15,EXH,EXCEED GEAR,175,1563,GrivR.,ゆめいろパフィー,
Juωpscare!!,15,EXH,EXCEED GEAR,90~128,1261,coTatsu,フォックスロット,
KINGWORLD,15,EXH,EXCEED GEAR,240,1869,白上フブキ,肋兵器,
Line markeR,15,EXH,EXCEED GEAR,257,1245,打打だいず,馬のミニ右耳に2ミリニキ,
LOVE TONIC,15,EXH,EXCEED GEAR,165,1535,影虎。,dj strassen,
MiRAi,15,EXH,EXCEED GEAR,257,1189,#EmoCosine,kamuy noko,
My song,15,EXH,EXCEED GEAR,188,1712,角巻わため,倉科ロイヤ,
OverwriteTheCatastrophe,15,EXH,EXCEED GEAR,260,1275,deli.+駄々子,WILLIAMEDDIEDUNDAS,
Pixelated Platform (Super Honey!),15,EXH,EXCEED GEAR,216,1271,そよもぎ,鋼のビスカッチャ,
Prayer,15,EXH,EXCEED GEAR,183,1768,溝口ゆうま feat. 大瀬良あい,おすし feat. 風瑠人,
PRIDE of the FIREBALL,15,EXH,EXCEED GEAR,206,1692,かぼちゃ feat. CO-DA,MAD CHILD,
Profession(αirlemoneX”Mechanical Engineering”Remix),15,EXH,EXCEED GEAR,178,1775,αirlemoneX,Hananashi Karin,
SCHWARZSCHILD FIELD,15,EXH,EXCEED GEAR,150,1061,L.E.D.,MXX CXXXX,
Shera,15,EXH,EXCEED GEAR,150,1731,MYUKKE.,fractal-shoot starry!!,
stellar rain,15,EXH,EXCEED GEAR,148,1438,BEMANI Sound Team ”PHQUASE”,止まない～PH～はない,
SUPER HEROINE!!,15,EXH,EXCEED GEAR,186,1681,Amateras Records vs BEMANI Sound Team ”TATSUYA” feat. miko,Hananashi Karin,
The setting sun(burst),15,EXH,EXCEED GEAR,141,1575,nozakita kazumi,conceptual explorer,
TOKAKU=ALMiRAJ,15,EXH,EXCEED GEAR,170,1418,MYUKKE.,kamuy noko,
V!LLA!N,15,EXH,EXCEED GEAR,210,1705,Kaname,MASTER TR!CK,
Voice 2 Voice n Voice,15,EXH,EXCEED GEAR,157,1075,Acotto,チッヰス邨中,
We Are All The Dreamer,15,EXH,EXCEED GEAR,148,1233,Hommarju ft. かぼちゃ,The Cherry Glass,
What an amazing swing,15,EXH,EXCEED GEAR,125,1094,角巻わため,鋼のビスカッチャ,
WobbleTangleFestival (影虎。 & ikaruga_nex's HDM RMX),15,EXH,EXCEED GEAR,155,1185,影虎。 & ikaruga_nex,kamuy noko,
You Only Live Twice,15,EXH,EXCEED GEAR,185,1551,Sephid feat. aria,Hananashi Karin,
Zero-Day Exploit(One-Day Fusion Mix),15,EXH,EXCEED GEAR,151,1406,庭師,Jin Majima,
アルファ・スカイ,15,EXH,EXCEED GEAR,210,1576,みーに feat. しろさきあや,Megacycle,
アンチグラビティ・ガール,15,EXH,EXCEED GEAR,178,1814,月ノ美兎,ビーフジョ月,
ウイジン,15,EXH,EXCEED GEAR,190,1722,CHUBAY as ”NOVICE”,ゆめいろパフィー,
エクスプロウル,15,EXH,EXCEED GEAR,164,1702,晴いちばん,cosMo＠暴走P,
オーバーライド,15,EXH,EXCEED GEAR,204,1914,吉田夜世,人間の思う事は～PH～,https://sdvx.in/06/06633e.htm
おねがいダーリン,15,EXH,EXCEED GEAR,180,1664,OИE,ユカリ☆ホットスクリューズ,
カジノファイヤーことみちゃん,15,EXH,EXCEED GEAR,230,1827,covered by 一条莉々華(ReGLOSS),フォックスロット×Akizuki Nagomu,https://sdvx.in/06/06641e.htm
グリーディ・スターズ！,15,EXH,EXCEED GEAR,260,1355,みーに feat. しろさきあや,フォックスロット,
じもとっこスイーツ♪,15,EXH,EXCEED GEAR,108,1104,ホララ・ホリック with 日向美ビタースイーツ♪,Hananashi Karin,
ちくわパフェだよ☆ＣＫＰ (Yvya Remix),15,EXH,EXCEED GEAR,205,1181,Remixed by BEMANI Sound Team ”Yvya”,さいばーガスタンクだよ☆ＣＧＴ,
ちょえちょえまぎか,15,EXH,EXCEED GEAR,180,1539,Pizuya,Hananashi Karin,
テトリス,15,EXH,EXCEED GEAR,170,1942,柊マグネタイト,迷惑かけてごめんってば～PH～,
テレパシ,15,EXH,EXCEED GEAR,205,2026,DECO*27,ビーフジョッパシ,https://sdvx.in/06/06590e.htm
トキノコエト,15,EXH,EXCEED GEAR,210,1698,setu-O meets 駄々子,kamuy noko,https://sdvx.in/06/06490e.htm
ドリームエンド・サバイバー(Hidra-Xjeil Remix),15,EXH,EXCEED GEAR,215,1684,Hidra-Xjeil,dj strachen,
ハートビート×スラッガー,15,EXH,EXCEED GEAR,242,1365,あまみ×ひなみ,モンスタードミノ卿,https://sdvx.in/06/06645e.htm
パーフェクトイーター,15,EXH,EXCEED GEAR,175,1642,BEMANI Sound Team ”PON” feat.かなたん,Ether99,
ハガネノツルギ,15,EXH,EXCEED GEAR,144,1432,coTatsu,conceptual explorer,
ポッピンキャンディ☆フィーバー！,15,EXH,EXCEED GEAR,190,1079,キノシタ feat.音街ウナ・鏡音リン,cosMo＠暴走P,
マジかる☆doll ユタニケちゃん,15,EXH,EXCEED GEAR,40~205,1286,Tsubusare BOZZ feat.madoka*,kamuy noko,https://sdvx.in/06/06651e.htm
レインボウ・フレーバー,15,EXH,EXCEED GEAR,140,1298,みーに feat. 杠葉えりか,モンスタードミノ卿,
覚悟せよ！エンタンメ～ン,15,EXH,EXCEED GEAR,141~176,1560,マキシウキョウ,影符,
黒紅掬い,15,EXH,EXCEED GEAR,104,1021,猫叉Master feat.霜月はるか,Akizuki Nagomu,
幻想プロミネンス,15,EXH,EXCEED GEAR,205,1410,deli. vs 駄々子 vs かなたん,サイバーガスタンク×モンスタードミノ卿,https://sdvx.in/06/06631e.htm
東風に鳴き翠嵐を想う,15,EXH,EXCEED GEAR,183,1334,めと（Metomate）,ダークダークダーク,https://sdvx.in/06/06635e.htm
邪魔をしないで,15,EXH,EXCEED GEAR,155~188,1544,Symholic feat.狛茉璃奈,Ginza Sis「貴方の夢が嫌い」,
最強女神†ウーサペコラ,15,EXH,EXCEED GEAR,185,1489,兎田ぺこら,cosMo＠暴走P,
双星の冒険録,15,EXH,EXCEED GEAR,165,0,やどりぎ,パワフルネコニャンコ,
大宇宙ステージ奈落変,15,EXH,EXCEED GEAR,199,1247,めと（Metomate）,ダークダークダーク,
毒杯スワロウ,15,EXH,EXCEED GEAR,140,1327,猫又おかゆ,NOX,
永久の粒虹,15,EXH,EXCEED GEAR,200,1327,Yu-dachi,kamuy noko,
花火のおもちゃ箱,15,EXH,EXCEED GEAR,176,1300,Yu-dachi,kamuy noko,
美少女無罪?パイレーツ,15,EXH,EXCEED GEAR,170,1732,宝鐘マリン,唐揚シス,
悲報！ワイ！ニート！,15,EXH,EXCEED GEAR,165,1926,Shu,,
閉塞的フレーション,15,EXH,EXCEED GEAR,176,1449,Pizuya,ZANGI Bros. VS Ginza sis,
無意識レクイエム,15,EXH,EXCEED GEAR,195,1721,森羅万象,ビーフジョッキー,
Λkasha,15,ADV,EXCEED GEAR,180,1654,BlackY feat. Risa Yuzuki,GOD～PH～,
Don't you dare play GOD,15,ADV,EXCEED GEAR,240~500,1638,technoplanet feat. Tamako Kinoshita,False GOD ”7濶ｲ 繧√◎縺｣縺ｩ”,
{ eXLIPXe },15,ADV,EXCEED GEAR,271,1125,{ かめりあ },レッドホットスクリューズ,
HeaveИ's Rain,15,ADV,EXCEED GEAR,285,1448,モリモリあつし,浮 谷,
KINGDOM COME,15,ADV,EXCEED GEAR,282,0,RoughSketch,CXXXX KXX GONE,
NEMSYS ARENA World Hexathlon,15,ADV,EXCEED GEAR,190,1780,隣の庭は青い(庭師+Aoi),Akizuki Nagomu,
Our garden is blue.,15,ADV,EXCEED GEAR,100,1414,庭師+Aoi,蒼庭のビスカッチャ,
神凪,15,ADV,EXCEED GEAR,185,1878,BlackY feat. Risa Yuzuki,月夜見尊～PH～,
Aerial Skydive,15,EXH,EXCEED GEAR,175,1492,Dirty Androids,kamuy noko include,
Amazing Mirage,15,EXH,EXCEED GEAR,153,1217,lapix,Akizuki Nagomu,
ASGORE / アズゴア,15,EXH,EXCEED GEAR,114,1314,Toby Fox,フォックスロット,
Battle Against a True Hero / 本物のヒーローとの戦い,15,EXH,EXCEED GEAR,150,1314,Toby Fox,Probably Finest Dee One,
Berry Go!!,15,EXH,EXCEED GEAR,175,1272,Freezer feat.妃苺,ロイヤルクラッカー,
Black or Red?,15,EXH,EXCEED GEAR,157,1121,コスモドライバー join. shully & Nimo,cosMo＠暴走P×電撃ロブスター,
c2Theater,15,EXH,EXCEED GEAR,190,1662,yaseta + Hidra-Xjeil,唐揚Brother + Ginza-Sis,
Corrupting Wonderland,15,EXH,EXCEED GEAR,250,1869,u-z feat.CHERICa,FriedChickenSisters,
CUDDLIE CUDDLIE,15,EXH,EXCEED GEAR,187,1442,ゆんゆん,ロイヤルクラッカー,
Death by Glamour / 華麗なる死闘,15,EXH,EXCEED GEAR,148,1546,Toby Fox,MAD CHILD,
Fl0ating:,15,EXH,EXCEED GEAR,206,1331,yuichi NAGAO,SALMON GRAPHY,
Garland,15,EXH,EXCEED GEAR,217,1614,ミハイル + K.key,kamuy noko,
GOODTEK,15,EXH,EXCEED GEAR,190,1519,EBIMAYO,Megacycle,
Hydroblast,15,EXH,EXCEED GEAR,160,1335,Aoi vs. siromaru,TEK-A-RHYTHM,
Ice Fortress,15,EXH,EXCEED GEAR,185,1535,荒谷サトル,フォックスロット,
Memory Flow,15,EXH,EXCEED GEAR,206,1421,兎波かなで feat.とうな,電撃ロブスター,
Μοuσα,15,EXH,EXCEED GEAR,200,1735,ushiee,フォックスロット,
PHOTON BLAXT,15,EXH,EXCEED GEAR,165,1273,seatrus,電撃ロブスター,
Re:Rose Gun Shoooot!,15,EXH,EXCEED GEAR,190,1762,あるふぁ,風瑠人,
SAVE the World,15,EXH,EXCEED GEAR,180,1312,Toby Fox,Megacycle,
Struggle for Revival,15,EXH,EXCEED GEAR,110,1228,NitoK,ロイヤルクラッカー,
Twinkle Rookie,15,EXH,EXCEED GEAR,205,1846,Halv,ロイヤルクラッカー,
Welcome to the Mosh Pit,15,EXH,EXCEED GEAR,172,1324,lapix,CRAIG AKAGI,
WINNING ROAD,15,EXH,EXCEED GEAR,170,1309,setu-O,Secret Lv.09,
イグノアザーズ,15,EXH,EXCEED GEAR,175,1221,U-ske feat. 安土桃,An East Scarlet,
インドア系ならトラックメイカー,15,EXH,EXCEED GEAR,128,1244,Yunomi & nicamoq,Hirayasu Matsudo,
サクラノソバニ！,15,EXH,EXCEED GEAR,228,1556,Ray_Oh feat.みかん汁,ロイヤルクラッカー,
ステラ・イミグレーション,15,EXH,EXCEED GEAR,170~210,1790,後藤 feat. リリカ,唐揚 feat. シスター,
チクサクコールが懐かしい,15,EXH,EXCEED GEAR,109~194,1127,諸星なな feat.加藤はるか,凹ーダー凸ード,
ハートシェイプ・スピカ,15,EXH,EXCEED GEAR,170,1398,ここなつ2.0,サイバーガスタンク×鋼のビスカッチャ,
ぶいちゅっばの歌,15,EXH,EXCEED GEAR,150,1320,周防パトラ,倉科ロイヤ,
フリコドウル,15,EXH,EXCEED GEAR,160,2008,HIMEHINA,ブルーコールドビーフ＆ハリケーンジョッキーズ,
メモリーズ,15,EXH,EXCEED GEAR,136,1240,ここなつ2.0,apple kong,
過去を喰らう,15,EXH,EXCEED GEAR,187,1626,花譜,ダークダークダーク,
灼ナル刃、破カヰ譜,15,EXH,EXCEED GEAR,165,1680,Symholic feat.狛茉璃奈,風瑠人,
透明声彩,15,EXH,EXCEED GEAR,140,1221,YuNi,CRAIG AKAGI,
儚キ戀ノ幻想譚,15,EXH,EXCEED GEAR,175,1335,まろん feat. あやぽんず＊ (森羅万象),アオニサイ(蒼弐),
夢幻泡影,15,EXH,EXCEED GEAR,269,1314,wa.,dj strachen,
Bl∞min',15,ADV,EXCEED GEAR,234,2079,MisoilePunch♪ -Forever-,ビーフジョッキー,
SuddeИDeath,15,ADV,EXCEED GEAR,236,1539,xi vs. モリモリあつし,Ether99 a.k.a ～PH～,
You Are My Best RivaL!!,15,ADV,EXCEED GEAR,240,1738,cosMo＠暴走P,CosMo The OverDrive,
いまきみに,15,ADV,EXCEED GEAR,176~264,1792,Silentroom as ”少年R”,Genuine CRAZY KID as ”Child M”,
ABSOLUTE(ismK passionate remix),15,EXH,EXCEED GEAR,147~180,1470,ismK,kamuy noko,
Aftermath,15,EXH,EXCEED GEAR,200,1932,BEMANI Sound Team ”猫叉Master & あさき & Yvya”,揚Brother & フォックスとロット & 2conノックオン,
charm you,15,EXH,EXCEED GEAR,147,1035,U-ske feat.花柚,鋼のビスカッチャ,
Chewingood!!!,15,EXH,EXCEED GEAR,190,1468,TORIENA,MAD CHILD,
Continuous Moment,15,EXH,EXCEED GEAR,154,1228,影虎。,apple kong,
Destr0yer,15,EXH,EXCEED GEAR,90,1447,削除 feat. Nikki Simmons,Hermit♣club,
Devastated Territory,15,EXH,EXCEED GEAR,97~195,1488,ryhki,dj strachen,
#EmoCloche,15,EXH,EXCEED GEAR,182,1413,#EmoCosine,CRAIG AKAGI,
eXtridia,15,EXH,EXCEED GEAR,136,1182,unatra×Nego_tiator,kamuy noko,
Foolish Again,15,EXH,EXCEED GEAR,160,1234,lapix,電撃ロブスター,
Fun walk!!,15,EXH,EXCEED GEAR,170,1492,Enterskip,dj strassen,
Gimme dreamin',15,EXH,EXCEED GEAR,190,1779,BlackY feat. Risa Yuzuki,フォックスロット feat. Amazeki Kagome,
Halloween Is Chaos,15,EXH,EXCEED GEAR,197,2078,RoughSketch feat.北小路ヒスイ,おすし仮面♣,
"Help me, ERINNNNNN!! #幻想郷ホロイズムver.",15,EXH,EXCEED GEAR,190,2015,COOL&CREATE × 宝鐘マリンと愉快な仲間たち,レッドホットスクリューズと愉快な仲間たち,
I Left for my Right,15,EXH,EXCEED GEAR,155,1353,あの日字数制限に負けて追い出された「ゃ」,20文字の字数制限が存在しないからあげブ,
Jailbreaker,15,EXH,EXCEED GEAR,180,1749,Hommarju feat. かぼちゃ,Megacycle,
LIKE A VAMPIRE,15,EXH,EXCEED GEAR,276,1176,"koyomi,星野奏子 by BEMANI Sound Team ”TAKA”",strassen,
M-O-R-F-I-N-E,15,EXH,EXCEED GEAR,220,2140,u-z feat.紫咲ほたる,2conノックオン,
#Namescapes,15,EXH,EXCEED GEAR,146,1368,#Namescapes,#Namescapes,
nostos -ark remix-,15,EXH,EXCEED GEAR,180~205,1235,Se-U-Ra + しーけー,Megacycle,
PRESERVED VAMPIRE,15,EXH,EXCEED GEAR,170,1317,SOUND HOLIC feat. Nana Takahashi,ポテト亀山,
Pure Ruby,15,EXH,EXCEED GEAR,178,1573,SHIKI,凹ーダー凸ード,
Sakura Fubuki,15,EXH,EXCEED GEAR,175,1715,Street,からあげブラザーズ,
SHION -sublimation mix-,15,EXH,EXCEED GEAR,186,1436,BlackY feat. Risa Yuzuki,フォックスロット,
sparky spark,15,EXH,EXCEED GEAR,155,1129,kamome sano,2conノックオン,
Test Flight,15,EXH,EXCEED GEAR,188,1903,黒魔,鋼のビスカッチャ,
Vanishing Eidos,15,EXH,EXCEED GEAR,179,1045,めと（Metomate）,ダークダークダーク,
Whip☆Drip,15,EXH,EXCEED GEAR,249,1516,pan+テヅカ feat.桃雛なの,CRAIG AKAGI,
WICKeD CRφSS,15,EXH,EXCEED GEAR,180,1193,OSTER project,MAD CHILD,
Xymatic Scope,15,EXH,EXCEED GEAR,22~170,1187,MasKaleido feat. ぁゅ,CRAIG AKAGI,
オリガミカル・スウィートラヴ,15,EXH,EXCEED GEAR,192,1529,かめりあ feat. ななひら,MAD CHILD,
オルターエゴ,15,EXH,EXCEED GEAR,176,1513,Misumi,Megacycle,
キラメキ居残り大戦争,15,EXH,EXCEED GEAR,212,2013,森羅万象,能天気 ぐるぐる ～PH～ 頭 ガチガチ,
スーパー戦湯ババンバーン,15,EXH,EXCEED GEAR,0,1455,"すわひでお,秋成,かぼちゃ,藍月なくる,NU-KO by BEMANI Sound Team ”八戸亀生羅”",凹ーダー凸ード,
スカーレット警察のゲットーパトロール24時,15,EXH,EXCEED GEAR,160,2035,七条レタスグループ,Vol Force Crew,
デンデラパーティーナイト,15,EXH,EXCEED GEAR,181,1376,森羅万象,鋼のビスカッチャ,
トラダンスアナーキー,15,EXH,EXCEED GEAR,195,1578,暁 Records,サイバーガスタンクEXCEED,
ばらんが!!!!,15,EXH,EXCEED GEAR,285,1139,かめりあ feat. ななひら,ばーフジョッキー!!!,
フェアリーテイル・ラヴァーズ,15,EXH,EXCEED GEAR,142,1236,みーに＠メルヘン風紀委員会書記,ロイヤルクラッカー,
ホイホイ☆幻想ホロイズム,15,EXH,EXCEED GEAR,195,1566,COOL&CREATE × 宝鐘マリン with ホロイズムファンタジー,A～PH～oy!!,
まみむめまるっとまっしゅるーむ,15,EXH,EXCEED GEAR,161,1286,かめりあ as ”まいたけラヴ” feat. ななひら as ”エリンギ大好き”,菌類の電撃ロブスター,
りむむむむむむ,15,EXH,EXCEED GEAR,140,1140,立秋 feat.ちょこ,井ハッシュド鑑定団,
藍の華,15,EXH,EXCEED GEAR,198,2138,HIMEHINA,レッドホットビーフ＆スクリュージョッキーズ,
神にした彼女が示す世界線,15,EXH,EXCEED GEAR,157~250,1408,上村 香月,フォックスロット,
穢れなきユーフォリア,15,EXH,EXCEED GEAR,160,1626,幽閉サテライト,からあげユーフォリア,
月下の舞兎祭,15,EXH,EXCEED GEAR,152,1187,Aoi feat. Kuroa*,レッドホットスクリューズ,
木洩れ日に咲く,15,EXH,EXCEED GEAR,171,1580,seatrus feat.杠葉えりか,フォックスとロット,
叛逆のディスパレート,15,EXH,EXCEED GEAR,194,1415,Vanitas Lacrimosa,MAD CHILD,
緋色月下、狂咲ノ絶 (nayuta 2017 ver),15,EXH,EXCEED GEAR,150,2272,EastNewSound,ブルーコールドハリケーンズ,
斑咲花,15,EXH,EXCEED GEAR,134~201,1585,"mami,駄々子 by BEMANI Sound Team ”Akhuta Works”",フォックスロット,
MixxioN,15,ADV,EXCEED GEAR,275,1132,MisoilePunch♪,Taxtixal CRAZY KID,
《Re:miniscence》,15,ADV,EXCEED GEAR,125~166,1489,かねこちはる,Megacyclops,
XHRONOXAPSULΞ,15,ADV,EXCEED GEAR,277,1329,Silentroom,～PH～XUASΞ,
Afterimage d'automne,15,EXH,VIVID WAVE,232,1740,BEMANI Sound Team,鋼のビスカッチャ×サイバーガスタンク,
AXION,15,EXH,VIVID WAVE,160,1140,削除,フォックスロット,
Barbless Ego,15,EXH,VIVID WAVE,150,1250,MAD CHILD,MAD CHILD,https://sdvx.in/05/05094e.htm
BLAZE∞BREEZE,15,EXH,VIVID WAVE,175,1350,BEMANI Sound Team ”TAG×PON”,B∞フジョッキー,
BLIZZARD BEAT,15,EXH,VIVID WAVE,170,1349,SOUND HOLIC feat. Nana Takahashi,鋼のビスカッチャ,
Bolerrot,15,EXH,VIVID WAVE,179,1556,かねこちはる,Akizuki Nagomu,
Butterfly Twist,15,EXH,VIVID WAVE,160,1367,Yooh,MAD CHILD,
Chocolate Parade,15,EXH,VIVID WAVE,190,1587,Freezer feat.妃苺,七色Chocolatière,
Circulator,15,EXH,VIVID WAVE,165,1195,Reaper,おつまみロブスター,
Cynical Joker,15,EXH,VIVID WAVE,160,1221,brz1128,電撃ロブスター,
Enchante,15,EXH,VIVID WAVE,115,1310,winddrums,風瑠人,
Enigma II,15,EXH,VIVID WAVE,201,1398,とろまる,kamuy noko,
Ethereal Lotus,15,EXH,VIVID WAVE,218,2059,wa. + 杠葉えりか,EIVY,
Hexennacht,15,EXH,VIVID WAVE,165,1476,rider,Hirayasu Matsudo (MAD CHILD Remix),
Historia of Velnoti,15,EXH,VIVID WAVE,180,1396,KV.S&はらたま,Megacycle,
Ichi-Go! DX Pancake!,15,EXH,VIVID WAVE,90~180,1265,梅干茶漬け,SALMON GRAPHY,
Jacob’s Elevator,15,EXH,VIVID WAVE,193,1618,まろん (IOSYS),電撃ロブスター,
Lazurite,15,EXH,VIVID WAVE,175,1593,sazanami,MaKoTo,
Liar rain,15,EXH,VIVID WAVE,220,1720,しーけー,スエヒロ,
Me:Tear,15,EXH,VIVID WAVE,213,1571,タケノコ少年 feat. 荒巻,ZANGI Bros.,
MilK,15,EXH,VIVID WAVE,150,1787,モリモリあつし,月刊ミズタニ,
New Decade,15,EXH,VIVID WAVE,200,1181,Sota F.,-,
Non RolicK!!大冒険,15,EXH,VIVID WAVE,230,1862,Croire,からあげシスターズ!!,
ΩBIRD,15,EXH,VIVID WAVE,178,1825,SOUND HOLIC feat. Nana Takahashi,MaKoTo,
OZONE,15,EXH,VIVID WAVE,180,1816,BEMANI Sound Team ”Sota Fujimori”,東京ブルトゥーム,
petits fours,15,EXH,VIVID WAVE,222,1610,kamome sano,鋼のビスカッチャ,
PIZZATIME,15,EXH,VIVID WAVE,168,1449,Tsubusare BOZZ,Akizuki Nagomu,
POSSESSION(Gowrock Remix),15,EXH,VIVID WAVE,158,1203,Gowrock,dj strachen,
Princess Lily,15,EXH,VIVID WAVE,180,1784,溝口ゆうま feat. 大瀬良あい,kamuy noko,
Pulsar,15,EXH,VIVID WAVE,222,1858,はがね,フォックスロット,
ЯegreT of MemoRy,15,EXH,VIVID WAVE,215,1297,からとP vs タケノコ少年,凹ーダー凸ード,
Яe:son D'etre,15,EXH,VIVID WAVE,63~205,999,SCHOOL CASTE(石見＆とおる),ダークダークダークダーク,
Sharkbait,15,EXH,VIVID WAVE,155,1588,ryhki,ディープブルーコールドハリケーンズ（respect HM）,
SLEEPWALKER,15,EXH,VIVID WAVE,188,1786,monoq+RIZARDI,Akizuki Nagomu+フォックスロット,
SociuS,15,EXH,VIVID WAVE,195~211,1661,Ellim Gnirps vs よみぃ,凹ーダー凸ード,
Sudden Visitor,15,EXH,VIVID WAVE,178,1764,黒魔,kamuy noko,
Sunflower Vibes,15,EXH,VIVID WAVE,190,1850,Dustvoxx,dj strachen,
toy boxer,15,EXH,VIVID WAVE,190,1109,BEMANI Sound Team,からあげブラザーズ,
Typhoon Craaash!!,15,EXH,VIVID WAVE,172,1224,A-One,CRAIG AKAGI,
V Sen5eS,15,EXH,VIVID WAVE,190,1750,MasKaleido VS 709sec.,SHiJiMiSo Soup.☆彡,
Valkyrja ~Aldrlag~,15,EXH,VIVID WAVE,185,1739,ℱsinfonia (Yu_Asahina 溝口ゆうま かなたん 大瀬良あい),MAD CHILD & Megacycle,
vivid landscape,15,EXH,VIVID WAVE,137,1130,paraoka,電撃ロブスター,
VIVIDWAVERS,15,EXH,VIVID WAVE,140,1501,SDVX SOUND UNION,MAD CHILD ver.V,
Xicholauncher,15,EXH,VIVID WAVE,110~440,1364,隣の庭は青い(庭師+Aoi),電撃+ロブスター,
αρχη,15,EXH,VIVID WAVE,120,1486,Dormir,νοχ,
アオアラシ,15,EXH,VIVID WAVE,256,1218,やどりぎ,はがねのびすかっちゃ,
エンゲージ〆ント,15,EXH,VIVID WAVE,190~230,1597,Croire,フォックスロット,
クレイジークレイジーダンサーズ,15,EXH,VIVID WAVE,172,1563,ビートまりお＋あまね（COOL&CREATE）,電撃ロブスター,
ツマミ戦隊 タテレンジャー,15,EXH,VIVID WAVE,95~380,1580,ツマミ戦隊 タテレンジャー,赤熱螺旋・オニボタン,
トマヨイ,15,EXH,VIVID WAVE,165,1398,Spacelectro feat.椎木レク,レッドホットスクリューズ,
ふ・れ・ん・ど・し・た・い (WEREHEREMIX),15,EXH,VIVID WAVE,170,1326,Remixed by ボルテ学園生活部,ボルテ学園美術部,
プログレなぞなぞクイズのテーマ,15,EXH,VIVID WAVE,136~204,1178,BEMANI Sound Team ”プログレッシブなぞなぞ星人”,Ether99,
ミュージックプレイヤー,15,EXH,VIVID WAVE,232,1652,Retropolitaliens(Ms.+駄々子),鋼のビスカッチャ,
ランカーキラーガール,15,EXH,VIVID WAVE,200,1628,中島由貴 × いちか,Ether99,
伊邪那美白山姫大神,15,EXH,VIVID WAVE,190,2624,Morrigan feat. リリィ,フォックスロット,
御伽噺に幕切れを,15,EXH,VIVID WAVE,131~203,1530,夜叉姫神楽,サイバーガスタンク,
革命パッショネイト,15,EXH,VIVID WAVE,194,1599,日向美ビタースイーツ♪,cosMo＠暴走P,
君は Fantasista,15,EXH,VIVID WAVE,220,2026,杉下 トキヤ,Megacycle,
月々紅花,15,EXH,VIVID WAVE,183,1815,7mai,Megacycle,
消失(Hommarju Remix),15,EXH,VIVID WAVE,240,1956,cosMo＠暴走P,cosMo＠暴走P,
諏訪大信仰,15,EXH,VIVID WAVE,200,1562,ビートまりお＋あまね（COOL&CREATE）,MAD CHILD,
世界の果てに約束の凱歌を,15,EXH,VIVID WAVE,205,1540,BEMANI Sound Team ”Sota Fujimori”,Ether99,
真夏の蜜と唇 fm.希望の星は青霄に昇る,15,EXH,VIVID WAVE,150,1353,ARM (IOSYS) ft. yukina (TUMENECO),鋼のビスカッチャ,
無魎大数,15,EXH,VIVID WAVE,230,1598,cosMo＠暴走P,cosMo＠暴走P,
666,15,ADV,VIVID WAVE,666,2261,RaughSketch,Diabolos CRAZY KID,
APOCALYPSE RAY,15,ADV,EXCEED GEAR,212,1784,xi,七色METHOD（respect Ether99）,
ΣgO,15,ADV,VIVID WAVE,236,2250,かぼちゃ,Ether99,
"Erm, could it be a Spatiotemporal ShockWAVE Syndrome...?",15,ADV,VIVID WAVE,43~330,1481,かめりあ,Spatiotemporal～PH～,
MAYHEM,15,ADV,VIVID WAVE,998,2868,RoughSketch x CANVAS feat. Quimar,Temperance CRAZY KID,
VVelcome!!,15,ADV,VIVID WAVE,265,1336,MisoilePunch♪,風瑠人,
Aurora(Latinized Style),15,MXM,HEAVENLY HAVEN,140,1413,mommy,Megacycle,https://sdvx.in/04/04009m.htm
Crystallize Forest,15,MXM,HEAVENLY HAVEN,160,1654,奏瀬いちこ feat.Silver Forest,電撃ロブスター,https://sdvx.in/04/04091m.htm
DREAMING-ING!!,15,MXM,HEAVENLY HAVEN,180,1303,ときめきアイドル project,MAD CHILD,https://sdvx.in/04/04178m.htm
Dystopia,15,MXM,HEAVENLY HAVEN,155,1637,DiGiTAL WiNG feat. 花たん/YURiCa,ユカリ☆chan,https://sdvx.in/04/04093m.htm
Gaze ft. 紫崎 雪,15,MXM,HEAVENLY HAVEN,181,1536,Omnis,電撃ロブスター,https://sdvx.in/04/04087m.htm
I feel something for you,15,MXM,HEAVENLY HAVEN,150,1547,556ミリメートル,ひとくちピエロ,https://sdvx.in/04/04106m.htm
New Game feat.Mayumi Morinaga,15,MXM,HEAVENLY HAVEN,170,1966,The 4th,cosMo＠暴走P,https://sdvx.in/04/04017m.htm
Nostalgia,15,MXM,HEAVENLY HAVEN,162,2168,矢鴇つかさ,azuma,https://sdvx.in/04/04029m.htm
LOVE EAST,15,MXM,HEAVENLY HAVEN,168,1902,暁Records,月刊ミズタニ,https://sdvx.in/04/04030m.htm
SO FLY ME TO YOU,15,MXM,HEAVENLY HAVEN,138,1465,ローゼライト powered by mu-ray,ひとくちピエロ,https://sdvx.in/04/04058m.htm
SprrRush!!,15,MXM,HEAVENLY HAVEN,209,2168,MisoilePunch♪ feat.KIRARI,cosMo＠暴走P,https://sdvx.in/04/04111m.htm
Take to Lips,15,MXM,HEAVENLY HAVEN,115,1289,Sound CYCLONE feat.大瀬良あい＆℃iel,TAKUYA,https://sdvx.in/04/04026m.htm
きゅん×きゅんばっきゅん☆LOVE,15,MXM,HEAVENLY HAVEN,165,1699,松下feat.Sota & wac,MAD CHILD,https://sdvx.in/04/04036m.htm
ナイト・オブ・ロンド,15,MXM,HEAVENLY HAVEN,169,1519,日向美ビタースイーツ♪,MAD CHILD,https://sdvx.in/04/04163m.htm
ナナイロライト,15,MXM,HEAVENLY HAVEN,135,1462,ここなつ,マッドチャイルド＆ひらやすまつど,https://sdvx.in/04/04070m.htm
パンダヒーロー,15,MXM,HEAVENLY HAVEN,190,1721,ハチ,ひとくちパンダ,https://sdvx.in/04/04076m.htm
朧 (kamome sano remix),15,MXM,HEAVENLY HAVEN,155,1592,kamome sano feat. Kuroa*,MAD CHILD,https://sdvx.in/04/04013m.htm
恋とキングコング,15,MXM,HEAVENLY HAVEN,158,1574,日向美ビタースイーツ♪,Hermit♣club,https://sdvx.in/04/04098m.htm
湖底遺跡のヴィダー・ハル,15,MXM,HEAVENLY HAVEN,185,1931,borzy & 結月そら,cosMo＠暴走P,https://sdvx.in/04/04071m.htm
千本桜,15,MXM,HEAVENLY HAVEN,154,1641,黒うさP feat. 初音ミク,MaKoTo & ポテト,https://sdvx.in/04/04031m.htm
冒涜的選択のアレグリア ft. Mayumi Morinaga,15,MXM,HEAVENLY HAVEN,156,1638,Iceon(Frost Fragment),MAD CHILD,https://sdvx.in/04/04122m.htm
胸の中で誰かが,15,MXM,HEAVENLY HAVEN,175,1776,幽閉サテライト,Megacycle,https://sdvx.in/04/04148m.htm
刃の如く ft. ネコメアリ,15,MXM,HEAVENLY HAVEN,90~152,1472,Iceon(Frost Fragment),ひとくちピエロ,https://sdvx.in/04/04049m.htm
Akzeriyyuth,15,EXH,HEAVENLY HAVEN,195,1797,Team&Dj Grimoire,MAD CHILD,https://sdvx.in/04/04349e.htm
ALTONA,15,EXH,HEAVENLY HAVEN,158,1366,SOUND HOLIC Vs. SWING HOLIC,Megacycle Vs. Megaheartz,https://sdvx.in/04/04391e.htm
Aragami,15,EXH,HEAVENLY HAVEN,48~196,1669,xi,Megacycle,https://sdvx.in/04/04015e.htm
Be a Hero!,15,EXH,HEAVENLY HAVEN,190,1587,中島由貴,Ether99,https://sdvx.in/04/04204e.htm
BEAST BASS BOMB,15,EXH,HEAVENLY HAVEN,170,1745,Hommarju,Hirayasu Matsudo,https://sdvx.in/04/04187e.htm
Black night,15,EXH,HEAVENLY HAVEN,226,1729,Noah,kamuy noko,https://sdvx.in/04/04330e.htm
Boss Rush,15,EXH,HEAVENLY HAVEN,190,1660,USAO,MAD CHILD,https://sdvx.in/04/04062e.htm
BREAKNECK NY☆N! NY★N!,15,EXH,HEAVENLY HAVEN,220,1294,ZerA,Megacycle,https://sdvx.in/04/04226e.htm
Catch Our Fire!,15,EXH,HEAVENLY HAVEN,190,1536,中島由貴,Ether99,
Cepheus,15,EXH,HEAVENLY HAVEN,190,1768,しらこいし,.424kHz,https://sdvx.in/04/04082e.htm
Chocolate Planet,15,EXH,HEAVENLY HAVEN,185,1811,Freezer feat.妃苺,七色Method,https://sdvx.in/04/04004e.htm
Coldlapse,15,EXH,HEAVENLY HAVEN,200,1384,Aoi vs. r0y,凹ーダー凸ード,https://sdvx.in/04/04348e.htm
Concertino in Blue,15,EXH,HEAVENLY HAVEN,103~155,1266,佐々木博史,PHQUASE,https://sdvx.in/04/04142e.htm
Dharma,15,EXH,HEAVENLY HAVEN,160,1230,Massive New Krew,東京ブルトゥーム,https://sdvx.in/04/04002e.htm
Divine's:Bugscript,15,EXH,HEAVENLY HAVEN,230,2113,かゆき,EIVY,https://sdvx.in/04/04278e.htm
ECHIDNA,15,EXH,HEAVENLY HAVEN,146,1467,HuΣeR,七色Method,https://sdvx.in/04/04291e.htm
Evans,15,EXH,HEAVENLY HAVEN,185,1445,DJ YOSHITAKA,Akizuki Nagomu,https://sdvx.in/04/04270e.htm
Fafnir,15,EXH,HEAVENLY HAVEN,196,1437,Aoi Sumito a.k.a. あおいひと,凹ーダー凸ード,https://sdvx.in/04/04145e.htm
GAIA,15,EXH,HEAVENLY HAVEN,180,1490,猫叉L.E.D.Master+,風瑠人,
Ghost Trigger,15,EXH,HEAVENLY HAVEN,140~280,1296,u-z feat.CHERICa,レッドホットスクリューズ,https://sdvx.in/04/04158e.htm
Goddess Bless you,15,EXH,HEAVENLY HAVEN,232,2040,winddrums,TEK-A-RHYTHM,https://sdvx.in/04/04196e.htm
Gorgetech,15,EXH,HEAVENLY HAVEN,160,1200,Shiron,電撃ロブスター,https://sdvx.in/04/04110e.htm
Grand-Guignol,15,EXH,HEAVENLY HAVEN,231,1709,モリモリあつし,ビーフジョッキー,https://sdvx.in/04/04146e.htm
HP1,15,EXH,HEAVENLY HAVEN,11~193,1483,Verdammt,ポテト亀山(魔法使い),https://sdvx.in/04/04179e.htm
Invisible Bullets,15,EXH,HEAVENLY HAVEN,184,1131,brz1128,電撃ロブスター,https://sdvx.in/04/04356e.htm
Junk Mania,15,EXH,HEAVENLY HAVEN,165,1427,udouddo&VALLEYSTONE,CRAIG AKAGI,https://sdvx.in/04/04086e.htm
Justitia Gladius,15,EXH,HEAVENLY HAVEN,156,1417,kanone,kamuy noko,https://sdvx.in/04/04309e.htm
KIMIDORI Streak!!,15,EXH,HEAVENLY HAVEN,219,1723,梅干茶漬け,Akizuki Nagomu,https://sdvx.in/04/04293e.htm
Lost Wing at.0,15,EXH,HEAVENLY HAVEN,185,1732,猫叉Master+,東京ブルトゥーム,
Lunatic Sprinter,15,EXH,HEAVENLY HAVEN,152~205,1872,さわわ,風瑠人,
MONOLITH,15,EXH,HEAVENLY HAVEN,170~205,1737,TOMOSUKE,Jin Majima,https://sdvx.in/04/04224e.htm
Musha Vibration,15,EXH,HEAVENLY HAVEN,177,1367,NA7,Akizuki Nagomu,
New Leaf,15,EXH,HEAVENLY HAVEN,173,1466,BlackY vs. Yooh,からあげブラザーズ vs. MAD CHILD,https://sdvx.in/04/04268e.htm
Nexta,15,EXH,HEAVENLY HAVEN,160,1600,lapix,NOX,https://sdvx.in/04/04289e.htm
planetarium,15,EXH,HEAVENLY HAVEN,180,1464,SUi,おすし仮面,https://sdvx.in/04/04225e.htm
Poppin’Cats!!,15,EXH,HEAVENLY HAVEN,150,1268,やどりぎ,東京ブルトゥーム,https://sdvx.in/04/04184e.htm
Puberty Dysthymia,15,EXH,HEAVENLY HAVEN,70~210,1357,BEMANI Sound Team ”person09”,フォックスロット,
Яe's NoVE,15,EXH,HEAVENLY HAVEN,250,1896,からとP feat.リた☆,Megacycle,https://sdvx.in/04/04246e.htm
REDO the NIGHT,15,EXH,HEAVENLY HAVEN,206,1872,岸田教団＆THE明星ロケッツ,鋼のビスカッチャ,https://sdvx.in/04/04389e.htm
RHYZING BEAT,15,EXH,HEAVENLY HAVEN,187,1450,PHQUASE,ウィーアーライジング！！～PH～,https://sdvx.in/04/04269e.htm
Sacrifice and Faith,15,EXH,HEAVENLY HAVEN,186~184,1650,ℱsinfonia（Yu_Asahina　溝口ゆうま　かなたん　大瀬良 あい）,SCライオット,https://sdvx.in/04/04234e.htm
Scarlet Lance,15,EXH,HEAVENLY HAVEN,185,1480,MASAKI（ZUNTATA）「グルーヴコースター」より,Megacycle,https://sdvx.in/04/04175e.htm
She Turns Me On,15,EXH,HEAVENLY HAVEN,200,1441,BEMANI Sound Team ”Sota Fujimori”,MAD CHILD,https://sdvx.in/04/04388e.htm
Sky High,15,EXH,HEAVENLY HAVEN,153,1766,Cuvelia,Jin Majima,https://sdvx.in/04/04260e.htm
SUPER SUMMER SALE,15,EXH,HEAVENLY HAVEN,155,1588,BEMANI Sound Team ”U1 overground”,Hirayasu Matsudo,
The Formula,15,EXH,HEAVENLY HAVEN,144,1701,Junk,ビーフジョッキー,https://sdvx.in/04/04084e.htm
The Golden Era,15,EXH,HEAVENLY HAVEN,175,1486,polysha,浮世マシーン,https://sdvx.in/04/04100e.htm
THE HEAVEN,15,EXH,HEAVENLY HAVEN,200,1773,Juggernaut.,ブルーコールドハリケーンズ＆レッドホットスクリューズ,
Theme of Ricerca,15,EXH,HEAVENLY HAVEN,90~158,1477,HuΣeR feat.ゆきまめ,月刊ミズタニ,https://sdvx.in/04/04131e.htm
Touch My Body,15,EXH,HEAVENLY HAVEN,150,1193,anubasu-anubasu,レッドホットスクリューズ,https://sdvx.in/04/04287e.htm
ULTRAVELOCITY,15,EXH,HEAVENLY HAVEN,158,1321,はがね,ひとくちピエロ,
V,15,EXH,HEAVENLY HAVEN,150,1210,TAKA,S,
Victim of Nights,15,EXH,HEAVENLY HAVEN,180,1427,すのうまん,電撃ロブスター,https://sdvx.in/04/04306e.htm
We Go Down,15,EXH,HEAVENLY HAVEN,230,1595,DJ Genki feat. SHIN from HYPERNOVA with 三代,レッドホットスクリューズ,https://sdvx.in/04/04085e.htm
Wings of Glory,15,EXH,HEAVENLY HAVEN,225,1899,Crawk × Capchii,フォックスロット,https://sdvx.in/04/04247e.htm
Xibercannon,15,EXH,HEAVENLY HAVEN,190,1642,隣の庭は青い(庭師+Aoi),SCバイオメトリクス,https://sdvx.in/04/04200e.htm
Yum Yum Sweetie,15,EXH,HEAVENLY HAVEN,165,1287,t+pazolite,電撃ロブスター,https://sdvx.in/04/04386e.htm
Zelophilia,15,EXH,HEAVENLY HAVEN,155,1278,ぺのれり feat.ぁゅ,ビーフジョッキー,https://sdvx.in/04/04209e.htm
アワデコノヨヲ,15,EXH,HEAVENLY HAVEN,212,1912,AMAZE,Akizuki Nagomu,https://sdvx.in/04/04273e.htm
お米,15,EXH,HEAVENLY HAVEN,190,1494,大日本鉄倶楽部【あさき＆９６】,大日本松倶楽部,
キュリオシティ,15,EXH,HEAVENLY HAVEN,193,1724,庭師,TEK-A-RHYTHM,https://sdvx.in/04/04039e.htm
ケムマキ underground,15,EXH,HEAVENLY HAVEN,200,1699,t+pazolite feat. リズナ,MAD CHILD,https://sdvx.in/04/04050e.htm
ゴーストルール,15,EXH,HEAVENLY HAVEN,210,1660,DECO*27,凹ーダー凸ード,
スラッシュシスターズ,15,EXH,HEAVENLY HAVEN,210,1882,はるなば with すずしろ&桃箱,からあげ//シスターズ,https://sdvx.in/04/04318e.htm
セイクリッド ルイン,15,EXH,HEAVENLY HAVEN,186,1786,Drop＆祇羽 feat. 葉月ゆら「太鼓の達人」より,TEK-A-TSUTHM,https://sdvx.in/04/04177e.htm
セイシュンライナー,15,EXH,HEAVENLY HAVEN,200,2204,蝶々P meets まじ娘,Akizuki Nagomu,
そして黄金郷へ,15,EXH,HEAVENLY HAVEN,260,1265,TAKU1175 × かにまゆ,dj strachen,https://sdvx.in/04/04321e.htm
のぼれ八坂坂！,15,EXH,HEAVENLY HAVEN,170,1785,ビートまりおとARM,浮世マシーン,https://sdvx.in/04/04150e.htm
びいすと！,15,EXH,HEAVENLY HAVEN,200,1593,ビートまりおとARM,月刊ポテタニ,https://sdvx.in/04/04219e.htm
まじかる生主＠りすなちゃん,15,EXH,HEAVENLY HAVEN,220,1831,DJ SHARPNEL feat. みらい,100%片思いの最高記録更新中～PH～,https://sdvx.in/04/04326e.htm
怒槌,15,EXH,HEAVENLY HAVEN,200,2265,光吉猛修「CHUNITHM」より,SCライオット from SOUND VOLTEX譜面ボーイズの逆襲,https://sdvx.in/04/04176e.htm
壊Rave*it!! 壊Rave*it!!,15,EXH,HEAVENLY HAVEN,280,1236,LeaF,cosMo＠暴走P,https://sdvx.in/04/04060e.htm
恋歌疾風！かるたクイーンいろは,15,EXH,HEAVENLY HAVEN,120~168,1523,ねこまんまチーム！,Antonio Guccini,https://sdvx.in/04/04063e.htm
業焔繚乱,15,EXH,HEAVENLY HAVEN,201,1542,BlackY,MAD CHILD,
極彩天奏,15,EXH,HEAVENLY HAVEN,156,1254,かゆき,Megacycle,https://sdvx.in/04/04211e.htm
獅子奮迅,15,EXH,HEAVENLY HAVEN,170,1527,a_hisa vs KV.S&はらたま,MaKoTo,https://sdvx.in/04/04144e.htm
準備運動,15,EXH,HEAVENLY HAVEN,182,1610,すのうまん,Ester運動,https://sdvx.in/04/04041e.htm
神話に芽吹く,15,EXH,HEAVENLY HAVEN,197,1467,Cororo,ビーフジョッキー,https://sdvx.in/04/04235e.htm
水簾ノ調,15,EXH,HEAVENLY HAVEN,190,1907,Capchii × Crawk,SHiJiMiSo Soup.☆彡,https://sdvx.in/04/04316e.htm
創世ノート,15,EXH,HEAVENLY HAVEN,200,1960,PON+wac,Antonio+Guccini,
†渚の小悪魔ラヴリィ～レイディオ†,15,EXH,HEAVENLY HAVEN,190,1592,夏色ビキニのPrim,謎にハイテンション～PH～,
片翼のディザイア,15,EXH,HEAVENLY HAVEN,178,1301,Endorfin.,凹ーダー凸ード,https://sdvx.in/04/04286e.htm
蓬莱フェスティボー,15,EXH,HEAVENLY HAVEN,180,1756,溝口ゆうま feat. みこ♡なち♡あい,Akizuki Nagomu,
蟲の棲む処,15,EXH,HEAVENLY HAVEN,161,1380,かめりあ feat. Nana Takahashi,MAD CHILD,https://sdvx.in/04/04259e.htm
物凄いスペースシャトルでこいしが物凄いうた,15,EXH,HEAVENLY HAVEN,175,1719,Halozy feat. ななひら,月刊ミズタニ,https://sdvx.in/04/04095e.htm
闇夜に舞うは紅の華,15,EXH,HEAVENLY HAVEN,174,1204,TAKU1175,SCバイオメトリクス,https://sdvx.in/04/04193e.htm
雷鼓サンダービート,15,EXH,HEAVENLY HAVEN,175,1427,ARM(IOSYS) feat.ビートまりお(COOL&CREATE),Sammy/A,https://sdvx.in/04/04109e.htm
羅生門,15,EXH,HEAVENLY HAVEN,230,1648,TAKU1175 × かにまゆ,ひとくちピエロ,https://sdvx.in/04/04231e.htm
ΣmbryO,15,ADV,HEAVENLY HAVEN,220,1601,かぼちゃ,粛清の cosMo × Method × ～PH～,
*Feels Seasickness...*,15,ADV,HEAVENLY HAVEN,82~248,1584,かめりあ,～PH～rogressive CRAZY KID,
FIN4LE ～終止線の彼方へ～,15,ADV,HEAVENLY HAVEN,256,1319,カモメサノエレクトリックオーケストラ,PHQUASE phantom,
HE4VEN ～天国へようこそ～,15,ADV,HEAVENLY HAVEN,256,1442,カモメサノエレクトリックオーケストラ,PHQUASE Utopia,
I,15,ADV,HEAVENLY HAVEN,225,2268,黒魔,深淵の闇より出でし光芒を描く者～PH～,
iLLness LiLin,15,ADV,HEAVENLY HAVEN,280,1285,かねこちはる,MAD CHILD Dystiopia,
WHITEOUT,15,ADV,HEAVENLY HAVEN,198,1738,かねこちはる,Captain CRAZY KID,
Xronier,15,ADV,HEAVENLY HAVEN,234,1779,かめりあ as ”fluX Xroise”,レッドホットスクリューズ,
超☆超☆光☆速☆出☆前☆最☆速!!! スピード★スター★かなで,15,ADV,HEAVENLY HAVEN,30~999,1470,かめりあ feat. ななひら,全身全霊前進 全開全力疾走 四万十川,
About me,15,EXH,GRAVITY WARS,134,1279,蝶々P,P1Y02,https://sdvx.in/03/03218e.htm
Belly Flopper,15,EXH,GRAVITY WARS,185,1722,O2i3,Hermit♣club,https://sdvx.in/03/03026e.htm
citrus,15,EXH,GRAVITY WARS,174,1590,kamome sano,わかば,https://sdvx.in/03/03147e.htm
Crazy ∞ nighT,15,EXH,GRAVITY WARS,204,1990,ひとしずく×やま△,わかば,https://sdvx.in/03/03124e.htm
Death Blossom,15,EXH,GRAVITY WARS,174,1618,REDALiCE feat.Ayumi Nomiya,ダークダークダーク,https://sdvx.in/03/03345e.htm
Fabula Nova,15,EXH,GRAVITY WARS,128,1376,unatra,Law of cosines vs. TAKUYA,https://sdvx.in/03/03375e.htm
FAKE STYLE II,15,EXH,GRAVITY WARS,125,1465,FAKE TYPE.,MAD CHILD,https://sdvx.in/03/03195e.htm
Finally Dive,15,EXH,GRAVITY WARS,146,1468,ここなつ Produced by lapix,レッドホットスクリューズ,https://sdvx.in/03/03248e.htm
Go↓Go↑Girls&Boys!,15,EXH,GRAVITY WARS,158,1703,松下feat.Sota & wac,イエローSUB魔鈴 × TAKUYA,https://sdvx.in/03/03056e.htm
HAELE III ~Angel Worlds~,15,EXH,GRAVITY WARS,185,2189,Yu_Asahina ft. Ritsuka,レッドホットスクリューズ,https://sdvx.in/03/03189e.htm
Hustle Beat!!,15,EXH,GRAVITY WARS,148,1382,とろまる,浮世マシーン,https://sdvx.in/03/03035e.htm
Issen,15,EXH,GRAVITY WARS,112,1188,tanso a.k.a. モリヤマサト,Hirayasu Matsudo,https://sdvx.in/03/03388e.htm
Le ××××,15,EXH,GRAVITY WARS,175~190,1615,Orange Vox+ ft.konomi*,カジキガツオ,https://sdvx.in/03/03193e.htm
Lonly Ranunculus,15,EXH,GRAVITY WARS,160,1335,Amateras Records feat.築山さえ,ダークダークダーク,https://sdvx.in/03/03397e.htm
macaron,15,EXH,GRAVITY WARS,185,2241,colate,スカイシュート,https://sdvx.in/03/03061e.htm
Mermaid girl (Tropical Remix),15,EXH,GRAVITY WARS,100~150,1457,Hyuji feat. LIQU@。,SCバイオメトリクス,https://sdvx.in/03/03331e.htm
Mind Mapping (hard liquid remix),15,EXH,GRAVITY WARS,175,1716,borzy,ダークダークダーク,https://sdvx.in/03/03318e.htm
Never Ending,15,EXH,GRAVITY WARS,180~220,1863,syzfonics,MaKoTo,https://sdvx.in/03/03230e.htm
New Days,15,EXH,GRAVITY WARS,123,1286,10calorie,WMM-E,https://sdvx.in/03/03129e.htm
ON FIRE,15,EXH,GRAVITY WARS,160,1470,ニシジマユーキ,東京ブルトゥーム,https://sdvx.in/03/03100e.htm
Poison Blood,15,EXH,GRAVITY WARS,200,1930,udouddo,SCバイオメトリクス,https://sdvx.in/03/03083e.htm
Prelude-Hereafter-,15,EXH,GRAVITY WARS,195,2112,源屋,逆球レジェンド × MISY.b,https://sdvx.in/03/03042e.htm
Princessどうかお願い!!,15,EXH,GRAVITY WARS,169,1852,20文字と言う字数制限に挑み続けるかぼち,Princess みさこ,https://sdvx.in/03/03126e.htm
Russian Caravan Rhapsody,15,EXH,GRAVITY WARS,158,1502,Power Of Nature,MaKoTo,https://sdvx.in/03/03092e.htm
SkyDrive!,15,EXH,GRAVITY WARS,170,1492,Amateras Records feat.築山さえ,TAKUYA,https://sdvx.in/03/03004e.htm
Smooth Wind,15,EXH,GRAVITY WARS,152,1497,とろまる,浮世マシーン,https://sdvx.in/03/03325e.htm
StrayedCatz,15,EXH,GRAVITY WARS,151,1497,削除,WMM-E,https://sdvx.in/03/03366e.htm
The Wind of Gold -HΔPPY MIX-,15,EXH,GRAVITY WARS,180,1280,sky_delta,レッドホットスクリューズ,https://sdvx.in/03/03016e.htm
twilight signal,15,EXH,GRAVITY WARS,144,1532,XIzE,ひとくちピエロ,https://sdvx.in/03/03202e.htm
VOLTEXES,15,EXH,GRAVITY WARS,150,1163,Sota Fujimori,PHUQUASE ver.I,https://sdvx.in/03/03239e.htm
VOLTEXES II,15,EXH,GRAVITY WARS,147,1271,Sota Fujimori,月刊ミズタニ ver.II,https://sdvx.in/03/03240e.htm
お嫁にしなさいっ！,15,EXH,GRAVITY WARS,110~180,1684,ARM＋夕野ヨシミ (IOSYS),Megacycle,https://sdvx.in/03/03270e.htm
シャ ビ ドゥ 素敵な恋の魔法,15,EXH,GRAVITY WARS,120,1638,ARM feat. ちよこ(IOSYS),わかば,https://sdvx.in/03/03135e.htm
ジャンピン・スマイル,15,EXH,GRAVITY WARS,242,2100,梅干茶漬け,ごましおくん,https://sdvx.in/03/03391e.htm
ダブルラリアット,15,EXH,GRAVITY WARS,138,1362,アゴアニキ,月刊ミズタニ,https://sdvx.in/03/03220e.htm
ちくわパフェだよ☆ＣＫＰ,15,EXH,GRAVITY WARS,205,1860,日向美ビタースイーツ♪,月刊ミズタニ,https://sdvx.in/03/03172e.htm
ナイフ,15,EXH,GRAVITY WARS,0,1879,パワーコードP,MaKoTo,https://sdvx.in/03/03011e.htm
ネコクマウササー,15,EXH,GRAVITY WARS,180,1559,溝口ゆうま feat. みこ♡なち♡あい,Hermit♣club,https://sdvx.in/03/03385e.htm
ハナビラ:リンクス,15,EXH,GRAVITY WARS,182,1421,かゆき＆yoa feat.もちこまめ,ま☆,https://sdvx.in/03/03164e.htm
ヒミツダイヤル,15,EXH,GRAVITY WARS,112,1231,ここなつ,マッドチャイルド,https://sdvx.in/03/03398e.htm
ブチアゲドクター☆ハイテッコ三姉妹,15,EXH,GRAVITY WARS,155,1376,溝口ゆうま feat. みこ♡なち♡あい,MAD CHILD,https://sdvx.in/03/03305e.htm
フラッター現象の顛末と単一指向性の感情論,15,EXH,GRAVITY WARS,206,2283,日向美ビタースイーツ♪,Megacycle,https://sdvx.in/03/03237e.htm
みくみくにしてあげる♪【してやんよ】,15,EXH,GRAVITY WARS,160,1414,ika,恵方真紀,https://sdvx.in/03/03217e.htm
めうめうぺったんたん！！,15,EXH,GRAVITY WARS,185,1714,日向美ビタースイーツ♪,金色の夜叉,https://sdvx.in/03/03171e.htm
ゆうしゃのふゆやすみ,15,EXH,GRAVITY WARS,167,1669,Verdammt,凹ーダー凸ード,https://sdvx.in/03/03403e.htm
リカーシブ・ファンクション,15,EXH,GRAVITY WARS,145,1323,OSTER project,ま☆,https://sdvx.in/03/03140e.htm
朝色の紙飛行機,15,EXH,GRAVITY WARS,0,1313,かめりあ,Hermit♣club,https://sdvx.in/03/03081e.htm
鎖の少女,15,EXH,GRAVITY WARS,135,1533,のぼる↑,博多の男,https://sdvx.in/03/03009e.htm
水月鏡花のコノテーション,15,EXH,GRAVITY WARS,185,1959,日向美ビタースイーツ♪,東京ブルトゥーム,https://sdvx.in/03/03290e.htm
好きトキメキとキス,15,EXH,GRAVITY WARS,200,1833,かねこちはる feat. はぁち,恵方真紀,https://sdvx.in/03/03114e.htm
仙酌絶唱のファンタジア,15,EXH,GRAVITY WARS,160,1898,博麗神社例大祭コラボユニット,Megacycle,https://sdvx.in/03/03322e.htm
弾幕注意報2014,15,EXH,GRAVITY WARS,155,1844,東京アクティブNEETs,浮世マシーン,https://sdvx.in/03/03300e.htm
地方創生☆チクワクティクス,15,EXH,GRAVITY WARS,170,1452,日向美ビタースイーツ♪,地方創生☆フカセクティクス,https://sdvx.in/03/03235e.htm
月見夜ラビット,15,EXH,GRAVITY WARS,240,1802,蝶々P,Megacycle,https://sdvx.in/03/03010e.htm
-約束-,15,EXH,GRAVITY WARS,184,1895,ばんし,金色の夜叉,https://sdvx.in/03/03284e.htm
恋繋エピローグ,15,EXH,GRAVITY WARS,155,1594,Amateras Records feat.KUMI（ヲタみん）,MAD CHILD,https://sdvx.in/03/03312e.htm
Ha・lle・lu・jah,15,INF,BOOTH,150,1220,SOUND HOLIC feat. Nana Takahashi,逆球レジェンド,https://sdvx.in/01/01026m.htm
ごりらがいるんだ～かぼちゃが歌ってみたver～,15,INF,BOOTH,160,1337,ピノキオP,週刊ミズタニ,https://sdvx.in/01/01017m.htm
ってゐ！,15,INF,INFINITE INFECTION,314~340,1865,石鹸屋,MAD CHILD,https://sdvx.in/02/02242m.htm
バタフライキャット,15,INF,BOOTH,167,1468,daniwell,ユカリ☆chan,https://sdvx.in/01/01025m.htm
ミライプリズム,15,INF,INFINITE INFECTION,140,1501,ここなつ,MAD CHILD & Hirayasu Matsudo,https://sdvx.in/02/02264m.htm
恋する☆宇宙戦争っ！！,15,INF,BOOTH,200,1556,ARM(IOSYS),まだまだ負けないんだから～☆ki4ki4,https://sdvx.in/01/01053m.htm
月に叢雲華に風,15,INF,BOOTH,160,1901,幽閉サテライト feat. Senya,MAD CHILD,https://sdvx.in/01/01090m.htm
凛として咲く花の如く,15,INF,BOOTH,163,1579,マチゲリータ,Megacycle,https://sdvx.in/01/01013m.htm
Baby Sherry,15,EXH,INFINITE INFECTION,296,1484,ぺのれり,TAKUYA,https://sdvx.in/02/02263e.htm
BUBBLE RAVER,15,EXH,INFINITE INFECTION,174,1447,P*Light,逆球レジェンド,https://sdvx.in/02/02139e.htm
Cleopatrysm,15,EXH,INFINITE INFECTION,190,1663,ピラミッ℃,THE THIRD MAN,https://sdvx.in/02/02274e.htm
Daily Lunch Special ～DeliciousREMIX～,15,EXH,INFINITE INFECTION,210,1475,提供,MAD CHILD,https://sdvx.in/02/02095e.htm
Dawn of Asia,15,EXH,INFINITE INFECTION,188,1610,ginkiha+kamome sano,DJ WILDPARTY vs. Hermit♣club,https://sdvx.in/02/02124e.htm
- dirty rouge -,15,EXH,INFINITE INFECTION,254,1893,ぺのれり,博多の男,https://sdvx.in/02/02137e.htm
further the future,15,EXH,INFINITE INFECTION,142,1416,上村香月,SCバイオメトリクス,https://sdvx.in/02/02312e.htm
Get out of my sight,15,EXH,INFINITE INFECTION,200,1419,void(IOSYS) feat. 厚志(石鹸屋)&周平(Silently Shooting Traitors),THE THIRD MAN,https://sdvx.in/02/02249e.htm
INFINITY OVERDRIVE,15,EXH,INFINITE INFECTION,185,1662,DecisionS(kanone + nora2r),MAD CHILD vs. しばまる子,https://sdvx.in/02/02126e.htm
Last Battalion,15,EXH,INFINITE INFECTION,185,1692,ETIA.,Hermit♣club,https://sdvx.in/02/02163e.htm
LEMON SUMMER,15,EXH,INFINITE INFECTION,180,1490,パイタン,MISY.b,https://sdvx.in/02/02141e.htm
Lieselotte,15,EXH,INFINITE INFECTION,180,1857,wa.,Megacycle,https://sdvx.in/02/02063e.htm
LittleGameStar,15,EXH,INFINITE INFECTION,215,1887,An,MaKoTo,https://sdvx.in/02/02185e.htm
Lunatic Rough Party!!,15,EXH,INFINITE INFECTION,120~400,1143,かめりあ,MAD CHILD,https://sdvx.in/02/02177e.htm
Mother Ship,15,EXH,INFINITE INFECTION,180,1111,C-YA,レッドホットスクリューズ,https://sdvx.in/02/02019e.htm
NEXT BILLIONAIRE,15,EXH,INFINITE INFECTION,130~165,1481,SOUND HOLIC feat. Nana Takahashi,PHQUASE,https://sdvx.in/02/02238e.htm
Next infection,15,EXH,INFINITE INFECTION,188,1518,Sanaas,TEK-A-RHYTHM,https://sdvx.in/02/02010e.htm
odds and ends,15,EXH,INFINITE INFECTION,264,1334,MarcheИ,MAD CHILD,https://sdvx.in/02/02212e.htm
Over the Starlit sky,15,EXH,INFINITE INFECTION,175,1323,MUZIK SERVANT feat.CHERICa,レッドホットスクリューズ,https://sdvx.in/02/02116e.htm
Paradoxy,15,EXH,INFINITE INFECTION,145,1383,lapix,G9D,https://sdvx.in/02/02138e.htm
Party Stream !!,15,EXH,INFINITE INFECTION,180,1527,DJ Amane,レッドホットスクリューズ,https://sdvx.in/02/02051e.htm
Pristine Bigband,15,EXH,INFINITE INFECTION,218,1975,Y*Quartet project,SCバイオメトリクス,https://sdvx.in/02/02303e.htm
Rings of Rainbow,15,EXH,INFINITE INFECTION,215,1683,Hommarju,イエローSUB魔鈴,https://sdvx.in/02/02140e.htm
Sakura Reflection (P*Light Slayer Remix),15,EXH,INFINITE INFECTION,186,1435,P*Light,PHQUASE,https://sdvx.in/02/02016e.htm
She is my wife すーぱーアイドル☆ミツル子Remixちゃん,15,EXH,INFINITE INFECTION,85~370,1329,高井さんとuno(IOSYS),すーぱーアイドル☆フカセ子ちゃん,https://sdvx.in/02/02017e.htm
shiny rainbow flower,15,EXH,INFINITE INFECTION,148,1570,C-YA,SCバイオメトリクス,https://sdvx.in/02/02309e.htm
SPARKING 2012,15,EXH,INFINITE INFECTION,185,1630,IRON ATTACK!,レッドホットスクリューズ,https://sdvx.in/02/02250e.htm
take a step forward,15,EXH,INFINITE INFECTION,190,1983,uma,TAKUYA,https://sdvx.in/02/02161e.htm
U.N. Owen was her?,15,EXH,INFINITE INFECTION,142,1401,Hyuji,U.N. Okawatt,https://sdvx.in/02/02101e.htm
Unlimited Field,15,EXH,INFINITE INFECTION,193,1822,"Music by 上村香月, Vocal by Kuroa*",MAD CHILD,https://sdvx.in/02/02230e.htm
Venona,15,EXH,INFINITE INFECTION,178,2160,DOUBLE HELIX【たちのん&零-zero-】,週刊ミズタニ,https://sdvx.in/02/02090e.htm
VERSUS!!,15,EXH,INFINITE INFECTION,187~280,1233,しけもく,週刊ミズタニ,https://sdvx.in/02/02111e.htm
Vindicator,15,EXH,INFINITE INFECTION,87~175,1135,void (Mournfinale),Hermit♣club,https://sdvx.in/02/02001e.htm
Virtual Sunrise,15,EXH,INFINITE INFECTION,170,1653,kors k,MAD CHILD,https://sdvx.in/02/02216e.htm
Virtual Sunrise (xac remix),15,EXH,INFINITE INFECTION,175,1995,xac,スカイシュート,https://sdvx.in/02/02315e.htm
Voice 2 Voice,15,EXH,INFINITE INFECTION,143,1225,MAD CHILD,MAD CHILD,https://sdvx.in/02/02100e.htm
wander+wonder+wand,15,EXH,INFINITE INFECTION,157,1279,uma,MAD CHILD,https://sdvx.in/02/02273e.htm
WAVE,15,EXH,INFINITE INFECTION,156,1719,niki feat.kradness,Hermit♣club,https://sdvx.in/02/02192e.htm
Wave of Craze,15,EXH,INFINITE INFECTION,153,1218,Shiron,Megacycle,https://sdvx.in/02/02269e.htm
We Are The Scarlet,15,EXH,INFINITE INFECTION,180,1718,天音 (Rolling Contact),Megacycle,https://sdvx.in/02/02150e.htm
Wuv U -More2 HAPPY Re-Mix Special-,15,EXH,INFINITE INFECTION,177,1554,Yu_Asahina,Hermit♣club,https://sdvx.in/02/02285e.htm
アルストロメリア KURO-HACO Remix,15,EXH,INFINITE INFECTION,173,1337,kuroburger,レッドホットスクリューズ,https://sdvx.in/02/02059e.htm
ウサテイ,15,EXH,INFINITE INFECTION,190,1535,あまね＋ビートまりお（COOL&CREATE）,ごましおくん vs. Megacycle,https://sdvx.in/02/02109e.htm
カレクレンマ,15,EXH,INFINITE INFECTION,121,1275,"Music by アサヒナユウ, Vocal by みかん汁",Megacycle,https://sdvx.in/02/02245e.htm
こちら、幸福安心委員会です。,15,EXH,INFINITE INFECTION,128,1545,うたたP,ねちっこく堂,https://sdvx.in/02/02047e.htm
コミカルなミシャグジとラジエーション,15,EXH,INFINITE INFECTION,160,1385,void & ARM feat. ななひら & ちよこ,MAD CHILD,https://sdvx.in/02/02278e.htm
しんでしまうとはなさけない！,15,EXH,INFINITE INFECTION,174,1558,ワンダフル☆オポチュニティ！,MAD CHILD & Fortunality,https://sdvx.in/02/02298e.htm
ゼンマイ恋時計,15,EXH,INFINITE INFECTION,168,1393,A-One,月刊ミズタニ,https://sdvx.in/02/02251e.htm
デッドボヲルdeホームラン,15,EXH,INFINITE INFECTION,145,1251,猫叉Masterβ2,MAD CHILD,https://sdvx.in/02/02186e.htm
はわわｗ！な展開っ！,15,EXH,INFINITE INFECTION,200,2221,かねこちはる feat. 紫崎 雪,TAKUYA,https://sdvx.in/02/02291e.htm
ぼくらのタイムカプセル,15,EXH,INFINITE INFECTION,180,1775,ラムネ(村人P),浮世マシーン,https://sdvx.in/02/02267e.htm
ませまてぃっく?ま+ま=まじっく！,15,EXH,INFINITE INFECTION,192,1550,かめりあ feat. ななひら,もう勉強したくない！ふかせ,https://sdvx.in/02/02053e.htm
モモンが門番ばんっ☆,15,EXH,INFINITE INFECTION,186,1761,ねこみりん feat.みゆ,PHQUASE,https://sdvx.in/02/02093e.htm
やばいつよくてあたまいいあたいのうた,15,EXH,INFINITE INFECTION,175~250,1931,Shiron feat. Kuroa*,Megacycle,https://sdvx.in/02/02144e.htm
ワヴル魔法図書館,15,EXH,INFINITE INFECTION,180,1842,wobble magic library,MAD CHILD,https://sdvx.in/02/02134e.htm
愛くるしフール,15,EXH,INFINITE INFECTION,174,1528,2ボス如きに負けるかぼちゃではなｙうわー,週刊ミズタニ,https://sdvx.in/02/02102e.htm
御千手メディテーション,15,EXH,INFINITE INFECTION,150~190,1670,昇天家族,MAD CHILD,https://sdvx.in/02/02275e.htm
神となり彼が見た境界線,15,EXH,INFINITE INFECTION,178,1812,上村香月,レッドホットスクリューズ,https://sdvx.in/02/02202e.htm
患部で止まってすぐ溶ける,15,EXH,INFINITE INFECTION,200,1741,ARM(IOSYS),血管収縮剤・塩酸テトラヒドロゾリンを配合したふかせ,https://sdvx.in/02/02241e.htm
群青硝子のスピカ,15,EXH,INFINITE INFECTION,145,1254,unatra / カラクサ,Antonio Guccini,https://sdvx.in/02/02208e.htm
幻想系世界修復少女,15,EXH,INFINITE INFECTION,193,1304,Last Note.,MAD CHILD,https://sdvx.in/02/02255e.htm
幻想浄瑠璃,15,EXH,INFINITE INFECTION,143,1349,Ayatsugu_Otowa,レッドホットスクリューズ,https://sdvx.in/02/02270e.htm
恋はどう？モロ◎波動OK☆方程式!!,15,EXH,INFINITE INFECTION,128,1218,あべにゅぅぷろじぇくと feat.佐倉紗織 produced by ave;new,ユカリ☆chan,https://sdvx.in/02/02094e.htm
獣性オーバーフロウ,15,EXH,INFINITE INFECTION,168,1445,PROCYON KNIGHTS PROJECT,Ether99,https://sdvx.in/02/02084e.htm
白い雪のプリンセスは,15,EXH,INFINITE INFECTION,200,2499,のぼる↑,PHQUASE,https://sdvx.in/02/02288e.htm
侵蝕コード：666,15,EXH,INFINITE INFECTION,138~276,1406,かぼちゃ「黒幕はあやつぐ」と供述しており,THE THIRD MAN said,https://sdvx.in/02/02222e.htm
曾根崎心中,15,EXH,INFINITE INFECTION,190,1435,デッドボールP,mitsu,https://sdvx.in/02/02114e.htm
竹取飛翔,15,EXH,INFINITE INFECTION,156,1620,岸田教団＆THE明星ロケッツ,MAD CHILD,https://sdvx.in/02/02237e.htm
打打打打打打打打打打,15,EXH,INFINITE INFECTION,156,1404,ヒゲドライバー join. SELEN,SHOUTICE,https://sdvx.in/02/02296e.htm
冬に桜が咲くようなキセキ。,15,EXH,INFINITE INFECTION,160,1607,"Music by nmk/佐原誠&kei_iwata, Vocal by SOPHY",PHQUASE,https://sdvx.in/02/02233e.htm
僕は空気が嫁ない,15,EXH,INFINITE INFECTION,192,1667,cosMo＠暴走P,mitsu,https://sdvx.in/02/02290e.htm
魔法少女達の百年祭,15,EXH,INFINITE INFECTION,200,1540,masty,MAD CHILD,https://sdvx.in/02/02118e.htm
Disagree Feelings,15,EXH,BOOTH,170,1326,uno(IOSYS),PHQUASE,https://sdvx.in/01/01144e.htm
Distorted Floor,15,EXH,BOOTH,95~180,1538,RoughSketch,MAD CHILD,https://sdvx.in/01/01068e.htm
Earthquake Super Shock,15,EXH,BOOTH,175,1471,SOUND HOLIC feat. Nana Takahashi,Antonio Guccini,https://sdvx.in/01/01147e.htm
Evans VolteX Pf arrange,15,EXH,BOOTH,180,1088,cosMo＠暴走P,しばまる子,https://sdvx.in/01/01015e.htm
freaky freak,15,EXH,BOOTH,145,1254,kamome sano,レッドホットスクリューズ,https://sdvx.in/01/01069e.htm
Freeway Shuffle -Morb2 HAPPY Re-Mix-,15,EXH,BOOTH,160,1306,Yu_Asahina,PHQUASE,https://sdvx.in/01/01098e.htm
Grip & Break down !!,15,EXH,BOOTH,160,1375,SOUND HOLIC feat. Nana Takahashi,PHQUASE,https://sdvx.in/01/01084e.htm
MANDARA,15,EXH,BOOTH,216,1030,さたな,PHQUASE,https://sdvx.in/01/01142e.htm
MAX300,15,EXH,BOOTH,136,887,takamatt,ブラックとちおとめ♪(｀・ω・´),https://sdvx.in/01/01010e.htm
Space Diver Tama,15,EXH,BOOTH,170,1018,黒魔,karasu,https://sdvx.in/01/01060e.htm
taboo tears you up 2008,15,EXH,BOOTH,180,1329,REDALiCE,TEK-A-RHYTHM,https://sdvx.in/01/01085e.htm
TYCOON,15,EXH,BOOTH,170,1219,SOUND HOLIC feat. Nana Takahashi,Megacycle,https://sdvx.in/01/01044e.htm
エスケープ・フロム・ディストピア,15,EXH,BOOTH,208,1449,cosMo＠暴走P feat.MAYU,DJ UTO,https://sdvx.in/01/01106e.htm
カミサマネジマキ,15,EXH,BOOTH,284,1065,kemu feat. GUMI,kinoto,https://sdvx.in/01/01108e.htm
ケッペキショウ,15,EXH,BOOTH,190,1377,すこっぷ feat.GUMI,月刊ミズタニ,https://sdvx.in/01/01149e.htm
ケロ⑨destiny,15,EXH,BOOTH,172,1445,Silver Forest feat. めらみぽっぷ,TEK-A-RHYTHM,https://sdvx.in/01/01126e.htm
ずっとそばにいさせてよね！,15,EXH,BOOTH,180,1444,"Music by 音遊人 -mu-jin-, Vocal by みかん汁",しばまる子,https://sdvx.in/01/01159e.htm
セツナトリップ,15,EXH,BOOTH,145,1180,Last Note. feat.GUMI,Sammy/A,https://sdvx.in/01/01076e.htm
ナイト・オブ・ナイツ,15,EXH,BOOTH,180,1275,ビートまりお（COOL&CREATE）,TEK-A-RHYTHM×しばまる子,https://sdvx.in/01/01135e.htm
ノイジーラバーソウル,15,EXH,BOOTH,190,1264,Last Note. feat. GUMI,Acid=Stone Valley,https://sdvx.in/01/01110e.htm
ルービックキューブ,15,EXH,BOOTH,140,1119,otetsu feat.GUMI,kinoto,https://sdvx.in/01/01163e.htm
仇返しシンドローム,15,EXH,BOOTH,142,1371,まふまふ feat.IA,mitsu,https://sdvx.in/01/01166e.htm
恋する☆宇宙戦争っ！！,15,EXH,BOOTH,200,1559,ARM(IOSYS),えいえいお～☆ふかせ,https://sdvx.in/01/01053e.htm
人生リセットボタン,15,EXH,BOOTH,200,1265,kemu feat. GUMI,Acid=Stone Valley,https://sdvx.in/01/01105e.htm
超恋愛☆エクストリーム・ガール,15,EXH,BOOTH,196,1246,"Music by Ayatsugu_otowa, Vocal by みゅい",TEK-A-RHYTHM,https://sdvx.in/01/01154e.htm
突撃!ガラスのニーソ姫!,15,EXH,BOOTH,185,1446,D.watt,ごましおくん(ニーソックス！),https://sdvx.in/01/01052e.htm
魔理沙は大変なものを盗んでいきました,15,EXH,BOOTH,170,1280,ARM(IOSYS),TEK-A-RHYTHM×逆球レジェンド,https://sdvx.in/01/01128e.htm
物凄い勢いでけーねが物凄いうた,15,EXH,BOOTH,180,1384,Halozy,月刊ミズタニ,https://sdvx.in/01/01129e.htm
Anti-Matter,16,EXH,NABLA,200,0,Orbit1 & Milo,Plasmadeleine,
Black Out,16,EXH,NABLA,165,1715,Hommarju,Hananashi Karin,
ИEXTAGE,16,EXH,NABLA,190,1744,polysha&Ashrount,conceptual explorer,
Veins Resonance,16,EXH,NABLA,207,0,めと（Metomate）,ダークダークダークダーク,
Votum stellarum -forest #25 RMX-,16,EXH,NABLA,140,0,iconoclasm,七色Method,
ミスクレイジースピード,16,EXH,NABLA,220,0,cosMo＠暴走P feat 初音ミク,cosMo＠暴走P,
華麗なる一撃,16,EXH,NABLA,190,0,TAKIO feat. 駄々子,ゆめいろパフィー,
稲田姫様に叱られちゃいました,16,EXH,NABLA,188,1886,りりぃろっくfeatЄИ1GM4&桃寝ちのい,ゆめいろパフィー,
天鯨譚,16,EXH,NABLA,215,1873,テヅカ x otoshi.b,fractal-shoot!! MODE:BPL,https://sdvx.in/07/07024e.htm
Happiness World,16,MXM,EXCEED GEAR,150,1300,BABACORN(宝鐘マリン/白上フブキ),Leverlesscontrollers,https://sdvx.in/06/06402m.htm
リメンバーリメンバー,16,MXM,EXCEED GEAR,182,1875,covered by 轟はじめ(ReGLOSS),花梨 かりん,https://sdvx.in/06/06644m.htm
愛昧ショコラーテ,16,MXM,EXCEED GEAR,135,1823,角巻わため,花梨 かりん,https://sdvx.in/06/06476m.htm
∞vitUniverse,16,EXH,EXCEED GEAR,234,2097,Lime,Arcana,https://sdvx.in/06/06505e.htm
Almandite,16,EXH,EXCEED GEAR,207,2054,7mai,Hananashi Karin,https://sdvx.in/06/06497e.htm
=∴NOMADE∵OTION=,16,EXH,EXCEED GEAR,250,2490,qfeileadh + yuichi NAGAO,Hananashi Karin,https://sdvx.in/06/06417e.htm
ΛNXIENT:LEGΛXIEZ,16,EXH,EXCEED GEAR,261,1733,Ashrount,ゆめいろパフィー,
ARACHNE,16,EXH,EXCEED GEAR,179,1636,MAX MAXIMIZER,レッドホットスクリューズ,https://sdvx.in/06/06403e.htm
Ars Magna,16,EXH,EXCEED GEAR,269,1431,Riz,サイバーガスタンク,https://sdvx.in/06/06449e.htm
B.B.K.K.B.K.K.(USAO Remix),16,EXH,EXCEED GEAR,195,2184,nora2r Remixed by USAO,Hananashi Karin,https://sdvx.in/06/06539e.htm
BEMANI PRO LEAGUE -SEASON 2- SOUND VOLTEX ULTIMATE MEDLEY,16,EXH,EXCEED GEAR,215,2131,FLOOR LEGENDS -BPL S2 SDVX-,SOUND VOLTEX Effectors,https://sdvx.in/06/06461e.htm
birth,16,EXH,EXCEED GEAR,200~220,2248,Yu_Asahina,フォックスロット,https://sdvx.in/06/06367e.htm
BLISS,16,EXH,EXCEED GEAR,190~210,1803,ミハイル + K.key,fractal-shoot!! f,https://sdvx.in/06/06378e.htm
Blφφdy Cφncertφ,16,EXH,EXCEED GEAR,210,1766,OSTER project & RoughSketch,Amazonought & Megacycle,https://sdvx.in/06/06508e.htm
Blossom,16,EXH,EXCEED GEAR,175,1781,Synthion,ロイヤルクラッカー,https://sdvx.in/06/06345e.htm
Break Through Δpex,16,EXH,EXCEED GEAR,190~210,1779,Halv feat.Kuroa*,ROYΔL CRΔCKER,https://sdvx.in/06/06448e.htm
C18H27NO3(ryhki remix),16,EXH,EXCEED GEAR,75~155,1383,ryhki,エナメルペンギン,https://sdvx.in/06/06559e.htm
CadenzaMaiden,16,EXH,EXCEED GEAR,145~290,1479,u-z feat.紫咲ほたる,FriedChickenSisters feat. 2conノックオン,https://sdvx.in/06/06350e.htm
Caldwell 99,16,EXH,EXCEED GEAR,142,1512,BlackY,Akizuki Nagomu,https://sdvx.in/06/06421e.htm
Come to Life,16,EXH,EXCEED GEAR,180,1779,ARM (IOSYS) feat. Nicole Curry,Hananashi Karin,https://sdvx.in/06/06527e.htm
Crack Traxxxx (108x3 BPM Remix),16,EXH,EXCEED GEAR,81~324,1281,RoughSketch,電撃ロブスター,https://sdvx.in/06/06560e.htm
D.I.X.,16,EXH,EXCEED GEAR,70~1080,1783,日夜すずり feat. 凜々,モンスタードミノ卿,https://sdvx.in/06/06357e.htm
Dear Deer,16,EXH,EXCEED GEAR,185,1686,Hylen,conceptual explorer,https://sdvx.in/06/06614e.htm
Deep tenDon Reflex,16,EXH,EXCEED GEAR,180,1749,BEMANI Sound Team ”Coyaan”,fryctal-shoot!!,https://sdvx.in/06/06438e.htm
Distorted Floor -Boosted-,16,EXH,EXCEED GEAR,166,1375,M-UE vs. siromaru,dj strassen,https://sdvx.in/06/06342e.htm
Double or Nothing,16,EXH,EXCEED GEAR,175,1389,Tatsunoshin,電撃ロブスター,https://sdvx.in/06/06430e.htm
Dynasty -dal segno-,16,EXH,EXCEED GEAR,205,1923,Ashrount,フォックスロット,https://sdvx.in/06/06579e.htm
ΣMERGENCY CODΣ,16,EXH,EXCEED GEAR,205,2133,概念,風瑠人,https://sdvx.in/06/06375e.htm
ENERGY SYNERGY MATRIX,16,EXH,EXCEED GEAR,160,1344,Tanchiky,Akizuki Nagomu,https://sdvx.in/06/06337e.htm
Enter The Rave,16,EXH,EXCEED GEAR,160,1437,Tatsunoshin,MASTER TRICK,https://sdvx.in/06/06389e.htm
FLAVOR-G,16,EXH,EXCEED GEAR,200,1569,utzbo,トトリオン軍団,https://sdvx.in/06/06646e.htm
For All The Challengers,16,EXH,EXCEED GEAR,201,1749,cosMo＠暴走P,cosMo＠暴走P,https://sdvx.in/06/06547e.htm
Golden Rotation,16,EXH,EXCEED GEAR,177,1502,xi,SALMON GRAPHY,https://sdvx.in/06/06581e.htm
Grαnd Arχitect,16,EXH,EXCEED GEAR,198,2185,CHUBAY,Classical Assistant,https://sdvx.in/06/06625e.htm
Imitated Visions,16,EXH,EXCEED GEAR,150,1694,荒谷サトル,conceptual explorer,https://sdvx.in/06/06522e.htm
Inevitable Magic,16,EXH,EXCEED GEAR,170,1881,Alkome,conceptual explorer,https://sdvx.in/06/06450e.htm
Jupiter,16,EXH,EXCEED GEAR,102~224,1875,technoplanet feat. Tamako Kinoshita,Akizuki Nagomu,https://sdvx.in/06/06582e.htm
King's Gambit,16,EXH,EXCEED GEAR,195,1640,brz1128,電撃ロブスター,https://sdvx.in/06/06480e.htm
Knew Order,16,EXH,EXCEED GEAR,195,1852,あまみ×ひなみ,始まりの空へ～PH～,https://sdvx.in/06/06467e.htm
Kool Awesome Croon,16,EXH,EXCEED GEAR,185,1960,Super Shrimp,The Cherry Glass,
La Nostra Storia!,16,EXH,EXCEED GEAR,246,2499,polysha w/ mikanzil,Hananashi Karin,https://sdvx.in/06/06442e.htm
Like the Starlight,16,EXH,EXCEED GEAR,200,1446,uma,電撃ロブスター,https://sdvx.in/06/06639e.htm
Little Red Riding Hood,16,EXH,EXCEED GEAR,55,1987,RoughSketch,ごましお風,https://sdvx.in/06/06548e.htm
Lollipop Error 404,16,EXH,EXCEED GEAR,120~176,1683,Tsubusare BOZZ feat.madoka*,ゆめいろパフィー,https://sdvx.in/06/06623e.htm
Lost Gear Syndrome,16,EXH,EXCEED GEAR,240,1966,polysha vs. モリモリあつし,道具を失ったT=I=NAKA,https://sdvx.in/06/06622e.htm
Lunatic Mare,16,EXH,EXCEED GEAR,245,2330,Alkome,conceptual explorer,https://sdvx.in/06/06554e.htm
Marielle,16,EXH,EXCEED GEAR,234,1839,ゆんゆん,鋼のビスカッチャ,https://sdvx.in/06/06376e.htm
Max Burning!!(GαineN Beyond yΩu Remix),16,EXH,EXCEED GEAR,200,2005,概念,EIVY,
MΔX FLAVOR,16,EXH,EXCEED GEAR,125~261,1534,EmoCosine overlay,レッドホットスクリューズ,https://sdvx.in/06/06456e.htm
Misfortune Crawler,16,EXH,EXCEED GEAR,155,1370,Aoi,七色Method,https://sdvx.in/06/06632e.htm
Never Forget Evergreen,16,EXH,EXCEED GEAR,226,2321,黒魔,からあげブラザーズ先生の次回作にご期待ください,https://sdvx.in/06/06545e.htm
NO SURRENDER,16,EXH,EXCEED GEAR,160,1457,493Water,Hananashi Karin,https://sdvx.in/06/06468e.htm
ON THE WORLD,16,EXH,EXCEED GEAR,255,1412,Yuta Imai,Hananashi Karin,https://sdvx.in/06/06435e.htm
OROCHI STRIKE,16,EXH,EXCEED GEAR,50~200,2071,Hommarju & BEMANI Sound Team ”兎々”,Akizuki Nagomu,
PANIC HOLIC (かめりあ's ”24600 POWER” Remix),16,EXH,EXCEED GEAR,246,2026,かめりあ,Akizuki Nagomu,
Poochie,16,EXH,EXCEED GEAR,110,1372,kors k,Hananashi Karin,https://sdvx.in/06/06407e.htm
Re:RHYZE,16,EXH,EXCEED GEAR,200,2157,beatnation RHYZE,Re:VIVE,
reSTART yOUR STORIES,16,EXH,EXCEED GEAR,250,2078,setu-O,SALMON GRAPHY,https://sdvx.in/06/06566e.htm
Scarlet Pinheel -appassionato-,16,EXH,EXCEED GEAR,168,1766,BlackY,Hananashi Karin,https://sdvx.in/06/06486e.htm
SHARK IMPACT,16,EXH,EXCEED GEAR,165,1652,ryhki,ピーキーステップ,https://sdvx.in/06/06391e.htm
Snow Garland Fairy,16,EXH,EXCEED GEAR,200,1373,BEMANI Sound Team ”KE!JU”,メンクイクイーン,https://sdvx.in/06/06617e.htm
S(TAR)2☆pistol,16,EXH,EXCEED GEAR,214,1813,Mono.,鋼のビスカッチャ,https://sdvx.in/06/06322e.htm
StellarflightS,16,EXH,EXCEED GEAR,225,1739,otoshi.b,dj strachen,https://sdvx.in/06/06466e.htm
Stylus,16,EXH,EXCEED GEAR,165,1494,BEMANI Sound Team ”HuΣeR”,Akizuki NagoΣu,https://sdvx.in/06/06396e.htm
Sunlit toybox,16,EXH,EXCEED GEAR,146,1563,Juggernaut. + しーけー,conceptual explorer,https://sdvx.in/06/06650e.htm
suspicions,16,EXH,EXCEED GEAR,153,1609,BEMANI Sound Team ”猫叉Master VS dj TAKA”,TEK-A-RHYTHM,https://sdvx.in/06/06384e.htm
Sweetie Beauti Magic,16,EXH,EXCEED GEAR,150~285,1551,打打だいず feat. 凜々,Dr. Yippee,https://sdvx.in/06/06491e.htm
Temporal Veil,16,EXH,EXCEED GEAR,180,0,Gardens,Temporal Method,
The EXworld of sound,16,EXH,EXCEED GEAR,222,1570,"Remix by Aoi, Vocal by Kuroa*",鋼のビスカッチャEX,https://sdvx.in/06/06363e.htm
THE PEERLESS UNDER HEAVEN,16,EXH,EXCEED GEAR,170,1526,Yuta Imai Vs. BEMANI Sound Team ”L.E.D.-G”,ステファンビート,https://sdvx.in/06/06382e.htm
The world of sound -celestial mix-,16,EXH,EXCEED GEAR,230,1819,BlackY feat. Risa Yuzuki,トトリオン軍団,https://sdvx.in/06/06578e.htm
Towards The Horizon,16,EXH,EXCEED GEAR,154,1308,かめりあ,Akizuki Nagomu,https://sdvx.in/06/06604e.htm
TOYBOX CANNON,16,EXH,EXCEED GEAR,234,1959,Mono.,鋼のビスカッチャ,https://sdvx.in/06/06436e.htm
Two of Wonder Lights,16,EXH,EXCEED GEAR,264,1602,technoplanet feat. Tamako Kinoshita,Akizuki Nagomu,https://sdvx.in/06/06492e.htm
Voice 7 Voice!!!!!!!,16,EXH,EXCEED GEAR,150,1371,かめりあ feat. ななひら,～PH～!!!!!,https://sdvx.in/06/06385e.htm
waxing and wanding,16,EXH,EXCEED GEAR,191,1606,青龍,レッドホットスクリューズ,https://sdvx.in/06/06452e.htm
We Are GamerZ!,16,EXH,EXCEED GEAR,210,1850,Ninja Never DieS!,トトリオン軍団,https://sdvx.in/06/06504e.htm
X1GNUS,16,EXH,EXCEED GEAR,204,1926,BlackY,Classical Assistant,https://sdvx.in/06/06544e.htm
アイの雫,16,EXH,EXCEED GEAR,261,1275,kuro,SALMON LOBSTER,https://sdvx.in/06/06496e.htm
イグジスター,16,EXH,EXCEED GEAR,176,1805,東雲蛍 feat. はぁち,蒼鉛キューブ,https://sdvx.in/06/06440e.htm
ヴァルプルギスの夜,16,EXH,EXCEED GEAR,110~220,1755,すっかりBPM200以下の曲を作れない体に改造されてしまった哀れなかぼちゃを見るがいい,kamuy noko,https://sdvx.in/06/06541e.htm
うぇるかむ -||祭みっくす||-,16,EXH,EXCEED GEAR,125~220,1476,忠兵衛,ロブ太とビス吉,https://sdvx.in/06/06370e.htm
カミツレの成り方,16,EXH,EXCEED GEAR,212,1606,テヅカ feat. 遠山小春,cosMo＠暴走P,https://sdvx.in/06/06624e.htm
こどもかくしのアンダーランド,16,EXH,EXCEED GEAR,183,1485,iru feat. 桃寝ちのい,鋼のビスカッチャ,https://sdvx.in/06/06520e.htm
すべてを賭して,16,EXH,EXCEED GEAR,228~278,1487,ke-ji,Ether99,https://sdvx.in/06/06523e.htm
トリコエリヌム▽コンチェルト,16,EXH,EXCEED GEAR,222,1866,qfeileadh,TEK-A-RHYTHM,https://sdvx.in/06/06433e.htm
ハッピーエンド,16,EXH,EXCEED GEAR,230~267,1447,technoplanet feat. Kuroto Sion,Akizuki Nagomu,https://sdvx.in/06/06358e.htm
ビューティフル レシート,16,EXH,EXCEED GEAR,196,1787,Lucky Vacuum,レッドホットスクリューズ,https://sdvx.in/06/06605e.htm
ヒュブリスの頂に聳えるのは,16,EXH,EXCEED GEAR,158,2089,qfeileadh feat.のあ,ゆめいろパフィー,
ぼくらのはじまりのおと,16,EXH,EXCEED GEAR,275,1718,Shiron+こふ×モリモリあつしと提供でお送りしました。,Arcana,https://sdvx.in/06/06567e.htm
ませまてぃっく ま＋ま＝まじっく！～徹夜の追込みエナジーまっくす！～,16,EXH,EXCEED GEAR,251,2050,KAH feat.こにゃばた,平方♡立方～からあげブラザーズ！～,https://sdvx.in/06/06388e.htm
マツヨイナイトバグ,16,EXH,EXCEED GEAR,190,1806,ビートまりおとまろん,からあげブラザー蟲,https://sdvx.in/06/06346e.htm
ミュージックプレイヤー （J-pop Remix）,16,EXH,EXCEED GEAR,236,2117,technoplanet feat. Risa Yuzuki,フォックスロット,https://sdvx.in/06/06487e.htm
めうめうぺったんたん！！ (ZAQUVA Remix),16,EXH,EXCEED GEAR,200,1786,Remixed by BEMANI Sound Team ”ZAQUVA”,MASTER TRICK,https://sdvx.in/06/06424e.htm
メズマライザー,16,EXH,EXCEED GEAR,185,2284,サツキ,Akizuki Nagomu,https://sdvx.in/06/06558e.htm
リュミレイラ,16,EXH,EXCEED GEAR,207,2702,後藤 feat. nayuta,Hananashi Karin,https://sdvx.in/06/06390e.htm
リリーゼと炎龍レーヴァテイン,16,EXH,EXCEED GEAR,200,1606,黒猫ダンジョン,ビーフジョッキー,https://sdvx.in/06/06334e.htm
一水山風,16,EXH,EXCEED GEAR,888,2790,Enterskip,Classical Assistant,https://sdvx.in/06/06550e.htm
異次元の孤独～カナタノキミヘ～,16,EXH,EXCEED GEAR,250,2338,RoughSkreamZ feat. Sennzai,Megacycle feat. KSK,https://sdvx.in/06/06453e.htm
随神,16,EXH,EXCEED GEAR,163,1393,影虎。,ロイヤルクラッカー,https://sdvx.in/06/06418e.htm
群青纏う朱の槍,16,EXH,EXCEED GEAR,220~230,1800,めと（Metomate）,ダークレッドホットダークスクリューズ,https://sdvx.in/06/06431e.htm
劇場版ムーニャポヨポヨスッポコニャーゴ,16,EXH,EXCEED GEAR,140~210,1639,打打だいず,kamuy noko include,https://sdvx.in/06/06362e.htm
十三不塔,16,EXH,EXCEED GEAR,203,1906,隣の卓は役満(庭師+Aoi),kamuy noko,https://sdvx.in/06/06392e.htm
憧憬のファンファーレ,16,EXH,EXCEED GEAR,276,1649,CHUBAY,Akizuki Nagomu,https://sdvx.in/06/06521e.htm
星界のアルペジオ,16,EXH,EXCEED GEAR,200,2152,yuichi NAGAO,Hananashi Karin,https://sdvx.in/06/06597e.htm
全人類　兎化計画！,16,EXH,EXCEED GEAR,244,2691,兎田ぺこら,レッドホットスクリューズ,https://sdvx.in/06/06573e.htm
弾幕信仰,16,EXH,EXCEED GEAR,170,1322,豚乙女×BEMANI Sound Team ”PON”,電撃ロブスター,https://sdvx.in/06/06502e.htm
天穹のアルカナビット,16,EXH,EXCEED GEAR,230~280,1387,打打だいず + Tanchiky + siromaru,凹ーダー凸ード,https://sdvx.in/06/06352e.htm
七七七夕,16,EXH,EXCEED GEAR,192,1261,Mono. + uynet,kamuy noko,
無意識レクイエム (cosmobsp rmx),16,EXH,EXCEED GEAR,230,2006,cosMo＠暴走P（original arranged by 森羅万象）,cosMo＠暴走P,https://sdvx.in/06/06349e.htm
幽霊船戦,16,EXH,EXCEED GEAR,160,1780,宝鐘マリン,花梨かりん,https://sdvx.in/06/06533e.htm
累乗のカルマ,16,EXH,EXCEED GEAR,178,1533,めと（Metomate）,(ダーク)³,https://sdvx.in/06/06374e.htm
流転に咲く魂の花,16,EXH,EXCEED GEAR,198,1801,めと（Metomate）,ダークダークダーク,https://sdvx.in/06/06580e.htm
忘れないように、失くさないように,16,EXH,EXCEED GEAR,150~208,2397,Mono.,The Cherry Glass,https://sdvx.in/06/06377e.htm
Bonetrousle,16,MXM,EXCEED GEAR,150,1508,Toby Fox,ひとくちピエロ,https://sdvx.in/06/06246m.htm
Heartache / 心の痛み,16,MXM,EXCEED GEAR,119,1283,Toby Fox,R-115Hz,https://sdvx.in/06/06262m.htm
Heroine is here,16,MXM,EXCEED GEAR,210,1561,クルトン feat.ケィニ,An East Scarlet,https://sdvx.in/06/06198m.htm
イエルウタ,16,MXM,EXCEED GEAR,110,1193,ここなつ2.0,ビーフcycle,https://sdvx.in/06/06219m.htm
マーメイドペレパスィ,16,MXM,EXCEED GEAR,160,1600,ここなつ2.0,Jin♣Majima,https://sdvx.in/06/06223m.htm
ミライチューナー,16,MXM,EXCEED GEAR,140,1568,U-ske feat.すずしろ,フォックスロット,https://sdvx.in/06/06208m.htm
ユキバレ＊ぱれいど,16,MXM,EXCEED GEAR,160,2026,coTatsu,ロイヤルクラッカー,https://sdvx.in/06/06189m.htm
リバース,16,MXM,EXCEED GEAR,135,1129,ここなつ2.0,フォックスロット,https://sdvx.in/06/06225m.htm
食虫植物,16,MXM,EXCEED GEAR,123,1646,理芽,ブルーコールドハリケーンズ,https://sdvx.in/06/06319m.htm
Across the Starlight,16,EXH,EXCEED GEAR,170,1386,かゆき,SALMON GRAPHY,
Brave Power Leader 《 = Voltage = 》,16,EXH,EXCEED GEAR,205,1458,概念,サイバー・T・ガスタンク,
Chat perche,16,EXH,EXCEED GEAR,210,1414,Ange;art + Nota,鋼のビスカッチャ,
DATAERR0R,16,EXH,EXCEED GEAR,180,1661,Cosmograph,dj strachen,
Decadence Mission,16,EXH,EXCEED GEAR,175,1571,Jerico,凹ーダー凸ード,
ENDGAME,16,EXH,EXCEED GEAR,222,1768,Yuta Imai,MASTER TRICK,
FAR GONE,16,EXH,EXCEED GEAR,160,1874,493Water,Hirayasu Matsudo,
Finale / フィナーレ,16,EXH,EXCEED GEAR,190,1712,Toby Fox,サイバーガスタンク,
graduation,16,EXH,EXCEED GEAR,170,1589,星野音楽工房,電撃ロブスター,
Grandeur,16,EXH,EXCEED GEAR,190,1498,CANVAS x RoughSketch feat. Quimar,凹ーダー凸ード,
Holy Trail,16,EXH,EXCEED GEAR,200,1712,satie,kamuy noko,
Imperator,16,EXH,EXCEED GEAR,215,1830,Xe (αirlemoneX),MASTER TRICK,
Initiating League,16,EXH,EXCEED GEAR,200,1326,EmoCosine vs. nora2r,電撃ロブスター,
KAMAITACHI,16,EXH,EXCEED GEAR,165,1277,DJ TECHNORCH fw. GUHROOVY,LOBSTER,
Kontrol Line,16,EXH,EXCEED GEAR,140~180,1881,Yooh,MAD CHILD,
Lost Parliament,16,EXH,EXCEED GEAR,200,1872,Juggernaut.,Megacycle,
MEGALOVANIA,16,EXH,EXCEED GEAR,240,2115,Toby Fox,burning in ～PH～ell,
MURASAME,16,EXH,EXCEED GEAR,140,1526,Hommarju,ねちっこく堂,
ИADIR,16,EXH,EXCEED GEAR,190,1534,Ashrount vs polysha,凹ーダー凸ード vs. CRAIG AKAGI,
Never Ending Future,16,EXH,EXCEED GEAR,215,1954,#EmoCosine,ロイヤルクラッカー,
NOT YOUR IDOL,16,EXH,EXCEED GEAR,155,1398,Yuta Imai,MAD CHILD,
OZ,16,EXH,EXCEED GEAR,90~350,1686,Hommarju ft. Mayumi Morinaga,凹ーダー凸ード,
Paradigm Shift,16,EXH,EXCEED GEAR,220,2243,あまみ×ひなみ,七色Method,
Petit espoir,16,EXH,EXCEED GEAR,222,1906,しーけー,kamuy noko,
Please Welcome Mr.C,16,EXH,EXCEED GEAR,230,1805,C-Show,MAD CHILD,
quaver♪,16,EXH,EXCEED GEAR,182~186,1490,Risk Junk,Akizuki Nagomu,
Revvable Engine,16,EXH,EXCEED GEAR,205,1661,nora2r,ロイヤルクラッカー,
ROZELCIA,16,EXH,EXCEED GEAR,194~195,1474,brz1128,Megacycle,
SΛMVICΛ,16,EXH,EXCEED GEAR,245,2567,seatrus -Reborn-,Arcana,
Sayonara Planet Wars (Sot-C Remix),16,EXH,EXCEED GEAR,224,1804,Sot-C,MASTER TRICK,
Scat Jazz Dance,16,EXH,EXCEED GEAR,162,2062,Super Shrimp,Hirayasu Matsudo,
SHARK ATTACK,16,EXH,EXCEED GEAR,165,1781,ryhki,ハリケーンズポテト（respect HM）,
SHOCKER BREAKER,16,EXH,EXCEED GEAR,110~165,1379,Yu_Asahina,ロイヤルクラッカー,
Snowmelt,16,EXH,EXCEED GEAR,222,1659,nora2r × BEMANI Sound Team ”Yvya”,kamuy noko,
Stairway to the sun,16,EXH,EXCEED GEAR,255,1432,Noah,Akizuki Nagomu,
STIGMA,16,EXH,EXCEED GEAR,194,1609,U-ske feat. 棗いつき,An East Scarlet,
THE WORLD REVOLVING,16,EXH,EXCEED GEAR,190,2100,Toby Fox,カオスのビスカッチャ,
Thousand Triggers,16,EXH,EXCEED GEAR,242,1845,めと（Metomate）,ダークビーフダークジョッキー,
Tickled Pink,16,EXH,EXCEED GEAR,180,1487,BEMANI Sound Team ”ZAQUVA”,ロイヤルクラッカー,
trea→journey,16,EXH,EXCEED GEAR,260,1428,CHUBAY,ロイヤルクラッカー vs. レッドホットスクリューズ,
White Stream,16,EXH,EXCEED GEAR,222,1616,BEMANI Sound Team ”ZAQUVA”,ロイヤルクラッカー,
あいあむなんばーわんパトラちゃん様,16,EXH,EXCEED GEAR,220,1955,周防パトラ,浮世マシーン,
アガット,16,EXH,EXCEED GEAR,200,1446,Bazole,ロイヤルクラッカー,
光風霽月,16,EXH,EXCEED GEAR,160,1350,影虎。,電撃ロブスター,
極夜、暁を望んで,16,EXH,EXCEED GEAR,222,1928,めと(Metomate),MAD CHILD,
最果ての勇者にラブソングを,16,EXH,EXCEED GEAR,268,1368,deli.+駄々子,Megacycle,
少年リップルズ,16,EXH,EXCEED GEAR,210,1911,常盤ゆう,少年スクリューズ&浮世マシプルズ,
神罰,16,EXH,EXCEED GEAR,201,1507,cosMo＠暴走P,cosMo＠暴走P,
涙の女神と無形のエトワル,16,EXH,EXCEED GEAR,140,1210,Yu-dachi,SALMON GRAPHY,
二分間の世界,16,EXH,EXCEED GEAR,225,1608,Cororo,サイバーガスタンク,
爆烈歓迎♪エクストリーム飲茶旋風脚ッ!!,16,EXH,EXCEED GEAR,94~188,1388,BlackY feat. Risa Yuzuki,MAD CHILD,
禊,16,EXH,EXCEED GEAR,160,1466,Nhato,GOLI,
零天視,16,EXH,EXCEED GEAR,200,1972,隣の庭は青い(庭師+Aoi),レッドホットスクリューズ＋Akizuki Nagomu,
"Aqua,Luna-rium",16,MXM,EXCEED GEAR,128,1383,凛々咲,R-115Hz,https://sdvx.in/06/06089m.htm
BEAT MAGIC,16,MXM,EXCEED GEAR,164,1372,ランコ feat. Eurobeat Union,kamuy noko include,https://sdvx.in/06/06117m.htm
Le Merle Noir,16,MXM,EXCEED GEAR,92~136,1425,Rigel Theatre,kamuy noko,https://sdvx.in/06/06045m.htm
Mr.VIRTUALIZER,16,MXM,EXCEED GEAR,130,2045,HIMEHINA,Mr.～PH～,https://sdvx.in/06/06142m.htm
Now loading…,16,MXM,EXCEED GEAR,128,1273,つきみぐー、×如月結愛,ジグザグレエザア,https://sdvx.in/06/06035m.htm
Over the Border,16,MXM,EXCEED GEAR,138,1585,COOL&CREATE × 宝鐘マリン feat.不知火フレア,2conノックオン feat.唐揚シスターズ,https://sdvx.in/06/06066m.htm
アリスサイド・キャスリング,16,MXM,EXCEED GEAR,115,1108,メリー・バッド・メルヘン,秋月なごむ,https://sdvx.in/06/06028m.htm
イヤホンロマンス,16,MXM,EXCEED GEAR,132,1552,COOL&CREATE × 宝鐘マリン,鋼のビスカッチャ,https://sdvx.in/06/06065m.htm
キカイノミルユメ,16,MXM,EXCEED GEAR,128,1201,はがね,凹ーダー凸ード,https://sdvx.in/06/06151m.htm
シアワセうさぎ・ぺこみこマリン,16,MXM,EXCEED GEAR,140,1758,COOL&CREATE × 兎田ぺこら、さくらみこ、宝鐘マリン,MaKoTo,https://sdvx.in/06/06068m.htm
ナスカの丘 (Hi-NRG Remix),16,MXM,EXCEED GEAR,133,1321,Hyuji feat. LIQU@。& TadashiYamamoto,Akizuki Nagomu,https://sdvx.in/06/06009m.htm
ナナホシ(lovely bubbly party mix!),16,MXM,EXCEED GEAR,160,1264,naka3,Akizuki Nagomu,https://sdvx.in/06/06010m.htm
ナナホシのうた,16,MXM,EXCEED GEAR,160,1618,Retropolitaliens(Ms.+駄々子),An East Scarlet,https://sdvx.in/06/06073m.htm
*ハロー、プラネット。,16,MXM,EXCEED GEAR,150,1583,sasakure.UK,ビーフジョッキー,https://sdvx.in/06/06026m.htm
ラストリゾート,16,MXM,EXCEED GEAR,124,1583,Ayase,R-115Hz,https://sdvx.in/06/06027m.htm
恋は君のそばでサクラサク,16,MXM,EXCEED GEAR,204,1357,榮田一貴 feat.冬乃桜＆永久毎日,鋼のビスカッチャ,https://sdvx.in/06/06062m.htm
追憶のアリア,16,MXM,EXCEED GEAR,130,1783,Blanc Bunny Bandit,ダークダークダーク,https://sdvx.in/06/06029m.htm
花は折りたし梢は高し,16,MXM,EXCEED GEAR,215,1968,夜叉姫神楽,サイバーガスタンク,https://sdvx.in/06/06030m.htm
不可測的メトロポリス,16,MXM,EXCEED GEAR,156,1687,少女フラクタル,三軒茶屋姉妹,https://sdvx.in/06/06023m.htm
文月,16,MXM,EXCEED GEAR,150,1443,nonomori feat. 亜沙美,凹ーダー凸ード,https://sdvx.in/06/06110m.htm
AIM HIGHER,16,EXH,EXCEED GEAR,168,1368,U-ske feat. 棗いつき,Undisclosed Hard Groove,
Air,16,EXH,EXCEED GEAR,178,2071,SHIKI,ポテト亀山,
All for One,16,EXH,EXCEED GEAR,185,1951,CANVAS feat. Quimar,風瑠人,
Archangelio,16,EXH,EXCEED GEAR,300,1488,Juggernaut.,MAD CHILD,
Bad Elixir,16,EXH,EXCEED GEAR,203,1948,xi,Ether99,
Bigbang Faker,16,EXH,EXCEED GEAR,155,1355,BlackY,ロイヤルクラッカー,
Cappuccino Hearts,16,EXH,EXCEED GEAR,260,1207,nora2r,鋼のビスカッチャ,
Comet popcorn,16,EXH,EXCEED GEAR,244,2212,pan,kamuy noko,
Crystalia,16,EXH,EXCEED GEAR,270,1550,DJ TOTTO,Akizuki Nagomu,
Destined Marionette,16,EXH,EXCEED GEAR,93~186,1917,ビートまりお（COOL&CREATE）,Antonio Guccini,
EGOISM 440 (Ange;art remix),16,EXH,EXCEED GEAR,220,1805,Ange;art,dj strachen,
Elemental Creation -xiRemix-,16,EXH,EXCEED GEAR,121~242,2241,xi,Ether99,
EMERALDAS (Yuta Imai Remix),16,EXH,EXCEED GEAR,190,1744,Yuta Imai,サイバーガスタンク,
End of Guilty,16,EXH,EXCEED GEAR,290,1447,kanone,kamuy noko,
FEEL THE FORCE,16,EXH,EXCEED GEAR,210,1681,brz1128,レッドホットポテト,
Fegrix,16,EXH,EXCEED GEAR,175,1396,Xceon vs DJ Command (Eurobeat Union),SALMON GRAPHY,
G4ME OVEЯ,16,EXH,EXCEED GEAR,201,1485,Takenoko boy feat. metyao,風瑠人,
Going My Future!,16,EXH,EXCEED GEAR,183,1243,#EmoCosine,鋼のビスカッチャ×電撃ロブスター,
Hurt me plenty,16,EXH,EXCEED GEAR,143,1475,Noah,SALMON GRAPHY,
Innocent Azure,16,EXH,EXCEED GEAR,203,1583,kuro,電撃ロブスター,
Macuilxochitl (Latin Jazz Mix),16,EXH,EXCEED GEAR,156,1218,technoplanet,SALMON GRAPHY,
Metagame Matador,16,EXH,EXCEED GEAR,160,1504,RoughSketch vs MAD CHILD,MAD CHILD,
party:stage,16,EXH,EXCEED GEAR,310,1530,かゆき,ロイヤルクラッカー,
Perfect Ultimate Celebration!!,16,EXH,EXCEED GEAR,200,1886,2時間でPUCされたかぼちゃ,Perfect Ultimate CRAIG!!,
POSSESSION (Aoi Q.E.D. RMX),16,EXH,EXCEED GEAR,106~318,1347,Aoi,電撃ロブスター,
PSYCHO+HEROES,16,EXH,EXCEED GEAR,210,1910,かめりあ,月刊ミズタニ,
Puni Puni Parade,16,EXH,EXCEED GEAR,188,1623,MARON (IOSYS),Puni Puni ロブスター,
R.I.P.ゴシップの海,16,EXH,EXCEED GEAR,222,1727,cosMo＠暴走P,cosMo＠暴走P,
Red＋White＝Kawaii,16,EXH,EXCEED GEAR,210,1355,こすも８ｂｉｔ,こすも８ｂｉｔ,
refluxio,16,EXH,EXCEED GEAR,159~212,1788,Juggernaut.,電撃ロブスター＆ロイヤルクラッカー,
Refrain,16,EXH,EXCEED GEAR,163,1441,お月さま交響曲,1+1/2conノックオン,
Restless Waitress,16,EXH,EXCEED GEAR,206,2137,winddrums,ZANGI Sisterss,
Scars of FAUNA(ろひ Remix),16,EXH,EXCEED GEAR,135~195,1303,ろひ,電撃ロブスター,
Souhait bleu,16,EXH,EXCEED GEAR,225,1926,しーけー,ビーフジョッキー,
SPECIAL SUMMER CAMPAIGN!,16,EXH,EXCEED GEAR,168,1148,Lucky Vacuum,Megacycle,
Star☆Beat,16,EXH,EXCEED GEAR,185,1884,PandaBoY feat.ななひら,CRAIG AKAGI,
STEEL NEEDLE,16,EXH,EXCEED GEAR,205,1682,Scorpion,IIconノックオン,
SuperMiracleEnsemble,16,EXH,EXCEED GEAR,303,1791,fnylsp,ポテト亀山,
The King Of Red,16,EXH,EXCEED GEAR,195,1490,Hommarju,MAD CHILD,
Triple Cross,16,EXH,EXCEED GEAR,196,1643,BEMANI Sound Team ”dj TAKA & DJ YOSHITAKA & SYUNN”,サイバーガスタンク,
Unleashed Redness,16,EXH,EXCEED GEAR,185,1771,DecisionS (kanone + nora2r),MAD CHILD,
VALKYRIE ASSAULT,16,EXH,EXCEED GEAR,180,1673,BEMANI Sound Team ”SYUNN”,MAD CHILD ver.VI,
Vallasotiena,16,EXH,EXCEED GEAR,170~210,1709,ろひ,フォックスロット,
Verflucht,16,EXH,EXCEED GEAR,180,1464,Tyrfing,レッドホットビーフ&スクリュージョッキーズ,
Wings to fly high,16,EXH,EXCEED GEAR,249,2144,Noah,サイバーガスタンク×鋼のビスカッチャ,
XXanadu#climaXX,16,EXH,EXCEED GEAR,187,1581,概念,dj strachen,
Your SOUL Is Mine,16,EXH,EXCEED GEAR,195,1373,fZy,CRAIG AKAGI,
ヴぉるみっくす!!!!,16,EXH,EXCEED GEAR,161,1254,かめりあ feat. ななひら,レッドホットスクリューズ,
カジノファイヤーことみちゃん,16,EXH,EXCEED GEAR,230,1572,ARM feat. 山本椛 + Brasscapsule,天啓少年鑑定団,
プナイプナイたいそう,16,EXH,EXCEED GEAR,271,1249,立秋 feat.ちよこ,ビープジョッキー,
ユメブキ,16,EXH,EXCEED GEAR,200,1493,"紫崎 雪,Risa Yuzuki,709sec. by BEMANI Sound Team ”PHQUASE & SYUNN”",天まで航るこの船で、鮮やかに舞い彩る～PH～,
ラヴチャンス!!,16,EXH,EXCEED GEAR,215,1329,Ponchi♪ feat.はぁち,凹ーダー凸ード,
限界突破リザレクション,16,EXH,EXCEED GEAR,190,1838,まろん vs. モリモリあつし feat. ビートまりお,MAD CHILD,
～仔羊のナヴァラン・クリシェを添えて～,16,EXH,EXCEED GEAR,150,1595,PiyoPiyo Kitchen,風瑠人,
蝕,16,EXH,EXCEED GEAR,220,1686,めと（Metomate）,凹ーダー凸ード,
天弓天華オトハナビ,16,EXH,EXCEED GEAR,170,1508,ビートまりおとまろん,からあげブラザー市場,
火狐之舞,16,EXH,EXCEED GEAR,242,2050,影虎。,kamuy noko,
恋愛悪戯！？まじかる☆ぱふゅ～む！！,16,EXH,EXCEED GEAR,212,1982,さわわ feat.杠葉えりか＆凜々,からあげ☆しすた～ず！！,
50th -Beginning Story-,16,VVD,VIVID WAVE,135,1565,BEMANI Sound Team,↑↑↓↓←→←→MC,https://sdvx.in/05/05056m.htm
50th -Flagship medley-,16,VVD,VIVID WAVE,135~175,1541,BEMANI Sound Team,↑↑↓↓←→←→BSP,https://sdvx.in/05/05080m.htm
50th -二人の時-,16,VVD,VIVID WAVE,160,2013,BEMANI Sound Team,↑↑↓↓←→←→DDD,https://sdvx.in/05/05081m.htm
Addicted Moon,16,MXM,VIVID WAVE,185,2355,Amateras Records feat.築山さえ,Akizuki Nagomu,https://sdvx.in/05/05023m.htm
Colors,16,MXM,VIVID WAVE,160,1781,REDALiCE feat.野宮あゆみ,サイバーガスタンク,https://sdvx.in/05/05025m.htm
Daydream cafe (Euro Hopping Mix),16,MXM,VIVID WAVE,154,1520,Remixed by BEMANI Sound Team ”TAG” feat. ななひら,SCバイオメトリクス,https://sdvx.in/05/05219m.htm
Dooooope,16,VVD,VIVID WAVE,136,1196,RiMo,CRAIG AKAGI,https://sdvx.in/05/05227m.htm
Finally Dive -kors k Remix-,16,MXM,VIVID WAVE,146,1966,ここなつ,からあげしすたーず,https://sdvx.in/05/05182m.htm
Flaa Behavior,16,VVD,VIVID WAVE,175,1901,borzy,kamuy noko abstract,https://sdvx.in/05/05229m.htm
floating girl,16,VVD,VIVID WAVE,132,1480,あるふぁ feat. とおる,フォックスロット,https://sdvx.in/05/05266m.htm
FlowerNation,16,MXM,VIVID WAVE,185,2435,ゆうゆ feat. 華,フォックスロット,https://sdvx.in/05/05039m.htm
Get over!!,16,MXM,VIVID WAVE,155,1814,猫大樹,Akizuki Nagomu,https://sdvx.in/05/05086m.htm
Hi-Fi!!双子'S,16,MXM,VIVID WAVE,250,2295,technoplanet feat. ＯＲＩ姫 & やみん,からあげシスターズ,https://sdvx.in/05/05051m.htm
iberis,16,VVD,VIVID WAVE,147,1874,gaburyu feat. Frosch,バター氏,https://sdvx.in/05/05238m.htm
Little Big Princess(DJ katsu EDIT),16,MXM,VIVID WAVE,170,2257,DiGiTAL WiNG with 空音,CRAIG AKAGI,https://sdvx.in/05/05087m.htm
Princess Rose（Sunshine Mix）,16,MXM,VIVID WAVE,170,1399,Remixed by BEMANI Sound Team ”Sota Fujimori” feat.ななひら,からあげシスターズさんじゅうななさい,https://sdvx.in/05/05177m.htm
ROOM,16,MXM,VIVID WAVE,145,1612,Blanc Bunny Bandit,ダークダークダーク,https://sdvx.in/05/05218m.htm
SHION (ロースピード幻想チューン Remix),16,MXM,VIVID WAVE,110,1351,HOUJIROU feat. 駄々子,MAD CHILD,https://sdvx.in/05/05175m.htm
Sweetest Paranoia,16,MXM,VIVID WAVE,149,2037,Amateras Records feat.築山さえ×抹(魂音泉),おつまみロブスター,https://sdvx.in/05/05088m.htm
Sweetiex2,16,MXM,VIVID WAVE,125,1243,Dixie Flatline,スカイシュート,https://sdvx.in/05/05130m.htm
Together Going My Way,16,MXM,VIVID WAVE,155,1858,DiGiTAL WiNG with 空音,MAD CHILD,https://sdvx.in/05/05026m.htm
アライヴ,16,MXM,VIVID WAVE,200,1841,あらいぐまファクトリー feat. okogeeechann,Megacycle,https://sdvx.in/05/05091m.htm
かくしん的☆めたまるふぉ～ぜっ！（crabMixx）,16,MXM,VIVID WAVE,132~139,1224,土間うまる（CV.田中あいみ） Remixed by いぬ,cosMo＠暴走P,https://sdvx.in/05/05195m.htm
スイーツはとまらない♪,16,MXM,VIVID WAVE,204,2125,日向美ビタースイーツ♪,Akizuki Nagomu,https://sdvx.in/05/05045m.htm
すきなことだけでいいです,16,MXM,VIVID WAVE,140,1425,ピノキオピー,Megacycle,https://sdvx.in/05/05011m.htm
トーキョーサマーナイト,16,VVD,VIVID WAVE,151,1504,みーに,Megacycle,https://sdvx.in/05/05265m.htm
ヒカリユリイカ,16,MXM,VIVID WAVE,140,1718,ここなつ,マッドチャイルド ＆ ひらやすまつど,https://sdvx.in/05/05048m.htm
ユニバーページ (i-world Mix),16,MXM,VIVID WAVE,192,1594,Remixed by BEMANI Sound Team ”Yvya” feat. かなたん,鋼のビスカッチャ,https://sdvx.in/05/05221m.htm
動く、動く（”A&M Chillin' ” Electro Remix）,16,MXM,VIVID WAVE,128,1309,Remixed by かめりあ feat.響木アオ＆虹乃まほろ,MAD CHILD,https://sdvx.in/05/05178m.htm
偶然？ 必然？ アンビバレンス！,16,MXM,VIVID WAVE,142,1634,諸星なな feat.加藤はるか&YKI,凹ーダー凸ード,https://sdvx.in/05/05104m.htm
恋するレインガール,16,VVD,VIVID WAVE,160,1777,MasKaleido feat. ぁゅ,SALMON GRAPHY,https://sdvx.in/05/05236m.htm
焦がれ唄,16,MXM,VIVID WAVE,100,1314,ちきんぐ feat.TEA,MAD CHILD,https://sdvx.in/05/05196m.htm
至上のラトゥーリア,16,MXM,VIVID WAVE,135,1526,Vanitas Lacrimosa,MAD CHILD,https://sdvx.in/05/05217m.htm
抜刀,16,MXM,VIVID WAVE,170,2578,猫大樹,電撃ロブスター,https://sdvx.in/05/05019m.htm
港町レディ,16,MXM,VIVID WAVE,159,1828,フーリンキャットマーク,フォックスロット,https://sdvx.in/05/05064m.htm
迷夢ソウル,16,MXM,VIVID WAVE,165,1992,夕月椿(EastNewSound),凹ーダー凸ード,https://sdvx.in/05/05030m.htm
妄想税,16,MXM,VIVID WAVE,134,1638,DECO*27,からあげブラザーズ,https://sdvx.in/05/05101m.htm
弱虫モンブラン,16,MXM,VIVID WAVE,120,1748,DECO*27,狂風少年鑑定Soup.☆彡,https://sdvx.in/05/05100m.htm
Φnd:you,16,EXH,VIVID WAVE,259,1167,かゆき,SALMON GRAPHY,
Aerial Fortress,16,EXH,VIVID WAVE,200,1706,xi,Ether99,
apo:llioth,16,EXH,VIVID WAVE,200,1607,Juggernaut.,電撃ロブスター,
ARROW RAIN,16,EXH,VIVID WAVE,180,2016,Alstroemeria Records,七色Method,
Atropa bella-donna,16,EXH,VIVID WAVE,238,2438,HOUJIROU,Akizuki Nagomu,
Aurolla,16,EXH,VIVID WAVE,235,2077,MisoilePunch♪,Akizuki Nagomu,
Barbatos,16,EXH,VIVID WAVE,230,1981,Crawk × Capchii,Verdefo,
Believe In Yourself,16,EXH,VIVID WAVE,165,1834,kors k,金色の夜叉,
Black Lotus,16,EXH,VIVID WAVE,200,1694,wa.,風瑠人,
Blessing Bouquet,16,EXH,VIVID WAVE,212,1948,setu-O,Jin Majima,
Call of the World,16,EXH,VIVID WAVE,212,1981,お月さま交響曲,風瑠人,
Cloud Crasher,16,EXH,VIVID WAVE,200,1807,Hommarju,DJ みさこ,https://sdvx.in/05/05095e.htm
Defining Future,16,EXH,VIVID WAVE,200,1388,！すでのな,フォックスロット,
Dogeza Stairs,16,EXH,VIVID WAVE,190,2377,ビートまりお（COOL&CREATE）,Jin Majima,
eighth-slave,16,EXH,VIVID WAVE,170,1421,Yu_Asahina,電撃ロブスター,
Electric Injury,16,EXH,VIVID WAVE,190,1803,siqlo,電撃ロブスター,
Elemental Creation (kamome sano Remix),16,EXH,VIVID WAVE,128~256,1164,kamome sano,鋼のビスカッチャ,
eternite,16,EXH,VIVID WAVE,190,1477,Ryo Arue,Megacycle,
FIRST：DREAMS,16,EXH,VIVID WAVE,300,1474,uma vs. モリモリあつし,CRAIG AKAGI,
GALAXY BURST,16,EXH,VIVID WAVE,201,2260,かめりあ,Akizuki Nagomu,
GaLaXyEggPlanT,16,EXH,VIVID WAVE,240,1654,sasakure.UK,DeNGeKiLoWBooSteR,
GEMINI LA2ER,16,EXH,VIVID WAVE,200,1483,ミカルコスモ(せらみかる×cosMo＠暴走P),cosMo＠暴走P×電撃ロブスター,
Glorious Journey,16,EXH,VIVID WAVE,252,2335,古屋直雪,浮世マシーン,
Innocent,16,EXH,VIVID WAVE,210,2249,Alkome,SHiJiMiSo Soup.☆彡,
JUPITER 4 GRAVITY,16,EXH,VIVID WAVE,205,1902,YumAeL ex. 溝口ゆうま,フォックスロット,
Katharsis,16,EXH,VIVID WAVE,140~280,1325,u-z feat.CHERICa,Akizuki Nagomu,https://sdvx.in/05/05190e.htm
L9,16,EXH,VIVID WAVE,53~128,1272,paraoka,ビーフジョッ9,
LECTORIA,16,EXH,VIVID WAVE,185,2323,Cranky,蒼弐 feat.RASIS -BOOTH-,
Leviathan-,16,EXH,VIVID WAVE,160,1306,山本真央樹,SALMON GRAPHY,
lEyl,16,EXH,VIVID WAVE,221,2053,t+pazolite feat. incl*incr,月刊ミズタニ,
m1dy Deluxe,16,EXH,VIVID WAVE,410,1597,m1dy,電撃ロブスターDeluxe,
memento mori -intro-,16,EXH,VIVID WAVE,170,1543,あさき,レッドホットビーフ＆スクリュージョッキーズ,
METATRON-,16,EXH,VIVID WAVE,190,2077,SHIKI,Jin Majima,
MeteorA,16,EXH,VIVID WAVE,190,1669,Verseus,電撃ロブスター,
mqlo,16,EXH,VIVID WAVE,220,2517,C-Show,～PH～ごましおくん,
Mynarco(Nagomu 2Step Remix),16,EXH,VIVID WAVE,230,1599,Akizuki Nagomu feat. fu-ko,Akizuki Nagomu,
Nebulas,16,EXH,VIVID WAVE,140,1196,BEMANI Sound Team ”Yvya”,SALMON GRAPHY,
Nhelv,16,EXH,VIVID WAVE,174,1926,Silentroom,凹ーダー凸ード,
On take SUN,16,EXH,VIVID WAVE,220,1836,Sampling Masters MEGA,Hirayasu Matsudo & MAD CHILD,
Our Love,16,EXH,VIVID WAVE,190,1803,lapix,Ether99,
Over The Top,16,EXH,VIVID WAVE,205,1916,Ashrount,凹ーダー凸ード,
ΩVERFLOW,16,EXH,VIVID WAVE,175,1952,BlackY,,
PARTY TIME!,16,EXH,VIVID WAVE,190,1475,RoughSketch & Hommarju,MAD CHILD,
pique,16,EXH,VIVID WAVE,162,1527,星野音楽工房,電撃ロブスター,
Re：Elemental Creation,16,EXH,VIVID WAVE,212,1908,uma meets モリモリあつし,TEK-A-RHYTHM,
rE:Voltagers,16,EXH,VIVID WAVE,153,1526,Tanchiky,apple kong,
Ring!Run!Nyan!!,16,EXH,VIVID WAVE,195,1558,MisomyL,電撃ロブニャン,
SAMURAI TIGER,16,EXH,VIVID WAVE,165,1789,ぽんきち&ゆんゆん,旗本マシーン vs. しばまる子,https://sdvx.in/05/05192e.htm
Symphonic Tear,16,EXH,VIVID WAVE,150,1286,BEMANI Sound Team ”TAG”,鋼のビスカッチャ,
Teufel,16,EXH,VIVID WAVE,200,1663,Hommarju,凹ーダー凸ード,
Thank you for your playing music,16,EXH,VIVID WAVE,220,1775,かぼちゃ feat. miko,cosMo×電撃ロブスター×サイバーガスタンク,
To:BrandNewDeadline,16,EXH,VIVID WAVE,210,1664,せいぎのあおぢる,はがねのびすかっちゃ,
Turn the story,16,EXH,VIVID WAVE,110~240,1449,technoplanet feat. Kuroto Sion,NOX,
Ubertreffen,16,EXH,VIVID WAVE,174,1457,TAKA respect for J.S.B.,Megacycle respect for M.M.M.,
Valanga(polysha Remix),16,EXH,VIVID WAVE,100,1221,polysha,Akizuki Nagomu,
Vividly Impromptu,16,EXH,VIVID WAVE,161,1351,BlackY,Megacycle,
With It This Heaven?,16,EXH,VIVID WAVE,250~290,1693,technoplanet,フォックスロット,
World of Iris,16,EXH,VIVID WAVE,255,1380,polysha,Akizuki Nagomu,
ZEИITH,16,EXH,VIVID WAVE,190,1674,Ashrount vs polysha,TEK-A-RHYTHM vs. 逆球レジェンド,https://sdvx.in/05/05191e.htm
おはようからおやすみまでかまってポメポメ,16,EXH,VIVID WAVE,177,1647,立秋 feat.ちょこ,アザラシから犬になったAkizuki Nagomu,
タイムトラベル,16,EXH,VIVID WAVE,220,2120,モリモリあつし,SCバイオメトリクス,
ねこみみ(=ФωФ=)ぱんでみみっく,16,EXH,VIVID WAVE,195,1592,ねこみりん feat.小宮真央,兄ジェットマン,
び,16,EXH,VIVID WAVE,169,1262,立秋 feat.ちょこ,びーフジョッキー,
ミッドナイト☆WAR,16,EXH,VIVID WAVE,156,1262,いちか,Megacycle,
蛇神,16,EXH,VIVID WAVE,170,1916,Zektbach,歩手登と美津多仁,
狂水一華,16,EXH,VIVID WAVE,160,1769,BEMANI Sound Team ”HuΣeR Vs. SYUNN” feat.いちか,MAD CHILD,
最小三倍完全数,16,EXH,VIVID WAVE,220,1502,DJ TECHNORCH,Amazeki Kagome,
翠雨の祷,16,EXH,VIVID WAVE,197,1620,Cororo feat.Yuria Miyazono,天空の電撃ロブスター,
春告胡蝶,16,EXH,VIVID WAVE,202,1941,BlackY feat. Risa Yuzuki,MAD CHILD,
星の透る夏空に願う,16,EXH,VIVID WAVE,210,2124,Yu-dachi,Akizuki Nagomu,
Ray,16,HVN,BOOTH,175,1918,源屋,ひとくちピエロ,https://sdvx.in/01/01096m.htm
はなむけ,16,HVN,INFINITE INFECTION,224,2801,ふる,SCイノセンス,https://sdvx.in/02/02211m.htm
4NT1 D34D,16,MXM,HEAVENLY HAVEN,109,1148,N-Driver,Megacycle,https://sdvx.in/04/04342m.htm
Adansonia,16,MXM,HEAVENLY HAVEN,132~138,1880,sweez / Meine Meinung,THE THIRD MAN,https://sdvx.in/04/04397m.htm
bass 2 bass [Tracy vs. Astronomical Remix],16,MXM,HEAVENLY HAVEN,155,1614,Tracy vs. Astronomical,cosMo＠暴走P,https://sdvx.in/04/04014m.htm
Blue Fire,16,MXM,HEAVENLY HAVEN,175,1830,REDALiCE feat. 野宮あゆみ,レッドホットスクリューズ,https://sdvx.in/04/04092m.htm
Burn everything,16,MXM,HEAVENLY HAVEN,175,2487,LiLA,Hermit♣club,https://sdvx.in/04/04120m.htm
Burning Spark!,16,MXM,HEAVENLY HAVEN,169,1741,uma & nmk feat. 橘花音,Akizuki Nagomu,https://sdvx.in/04/04328m.htm
Candy Star,16,MXM,HEAVENLY HAVEN,180,1819,DJ Genki feat. yukacco,七色Method,https://sdvx.in/04/04023m.htm
Chantilly Fille,16,MXM,HEAVENLY HAVEN,200,1760,Ange;art,凹ーダー凸ード,https://sdvx.in/04/04185m.htm
Claidheamh Soluis-光の剣- feat.はるの,16,MXM,HEAVENLY HAVEN,160,1869,猫大樹,CRAIG AKAGI,https://sdvx.in/04/04149m.htm
couleur automnes de chocolat,16,MXM,HEAVENLY HAVEN,110,1385,Citrus and Ocean Colour,Hermit♣club,https://sdvx.in/04/04156m.htm
disordered asia,16,MXM,HEAVENLY HAVEN,200,1767,シイナフユキ,フォックスロット,https://sdvx.in/04/04272m.htm
dreamin' of u,16,MXM,HEAVENLY HAVEN,178,1856,Jun Kuroda,MaKoTo,https://sdvx.in/04/04124m.htm
Engraved Mark-Gow's ill! RMX-,16,MXM,HEAVENLY HAVEN,216,1753,Gowrock,凹ーダー凸ード,https://sdvx.in/04/04044m.htm
Fairy in Strasbourg,16,MXM,HEAVENLY HAVEN,138,1518,Laur,ひとくちピエロ,https://sdvx.in/04/04181m.htm
fancy cake!!,16,MXM,HEAVENLY HAVEN,160,1640,あるふぁ,Megacycle,https://sdvx.in/04/04042m.htm
Genesis At Oasis (Hirayasu Matsudo Remix),16,MXM,HEAVENLY HAVEN,132,1889,Hirayasu Matsudo,Hirayasu Matsudo,https://sdvx.in/04/04073m.htm
HiGHER,16,MXM,HEAVENLY HAVEN,169,2038,REDALiCE,MAD CHILD,https://sdvx.in/04/04018m.htm
Invisible Full Moon 古屋直雪 remix,16,MXM,HEAVENLY HAVEN,145,1414,古屋直雪,電撃ロブスター,https://sdvx.in/04/04304m.htm
It's a new day!,16,MXM,HEAVENLY HAVEN,132,1443,パピ子りんft.ビタミンな兄貴♂＆ゆずり,スカイシュート,https://sdvx.in/04/04182m.htm
KIRAMEKI OVERDRIVE,16,MXM,HEAVENLY HAVEN,130,2461,FALL,ちたちゅれ with バタアシ,https://sdvx.in/04/04385m.htm
La Danza del Fuego,16,MXM,HEAVENLY HAVEN,150,1639,Kiryu,Akizuki Nagomu,https://sdvx.in/04/04285m.htm
Let's Bounce !!,16,MXM,HEAVENLY HAVEN,138,1369,BEMANI Sound Team ”Sota F.”,MAD CHILD,https://sdvx.in/04/04333m.htm
Lionheart,16,MXM,HEAVENLY HAVEN,170,1733,P4koo,Megacycle,https://sdvx.in/04/04227m.htm
Mind Mapping(ag Remix),16,MXM,HEAVENLY HAVEN,128,2068,ag,azuma,https://sdvx.in/04/04102m.htm
moon,16,MXM,HEAVENLY HAVEN,150,2051,iroha(sasaki),THE THIRD MAN,https://sdvx.in/04/04394m.htm
Mysterious Nights,16,MXM,HEAVENLY HAVEN,140,1555,あさり,凹ーダー凸ード,https://sdvx.in/04/04303m.htm
Narcissus At Oasis (Freezer Remix),16,MXM,HEAVENLY HAVEN,155~180,1594,Freezer,ブルーコールドハリケーンズ,https://sdvx.in/04/04089m.htm
Narcissus At Oasis -影虎。 style-,16,MXM,HEAVENLY HAVEN,180,1761,影虎。,cosMo＠暴走P,https://sdvx.in/04/04061m.htm
NEWBORN CRYING,16,MXM,HEAVENLY HAVEN,185,1698,ZYTOKINE feat. nachi,恵方真紀,https://sdvx.in/04/04097m.htm
Poppin' Shower,16,MXM,HEAVENLY HAVEN,175,1829,P*Light,MAD CHILD & Megacycle,https://sdvx.in/04/04022m.htm
Princess K,16,MXM,HEAVENLY HAVEN,139,1638,Retropolitaliens (Ms.+駄々子),鋼のビスカッチャ,https://sdvx.in/04/04352m.htm
Random Box,16,MXM,HEAVENLY HAVEN,137,1221,LATI,CRAIG AKAGI,https://sdvx.in/04/04228m.htm
Regretful Flower,16,MXM,HEAVENLY HAVEN,155,1884,Amateras Records feat.築山さえ,おからヒット,https://sdvx.in/04/04103m.htm
Root Consciousness,16,MXM,HEAVENLY HAVEN,156,1755,溝口ゆうま feat.大瀬良あい vs. QURELESS,CRAIG AKAGI,https://sdvx.in/04/04121m.htm
Second Heaven GravityPfArrange,16,MXM,HEAVENLY HAVEN,167,1455,cosMo@暴走P,cosMo＠暴走P,https://sdvx.in/04/04011m.htm
starmine (nora2r Remix),16,MXM,HEAVENLY HAVEN,190,1668,nora2r,MAD CHILD,https://sdvx.in/04/04012m.htm
Time to Air (jazz it up style),16,MXM,HEAVENLY HAVEN,135,1416,borzy,Megacycle,https://sdvx.in/04/04152m.htm
Two of Us,16,MXM,HEAVENLY HAVEN,92,1094,Sound CYCLONE,バタアシ,https://sdvx.in/04/04274m.htm
VAMPIRE,16,MXM,HEAVENLY HAVEN,145,1476,nyankobrq,CRAIG AKAGI,https://sdvx.in/04/04079m.htm
waxing and wanding(SS Remix),16,MXM,HEAVENLY HAVEN,180,1906,しま兄,おからヒット,https://sdvx.in/04/04153m.htm
インフルエンサー・イズ・デッド,16,MXM,HEAVENLY HAVEN,144,1616,じーざす（ワンダフル☆オポチュニティ！）,影符,https://sdvx.in/04/04035m.htm
オトゲラヴ！,16,MXM,HEAVENLY HAVEN,176,1658,ねこみりん feat.小宮真央×みゆ×えみゅう。,凹ーダー凸ード,https://sdvx.in/04/04021m.htm
からくりピエロ,16,MXM,HEAVENLY HAVEN,102,1077,40mP,Megacycle,https://sdvx.in/04/04239m.htm
けもののおうじゃ★めうめう,16,MXM,HEAVENLY HAVEN,162,1512,日向美ビタースイーツ♪,cosMo＠暴走Beast,https://sdvx.in/04/04165m.htm
ゴーストマスコット,16,MXM,HEAVENLY HAVEN,200,1777,はるなば feat.みかん汁,Fortunality,https://sdvx.in/04/04114m.htm
シノビシノノメ,16,MXM,HEAVENLY HAVEN,174,1468,東雲心菜,おすし仮面,https://sdvx.in/04/04168m.htm
スカイダイバー,16,MXM,HEAVENLY HAVEN,180,1514,ヒゲドライバー feat.ヒゲドライVAN,MAD CHILD,https://sdvx.in/04/04220m.htm
スピーカーガール！,16,GRV,HEAVENLY HAVEN,187,2126,TAKU1175 feat. かなたん,レッドホットスクリューズ,https://sdvx.in/04/04251m.htm
スペクトラム,16,MXM,HEAVENLY HAVEN,138,1459,エルリ鳥 (O-SE + ueda),凹ーダー凸ード,https://sdvx.in/04/04398m.htm
チルノのパーフェクトさんすう教室　⑨周年バージョン,16,MXM,HEAVENLY HAVEN,175,1853,IOSYSと愉快な⑨周年フレンズ,ごましおくん×月刊ミズタニ,https://sdvx.in/04/04160m.htm
つるぺったん,16,MXM,HEAVENLY HAVEN,180,1635,Silver Forest feat. くろねこ アキ さきち カガリ,狂風少年鑑定団,https://sdvx.in/04/04117m.htm
テレポーテーションでやってきた彼とのその後の顛末,16,MXM,HEAVENLY HAVEN,190,1995,Vocal by 藍月なくる,ポテト亀山,https://sdvx.in/04/04173m.htm
トーホータノシ feat. 抹,16,MXM,HEAVENLY HAVEN,140~180,2176,魂音泉,おすし仮面（ポテト）,https://sdvx.in/04/04094m.htm
トキメキストリーム,16,MXM,HEAVENLY HAVEN,164,1362,Qrispy Joybox,THE THIRD MAN,https://sdvx.in/04/04222m.htm
トラウマ催眠少女さとり！,16,MXM,HEAVENLY HAVEN,210,1835,DJ SHARPNEL feat.一ノ瀬月琉,THE THIRD MAN,https://sdvx.in/04/04028m.htm
ぱあ,16,MXM,HEAVENLY HAVEN,128,1381,立秋 feat.ちょこ,cosMo＠暴走ぱあ,https://sdvx.in/04/04112m.htm
ひとりぼっちの魔王,16,MXM,HEAVENLY HAVEN,112,1579,Verdammt,Jin Majima,https://sdvx.in/04/04307m.htm
ビビットストリーム,16,MXM,HEAVENLY HAVEN,184,1886,DJ TOTTO,からあげブラザーズ,https://sdvx.in/04/04254m.htm
マイネ・クライネ・ナハトムジーク,16,MXM,HEAVENLY HAVEN,220,2610,Die Ellipse (deli. with 倉田美和),フォックスロット,https://sdvx.in/04/04353m.htm
マトリョシカ,16,MXM,HEAVENLY HAVEN,205~296,1419,ハチ,MAD CHILD,https://sdvx.in/04/04075m.htm
ミラクル・スイート・スイーツ・マジック！！,16,MXM,HEAVENLY HAVEN,88~206,1701,日向美ビタースイーツ♪,cosMo＠暴走P,https://sdvx.in/04/04162m.htm
モザイクロール,16,MXM,HEAVENLY HAVEN,145,1699,DECO*27,鋼のビスカッチャ,https://sdvx.in/04/04392m.htm
ルミナスデイズ,16,MXM,HEAVENLY HAVEN,96~145,1907,ここなつ,MAD CHILD & Hirayasu Matsudo,https://sdvx.in/04/04212m.htm
ローリンガール,16,MXM,HEAVENLY HAVEN,195,2027,wowaka,SHiJiMiSo Soup.☆彡,https://sdvx.in/04/04381m.htm
斑鳩,16,MXM,HEAVENLY HAVEN,119~134,2164,豊田竜行,TAKUYA,https://sdvx.in/04/04025m.htm
異世界ノットパンピー,16,MXM,HEAVENLY HAVEN,195,1993,164 feat.GUMI,WMM-E,https://sdvx.in/04/04345m.htm
嘘とぬいぐるみ,16,MXM,HEAVENLY HAVEN,105~120,1371,Dixie Flatline,Megacycle,https://sdvx.in/04/04346m.htm
狂騒こども節,16,MXM,HEAVENLY HAVEN,198,1353,Vocal by かなたん,MAD CHILD,https://sdvx.in/04/04169m.htm
灼熱のBlazin' Beat,16,MXM,HEAVENLY HAVEN,170,1987,CielArc,からあげブラザーズ,https://sdvx.in/04/04327m.htm
少女救世論,16,MXM,HEAVENLY HAVEN,159,1982,暁Records,ダークダークダーク,https://sdvx.in/04/04116m.htm
新米天使のメランコリー,16,MXM,HEAVENLY HAVEN,150,1406,Vocal by 荒巻,金色の夜叉,https://sdvx.in/04/04170m.htm
晴天Bon Voyage,16,MXM,HEAVENLY HAVEN,230,2313,TOMOSUKE × seiya-murai feat. ALT,ポテト亀山,https://sdvx.in/04/04360m.htm
雪月花 (Shiron & Sound Artz Remix),16,MXM,HEAVENLY HAVEN,148,1419,Shiron vs. Sound Artz,cosMo＠暴走P,https://sdvx.in/04/04088m.htm
地球防衛乙女パンナコッター,16,MXM,HEAVENLY HAVEN,156,1284,Vocal by はるの,Megacycle,https://sdvx.in/04/04171m.htm
盗宝,16,MXM,HEAVENLY HAVEN,165,1945,猫大樹,Megacycle,https://sdvx.in/04/04048m.htm
透明な記憶の風穴,16,MXM,HEAVENLY HAVEN,180,1825,柚木梨沙（少女フラクタル）,MAD CHILD,https://sdvx.in/04/04108m.htm
虹色の花,16,MXM,HEAVENLY HAVEN,170,1641,Akhuta y OJ,Megacycle,https://sdvx.in/04/04362m.htm
春時雨,16,MXM,HEAVENLY HAVEN,192,2077,まし,THE THIRD MAN,https://sdvx.in/04/04180m.htm
風鈴花火,16,MXM,HEAVENLY HAVEN,150,1637,BEMANI Sound Team ”劇団レコード”feat.結良まり,Akizuki Nagomu,https://sdvx.in/04/04334m.htm
惑星☆ロリポップ,16,MXM,HEAVENLY HAVEN,180,1395,SOUND HOLIC feat. Nana Takahashi,電撃ロブスター,https://sdvx.in/04/04255m.htm
私とあなたのMYOURENJI☆,16,MXM,HEAVENLY HAVEN,142,1677,歌恋人,ビーフジョッキー,https://sdvx.in/04/04105m.htm
私の恋色。,16,MXM,HEAVENLY HAVEN,206,1687,テヅカ feat. 大西あみみ,Megacycle,https://sdvx.in/04/04271m.htm
Beyond the BLUE,16,EXH,HEAVENLY HAVEN,132,1407,Asato × sak × 田島千種,NOX,https://sdvx.in/04/04350e.htm
BLAZING_LAZER,16,EXH,HEAVENLY HAVEN,191,1582,brz1128,七色Method,https://sdvx.in/04/04300e.htm
BlueMoon Princess,16,EXH,HEAVENLY HAVEN,235,2130,うさぎ愛好会(cosMo×syuri22),cosMo＠うさぎ愛好会,https://sdvx.in/04/04245e.htm
Breakin' Asia,16,EXH,HEAVENLY HAVEN,230,2060,かたぎり,凹ーダー凸ード,
CHERNOBOG,16,EXH,HEAVENLY HAVEN,200,1742,漆黒のEBONY,闇黒のEIVY,https://sdvx.in/04/04261e.htm
Cloud 9,16,EXH,HEAVENLY HAVEN,153,1723,雄之助,しばまる子,https://sdvx.in/04/04233e.htm
crossing blue,16,EXH,HEAVENLY HAVEN,234,2399,ぺのれり,風瑠人,https://sdvx.in/04/04244e.htm
Destiny,16,EXH,HEAVENLY HAVEN,111~222,1822,Yooh,MAD CHILD,
Divine's or Deal,16,EXH,HEAVENLY HAVEN,223,1689,winddrums vs cosMo,cosMo＠暴走P,
Doppelganger,16,EXH,HEAVENLY HAVEN,280,1643,LeaF,Ether99,https://sdvx.in/04/04161e.htm
Dreadnought,16,EXH,HEAVENLY HAVEN,96~384,2220,Mastermind (xi + nora2r),レッドホットスクリューズ,https://sdvx.in/04/04016e.htm
DropZ-Line-,16,EXH,HEAVENLY HAVEN,50~400,1430,Getty vs. DJ DiA,レッドホットスクリューズ vs. ブルーコールドハリケーンズ,https://sdvx.in/04/04202e.htm
Gamerz FestivaL,16,EXH,HEAVENLY HAVEN,208,1901,うさぎ愛好会(cosMo×syuri22),cosMo＠うさぎ愛好会,https://sdvx.in/04/04067e.htm
Gate of Atlantis,16,EXH,HEAVENLY HAVEN,8~888,1633,MasKaleido,ビーフジョッキー,https://sdvx.in/04/04297e.htm
GERBERA,16,EXH,HEAVENLY HAVEN,205,2159,BEMANI Sound Team ”TAG”,Chapter 03「わがままな美人」,https://sdvx.in/04/04186e.htm
Glitter Flatter Scatter,16,EXH,HEAVENLY HAVEN,197,1848,Project B-,DJ みさこ,https://sdvx.in/04/04151e.htm
Hug!! Vs. Hug!!,16,EXH,HEAVENLY HAVEN,120,1200,はるなば,Ether99,https://sdvx.in/04/04191e.htm
НУМЛ,16,EXH,HEAVENLY HAVEN,158~200,1728,Zutt,浮世マシーン,https://sdvx.in/04/04214e.htm
Juggler's Maddness,16,EXH,HEAVENLY HAVEN,250,2231,Lite Show Magic,ごましおくん,https://sdvx.in/04/04139e.htm
JUNKIE FLAVOR,16,EXH,HEAVENLY HAVEN,120~240,1637,yaseta + Hidra-Xjeil,レッドホットスクリューズ,https://sdvx.in/04/04127e.htm
Khionos TiARA,16,EXH,HEAVENLY HAVEN,200,1851,Ellim Gnirps vs よみぃ,風瑠マシーン,https://sdvx.in/04/04198e.htm
LastΩmegA,16,EXH,HEAVENLY HAVEN,208,1594,BlackY,MAD CHILD,https://sdvx.in/04/04282e.htm
Legendary Road,16,EXH,HEAVENLY HAVEN,248,2276,kanone,MAD CHILD & Megacycle,https://sdvx.in/04/04128e.htm
Levier'n NabYss,16,EXH,HEAVENLY HAVEN,249,2087,MisoilePunch♪ ~Take No Complete~,TEK-A-RHYTHM,https://sdvx.in/04/04311e.htm
Lowermost revolt,16,EXH,HEAVENLY HAVEN,219,1878,かめりあ feat. 歌劇派学生,NOX,https://sdvx.in/04/04206e.htm
Make Magic,16,EXH,HEAVENLY HAVEN,230,2355,Lite Show Magic,浮世マシーン,https://sdvx.in/04/04054e.htm
MeteorGlow Aftermath,16,EXH,HEAVENLY HAVEN,264,1290,pan,浮世マシーン,https://sdvx.in/04/04298e.htm
Midnight City Warfare,16,EXH,HEAVENLY HAVEN,180,1950,sky_delta,月刊風瑠タニ,
Mirrorwall,16,EXH,HEAVENLY HAVEN,144,1590,BlackY,逆球レジェンド,https://sdvx.in/04/04138e.htm
MODEL FT4,16,EXH,HEAVENLY HAVEN,145~155,1748,BEMANI Sound Team ”Mutsuhiko Izumi”,Akizuki Nagomu,https://sdvx.in/04/04387e.htm
Noisy Minority,16,EXH,HEAVENLY HAVEN,180,1739,DJ Grimoire,.424kHz,https://sdvx.in/04/04038e.htm
Nostalgic Blood of the Strife,16,EXH,HEAVENLY HAVEN,240,1879,Laur,Megacycle,https://sdvx.in/04/04358e.htm
ouroboros,16,EXH,HEAVENLY HAVEN,188,2041,Cranky VS MASAKI「グルーヴコースター」より,MAD CHILD VS Megacycle,
ΩVERSOUL,16,EXH,HEAVENLY HAVEN,155,1303,BlackY,TEK-A-RHYTHM,https://sdvx.in/04/04066e.htm
POLICY BREAK Medley from SOUND VOLTEX×jubeat,16,EXH,HEAVENLY HAVEN,93~311,1538,United Composers from jubeat,United Effectors,https://sdvx.in/04/04077e.htm
Prey,16,EXH,HEAVENLY HAVEN,210,2029,BEMANI Sound Team ”Dustup”,電撃ロブスター,
PROVOES*PROPOSE <<el fine>>,16,EXH,HEAVENLY HAVEN,120~280,1479,Yu_Asahina as ”papyrus”,風瑠人,https://sdvx.in/04/04351e.htm
PUPA,16,EXH,HEAVENLY HAVEN,50~202,1850,モリモリあつし,レッドホットスクリューズ,https://sdvx.in/04/04129e.htm
Re:End of a Dream,16,EXH,HEAVENLY HAVEN,106~212,2149,uma vs. モリモリあつし,レッドホットスクリューズ vs. GUCCINI,https://sdvx.in/04/04263e.htm
Reb∞t,16,EXH,HEAVENLY HAVEN,240,2520,BEMANI Sound Team ”TAG”,BEMANI Sound Team,https://sdvx.in/04/04302e.htm
Redshift,16,EXH,HEAVENLY HAVEN,190,1783,technoplanet,ポテトマシーン,https://sdvx.in/04/04288e.htm
SAtAN,16,EXH,HEAVENLY HAVEN,300,1494,P*Light,tEK-A-RHYTHM,https://sdvx.in/04/04277e.htm
#SpeedyCats,16,EXH,HEAVENLY HAVEN,226,1641,RoughSketch a.k.a. uno(IOSYS),風瑠人,https://sdvx.in/04/04192e.htm
Spirit of the Beast,16,EXH,HEAVENLY HAVEN,195,1441,ikaruga_nex fw.tcheb,Megacycle,https://sdvx.in/04/04147e.htm
STULTI,16,EXH,HEAVENLY HAVEN,90~182,1579,MAX MAXIMIZER VS DJ TOTTO,ビーフジョッキー,
Sweet Requiem,16,EXH,HEAVENLY HAVEN,190,1661,REDALiCE & aran,THE THIRD MAN,https://sdvx.in/04/04118e.htm
Taiko Drum Monster,16,EXH,HEAVENLY HAVEN,266,1856,steμ feat. siroa「太鼓の達人」より,EIVY,
TRICKL4SH 220,16,EXH,HEAVENLY HAVEN,220,1794,Lite Show Magic,ごましおくん vs. PHQUASE,https://sdvx.in/04/04020e.htm
ULTiMATE INFLATiON,16,EXH,HEAVENLY HAVEN,451,2104,cosMo@暴走Genocider,SCライオット,https://sdvx.in/04/04133e.htm
Venomous Firefly,16,EXH,HEAVENLY HAVEN,264,1740,かめりあ,レッドホットミズタニ,https://sdvx.in/04/04357e.htm
Xevel,16,EXH,HEAVENLY HAVEN,176~185,2411,Tatsh「CHUNITHM」より,浮世チュニーン,
オニユリ,16,EXH,HEAVENLY HAVEN,153,1987,ぺのれり,電撃ロブスター,https://sdvx.in/04/04320e.htm
サイコパスラビット,16,EXH,HEAVENLY HAVEN,250,1921,うさぎ愛好会PSYCHOPATH(cosMo×syuri22),cosMo＠暴走PSYCHOPATH,https://sdvx.in/04/04317e.htm
ドリームエンド・サバイバー,16,EXH,HEAVENLY HAVEN,201,2073,ぽんきち,七色Method,https://sdvx.in/04/04040e.htm
ファイナルレター,16,EXH,HEAVENLY HAVEN,205,2060,かねこちはる,七色Method,
ホワイトパレード,16,EXH,HEAVENLY HAVEN,218,2088,梅干茶漬け,風瑠人,https://sdvx.in/04/04310e.htm
メイビ～初恋！？ビスケット☆大作戦,16,EXH,HEAVENLY HAVEN,182,1445,DJ TOTTO×mitsu feat.BisCo(CV:洲崎綾),レッドホットビスケット,
祝福の色彩は想い結ぶ君たち迄,16,EXH,HEAVENLY HAVEN,235,1616,Yu-dachi,鋼のビスカッチャ,
神獄烙桜,16,EXH,HEAVENLY HAVEN,258,1500,かゆき,風瑠人,https://sdvx.in/04/04136e.htm
誰が為に兎は舞う＝狂速狂騒曲＝,16,EXH,HEAVENLY HAVEN,231,1936,うさぎ愛好会(cosMo×syuri22),cosMo＠うさぎ愛好会,https://sdvx.in/04/04281e.htm
光射す澪のユズリハ,16,EXH,HEAVENLY HAVEN,190,1788,Cororo feat.Yuria Miyazono,フォックスロット,https://sdvx.in/04/04319e.htm
真っ白な靴,16,EXH,HEAVENLY HAVEN,226,1878,豚乙女,ビーフジョッキー,https://sdvx.in/04/04390e.htm
archive::zip,16,GRV,GRAVITY WARS,185,1845,kamome sano,レッドホットスクリューズ,https://sdvx.in/03/03276m.htm
Dawn of Asia,16,GRV,INFINITE INFECTION,188,1682,ginkiha+kamome sano,Hermit♣club vs. 逆球レジェンド,https://sdvx.in/02/02124m.htm
EOS -INFINITE EDIT-,16,GRV,INFINITE INFECTION,175,1952,ginkiha,MaKoTo,https://sdvx.in/02/02183m.htm
ERROR CODE,16,GRV,GRAVITY WARS,110,1472,C-Show,Megacycle,https://sdvx.in/03/03274m.htm
"Help me, CODYYYYYY!!",16,GRV,GRAVITY WARS,190,1848,SOUND HOLIC feat. Nana Takahashi,MAD CHILD powerd by 宣伝部の田中さん,https://sdvx.in/03/03260m.htm
TrailBlazer,16,GRV,INFINITE INFECTION,184,1843,cold kiss,ポテト亀山,https://sdvx.in/02/02162m.htm
TRIGGER★HAPPY,16,GRV,BOOTH,185,1803,P*Light,PHQUASE,https://sdvx.in/01/01118m.htm
VISION,16,GRV,BOOTH,173,1629,nora2r,SCバイオメトリクス,https://sdvx.in/01/01116m.htm
World Vertex,16,GRV,BOOTH,160,2239,void,WMM-E,https://sdvx.in/01/01067m.htm
いーあるふぁんくらぶ,16,GRV,INFINITE INFECTION,145,1491,みきとP,PHQUASE,https://sdvx.in/02/02064m.htm
ツーマンライブ,16,GRV,GRAVITY WARS,174,1728,東雲夏陽 meets 日向美ビタースイーツ♪,Megacycle,https://sdvx.in/03/03053m.htm
はわわｗ！な展開っ！,16,GRV,INFINITE INFECTION,200,2637,かねこちはる feat. 紫崎 雪,MAD CHILD,https://sdvx.in/02/02291m.htm
ロストワンの号哭,16,GRV,INFINITE INFECTION,162,1844,Neru,MAD CHILD,https://sdvx.in/02/02057m.htm
夏色DIARY -Summer Dazzlin' Vacation miX-,16,GRV,GRAVITY WARS,155,2245,猫叉王子 feat. PHQUASE vs. MAD CHILD,Megacycle feat. PHQUASE vs. MAD CHILD,https://sdvx.in/03/03153m.htm
6弦とピアノのためのエチュード op.4,16,EXH,GRAVITY WARS,110~280,1381,ke-ji,浮世マシーン,https://sdvx.in/03/03162e.htm
ancient garden,16,EXH,GRAVITY WARS,123,1270,Cororo,ユカリ☆chan,https://sdvx.in/03/03333e.htm
Angelic Jelly,16,EXH,GRAVITY WARS,200,1717,t+pazolite,MAD CHILD,https://sdvx.in/03/03364e.htm
Asian Chip City,16,EXH,GRAVITY WARS,180,1651,提供,ビーフジョッキー,https://sdvx.in/03/03206e.htm
Beyond the Sandstorm,16,EXH,GRAVITY WARS,158,1351,JouneyCat,凹ーダー凸ード,https://sdvx.in/03/03208e.htm
Blacksphere,16,EXH,GRAVITY WARS,153,1636,s-don as Iriss,ブルーコールドハリケーンズ,https://sdvx.in/03/03196e.htm
Celestial stinger,16,EXH,GRAVITY WARS,259,1583,Noah,Megacycle,https://sdvx.in/03/03353e.htm
Chloé,16,EXH,GRAVITY WARS,176,1992,DJ Totoriott,レッドホットスクリューズ,https://sdvx.in/03/03238e.htm
Cold Inflation,16,EXH,GRAVITY WARS,175,1695,kanone vs. Yooh,TAKUYA,https://sdvx.in/03/03142e.htm
Completeness Under Incompleteness,16,EXH,GRAVITY WARS,194,2025,かめりあ as,SCライオット,https://sdvx.in/03/03352e.htm
crêpe suzette,16,EXH,GRAVITY WARS,202,2009,kamome sano,Megacycle,https://sdvx.in/03/03185e.htm
Destroy,16,EXH,GRAVITY WARS,195,1688,Yooh,MAD CHILD,https://sdvx.in/03/03303e.htm
Din Don Dan (Fusion Remix),16,EXH,GRAVITY WARS,160,1800,TAKU1175 feat.かなたん,PHQUASE STARLiGHT,https://sdvx.in/03/03294e.htm
Discover the Life,16,EXH,GRAVITY WARS,165,1912,A-One,ビーフジョッキー,https://sdvx.in/03/03336e.htm
eastward -sdvx edit-,16,EXH,GRAVITY WARS,186,1582,ginkiha,SCバイオメトリクス,https://sdvx.in/03/03355e.htm
eternita,16,EXH,GRAVITY WARS,269,1401,cosMo＠暴走P,スカイシュート,https://sdvx.in/03/03154e.htm
FIRE FIREは電気スウィングの夢を見るか？,16,EXH,GRAVITY WARS,133,1481,millstones,しばまる子,https://sdvx.in/03/03070e.htm
Get back here,16,EXH,GRAVITY WARS,200,1567,Hommarju,風瑠人,https://sdvx.in/03/03329e.htm
GO BACK 2 YOUR RAVE,16,EXH,GRAVITY WARS,170,1923,nora2r,Megacycle,https://sdvx.in/03/03292e.htm
Grand Chariot,16,EXH,GRAVITY WARS,191,1891,xi,Ester44,https://sdvx.in/03/03365e.htm
GRISAILLE,16,EXH,GRAVITY WARS,196,1952,SOUND HOLIC feat. Nana Takahashi,Megacycle & MAD CHILD,https://sdvx.in/03/03309e.htm
"Help me, ERINNNNNN!! -VENUS mix-",16,EXH,GRAVITY WARS,183,2072,VENUS,金色のSC夜叉トリクス,https://sdvx.in/03/03328e.htm
Hyper☆Chipspace,16,EXH,GRAVITY WARS,180,1829,Saiph,DJ 摂津,https://sdvx.in/03/03024e.htm
In The Breeze,16,EXH,GRAVITY WARS,123~142,1248,96 & Sota ft. Mayumi Morinaga,ユカリ & MaKoTo,https://sdvx.in/03/03132e.htm
Inixia,16,EXH,GRAVITY WARS,217,1912,xi,風瑠人,https://sdvx.in/03/03275e.htm
Laughin' Muffin,16,EXH,GRAVITY WARS,182,1519,Gowrock,ポテト亀山,https://sdvx.in/03/03349e.htm
Le Fruit Defendu,16,EXH,GRAVITY WARS,220,1876,モリモリあつし+Verdammt,わかば,https://sdvx.in/03/03143e.htm
Liminality,16,EXH,GRAVITY WARS,145,1594,FELT,Hermit♣club,https://sdvx.in/03/03034e.htm
Lo-Fi-M,16,EXH,GRAVITY WARS,140,1655,yaseta,Low of cosines,https://sdvx.in/03/03351e.htm
M.A.Y.U.,16,EXH,GRAVITY WARS,128,1622,Ryu☆ feat.MAYU,SCバイオメトリクス,https://sdvx.in/03/03080e.htm
MAGATORO,16,EXH,GRAVITY WARS,184,1715,上村香月,MAD CHILD,https://sdvx.in/03/03373e.htm
Milkyway - memorable -,16,EXH,GRAVITY WARS,155,1806,こふ,スカイシュート,https://sdvx.in/03/03106e.htm
Monkey Business(Band Edit.),16,EXH,GRAVITY WARS,80~210,2096,daph,ポテト亀山,https://sdvx.in/03/03118e.htm
Monkey Business -Satire mix-,16,EXH,GRAVITY WARS,200,1632,LeaF,MaKoTo,https://sdvx.in/03/03101e.htm
NECRO PARTY,16,EXH,GRAVITY WARS,175,1779,VALLEYSTONE vs udouddo,MAD CHILD,https://sdvx.in/03/03324e.htm
NEO TREASON,16,EXH,GRAVITY WARS,200,2290,lapix,NEO GUCCINI,https://sdvx.in/03/03358e.htm
Never Regret Anything,16,EXH,GRAVITY WARS,185,1692,影虎。,SCバイオメトリクス,https://sdvx.in/03/03023e.htm
Ok!! Hug Me,16,EXH,GRAVITY WARS,210,1795,はるなば,TEK-A-RHYTHM,https://sdvx.in/03/03341e.htm
One & Only,16,EXH,GRAVITY WARS,131,1509,Salk2d,ユカリ♣club,https://sdvx.in/03/03113e.htm
Oriental Blossom,16,EXH,GRAVITY WARS,180,1503,影翔鼓舞,Megacycle,https://sdvx.in/03/03210e.htm
Our Faith (takdrive remix),16,EXH,GRAVITY WARS,160,2028,takdrive,ユカリ☆chan,https://sdvx.in/03/03102e.htm
Paranoia,16,EXH,GRAVITY WARS,150,1825,DiGiTAL WiNG feat. 花たん,MaKoTo,https://sdvx.in/03/03067e.htm
Phantom dinning tonight!,16,EXH,GRAVITY WARS,165,1330,Tomoya feat. 黒崎朔夜,浮世マシーン,https://sdvx.in/03/03389e.htm
Question.,16,EXH,GRAVITY WARS,175,1585,Tracy feat.築山さえ,ポテト亀山,https://sdvx.in/03/03285e.htm
Renegade Fruits,16,EXH,GRAVITY WARS,240,1880,t+pazolite,MAD CHILD,https://sdvx.in/03/03277e.htm
Russet,16,EXH,GRAVITY WARS,186,1723,wellow,PHQUASE,https://sdvx.in/03/03280e.htm
Scarlet Moon,16,EXH,GRAVITY WARS,180,1926,REDALiCE feat. Ayumi Nomiya,月刊ミズタニ,https://sdvx.in/03/03085e.htm
Scarlet Pinheel,16,EXH,GRAVITY WARS,172,1752,ぺのれり,DJ 摂津 × メルシー岡田,https://sdvx.in/03/03040e.htm
Scream out! (SDVX EDIT),16,EXH,GRAVITY WARS,166,1755,A-One,博多の男,https://sdvx.in/03/03066e.htm
She is my wife,16,EXH,GRAVITY WARS,85~170,1406,SUPER STAR 満-MITSURU-,SUPER EFFECTOR 努-TSUTOMU-,https://sdvx.in/03/03272e.htm
Shiawase Transmission,16,EXH,GRAVITY WARS,210,2032,you,SCバイオメトリクス,https://sdvx.in/03/03186e.htm
Solitude & Nightmare,16,EXH,GRAVITY WARS,180,1669,猫大樹,MaKoTo,https://sdvx.in/03/03337e.htm
Sounds Of Summer,16,EXH,GRAVITY WARS,175,1997,Hommarju,東京ブルトゥーム,https://sdvx.in/03/03133e.htm
Sourire,16,EXH,GRAVITY WARS,138,1408,とろまる,ポテト亀山,https://sdvx.in/03/03168e.htm
spectroscape,16,EXH,GRAVITY WARS,183,1783,kuroburger,浮世マシーン,https://sdvx.in/03/03255e.htm
TU-MA-MI△ALL-NIGHTER,16,EXH,GRAVITY WARS,132,1734,xi underground,Law of cosines,https://sdvx.in/03/03037e.htm
Twin Blaster,16,EXH,GRAVITY WARS,185,1804,polysha+tcheb,TAKUYA,https://sdvx.in/03/03127e.htm
Ultimate Fury,16,EXH,GRAVITY WARS,185,1913,Arch vs n3pu,Megacycle,https://sdvx.in/03/03256e.htm
Utopia,16,EXH,GRAVITY WARS,187,2047,溝口ゆうま feat. 大瀬良あい,浮世マシーン,https://sdvx.in/03/03211e.htm
Violet Soul,16,EXH,GRAVITY WARS,158,1720,Soleily,SCバイオメトリクス,https://sdvx.in/03/03021e.htm
VOLTEXES III,16,EXH,GRAVITY WARS,180,2052,Sota Fujimori,MAD CHILD ver.III 1st SEASON,https://sdvx.in/03/03241e.htm
Wuv U (Colorful QT3 nekomix),16,EXH,GRAVITY WARS,173,1756,ねこみりん feat.えみゅう。×みゆ×小宮真央,スカイシュート,https://sdvx.in/03/03071e.htm
Wuv U(picoustic rmx),16,EXH,GRAVITY WARS,182,1675,kamome sano,MaKoTo,https://sdvx.in/03/03120e.htm
XROSS THE XOUL,16,EXH,GRAVITY WARS,194,1826,BlackY vs. Yooh,PHQUASE vs. FUKASE,https://sdvx.in/03/03273e.htm
You Know-SDVX EDIT-,16,EXH,GRAVITY WARS,170,1480,源屋 with Kuroa*,Megacycle,https://sdvx.in/03/03374e.htm
アナーキーインザ夕景,16,EXH,GRAVITY WARS,160,2130,ここなつ Produced by ぬゆり,MAD CHILD & Hirayasu Matsudo,https://sdvx.in/03/03250e.htm
ウエンレラの氷華,16,EXH,GRAVITY WARS,200,2302,Cororo,Hermit♣club,https://sdvx.in/03/03342e.htm
カタルシスの月,16,EXH,GRAVITY WARS,200,2101,日向美ビタースイーツ♪,MaKoTo,https://sdvx.in/03/03289e.htm
キモチコネクト,16,EXH,GRAVITY WARS,150,1587,東雲心菜 meets 日向美ビタースイーツ♪,ユカリ♣club,https://sdvx.in/03/03059e.htm
「ここなつ☆」は夢のカタチ,16,EXH,GRAVITY WARS,216,1691,ここなつ Produced by A than_Lily,東京ブルトゥーム,https://sdvx.in/03/03249e.htm
しゅわスパ大作戦☆ (カシオれ！くーにゃんリミックス),16,EXH,GRAVITY WARS,185,1707,uno(IOSYS) feat.miko,PHQUASE,https://sdvx.in/03/03259e.htm
ショットガン・ラヴァーズ,16,EXH,GRAVITY WARS,188,2529,のぼる↑ feat. 松下,MaKoTo,https://sdvx.in/03/03190e.htm
ちぇいす いん ざ さんしゃいん！！！,16,EXH,GRAVITY WARS,186,1948,ぺのれり,ポテト亀山,https://sdvx.in/03/03194e.htm
ツーマンライブ,16,EXH,GRAVITY WARS,174,2185,東雲夏陽 meets 日向美ビタースイーツ♪,MaKoTo meets ユカリ☆,https://sdvx.in/03/03053e.htm
ドゥンガドゥンガ狂詩曲,16,EXH,GRAVITY WARS,200,1874,かねこちはる ＋ はぁち ＋ 飛鳥男,わかば,https://sdvx.in/03/03205e.htm
トリコロール・ダイアリー,16,EXH,GRAVITY WARS,173,1746,梅干茶漬け,しばまる子,https://sdvx.in/03/03020e.htm
ハイスピヰド・ランパンシヰ,16,EXH,GRAVITY WARS,174,1801,はがね,凹ーダー凸ード,https://sdvx.in/03/03326e.htm
プレインエイジア -PHQ remix-,16,EXH,GRAVITY WARS,182,1744,PHQUASE,TAKUYA,https://sdvx.in/03/03090e.htm
ポメグラネイト,16,EXH,GRAVITY WARS,130,1501,ここなつ,ふかせ,https://sdvx.in/03/03030e.htm
ホメ猫☆センセーション,16,EXH,GRAVITY WARS,200,2128,P*Light feat. mow*2,Hermit♣club,https://sdvx.in/03/03091e.htm
メイガスナイト ～ Arr.Demetori,16,EXH,GRAVITY WARS,152,1631,Demetori,azuma,https://sdvx.in/03/03033e.htm
ロンロンへ　ライライライ！,16,EXH,GRAVITY WARS,156,1778,ここなつ,東京ブルトゥーム,https://sdvx.in/03/03121e.htm
妖隠し -あやかしかくし-,16,EXH,GRAVITY WARS,85,1112,DJ TOTTO feat.3L,浮世マシーン,https://sdvx.in/03/03094e.htm
踊るフィーバーロボ,16,EXH,GRAVITY WARS,160,1553,ダニエル&eimy と よしくん,Megacycle,https://sdvx.in/03/03335e.htm
鬼KYOKAN,16,EXH,GRAVITY WARS,160~182,1691,kradness×れをる,浮世マシーン,https://sdvx.in/03/03044e.htm
囲い無き世は一期の月影,16,EXH,GRAVITY WARS,172,1526,豚乙女,SCバイオメトリクス,https://sdvx.in/03/03047e.htm
我楽多イノセンス,16,EXH,GRAVITY WARS,230,2138,Last Note.,PHQUASE,https://sdvx.in/03/03215e.htm
響縁,16,EXH,GRAVITY WARS,180,1859,豚乙女,ポテト亀山,https://sdvx.in/03/03271e.htm
幻想郷DEMPASTICグリーティング,16,EXH,GRAVITY WARS,195,1842,ARM(IOSYS) feat. 愛原千尋,MAD CHILD,https://sdvx.in/03/03301e.htm
最速最高シャッターガール,16,EXH,GRAVITY WARS,160,2170,ビートまりお（COOL&CREATE）,MaKoToレジェンド,https://sdvx.in/03/03001e.htm
幸せになれる隠しコマンドがあるらしい,16,EXH,GRAVITY WARS,0,1896,うたたP feat. 結月ゆかり,ユカリ☆ごましお,https://sdvx.in/03/03045e.htm
瞬間ドリップ♪秘蜜のケーキセット,16,EXH,GRAVITY WARS,200,1448,そよもぎ,浮世まる子,https://sdvx.in/03/03060e.htm
深海シティアンダーグラウンド,16,EXH,GRAVITY WARS,170,2069,田中B,わかば,https://sdvx.in/03/03157e.htm
千客万来☆無問題！,16,EXH,GRAVITY WARS,168,1829,ここなつ Produced by uma,Megacycle,https://sdvx.in/03/03223e.htm
双星ルミネセンス,16,EXH,GRAVITY WARS,210,2108,一舞 ＆ 夏陽,ビーフジョッキー,https://sdvx.in/03/03313e.htm
双翼 - Black Wings - SDVX Edit. -,16,EXH,GRAVITY WARS,168,2228,SOUND HOLIC feat. 709sec. & YURiCa,MaKoTo,https://sdvx.in/03/03182e.htm
竹取飛翔 ～ Lunatic Princess (Ryu☆Remix),16,EXH,GRAVITY WARS,171,1567,Ryu☆,TAKUYA,https://sdvx.in/03/03096e.htm
爆なな☆てすとロイヤー,16,EXH,GRAVITY WARS,200,1990,ARM feat.ななひら,月刊ミズタニ,https://sdvx.in/03/03297e.htm
花ノ下連歌,16,EXH,GRAVITY WARS,225,1894,Jan★Key,ポテト亀山,https://sdvx.in/03/03334e.htm
星の器 feat. らっぷびと,16,EXH,GRAVITY WARS,128,2021,魂音泉,Hirayasu Matsudo,https://sdvx.in/03/03183e.htm
三つ数えろ,16,EXH,GRAVITY WARS,190,1872,豚乙女,東京ブルトゥーム,https://sdvx.in/03/03184e.htm
滅亡天使 † にこきゅっぴん,16,EXH,GRAVITY WARS,200,1954,日向美ビタースイーツ♪,Antonio Guccini,https://sdvx.in/03/03175e.htm
闇夜舞踏会 -緋碧と蝶のためのmasquerade-,16,EXH,GRAVITY WARS,160,1856,ここなつ Produced by あおいひと with イオ,浮世マシーン,https://sdvx.in/03/03222e.htm
Bad Apple!! feat.nomico,16,INF,BOOTH,138,1556,Alstroemeria Records,Hermit♣club,https://sdvx.in/01/01087m.htm
caramel ribbon,16,INF,BOOTH,175,1571,P*Light,MaKoTo,https://sdvx.in/01/01057m.htm
Cleopatrysm,16,INF,INFINITE INFECTION,190,1767,ピラミッ℃,THE THIRD MAN,https://sdvx.in/02/02274m.htm
GAMBOL,16,INF,BOOTH,177,2255,D.F.K. Soundsystem,Hirayasu Matsudo,https://sdvx.in/01/01070m.htm
KHAMEN BREAK,16,INF,INFINITE INFECTION,180,2218,くふおー,Megacycle,https://sdvx.in/02/02276m.htm
Nyan Cat,16,INF,BOOTH,142,1213,daniwellP feat. 桃音モモ,TEK-A-RHYTHM,https://sdvx.in/01/01056m.htm
PULSE LASER,16,INF,BOOTH,165,1555,ヒゲドライバー,MAD CHILD,https://sdvx.in/01/01006m.htm
キミヱゴサーチ,16,INF,INFINITE INFECTION,120,1539,ここなつ,浮世♣マシーン,https://sdvx.in/02/02300m.htm
チルノのパーフェクトさんすう教室,16,INF,BOOTH,175,1871,ARM(IOSYS),1+1+1は3じゃないぞ。オレたちは1+1+1でメガ松茶だ。⑨倍だぞ⑨倍,https://sdvx.in/01/01086m.htm
ヤサイマシ☆ニンニクアブラオオメ,16,INF,BOOTH,180,1576,azuma feat. ななひら,週刊ミズタニンニク,https://sdvx.in/01/01039m.htm
「月風魔伝」龍骨鬼戦,16,INF,BOOTH,150,2244,yuukiss,ねちっこく堂,https://sdvx.in/01/01016m.htm
西日暮里の踊り,16,INF,BOOTH,140,1581,家の裏でマンボウが死んでるP,ねちっこく堂,https://sdvx.in/01/01024m.htm
六兆年と一夜物語,16,INF,BOOTH,186,1734,kemu feat.IA,Megacycle,https://sdvx.in/01/01078m.htm
8 -eight-,16,EXH,INFINITE INFECTION,230,1624,Tom-H@ck feat.Nadia,Hermit♣club,https://sdvx.in/02/02121e.htm
Applique,16,EXH,INFINITE INFECTION,224,2120,モリモリあつし,MaKoTo,https://sdvx.in/02/02292e.htm
C18H27NO3,16,EXH,INFINITE INFECTION,210,2124,Team Grimoire,MAD CHILD,https://sdvx.in/02/02062e.htm
choux a la creme,16,EXH,INFINITE INFECTION,192,1841,kamome sano,逆球レジェンド × ユカリ☆chan,https://sdvx.in/02/02160e.htm
Cirno Break,16,EXH,INFINITE INFECTION,196,1939,さわわ,Megacycle,https://sdvx.in/02/02088e.htm
Crack Traxxxx,16,EXH,INFINITE INFECTION,220,2252,Lite Show Magic (t+pazolite vs C-Show),ごましおくん vs. PHQUASE,https://sdvx.in/02/02122e.htm
crazy cinema story,16,EXH,INFINITE INFECTION,137~150,1471,黒魔,MAD CHILD,https://sdvx.in/02/02203e.htm
Dignity,16,EXH,INFINITE INFECTION,193,1982,Yooh,MAD CHILD,https://sdvx.in/02/02157e.htm
Double Universe,16,EXH,INFINITE INFECTION,180,1787,Hommarju vs P*Light,ユカリ☆chan vs. 月刊ミズタニ,https://sdvx.in/02/02123e.htm
"Electric ""Sister"" Bitch",16,EXH,INFINITE INFECTION,185,1489,t+pazolite,PHQUASE,https://sdvx.in/02/02142e.htm
Engraved Mark,16,EXH,INFINITE INFECTION,188,1503,Ryu☆ ∞ Des-ROW,Antonio Guccini,https://sdvx.in/02/02190e.htm
#Fairy_dancing_in_lake,16,EXH,INFINITE INFECTION,142,1886,uno(IOSYS),Hirayasu Matsudo,https://sdvx.in/02/02091e.htm
GEROL,16,EXH,INFINITE INFECTION,175,1544,Hommarju,PHQUASE,https://sdvx.in/02/02073e.htm
Hoshizora Illumination,16,EXH,INFINITE INFECTION,210,2072,you,月刊ミズタニ,https://sdvx.in/02/02213e.htm
I'm so Happy,16,EXH,INFINITE INFECTION,181,1318,Ryu☆,TEK-A-RHYTHM,https://sdvx.in/02/02055e.htm
KHAMEN BREAK,16,EXH,INFINITE INFECTION,180,2027,くふおー,Megacycle,https://sdvx.in/02/02276e.htm
Liar World Monologue,16,EXH,INFINITE INFECTION,186,1766,"Music by ismK, Vocal by Kuroa*",DJ WILDPARTY,https://sdvx.in/02/02220e.htm
Lunartic Dial,16,EXH,INFINITE INFECTION,162,1541,Shiron,PHQUASE,https://sdvx.in/02/02103e.htm
Mami Mami Zone,16,EXH,INFINITE INFECTION,173,1638,REDALiCE feat. 野宮あゆみ,PHQUASE,https://sdvx.in/02/02243e.htm
Mist Tek,16,EXH,INFINITE INFECTION,200,1960,you,TAKUYA,https://sdvx.in/02/02304e.htm
Monkey Business (lapix Remix),16,EXH,INFINITE INFECTION,145,1284,lapix,浮世マシーン,https://sdvx.in/02/02284e.htm
mon$tage,16,EXH,INFINITE INFECTION,146~197,1625,"Music by Hommarju, Vocal by かぼちゃ",PHQUASE,https://sdvx.in/02/02247e.htm
Playing With Fire,16,EXH,INFINITE INFECTION,160,1243,kors k,Hermit♣club,https://sdvx.in/02/02106e.htm
Profession,16,EXH,INFINITE INFECTION,132,1722,syzfonics,Hirayasu Matsudo,https://sdvx.in/02/02180e.htm
PUNISHER,16,EXH,INFINITE INFECTION,180,1638,TAG×PON,THE THIRD MAN,https://sdvx.in/02/02166e.htm
Qubism,16,EXH,INFINITE INFECTION,180,1719,Hate vs Brilliance,Ether99,https://sdvx.in/02/02044e.htm
REVERSE LIMITED!,16,EXH,INFINITE INFECTION,175,1913,MUZIK SERVANT feat.CHERICa,MAD CHILD,https://sdvx.in/02/02229e.htm
Squeeze,16,EXH,INFINITE INFECTION,173,1834,VENUS feat.Mutsuhiko Izumi,Hermit♣club,https://sdvx.in/02/02187e.htm
Starlight Express,16,EXH,INFINITE INFECTION,200~400,1418,ginkiha,MAD CHILD,https://sdvx.in/02/02005e.htm
Stella Sinistra,16,EXH,INFINITE INFECTION,120~180,1795,Akhuta Philharmonic Orchestra,Megacycle,https://sdvx.in/02/02164e.htm
The Sampling Paradise (N-Driver Style),16,EXH,INFINITE INFECTION,177,1782,N-Driver,ユカリの男,https://sdvx.in/02/02314e.htm
U.N.オーエンは彼女なのか？ (TO-HOlic mix),16,EXH,INFINITE INFECTION,220,2093,C-Show,TEK-A-RHYTHM × ごましおくん,https://sdvx.in/02/02087e.htm
Unicorn tail Dustboxxxx RMX,16,EXH,INFINITE INFECTION,200,1883,Dustboxxxx,週刊ミズタニ,https://sdvx.in/02/02096e.htm
ウバワレ,16,EXH,INFINITE INFECTION,190,1630,TAKU1175,MAD CHILD,https://sdvx.in/02/02182e.htm
おお われら喜び讃うべし、主よ,16,EXH,INFINITE INFECTION,180,1924,すのうまん,PHQUASE,https://sdvx.in/02/02174e.htm
クノイチでも恋がしたい,16,EXH,INFINITE INFECTION,185,1630,みきとP feat. 松下,azuma,https://sdvx.in/02/02153e.htm
コンベア速度Max,16,EXH,INFINITE INFECTION,210,2010,かめりあ feat. ななひら,もう一貫も食べれな～い！ふかせ,https://sdvx.in/02/02194e.htm
つぶやき魔法少女りむる,16,EXH,INFINITE INFECTION,190,1993,DJ SHARPNEL feat. みらい,PHQUASE,https://sdvx.in/02/02080e.htm
デストロイマーチ,16,EXH,INFINITE INFECTION,155,1483,桜華,Megacycle,https://sdvx.in/02/02098e.htm
トラウィスカルパンテクートリ,16,EXH,INFINITE INFECTION,147~196,1396,Noah,Ether99,https://sdvx.in/02/02147e.htm
ラクガキスト,16,EXH,INFINITE INFECTION,199,1690,cosMo＠暴走P feat.GUMI,azuma,https://sdvx.in/02/02056e.htm
赤より紅い夢-Aya2g Tech Dance Remix-,16,EXH,INFINITE INFECTION,71~143,1761,Ayatsugu_Otowa,THE THIRD MAN,https://sdvx.in/02/02130e.htm
有頂天ビバーチェ,16,EXH,INFINITE INFECTION,266,1421,Last Note.,azuma,https://sdvx.in/02/02287e.htm
憂恋☆アクティベーション,16,EXH,INFINITE INFECTION,300,1488,u-z,Hermit♣club,https://sdvx.in/02/02258e.htm
最終鬼畜妹フランドール・S,16,EXH,INFINITE INFECTION,200,2412,ビートまりお（COOL&CREATE）,PHQUASE × レッドホッドスクリューズ,https://sdvx.in/02/02127e.htm
上海紅茶館,16,EXH,INFINITE INFECTION,188,1699,Yooh,MAD CHILD,https://sdvx.in/02/02175e.htm
終点,16,EXH,INFINITE INFECTION,222,2023,cosMo・證エ襍ーP,azuma,https://sdvx.in/02/02232e.htm
少年は空を辿る Prog Piano Remix,16,EXH,INFINITE INFECTION,140,1364,とろまる,Megacycle,https://sdvx.in/02/02083e.htm
断片Story,16,EXH,INFINITE INFECTION,174,2037,Salk2d,DJ 摂津,https://sdvx.in/02/02310e.htm
超爽快☆パッショネイト・フィーバー,16,EXH,INFINITE INFECTION,185,1688,Ayatsugu_Otowa,Megacycle,https://sdvx.in/02/02210e.htm
茅蜩モラトリアム,16,EXH,INFINITE INFECTION,189,2051,TOTAL OBJECTION feat.GUMI,月刊ミズタニ,https://sdvx.in/02/02200e.htm
放課後ストライド,16,EXH,INFINITE INFECTION,225,2207,Last Note.,月刊ミズタニ,https://sdvx.in/02/02135e.htm
雪女,16,EXH,INFINITE INFECTION,200,1713,かねこちはる,Megacycle,https://sdvx.in/02/02181e.htm
AA,16,EXH,BOOTH,160,1577,BlackY,月刊ミズタニ,https://sdvx.in/01/01100e.htm
Absurd Gaff,16,EXH,BOOTH,160,1387,siromaru,月刊ミズタニ×逆球レジェンド,https://sdvx.in/01/01115e.htm
Dynasty,16,EXH,BOOTH,189,1586,Yooh,MAD CHILD,https://sdvx.in/01/01121e.htm
FLOWER REDALiCE Remix,16,EXH,BOOTH,180,2127,REDALiCE,PHQUASE × 逆球レジェンド,https://sdvx.in/01/01038e.htm
Gott,16,EXH,BOOTH,195,1477,Hommarju,月刊ミズタニ,https://sdvx.in/01/01123e.htm
neu,16,EXH,BOOTH,130~199,1163,cosMo＠暴走P,TEK-A-RHYTHM,https://sdvx.in/01/01045e.htm
Onigo,16,EXH,BOOTH,175,1934,Hommarju,PHQUASE,https://sdvx.in/01/01061e.htm
PANIC HOLIC,16,EXH,BOOTH,220,1815,C-Show,ごましおくん,https://sdvx.in/01/01120e.htm
rainbow flyer,16,EXH,BOOTH,172,1984,PHQUASE,PHQUASE,https://sdvx.in/01/01094e.htm
Strawberry Crisis,16,EXH,BOOTH,198,1775,CROW,Hermit♣club,https://sdvx.in/01/01160e.htm
Tomorrow Perfume (C-Show Remix),16,EXH,BOOTH,175,1416,C-Show,TEK-A-RHYTHM×しばまる子,https://sdvx.in/01/01095e.htm
Wheel,16,EXH,BOOTH,136,1601,Syrufit feat.綾倉盟 / 市松椿,ユカリ☆chan,https://sdvx.in/01/01162e.htm
Xepher Light and Darkness Dragon Remix,16,EXH,BOOTH,180,1241,デッドボールP,レッドホットスクリューズ,https://sdvx.in/01/01030e.htm
過食性:アイドル症候群,16,EXH,BOOTH,200,1562,スズム feat.GUMI＆MAYU,拒食性:ユカしお症候群,https://sdvx.in/01/01150e.htm
幻想のサテライト,16,EXH,BOOTH,230,1815,豚乙女,MAD CHILD,https://sdvx.in/01/01089e.htm
孤独の番人,16,EXH,BOOTH,190,1528,SCL Project（natsuP）feat. MAYU,kinoto,https://sdvx.in/01/01165e.htm
香港功夫大旋風,16,EXH,BOOTH,178,1560,Daisuke Ohnuma,ねちっこく堂,https://sdvx.in/01/01058e.htm
冥 Rockin' SWING REMIX,16,EXH,BOOTH,200,2144,164,TEK-A-RHYTHM,https://sdvx.in/01/01034e.htm
ハートインワンダーランド,17,MXM,NABLA,181,2388,森羅万象,ReboundeR,https://sdvx.in/07/07015m.htm
紅焔,17,MXM,NABLA,175,1643,PON,T=I=NAKA,https://sdvx.in/07/07026m.htm
777 (Vocal ver.),17,EXH,NABLA,777,2674,RoughSketch featななひら,Orbie & Barbie,https://sdvx.in/07/07010e.htm
Blue Diamond,17,EXH,NABLA,272,1600,青龍改,T=I=NAKA改,https://sdvx.in/07/07023e.htm
L2 -Reminiscence- (SDVX ver.),17,EXH,NABLA,152,1540,Ice,Akizuki Nagomu,https://sdvx.in/07/07004e.htm
"Pick up, Me!",17,EXH,NABLA,155~240,1739,Capchii feat 初音ミク,パワフルネコニャンコ×カラフルネコキャット,https://sdvx.in/07/07038e.htm
Plan 8,17,EXH,EXCEED GEAR,212,2470,Ryu☆,赤色Method -tricoro RED ver-,https://sdvx.in/06/06587e.htm
Zany Arcadia ”E”,17,EXH,NABLA,180,1697,天束 vs siromaru,kamuy noko,https://sdvx.in/07/07012e.htm
Zt!ri△,17,EXH,NABLA,260,1683,m@sumi vs RoughSketch,レッドホットビーフ vs スクリュージョッキーズ,https://sdvx.in/07/07028e.htm
Mermaid girl,17,MXM,NABLA,140,1530,Cream puff,ひとくちピエロ,https://sdvx.in/07/07030m.htm
Necromantic,17,MXM,NABLA,144~153,2297,暁Records,カラフルネコキャット,https://sdvx.in/07/07014m.htm
snooze,17,MXM,NABLA,150,1575,wotaku feat SHIKI,Akizuki Nagomu,https://sdvx.in/07/07009m.htm
いますぐ輪廻,17,MXM,NABLA,145,2014,なきそ,いますぐ梨廻,https://sdvx.in/07/07002m.htm
サイエンス,17,MXM,NABLA,188,1950,MIMI,花梨カリン,https://sdvx.in/07/07007m.htm
デッドライン症候群,17,MXM,NABLA,151,1491,irom,Mikaranti-ni,https://sdvx.in/07/07013m.htm
モンダイナイトリッパー！,17,MXM,NABLA,160~180,2293,名取さな,浮世マシーン,https://sdvx.in/07/07019m.htm
ンポロロッカ,17,MXM,NABLA,160,1912,かめりあ,Classical Assistant,https://sdvx.in/07/07020m.htm
Celestial Conquest,17,EXH,NABLA,108~222,1657,xi,鋼のビスカッチャ,https://sdvx.in/07/07011e.htm
DANGER XLOZE,17,EXH,NABLA,184,0,EYEN(seatrus+kuro),T=I=NAKA,
fixer,17,EXH,NABLA,75~215,2070,PHQUASE vs. dj TAKA,～PH～ a.k.a PHQUASE,https://sdvx.in/07/07034e.htm
Glitch N Ride,17,EXH,NABLA,30~300,1439,Eagle,フォックスロット,https://sdvx.in/07/07033e.htm
ShowDawn,17,EXH,NABLA,227,1807,Capchii × Uzumaki,apple kong,https://sdvx.in/07/07035e.htm
Synthesis.,17,EXH,NABLA,180,2179,tn-shi,Arcana,https://sdvx.in/07/07008e.htm
dreamin' feat.Ryu☆,17,XCD,BOOTH,156,1783,Mayumi Morinaga (moimoi),コーヒーブレイカー,https://sdvx.in/01/01083m.htm
Hello world!,17,XCD,BOOTH,175,2121,"Music by 源屋, Vocal by SOPHY",ちっひ +URONIM,https://sdvx.in/01/01155m.htm
neko＊neko,17,XCD,GRAVITY WARS,123,1550,日向美ビタースイーツ♪,直垂すもも∂,https://sdvx.in/03/03233m.htm
Next infection,17,XCD,INFINITE INFECTION,188,2296,Sanaas,sunny partly cloudy,https://sdvx.in/02/02010m.htm
SkyDrive!,17,XCD,GRAVITY WARS,170,1687,Amateras Records feat.築山さえ,七色Method,https://sdvx.in/03/03004m.htm
ネトゲ廃人シュプレヒコール,17,XCD,INFINITE INFECTION,175,1854,さつき が てんこもり,月刊ミズタニ,https://sdvx.in/02/02068m.htm
レトロスペクティビリー・メリーゴーランド,17,XCD,BOOTH,180,1936,はるなば,七色Method,https://sdvx.in/01/01059m.htm
待チ人ハ来ズ。,17,XCD,INFINITE INFECTION,160,2025,豚乙女,chili-pep,https://sdvx.in/02/02028m.htm
B.B.K.K.B.K.K.(影虎。 & siqlo PsyRemix),17,MXM,EXCEED GEAR,160,1856,nora2r Remixed by 影虎。 & siqlo,K.K.B.B.K.B.B.,https://sdvx.in/06/06540m.htm
Breath of Faith,17,MXM,EXCEED GEAR,200,2401,satie,=Mt.SOTO=,https://sdvx.in/06/06636m.htm
Chocolate Planet (いるちょこRemix),17,MXM,EXCEED GEAR,185,1825,irucaice feat. ちょこ,フォックスロット,https://sdvx.in/06/06341m.htm
Colorful Magical Parade,17,MXM,EXCEED GEAR,160,1395,Tsubusare BOZZ feat.madoka*,Akizuki Nagomu,https://sdvx.in/06/06463m.htm
Crossfade,17,MXM,EXCEED GEAR,196,2042,La priere,ロングアイランドマナティー,https://sdvx.in/06/06596m.htm
Dawn of Asia(Alkome Remix),17,MXM,EXCEED GEAR,188,1716,Alkome,電撃ロブスター,https://sdvx.in/06/06387m.htm
Demetel (Erixa ”MYTH” Remix),17,MXM,EXCEED GEAR,150,1633,Erixa,Akizuki Nagomu,https://sdvx.in/06/06386m.htm
!!Fanta∽cramble!!,17,MXM,EXCEED GEAR,110~154,1535,Potwi,浮世マシーン,https://sdvx.in/06/06507m.htm
For.*tune,17,MXM,EXCEED GEAR,205,1837,Capchii × low meow × Uzumaki,おすし仮面,https://sdvx.in/06/06353m.htm
Four Leaves (Whitelily. remix),17,MXM,EXCEED GEAR,191,2261,Whitelily.(みーに&しろさきあや),Hananashi Karin,https://sdvx.in/06/06519m.htm
Gate of Atlantis (Vocal ∞ Mix),17,MXM,EXCEED GEAR,8~240,2683,MasKaleido feat. ぁゅ,Hananashi Karin,https://sdvx.in/06/06473m.htm
GEROL (Yooh Remix),17,MXM,EXCEED GEAR,145,1613,Yooh,conceptual explorer,https://sdvx.in/06/06408m.htm
Growing Up,17,MXM,EXCEED GEAR,190,1463,Machico／アニメ「この素晴らしい世界に祝福を！３」より,MaKoTo,https://sdvx.in/06/06515m.htm
Hopscotch,17,MXM,EXCEED GEAR,175,2016,GrivR.,ゆめいろパフィー,https://sdvx.in/06/06499m.htm
I’m Your Treasure Box,17,MXM,EXCEED GEAR,75~120,2118,宝鐘マリン,cosMo＠暴走P,https://sdvx.in/06/06530m.htm
Lost Emotion feat. nomico,17,MXM,EXCEED GEAR,172,2106,Alstroemeria Records,ステファンビート,https://sdvx.in/06/06348m.htm
Lovesick Lovetune(brz_style),17,MXM,EXCEED GEAR,170,2219,brz1128 feat.しろさきあや,T=I=NAKA,https://sdvx.in/06/06411m.htm
murmur twins (guitar pop ver.),17,MXM,EXCEED GEAR,174,1923,covered by 音乃瀬奏(ReGLOSS),直垂すもも∂,https://sdvx.in/06/06643m.htm
Pixelated Platform (Super Honey!),17,MXM,EXCEED GEAR,216,1875,そよもぎ,鋼のビスカッチャ,https://sdvx.in/06/06365m.htm
PRIDE of the FIREBALL,17,MXM,EXCEED GEAR,206,2115,かぼちゃ feat. CO-DA,MAD CHILD,https://sdvx.in/06/06359m.htm
Profession(αirlemoneX”Mechanical Engineering”Remix),17,MXM,EXCEED GEAR,178,2317,αirlemoneX,Hananashi Karin,https://sdvx.in/06/06562m.htm
Realize,17,MXM,EXCEED GEAR,206,1830,鈴木このみ／アニメ「Re:ゼロから始める異世界生活」より,ダークダークダーク,https://sdvx.in/06/06360m.htm
Redo,17,MXM,EXCEED GEAR,190,1579,鈴木このみ／アニメ「Re:ゼロから始める異世界生活」より,Re:ーフジョッキー,https://sdvx.in/06/06354m.htm
Say!ファンファーレ!,17,MXM,EXCEED GEAR,170,1571,白上フブキ,ビーフ!ジョッキー!,https://sdvx.in/06/06401m.htm
Second Game,17,MXM,EXCEED GEAR,185,1847,Tracy feat. miko,MaKoTo,https://sdvx.in/06/06356m.htm
Secret Rouge,17,MXM,EXCEED GEAR,139,1412,ハレトキドキ,噂のジャイアントスパーク,https://sdvx.in/06/06616m.htm
Shooting Star,17,MXM,EXCEED GEAR,170,1807,ReGLOSS,モンスタードミノ卿,https://sdvx.in/06/06642m.htm
SUPER HEROINE!!,17,MXM,EXCEED GEAR,186,2095,Amateras Records vs BEMANI Sound Team ”TATSUYA” feat. miko,Hananashi Karin,https://sdvx.in/06/06501m.htm
The setting sun(burst),17,MXM,EXCEED GEAR,141,1789,nozakita kazumi,conceptual explorer,https://sdvx.in/06/06474m.htm
Vigor(siqlo's Hi-Tech Veats),17,MXM,EXCEED GEAR,154,1862,siqlo,T=I=NAKA,https://sdvx.in/06/06484m.htm
Virtual to LIVE,17,MXM,EXCEED GEAR,156,1956,にじさんじ,花梨かりん,https://sdvx.in/06/06428m.htm
Voice 2 Voice n Voice,17,MXM,EXCEED GEAR,157,1383,Acotto,チッヰス邨中,https://sdvx.in/06/06516m.htm
What an amazing swing,17,MXM,EXCEED GEAR,125,1725,角巻わため,鋼のビスカッチャ,https://sdvx.in/06/06479m.htm
Windy Fairy,17,MXM,EXCEED GEAR,180,2117,DJ TOTTO,cosMo＠暴走P,https://sdvx.in/06/06601m.htm
WobbleTangleFestival (影虎。 & ikaruga_nex's HDM RMX),17,MXM,EXCEED GEAR,155,1491,影虎。 & ikaruga_nex,kamuy noko,https://sdvx.in/06/06488m.htm
WWW,17,MXM,EXCEED GEAR,146,1728,HIMEHINA,レッホ＋ブルコ,https://sdvx.in/06/06339m.htm
You Only Live Twice,17,MXM,EXCEED GEAR,185,1820,Sephid feat. aria,Hananashi Karin,https://sdvx.in/06/06483m.htm
アイスクリームマジック,17,MXM,EXCEED GEAR,220,2702,雪乃イト,ゆめいろマジック,https://sdvx.in/06/06610m.htm
あおばの足音,17,MXM,EXCEED GEAR,98,1326,駄菓子O型,T=I=なか,https://sdvx.in/06/06606m.htm
アルファ・スカイ,17,MXM,EXCEED GEAR,210,2214,みーに feat. しろさきあや,Megacycle,https://sdvx.in/06/06335m.htm
いいわけバニー,17,MXM,EXCEED GEAR,178,2124,兎田ぺこら,マジな話～PH～,https://sdvx.in/06/06571m.htm
いでぃおで結構！,17,MXM,EXCEED GEAR,151,1781,諸星なな feat.加藤はるか,サイバーガスタンク,https://sdvx.in/06/06336m.htm
おちゃめ機能,17,MXM,EXCEED GEAR,150,1628,ゴジマジP feat. 重音テト,か　ら　ブ　ラ　P,https://sdvx.in/06/06371m.htm
おにいちゃんグリッチホップ ～eternal love remix～,17,MXM,EXCEED GEAR,110,1577,HOUJIROU feat. 杠葉えりか,モンスタードミノ狂,https://sdvx.in/06/06485m.htm
おにけもだんす,17,MXM,EXCEED GEAR,197,1651,いろはにほへっと あやふぶみ(白上フブキ/百鬼あやめ/大神ミオ),サイバーガスタンク,https://sdvx.in/06/06398m.htm
おねがいダーリン,17,MXM,EXCEED GEAR,180,2235,OИE,ユカリ☆ホットスクリューズ,https://sdvx.in/06/06372m.htm
かくれんぼ (胡桃のあ Cover),17,MXM,EXCEED GEAR,180,2203,AliA,MaKoTo,https://sdvx.in/06/06588m.htm
カミサマ・ネコサマ,17,MXM,EXCEED GEAR,185,1822,猫又おかゆ,MaKoTo,https://sdvx.in/06/06443m.htm
ギャ・ギャ・ギャ・ギャラクシー！,17,MXM,EXCEED GEAR,140,1870,つきみぐー、,ReboundeR,https://sdvx.in/06/06608m.htm
ぐしゃ,17,MXM,EXCEED GEAR,200,1785,ポラリスピー,ボウソウピー,https://sdvx.in/06/06613m.htm
コントレイル,17,MXM,EXCEED GEAR,172,1795,葛葉,散切ブロス,https://sdvx.in/06/06427m.htm
じもとっこスイーツ♪,17,MXM,EXCEED GEAR,108,1354,ホララ・ホリック with 日向美ビタースイーツ♪,Hananashi Karin,https://sdvx.in/06/06568m.htm
シンクロニティ,17,MXM,EXCEED GEAR,154,2070,おめがシスターズ,フォックスロット,https://sdvx.in/06/06649m.htm
チェイスチェイスジョーカーズのうた,17,MXM,EXCEED GEAR,185,1999,カギコ&チノン（CV:金元寿子&大空直美）,ユカリ&ポテト,https://sdvx.in/06/06340m.htm
ちょえちょえまぎか,17,MXM,EXCEED GEAR,180,1990,Pizuya,Hananashi Karin,https://sdvx.in/06/06437m.htm
チョコレートスマイル,17,MXM,EXCEED GEAR,196,2170,日向美ビタースイーツ♪ & ここなつ,フォックスとロット,https://sdvx.in/06/06569m.htm
トーキョーサマーナイト（華金Remix）,17,MXM,EXCEED GEAR,163,1555,あまみ×ひなみ,七色Method（有休Remix）,https://sdvx.in/06/06364m.htm
ハガネノツルギ,17,MXM,EXCEED GEAR,144,1810,coTatsu,conceptual explorer,https://sdvx.in/06/06506m.htm
ヒバナ-Reloaded-,17,MXM,EXCEED GEAR,200,2239,DECO*27,cosMo＠暴走P-Reloaded-,https://sdvx.in/06/06344m.htm
フラッフィー・アドベンチャー！,17,MXM,EXCEED GEAR,155,2326,みーに feat. まより,直垂すもも∂,https://sdvx.in/06/06654m.htm
プリュネシエル,17,MXM,EXCEED GEAR,190,2133,瀬名 feat. 音羽ことり。,モンスタードミノ卿,https://sdvx.in/06/06462m.htm
ポジティブ☆ダンスタイム,17,MXM,EXCEED GEAR,210,2050,キノシタ feat.音街ウナ・鏡音リン,Hananashi Karin,https://sdvx.in/06/06413m.htm
ポッピンキャンディ☆フィーバー！,17,MXM,EXCEED GEAR,190,1780,キノシタ feat.音街ウナ・鏡音リン,cosMo＠暴走P,https://sdvx.in/06/06412m.htm
ポラリスノウタ,17,MXM,EXCEED GEAR,170,1856,ここなつ2.0,Secret Lv2.0,https://sdvx.in/06/06422m.htm
めた・メタ？ひまわり＊パンチ,17,MXM,EXCEED GEAR,177,1582,ひまわり＊パンチ,MaKoTo,https://sdvx.in/06/06658m.htm
もぐもぐYUMMY！,17,MXM,EXCEED GEAR,140,1826,猫又おかゆ,花梨かりん,https://sdvx.in/06/06445m.htm
ライアーダンサー,17,MXM,EXCEED GEAR,170,2477,マサラダ,花梨カリン,https://sdvx.in/06/06634m.htm
ララララビット！！,17,MXM,EXCEED GEAR,140~190,2720,兎田ぺこら,直垂すもも∩ ∩,https://sdvx.in/06/06574m.htm
ロマンシングエスケープ,17,MXM,EXCEED GEAR,132,1526,ここなつ2.0,ベニーモ保栄茂,https://sdvx.in/06/06570m.htm
朱と碧のランページ,17,MXM,EXCEED GEAR,178,1923,covered by 儒烏風亭らでん(ReGLOSS),肉汁魔人ガイオーザ,https://sdvx.in/06/06640m.htm
梅雪夜,17,MXM,EXCEED GEAR,167,1299,Qrispy Joybox feat.mao,微符序月,https://sdvx.in/06/06404m.htm
焔華,17,MXM,EXCEED GEAR,160,2489,movies(moimoi×Xceon×Dai.),トトリオン軍団,https://sdvx.in/06/06513m.htm
朧,17,MXM,EXCEED GEAR,149,1829,白上フブキ,～PH～×レッドホットスクリューズ,https://sdvx.in/06/06399m.htm
回想音楽 - Thank you for your playing music,17,MXM,EXCEED GEAR,220,2602,deli.+駄々子,Akizuki Nagomu,https://sdvx.in/06/06575m.htm
機械仕掛けの魔法使い,17,MXM,EXCEED GEAR,120,1523,Tsubusare BOZZ feat.madoka*,モンスタードミノ卿,https://sdvx.in/06/06351m.htm
強風オールバック,17,MXM,EXCEED GEAR,135,1635,Yukopi,オーフバッキー,https://sdvx.in/06/06555m.htm
黒紅掬い,17,MXM,EXCEED GEAR,104,1246,猫叉Master feat.霜月はるか,Akizuki Nagomu,https://sdvx.in/06/06406m.htm
幻影ノ消失,17,MXM,EXCEED GEAR,160,2244,Xceon feat. Mayumi Morinaga,Hananashi Karin,https://sdvx.in/06/06602m.htm
孤独のドロップハンター,17,MXM,EXCEED GEAR,197,2232,otoshi.b×でか大×みゅい,サイバーガスタンク,https://sdvx.in/06/06563m.htm
残像ニ繋ガレタ追憶ノHIDEAWAY,17,MXM,EXCEED GEAR,160,1760,SOUND HOLIC Vs. BEMANI Sound Team ”KE!JU” feat. Nana Takahashi,ロイヤルクラッカー,https://sdvx.in/06/06500m.htm
邪魔をしないで,17,MXM,EXCEED GEAR,155~188,1937,Symholic feat.狛茉璃奈,Ginza Sis「穢れた この世界が嫌い」,https://sdvx.in/06/06498m.htm
千歳に泡影,17,MXM,EXCEED GEAR,200,2150,Inaori feat.兎角あかり,ReboundeR,https://sdvx.in/06/06621m.htm
月明りの旅人たち,17,MXM,EXCEED GEAR,137,2002,coTatsu,Hananashi Karin,https://sdvx.in/06/06489m.htm
曇天羊,17,MXM,EXCEED GEAR,135,1779,角巻わため,トトリオン軍団,https://sdvx.in/06/06477m.htm
人マニア,17,MXM,EXCEED GEAR,150,2250,原口沙輔,梨マニア,https://sdvx.in/06/06557m.htm
鳳凰誓歌,17,MXM,EXCEED GEAR,192,2418,流星のサイトシーイング feat.雪希,Hananashi Karin,https://sdvx.in/06/06553m.htm
右肩の蝶 (空澄セナ Cover),17,MXM,EXCEED GEAR,140,1594,のりP,T=I=NAKA,https://sdvx.in/06/06630m.htm
無意識レクイエム,17,MXM,EXCEED GEAR,195,2520,森羅万象,ビーフジョッキー,https://sdvx.in/06/06347m.htm
美少女無罪?パイレーツ,17,MXM,EXCEED GEAR,170,2564,宝鐘マリン,唐揚シス,https://sdvx.in/06/06532m.htm
落赤,17,MXM,EXCEED GEAR,198,2020,Acotto feat. 記憶に残る,Yasutomo Hirama,https://sdvx.in/06/06648m.htm
凛として咲く花の如く,17,MXM,EXCEED GEAR,163,1831,大神ミオ,唐揚シス,https://sdvx.in/06/06361m.htm
惑星ループ (花芽すみれ Cover),17,MXM,EXCEED GEAR,170,1612,ナユタン星人,Mikaranti-ni,https://sdvx.in/06/06612m.htm
555 (Please call me “Go! Go! Go!”),17,EXH,EXCEED GEAR,555,2773,RoughSketch,T=I=NAKA vs. fractal-shoot!!,https://sdvx.in/06/06656e.htm
Absurd Gaff (Metallize Remix),17,EXH,EXCEED GEAR,220,1817,Metal Giant,凹ーダー凸ード,https://sdvx.in/06/06369e.htm
Allegro Saetta,17,EXH,EXCEED GEAR,182,1600,天束 vs. siromaru,脈力木魚,https://sdvx.in/06/06470e.htm
Ambivalent Vermilia,17,EXH,EXCEED GEAR,185,1992,BEMANI Sound Team ”二代目朱雀 feat.朱雀”,レッドホットスクリューズ,https://sdvx.in/06/06439e.htm
and After the Merry BADEND,17,EXH,EXCEED GEAR,64~192,1837,polysha,フォックスロット,https://sdvx.in/06/06393e.htm
Ardenok,17,EXH,EXCEED GEAR,167,1503,kanone VS nora2r,kamuy noko,https://sdvx.in/06/06583e.htm
ARISE,17,EXH,EXCEED GEAR,256,1478,Juggernaut.,鋼のビスカッチャ,https://sdvx.in/06/06469e.htm
Breakneck Pursuit,17,EXH,EXCEED GEAR,210,1862,Ashrount,電撃ロブスター,https://sdvx.in/06/06379e.htm
Burst Λnd reBoost,17,EXH,EXCEED GEAR,203~232,2028,めと（Metomate）,ダーク Λnd スクリューズ,https://sdvx.in/06/06420e.htm
Circuit Surfer,17,EXH,EXCEED GEAR,230,2193,kors k,レッドホットスクリューズ,https://sdvx.in/06/06425e.htm
COSMIC V3LOCITY,17,EXH,EXCEED GEAR,200,1890,BEMANI Sound Team ”Coyaan & KE!JU & ZAQUVA”,Nature FV,https://sdvx.in/06/06529e.htm
Cuz we <3 this Game,17,EXH,EXCEED GEAR,276~333,1713,打打だいず,CosMo The OverDrive,https://sdvx.in/06/06460e.htm
DISTORDER,17,EXH,EXCEED GEAR,220,1849,DJ Myosuke,トトリオン軍団,https://sdvx.in/06/06615e.htm
Electronic Sports Complex,17,EXH,EXCEED GEAR,220,2174,栄免建設,T=I=NAKA,https://sdvx.in/06/06618e.htm
Entropic EnHαncemEnt,17,EXH,EXCEED GEAR,254,2187,CHUBAY,Royα∠ CrαckEr,https://sdvx.in/06/06493e.htm
EROICA,17,EXH,EXCEED GEAR,200,1897,BEMANI Sound Team ”HERO”,DJ FSHOOT,https://sdvx.in/06/06619e.htm
EYE OF THE HEAVEN,17,EXH,EXCEED GEAR,308,1516,BEMANI Sound Team ”U1-ASAMi”,レッドホットスクリューズ,https://sdvx.in/06/06620e.htm
FRENZY HEART,17,EXH,EXCEED GEAR,165,1446,EBIMAYO,ゆめいろパフィー×あまぐもリコイル,https://sdvx.in/06/06637e.htm
Gryphone,17,EXH,EXCEED GEAR,175,2147,ETIA.,Hxxxxxxx Mxxxxxx,https://sdvx.in/06/06594e.htm
Guinevere～白き妖精～,17,EXH,EXCEED GEAR,150~225,2424,ぺのれり,～PH～ annibirth,https://sdvx.in/06/06542e.htm
If Summer Ever Comes_,17,EXH,EXCEED GEAR,155~185,2763,黒魔,ZYPRESSEN,https://sdvx.in/06/06626e.htm
JACK -the KING Ki11ing-,17,EXH,EXCEED GEAR,311,2054,打打だいず vs. siromaru,kamuy noko,https://sdvx.in/06/06525e.htm
Lichtsaule,17,EXH,EXCEED GEAR,215,2662,かめりあ & BEMANI Sound Team ”PHQUASE”,～PH～(beatnation RHYZE),https://sdvx.in/06/06510e.htm
Nebula Dysorder,17,EXH,EXCEED GEAR,164,1837,かめりあ,ゆめいろパフィー (supervised by RHS),https://sdvx.in/06/06546e.htm
OVER《Δ》,17,EXH,EXCEED GEAR,100~573,1874,EmoCosine overlay,フォックスロット,https://sdvx.in/06/06627e.htm
O<3rf10W,17,EXH,EXCEED GEAR,200,1975,momocaca (月乃×Capchii),|直垂すもも|×frΛ(7α1-$höøt!!,https://sdvx.in/06/06598e.htm
OVEЯ+TUЯE,17,EXH,EXCEED GEAR,244,2200,kanone VS nora2r,“Sin”7colors Method,https://sdvx.in/06/06419e.htm
QQ,17,EXH,EXCEED GEAR,199,1874,BEMANI Sound Team ”PHQUASE & ZAQUVA”,dramatiQ effeQtors,https://sdvx.in/06/06397e.htm
REINCARNATION,17,EXH,EXCEED GEAR,220,2409,P*Light,電撃ロブスター,https://sdvx.in/06/06511e.htm
SAD1STIC Я04D,17,EXH,EXCEED GEAR,292,1632,Enterskip,TEK-A-RHYTHM × 月刊ミズタニ,https://sdvx.in/06/06494e.htm
SOLAR ECLIPSE,17,EXH,EXCEED GEAR,195,2202,Yuta Imai Vs. BEMANI Sound Team ”Yvya”,フォックスロット,https://sdvx.in/06/06528e.htm
Spectacular“V”Adventure!,17,EXH,EXCEED GEAR,238~264,1994,Enterskip,ロイヤルクラッカー,https://sdvx.in/06/06380e.htm
Superstar!,17,EXH,EXCEED GEAR,280,1555,Tatsunoshin,鋼のビスカッチャ,https://sdvx.in/06/06551e.htm
Timepiece phase Ⅱ,17,EXH,EXCEED GEAR,287,1337,佐々木博史,～PH～ase Ⅱ,https://sdvx.in/06/06514e.htm
Titanomachia,17,EXH,EXCEED GEAR,165,2281,打打だいず vs. siromaru,Arcana,https://sdvx.in/06/06584e.htm
Undead Raving Scare,17,EXH,EXCEED GEAR,165~250,2117,RoughSkreamZ,An East Hard Groove,https://sdvx.in/06/06394e.htm
XΛLT=OVER,17,EXH,EXCEED GEAR,321,1768,Ashrount,XΛLMON=GRAPHY,https://sdvx.in/06/06495e.htm
Xeno Gravity,17,EXH,EXCEED GEAR,286,1386,xi,Ether99,https://sdvx.in/06/06459e.htm
Xinca,17,EXH,EXCEED GEAR,235,2510,隣の庭は青い(庭師+Aoi),神化 - fractal-shoot!!,https://sdvx.in/06/06524e.htm
XROSS INFECTION -xiRemix-,17,EXH,EXCEED GEAR,107~215,2192,xi,～PH～ vs. Ether99,https://sdvx.in/06/06577e.htm
What's up Pop!,17,EXH,EXCEED GEAR,170~230,2501,Capchii feat. 初音ミク,cosMo＠暴走P,https://sdvx.in/06/06589e.htm
while (screen is blue),17,EXH,EXCEED GEAR,64~255,1502,kamome sano,ダークフォックスダークロット,https://sdvx.in/06/06549e.htm
Who then no 灯,17,EXH,EXCEED GEAR,188,2047,星野音楽工房,ReboundeR,https://sdvx.in/06/06592e.htm
オムニシエント・ゼロ,17,EXH,EXCEED GEAR,134~208,2629,ke-ji（CERTIA）,Ether99,https://sdvx.in/06/06628e.htm
シュレーディンガーの猫,17,EXH,EXCEED GEAR,187,1629,Cait Sith,レッドキャットスクリューズ,https://sdvx.in/06/06457e.htm
神威,17,EXH,EXCEED GEAR,210,2615,TJ.hangneil,Arcana -Exceed-,https://sdvx.in/06/06591e.htm
黒蝶のワルツ,17,EXH,EXCEED GEAR,108~160,1375,ぺのれり,ブラックホットスクリューズ,https://sdvx.in/06/06593e.htm
細氷,17,EXH,EXCEED GEAR,180,2408,かねこちはる,七色Method II,https://sdvx.in/06/06543e.htm
天泣,17,EXH,EXCEED GEAR,150,1400,BEMANI Sound Team ”meteorologists”,～PH～ from meteorologists,https://sdvx.in/06/06659e.htm
Din Don Dan (Fusion Remix),17,XCD,GRAVITY WARS,160,2052,TAKU1175 feat.かなたん,ROYAL CRACKER STARLiGHT,https://sdvx.in/03/03294m.htm
Grip & Break down !! - SDVX Edit. -,17,XCD,BOOTH,160,1711,SOUND HOLIC feat. Nana Takahashi,MaKoTo,https://sdvx.in/01/01084m.htm
smooooch・∀・ KN mix,17,XCD,BOOTH,177,2234,KN,fractal-shoooot!!・∀・,https://sdvx.in/01/01005m.htm
SOUL EXPLOSION,17,XCD,BOOTH,150,1433,kanone,月刊ミズタニ,https://sdvx.in/01/01062m.htm
マネマネサイコトロピック,17,XCD,INFINITE INFECTION,135~210,2124,かいりきベア,Megacycle,https://sdvx.in/02/02136m.htm
色は匂へど散りぬるを,17,XCD,BOOTH,138,1804,幽閉サテライト feat. senya,MAD CHILD,https://sdvx.in/01/01125m.htm
地球最後の告白を,17,XCD,BOOTH,140~190,1615,kemu feat. GUMI,Ginza Sis,https://sdvx.in/01/01109m.htm
[E],17,MXM,EXCEED GEAR,152,1873,dj MAX STEROID,MaK-o-RHYTHM,https://sdvx.in/06/06217m.htm
Aerial Skydive,17,MXM,EXCEED GEAR,175,1739,Dirty Androids,kamuy noko abstract,https://sdvx.in/06/06330m.htm
ASGORE / アズゴア,17,MXM,EXCEED GEAR,114,1647,Toby Fox,フォックスロット,https://sdvx.in/06/06242m.htm
Awakening Wings,17,MXM,EXCEED GEAR,190,1368,伊達朱里紗,MAD CHILD,https://sdvx.in/06/06273m.htm
Berry Go!!,17,MXM,EXCEED GEAR,175,1633,Freezer feat.妃苺,ロイヤルクラッカー,https://sdvx.in/06/06203m.htm
Black or Red?,17,MXM,EXCEED GEAR,157,1834,コスモドライバー join. shully & Nimo,cosMo＠暴走P×電撃ロブスター,https://sdvx.in/06/06333m.htm
CUDDLIE CUDDLIE,17,MXM,EXCEED GEAR,187,1992,ゆんゆん,ロイヤルクラッカー,https://sdvx.in/06/06324m.htm
Death by Glamour / 華麗なる死闘,17,MXM,EXCEED GEAR,148,2136,Toby Fox,MAD CHILD,https://sdvx.in/06/06244m.htm
Element of SPADA,17,MXM,EXCEED GEAR,170,2272,猫叉Master feat.霜月はるか,フォックスロット,https://sdvx.in/06/06291m.htm
Follow Tomorrow,17,MXM,EXCEED GEAR,140,1450,HHH×MM×ST,MMM×KK×S9,https://sdvx.in/06/06293m.htm
FUJIMORI -祭- FESTIVAL,17,MXM,EXCEED GEAR,158,1339,VENUS,浮世マツーリ,https://sdvx.in/06/06332m.htm
Μοuσα,17,MXM,EXCEED GEAR,200,2193,ushiee,フォックスロット,https://sdvx.in/06/06282m.htm
Re:call,17,MXM,EXCEED GEAR,99,1350,pan+meal feat.駄々子,MAD CHILD,https://sdvx.in/06/06283m.htm
Re:Rose Gun Shoooot!,17,MXM,EXCEED GEAR,190,2259,あるふぁ,風瑠人,https://sdvx.in/06/06268m.htm
Resonant Gear,17,MXM,EXCEED GEAR,185,2170,Endorfin.,ユカリ & MaKoTo,https://sdvx.in/06/06188m.htm
Spear of Justice / 正義の槍,17,MXM,EXCEED GEAR,131,1563,Toby Fox,レッドホットスクリューズ,https://sdvx.in/06/06243m.htm
Spider Dance / スパイダーダンス,17,MXM,EXCEED GEAR,230,2349,Toby Fox,ロイヤルクラッカー,https://sdvx.in/06/06260m.htm
Splash Underwater,17,MXM,EXCEED GEAR,174,2255,siqlo,ステファンビート,https://sdvx.in/06/06256m.htm
Struggle for Revival,17,MXM,EXCEED GEAR,110,1560,NitoK,ロイヤルクラッカー,https://sdvx.in/06/06211m.htm
インドア系ならトラックメイカー,17,MXM,EXCEED GEAR,128,1569,Yunomi & nicamoq,Hirayasu Matsudo,https://sdvx.in/06/06270m.htm
ヴァンパイア,17,MXM,EXCEED GEAR,164,1366,DECO*27,ビーフジョッヴァー,https://sdvx.in/06/06271m.htm
カシオペアノヒカリ,17,MXM,EXCEED GEAR,132,1792,ここなつ2.0,MASTER TRICK,https://sdvx.in/06/06220m.htm
キリカ,17,MXM,EXCEED GEAR,185,3544,HIMEHINA,晴れ、のち～PH～,https://sdvx.in/06/06199m.htm
グッバイ宣言,17,MXM,EXCEED GEAR,170,2009,Chinozo,ビーフジョッバイ,https://sdvx.in/06/06284m.htm
サクラノソバニ！,17,MXM,EXCEED GEAR,228,2192,Ray_Oh feat.みかん汁,ロイヤルクラッカー,https://sdvx.in/06/06194m.htm
シル・ヴ・プレジデント,17,MXM,EXCEED GEAR,176,1686,P丸様。,大統領～PH～,https://sdvx.in/06/06298m.htm
ステラ・イミグレーション,17,MXM,EXCEED GEAR,170~210,2402,後藤 feat. リリカ,唐揚 feat. シスター,https://sdvx.in/06/06327m.htm
ステラレギア,17,MXM,EXCEED GEAR,130,1781,ここなつ2.0,MAD CHILD 2.0 & Hirayasu Matsudo 2.0,https://sdvx.in/06/06221m.htm
チクサクコールが懐かしい,17,MXM,EXCEED GEAR,109~194,1621,諸星なな feat.加藤はるか,凹ーダー凸ード,https://sdvx.in/06/06212m.htm
ハートシェイプ・スピカ,17,MXM,EXCEED GEAR,170,2060,ここなつ2.0,サイバーガスタンク×鋼のビスカッチャ,https://sdvx.in/06/06222m.htm
ぶいちゅっばの歌,17,MXM,EXCEED GEAR,150,1759,周防パトラ,倉科ロイヤ,https://sdvx.in/06/06248m.htm
フォニイ,17,MXM,EXCEED GEAR,170,2324,ツミキ feat.可不,秘密の～PH～ony,https://sdvx.in/06/06320m.htm
メテオライツ・プレリュード,17,MXM,EXCEED GEAR,190,1988,みーに,凹ーダー凸ード,https://sdvx.in/06/06231m.htm
メモリーズ,17,MXM,EXCEED GEAR,136,1522,ここなつ2.0,apple kong,https://sdvx.in/06/06224m.htm
メンタンピンドラドラ,17,MXM,EXCEED GEAR,185,1638,enzo + O2i3,CRAIG AKAGI,https://sdvx.in/06/06209m.htm
神っぽいな,17,MXM,EXCEED GEAR,142,1298,ピノキオピー,レッドホットスクリューズ,https://sdvx.in/06/06205m.htm
透明声彩,17,MXM,EXCEED GEAR,140,1736,YuNi,CRAIG AKAGI,https://sdvx.in/06/06285m.htm
勇者の卒業式,17,MXM,EXCEED GEAR,162,1965,Verdammt,凹ーダー凸ード,https://sdvx.in/06/06195m.htm
All We Need is HAPPY END!!!,17,EXH,EXCEED GEAR,260,1462,polysha,CosMo The OverDrive,https://sdvx.in/06/06316e.htm
Avalanx,17,EXH,EXCEED GEAR,185,2473,隣の庭は青い(庭師+Aoi),TEK-風瑠人,https://sdvx.in/06/06236e.htm
DEUX EX MAXHINA,17,EXH,EXCEED GEAR,257,1469,Ashrount,Akizuki Nagomu,https://sdvx.in/06/06314e.htm
Fαtα∠ Ent∠mEnt,17,EXH,EXCEED GEAR,254,2240,CHUBAY,Royα∠ CrαckEr,https://sdvx.in/06/06253e.htm
Glory of Fighters,17,EXH,EXCEED GEAR,90~240,1608,RoughSkreamZ,MAD CHILD Beat Per Limits,https://sdvx.in/06/06317e.htm
HALO,17,EXH,EXCEED GEAR,210,1897,Tatsunoshin,NOX,https://sdvx.in/06/06321e.htm
[ ]DENTITY,17,EXH,EXCEED GEAR,200,2424,BEMANI Sound Team ”HuΣeR”,～PH～×レッドホットスクリューズ,https://sdvx.in/06/06277e.htm
LaμreLs ~the Angelus~,17,EXH,EXCEED GEAR,321,1578,Ashrount,SALμON GRAPHY,https://sdvx.in/06/06237e.htm
MILITARY R04D,17,EXH,EXCEED GEAR,272,1658,Enterskip,TEK-A-RHYTHM × 月刊ミズタニ,https://sdvx.in/06/06313e.htm
One More Lovely,17,EXH,EXCEED GEAR,200,1898,Risk Junk,レッドホットラブリー,https://sdvx.in/06/06295e.htm
perditus†paradisus,17,EXH,EXCEED GEAR,172,1948,iconoclasm,salmontus†graphsus,https://sdvx.in/06/06275e.htm
VΛZiLiSQ,17,EXH,EXCEED GEAR,199,1887,BlackY,ZangY Bros.,https://sdvx.in/06/06252e.htm
VOLAQUAS,17,EXH,EXCEED GEAR,212,2171,BEMANI Sound Team ”DJ TOTTO VS 兎々”,Akizuki Nagomu,https://sdvx.in/06/06278e.htm
すべてが幻になった後で,17,EXH,EXCEED GEAR,66~79,1177,かめりあ・超機装幻楽隊,松田博泰・超希想箋楽隊,https://sdvx.in/06/06238e.htm
ピアノ独奏無言歌 ”灰燼”,17,EXH,EXCEED GEAR,100~200,1216,BEMANI Sound Team ”Virkato Wakhmaninov”,-,https://sdvx.in/06/06226e.htm
赫焉,17,EXH,EXCEED GEAR,222,2457,打打だいず vs. siromaru,赤熱螺旋,https://sdvx.in/06/06254e.htm
赫焉のヴァルキュリア -Ragnarok-,17,EXH,EXCEED GEAR,222,1788,ryhki,MAD CHILD & Megacycle,https://sdvx.in/06/06323e.htm
紫焔双穿,17,EXH,EXCEED GEAR,230,1956,かめりあ,MAD CHILD,https://sdvx.in/06/06191e.htm
恋愛＝精度×認識力,17,EXH,EXCEED GEAR,3~333,2080,立秋 vs. BEMANI Sound Team ”L.E.D.-G” feat.ちょこ＆ななひら,まゆずみ feat. あゆた,https://sdvx.in/06/06312e.htm
↑↑↓↓←→←→BA,17,MXM,EXCEED GEAR,124,1664,meiyo,↑↑↓↓←→←→UM,https://sdvx.in/06/06168m.htm
2094,17,MXM,EXCEED GEAR,162,1719,Yuta Imai vs Blacklolita,MAD CHILD vs Megacycle,https://sdvx.in/06/06092m.htm
ABSOLUTE(ismK passionate remix),17,MXM,EXCEED GEAR,147~180,2068,ismK,kamuy noko,https://sdvx.in/06/06071m.htm
ABSOLUTE (saminun mix),17,MXM,EXCEED GEAR,61~146,1561,あさり(saminun),凹ーダー凸ード,https://sdvx.in/06/06002m.htm
Aftermath,17,MXM,EXCEED GEAR,200,2332,BEMANI Sound Team ”猫叉Master & あさき & Yvya”,揚Brother & フォックスとロット & 2conノックオン,https://sdvx.in/06/06149m.htm
Blue Forest(NightBounce Remix),17,MXM,EXCEED GEAR,132,1451,kanone,CRAIG AKAGI,https://sdvx.in/06/06053m.htm
Chakra,17,MXM,EXCEED GEAR,165,1644,uma,CRAIG AKAGI,https://sdvx.in/06/06095m.htm
charm you,17,MXM,EXCEED GEAR,147,1508,U-ske feat.花柚,鋼のビスカッチャ,https://sdvx.in/06/06111m.htm
Chewingood!!!,17,MXM,EXCEED GEAR,190,2183,TORIENA,MAD CHILD,https://sdvx.in/06/06058m.htm
Continuous Moment,17,MXM,EXCEED GEAR,154,1686,影虎。,apple kong,https://sdvx.in/06/06094m.htm
Devastated Territory,17,VVD,EXCEED GEAR,97~195,1839,ryhki,dj strachen,https://sdvx.in/06/06080m.htm
Empty Backdoor,17,MXM,EXCEED GEAR,169,1777,森羅万象,ブルーコールドハリケーンズ,https://sdvx.in/06/06113m.htm
Enter The Fire,17,MXM,EXCEED GEAR,140,1666,Yooh,MAD CHILD,https://sdvx.in/06/06061m.htm
eXtridia,17,MXM,EXCEED GEAR,136,1486,unatra×Nego_tiator,kamuy noko,https://sdvx.in/06/06143m.htm
Flip Flap,17,MXM,EXCEED GEAR,175,1521,kors k,噂のジャイアントスパーク,https://sdvx.in/06/06183m.htm
Foolish Again,17,MXM,EXCEED GEAR,160,1871,lapix,電撃ロブスター,https://sdvx.in/06/06162m.htm
Fun walk!!,17,MXM,EXCEED GEAR,170,1777,Enterskip,dj strassen,https://sdvx.in/06/06036m.htm
Gimme dreamin',17,VVD,EXCEED GEAR,190,2140,BlackY feat. Risa Yuzuki,フォックスロット feat. Amazeki Kagome,https://sdvx.in/06/06075m.htm
"Help me, ERINNNNNN!! #幻想郷ホロイズムver.",17,MXM,EXCEED GEAR,190,2664,COOL&CREATE × 宝鐘マリンと愉快な仲間たち,レッドホットスクリューズと愉快な仲間たち,https://sdvx.in/06/06069m.htm
I Left for my Right,17,MXM,EXCEED GEAR,155,1637,あの日字数制限に負けて追い出された「ゃ」,20文字の字数制限が存在しないからあげブ,https://sdvx.in/06/06119m.htm
Impress(siqlo's Hi-Tech Veats),17,MXM,EXCEED GEAR,160,1741,siqlo,Amazeki Kagome,https://sdvx.in/06/06050m.htm
Jailbreaker,17,MXM,EXCEED GEAR,180,2040,Hommarju feat. かぼちゃ,Megacycle,https://sdvx.in/06/06116m.htm
- Jupiter -,17,MXM,EXCEED GEAR,144,1772,SHIKI,Akizuki Nagomu,https://sdvx.in/06/06097m.htm
LIKE A VAMPIRE,17,MXM,EXCEED GEAR,276,1635,"koyomi,星野奏子 by BEMANI Sound Team ”TAKA”",strassen,https://sdvx.in/06/06106m.htm
Love Love Scarlet,17,MXM,EXCEED GEAR,185,1888,イノライfeat.怜花,MaKoTo,https://sdvx.in/06/06131m.htm
LUCKY CAT,17,MXM,EXCEED GEAR,167,1637,ちょこふぁん,Megacycle,https://sdvx.in/06/06139m.htm
MA・TSU・RI,17,MXM,EXCEED GEAR,160,1550,"かなたん,アマギセーラ,ぁゅ by BEMANI Sound Team ”藤森崇多”",浮世マシーン,https://sdvx.in/06/06100m.htm
M-O-R-F-I-N-E,17,MXM,EXCEED GEAR,220,2372,u-z feat.紫咲ほたる,2conノックオン,https://sdvx.in/06/06064m.htm
MOVE! (We Keep It Movin'),17,MXM,EXCEED GEAR,142,1907,"Jonny Dynamite!,Lisa - paint with stars -,Rio Hiiragi by BEMANI Sound Team ”U1-ASAMi”",からあげブラザーズ,https://sdvx.in/06/06103m.htm
NIN-NIN-NIN!!,17,MXM,EXCEED GEAR,90~170,1477,よああああ（ああああ＋yoa）,鋼のビスカッチャ,https://sdvx.in/06/06153m.htm
PLANISPHERE,17,MXM,EXCEED GEAR,122~161,1870,SOUND HOLIC feat. Nana Takahashi,MAD CHILD,https://sdvx.in/06/06163m.htm
PRESERVED VAMPIRE,17,MXM,EXCEED GEAR,170,1734,SOUND HOLIC feat. Nana Takahashi,ポテト亀山,https://sdvx.in/06/06130m.htm
Sakura Fubuki,17,MXM,EXCEED GEAR,175,2504,Street,からあげブラザーズ,https://sdvx.in/06/06016m.htm
Screaming!!,17,VVD,EXCEED GEAR,135~180,2021,CielArc,からあげスクリームズ,https://sdvx.in/06/06078m.htm
SHION -sublimation mix-,17,MXM,EXCEED GEAR,186,2012,BlackY feat. Risa Yuzuki,フォックスロット,https://sdvx.in/06/06008m.htm
sparky spark,17,MXM,EXCEED GEAR,155,1591,kamome sano,2conノックオン,https://sdvx.in/06/06159m.htm
Verstarkt Killer,17,MXM,EXCEED GEAR,182,2016,MALVA.,Secret Lv.09,https://sdvx.in/06/06037m.htm
Whip☆Drip,17,MXM,EXCEED GEAR,249,2128,pan+テヅカ feat.桃雛なの,CRAIG AKAGI,https://sdvx.in/06/06038m.htm
WICKeD CRφSS,17,MXM,EXCEED GEAR,180,1551,OSTER project,MAD CHILD,https://sdvx.in/06/06184m.htm
WILD FIRE,17,MXM,EXCEED GEAR,172,1739,がるる,dj strassen,https://sdvx.in/06/06088m.htm
Xymatic Scope,17,MXM,EXCEED GEAR,22~170,1705,MasKaleido feat. ぁゅ,CRAIG AKAGI,https://sdvx.in/06/06087m.htm
オリガミカル・スウィートラヴ,17,MXM,EXCEED GEAR,192,1756,かめりあ feat. ななひら,MAD CHILD,https://sdvx.in/06/06150m.htm
オルターエゴ,17,MXM,EXCEED GEAR,176,2099,Misumi,Megacycle,https://sdvx.in/06/06025m.htm
キャプテン・マリンのケツアンカー,17,MXM,EXCEED GEAR,150~190,2413,COOL&CREATE × 宝鐘マリン,MAD CHILD,https://sdvx.in/06/06067m.htm
キラメキ居残り大戦争,17,MXM,EXCEED GEAR,212,2529,森羅万象,能天気 ぐるぐる ～PH～ 頭 ガチガチ,https://sdvx.in/06/06017m.htm
スーパー戦湯ババンバーン,17,MXM,EXCEED GEAR,0,2110,"すわひでお,秋成,かぼちゃ,藍月なくる,NU-KO by BEMANI Sound Team ”八戸亀生羅”",凹ーダー凸ード,https://sdvx.in/06/06105m.htm
スノウイコン,17,MXM,EXCEED GEAR,164,1740,mazuka153,フォックスロット,https://sdvx.in/06/06145m.htm
デンデラパーティーナイト,17,MXM,EXCEED GEAR,181,2092,森羅万象,鋼のビスカッチャ,https://sdvx.in/06/06138m.htm
トラダンスアナーキー,17,MXM,EXCEED GEAR,195,2245,暁 Records,サイバーガスタンクEXCEED,https://sdvx.in/06/06020m.htm
ヒトガタ,17,MXM,EXCEED GEAR,150,2273,HIMEHINA,ひとくちピエロ,https://sdvx.in/06/06141m.htm
フェアリーテイル・ラヴァーズ,17,MXM,EXCEED GEAR,142,1803,みーに＠メルヘン風紀委員会書記,ロイヤルクラッカー,https://sdvx.in/06/06135m.htm
みたらしプラトニック,17,MXM,EXCEED GEAR,160,1713,Yunomi,Megacycle,https://sdvx.in/06/06146m.htm
運命超過乃巡合,17,MXM,EXCEED GEAR,165,1776,Aoi feat. Gra+yanshu,電撃ロブスター,https://sdvx.in/06/06047m.htm
神にした彼女が示す世界線,17,MXM,EXCEED GEAR,157~250,1926,上村 香月,フォックスロット,https://sdvx.in/06/06055m.htm
驪駒早鬼は馬並み☆プロテイン,17,MXM,EXCEED GEAR,175,1972,ARM × 狐夢想 feat.ななひら,サイバーマッスルガスタンク,https://sdvx.in/06/06114m.htm
穢れなきユーフォリア,17,MXM,EXCEED GEAR,160,2047,幽閉サテライト,からあげユーフォリア,https://sdvx.in/06/06021m.htm
月下の舞兎祭,17,MXM,EXCEED GEAR,152,1604,Aoi feat. Kuroa*,レッドホットスクリューズ,https://sdvx.in/06/06033m.htm
孤月群雲に沈む,17,VVD,EXCEED GEAR,194,1900,めと（Metomate）,MAD CHILD,https://sdvx.in/06/06076m.htm
木洩れ日に咲く,17,MXM,EXCEED GEAR,171,2007,seatrus feat.杠葉えりか,フォックスとロット,https://sdvx.in/06/06041m.htm
叛逆のディスパレート,17,MXM,EXCEED GEAR,194,1854,Vanitas Lacrimosa,MAD CHILD,https://sdvx.in/06/06031m.htm
響く静寂,17,MXM,EXCEED GEAR,212,1769,テヅカ,サイバーガスタンク,https://sdvx.in/06/06043m.htm
斑咲花,17,MXM,EXCEED GEAR,134~201,2212,"mami,駄々子 by BEMANI Sound Team ”Akhuta Works”",フォックスロット,https://sdvx.in/06/06107m.htm
門門しましょ,17,MXM,EXCEED GEAR,180,2065,ビートまりお (COOL&CREATE),XOИ,https://sdvx.in/06/06024m.htm
夢の終わり、世界のはじまり。,17,MXM,EXCEED GEAR,175,1966,TAKU1175 ft.駄々子,Ginza Sis,https://sdvx.in/06/06164m.htm
黎明の情,17,MXM,EXCEED GEAR,210,1747,TAKU1175 ft.駄々子,MAD CHILD,https://sdvx.in/06/06123m.htm
恋獄対刃,17,MXM,EXCEED GEAR,190,1951,あるふぁ＋凜々,Secret Lv.09,https://sdvx.in/06/06046m.htm
2 Beasts Unchained,17,EXH,EXCEED GEAR,175,1747,kors k vs Yooh,MAD CHILD & Hirayasu Matsudo,https://sdvx.in/06/06167e.htm
777,17,EXH,EXCEED GEAR,777,3289,RoughSketch(Notebook Records),RED MAD HOT CHILDREN,https://sdvx.in/06/06011e.htm
AμreoLe ~for Triumph~,17,EXH,EXCEED GEAR,321,1745,Ashrount,レッドホットスクリューズ＆ブルーコールドハリケーンズ,https://sdvx.in/06/06175e.htm
αzalea,17,EXH,EXCEED GEAR,99~198,1886,BlackY,MAD CHILD,https://sdvx.in/06/06099e.htm
BAYONEX,17,EXH,EXCEED GEAR,262,1546,かめりあ as ”Revenge of Riot”,TEK-A-RHYTHM Ｘ レッドホットスクリューズ,https://sdvx.in/06/06102e.htm
Chronomia,17,EXH,EXCEED GEAR,227,3087,Lime,風瑠人,https://sdvx.in/06/06014e.htm
CLAMARE,17,EXH,EXCEED GEAR,224,2358,MAX MAXIMIZER,Ether99,https://sdvx.in/06/06187e.htm
EncorE & cALL,17,EXH,EXCEED GEAR,240,2068,CHUBAY,電撃ロブスター,https://sdvx.in/06/06171e.htm
onslaught -Retaliation of Bahamut-,17,EXH,EXCEED GEAR,238,1886,かめりあ,レッドホットスクリューズ (supervised by Bahamūt),https://sdvx.in/06/06005e.htm
Rapsodia d'amore,17,EXH,EXCEED GEAR,288,1588,xi,Ether99,https://sdvx.in/06/06157e.htm
Reverenced Flower,17,EXH,EXCEED GEAR,152~209,2061,ぺのれり,～PH～ prebirth,https://sdvx.in/06/06118e.htm
Rhapsody Of Triumph,17,EXH,EXCEED GEAR,235,2445,かめりあ・超機裝旋楽隊,鋼鐵のビスカチア,https://sdvx.in/06/06181e.htm
The Clown of 24stairs,17,EXH,EXCEED GEAR,204,1981,Yu_Asahina,レッドホットスクリューズ,https://sdvx.in/06/06121e.htm
Xb10r,17,EXH,EXCEED GEAR,200,2109,隣の庭は青い(庭師+Aoi),月刊ミズタニ,https://sdvx.in/06/06182e.htm
ZEUS,17,EXH,EXCEED GEAR,228,2591,BlackY,２κονノックオン,https://sdvx.in/06/06176e.htm
ディスコルディア,17,EXH,EXCEED GEAR,180~280,1671,ぺのれり vs. BEMANI Sound Team ”HuΣeR”,～PH～ the Valhalla,https://sdvx.in/06/06060e.htm
ドゥサンコオデッセイ!!,17,EXH,EXCEED GEAR,160,1538,cosMo＠暴走P,cosMo＠暴走P,https://sdvx.in/06/06093e.htm
ピアノ協奏曲第１番”蠍火”,17,EXH,EXCEED GEAR,165~188,977,virkato,赫,https://sdvx.in/06/06166e.htm
十の試煉,17,EXH,EXCEED GEAR,211,2095,打打だいず vs. siromaru,フォックスロット,https://sdvx.in/06/06180e.htm
竹,17,EXH,EXCEED GEAR,5~315,1502,立秋 feat.ちょこ,ビーフジョッ竹,https://sdvx.in/06/06132e.htm
バイナリスター,17,VVD,GRAVITY WARS,135,1838,ここなつ,ふわふわユカタニ,https://sdvx.in/03/03377m.htm
ヒミツダイヤル,17,VVD,GRAVITY WARS,112,1565,ここなつ,グッチーニ(SSL),https://sdvx.in/03/03398m.htm
十面相,17,VVD,BOOTH,173,1536,YM feat.GUMI,コーヒーブレイカー,https://sdvx.in/01/01103m.htm
人生リセットボタン,17,VVD,BOOTH,200,1908,kemu feat. GUMI,ビーフジョッキー,https://sdvx.in/01/01105m.htm
120秒のエンドロール,17,MXM,VIVID WAVE,219,2315,colorless（からとP feat.脱線ぐーぅ）,ZANGI Bros.,https://sdvx.in/05/05050m.htm
50th -The BEMANI History-,17,VVD,VIVID WAVE,136,1576,BEMANI Sound Team,↑↑↓↓←→←→PH,https://sdvx.in/05/05082m.htm
ABSOLUTE (EUROBEAT REMIX),17,MXM,VIVID WAVE,90~162,1742,Tracy vs. Yu_Asahina,サイバーガスタンク,https://sdvx.in/05/05174m.htm
Adrenaline Rush,17,MXM,VIVID WAVE,158,1884,siqlo,CRAIG AKAGI,https://sdvx.in/05/05079m.htm
Afterimage d'automne,17,MXM,VIVID WAVE,232,2557,BEMANI Sound Team,鋼のビスカッチャ×サイバーガスタンク,https://sdvx.in/05/05136m.htm
AXION,17,MXM,VIVID WAVE,160,1537,削除,フォックスロット,https://sdvx.in/05/05145m.htm
Believe (y)our Wings {GRA5P WAVES},17,MXM,VIVID WAVE,188,2513,GRACE COLORS（かめりあ ft. 紫崎 雪、藍月なくる、荒巻、ＯＲＩ姫、かなたん、駄々子、はるの、ななひら）,名誉グレイス王国民,https://sdvx.in/05/05043m.htm
Believe (y)our Wings {V:IVID RAYS},17,MXM,VIVID WAVE,188,2258,RASIS COLORS（かめりあ ft. 紫崎 雪、ぁゅ、かぼちゃ、Kuroa*、SOPHY、みかん汁、みゅい）,元祖レイシス親衛隊長,https://sdvx.in/05/05044m.htm
Bioslaves,17,MXM,VIVID WAVE,160,1824,mazuka153,kamuy noko,https://sdvx.in/05/05198m.htm
bistro twins☆☆☆,17,MXM,VIVID WAVE,228,2286,OSTER project feat. かなたん,MAD CHILD,https://sdvx.in/05/05032m.htm
BLACK JACKAL,17,MXM,VIVID WAVE,150,1786,Akira Complex,CRAIG AKAGI,https://sdvx.in/05/05139m.htm
BLAZE∞BREEZE,17,MXM,VIVID WAVE,175,1991,BEMANI Sound Team ”TAG×PON”,B∞フジョッキー,https://sdvx.in/05/05204m.htm
BLIZZARD BEAT,17,MXM,VIVID WAVE,170,1905,SOUND HOLIC feat. Nana Takahashi,鋼のビスカッチャ,https://sdvx.in/05/05038m.htm
Blue Forest (Prog Keys Remix),17,MXM,VIVID WAVE,150,1417,とろまる,SALMON GRAPHY,https://sdvx.in/05/05258m.htm
Bye or not,17,MXM,VIVID WAVE,170,2262,PSYQUI feat. mikanzil,レッドホットスクリューズ,https://sdvx.in/05/05067m.htm
Chocolate Parade,17,MXM,VIVID WAVE,190,1998,Freezer feat.妃苺,七色Chocolatière,https://sdvx.in/05/05077m.htm
Circulator,17,MXM,VIVID WAVE,165,1522,Reaper,おつまみロブスター,https://sdvx.in/05/05090m.htm
clear:wings,17,MXM,VIVID WAVE,252,2700,かゆき,月刊ミズタニ,https://sdvx.in/05/05070m.htm
cloche(といぼっくすうぃんぐ　みっくす),17,MXM,VIVID WAVE,228,2430,,はがねのびすかっちゃ,https://sdvx.in/05/05257m.htm
CLOUDS FLYER -sdvx edit-,17,MXM,VIVID WAVE,177,1706,ginkiha,Akizuki Nagomu,https://sdvx.in/05/05107m.htm
Colorless feat.ももかみ,17,MXM,VIVID WAVE,165,1713,Spacelectro,CRAIG AKAGI,https://sdvx.in/05/05024m.htm
D1g1t1ze b0dy,17,MXM,VIVID WAVE,180,1712,シルクパラソル（yoa＆かゆき） feat. まめこ,サイバーガスタンク,https://sdvx.in/05/05143m.htm
DEEP PSYCHEDELIC STRIKER,17,MXM,VIVID WAVE,155,1865,影虎。,凹ーダー凸ード,https://sdvx.in/05/05223m.htm
DESIRE,17,MXM,VIVID WAVE,180,2082,溝口ゆうま feat. 大瀬良あい,Megacycle,https://sdvx.in/05/05089m.htm
DO-IT-AMA-SITE!!!,17,VVD,VIVID WAVE,135,1494,MYUKKE.,おつまみロブスター,https://sdvx.in/05/05231m.htm
EGOISM -Rebuild-,17,MXM,VIVID WAVE,155,1776,HAMA topground,CRAIG AKAGI,https://sdvx.in/05/05201m.htm
empty,17,MXM,VIVID WAVE,184,2092,Λerdammt,サイバーガスタンク,https://sdvx.in/05/05098m.htm
Enigma II,17,MXM,VIVID WAVE,201,2252,とろまる,kamuy noko,https://sdvx.in/05/05059m.htm
Enjoy This Time,17,MXM,VIVID WAVE,170,2020,DJ Noriken feat. yukacco,MAD CHILD,https://sdvx.in/05/05018m.htm
floorkiller,17,VVD,VIVID WAVE,210,2278,テヅカ,ZANGI Bros.,https://sdvx.in/05/05228m.htm
Harmonia,17,MXM,VIVID WAVE,177,1708,ATSUMI UEDA,鋼のビスカッチャ,https://sdvx.in/05/05166m.htm
Hexennacht,17,VVD,VIVID WAVE,165,1919,rider,Hirayasu Matsudo (MAD CHILD Remix),https://sdvx.in/05/05267m.htm
Historia of Velnoti,17,VVD,VIVID WAVE,180,1902,KV.S&はらたま,Megacycle,https://sdvx.in/05/05213m.htm
Holy Legacy,17,VVD,VIVID WAVE,190,1778,すのうまん,kamuy noko include,https://sdvx.in/05/05268m.htm
Impress (bansou Remix),17,MXM,VIVID WAVE,150,1767,bansou,kamuy noko,https://sdvx.in/05/05184m.htm
Into The Madness,17,MXM,VIVID WAVE,155,1880,Yuta Imai,Akizuki Nagomu,https://sdvx.in/05/05093m.htm
Jetcoaster Windy,17,MXM,VIVID WAVE,268,1705,BEMANI Sound Team ”dj TAKA” feat.のの,鋼のビスカッチャ,https://sdvx.in/05/05256m.htm
le coeur patissiere,17,MXM,VIVID WAVE,190,1995,U-ske feat.Ri9,からあげフランソワーズ,https://sdvx.in/05/05290m.htm
MARENOL,17,MXM,VIVID WAVE,140,2392,LeaF,おやすみなさい。,https://sdvx.in/05/05126m.htm
Me:Tear,17,MXM,VIVID WAVE,213,1986,タケノコ少年 feat. 荒巻,ZANGI Bros.,https://sdvx.in/05/05272m.htm
MICHIZURE,17,MXM,VIVID WAVE,150,1439,708/残響P,Megacycle,https://sdvx.in/05/05275m.htm
MilK,17,MXM,VIVID WAVE,150,2256,モリモリあつし,月刊ミズタニ,https://sdvx.in/05/05170m.htm
Mischievous theater,17,MXM,VIVID WAVE,155,1854,黒魔,鋼のビスカッチャ,https://sdvx.in/05/05110m.htm
Non RolicK!!大冒険,17,MXM,VIVID WAVE,230,2476,Croire,からあげシスターズ!!,https://sdvx.in/05/05287m.htm
ΩBIRD,17,MXM,VIVID WAVE,178,2216,SOUND HOLIC feat. Nana Takahashi,MaKoTo,https://sdvx.in/05/05084m.htm
Pixelated Platform,17,MXM,VIVID WAVE,137,1613,pan,サイバーガスタンク,https://sdvx.in/05/05142m.htm
PIZZATIME,17,MXM,VIVID WAVE,168,1775,Tsubusare BOZZ,Akizuki Nagomu,https://sdvx.in/05/05112m.htm
POSSESSION(Gowrock Remix),17,MXM,VIVID WAVE,158,1462,Gowrock,dj strachen,https://sdvx.in/05/05224m.htm
Princess Lily,17,MXM,VIVID WAVE,180,2320,溝口ゆうま feat. 大瀬良あい,kamuy noko,https://sdvx.in/05/05021m.htm
Quark,17,MXM,VIVID WAVE,180,2021,Hate vs Brilliance,フォックスロット,https://sdvx.in/05/05125m.htm
Record one's Dream,17,MXM,VIVID WAVE,145,1770,uma vs. モリモリあつし,鋼のビスカッチャ,https://sdvx.in/05/05014m.htm
ЯegreT of MemoRy,17,MXM,VIVID WAVE,215,1818,からとP vs タケノコ少年,凹ーダー凸ード,https://sdvx.in/05/05164m.htm
Revolution,17,MXM,VIVID WAVE,165,1703,lapix,MAD CHILD,https://sdvx.in/05/05015m.htm
Sacrifice Escape,17,MXM,VIVID WAVE,100,1525,memex,鋼のビスカッチャ,https://sdvx.in/05/05061m.htm
scary night,17,MXM,VIVID WAVE,200,2018,岸田教団＆THE明星ロケッツ,Megacycle,https://sdvx.in/05/05033m.htm
Sharkbait,17,MXM,VIVID WAVE,155,1662,ryhki,ディープブルーコールドハリケーンズ（respect HM）,https://sdvx.in/05/05052m.htm
Six String Proof,17,MXM,VIVID WAVE,130,1639,BEMANI Sound Team,電撃ロブスター×cosMo@暴走P,https://sdvx.in/05/05138m.htm
Sparkle Smilin',17,MXM,VIVID WAVE,180,2051,BEMANI Sound Team ”Qrispy Joybox” feat.いちか,MaKoTo,https://sdvx.in/05/05226m.htm
Sparkling Laser Beam,17,VVD,VIVID WAVE,170,2024,you,フォックスロット,https://sdvx.in/05/05237m.htm
Still Lonesome,17,MXM,VIVID WAVE,168,1848,PSYQUI,サイバーガスタンク,https://sdvx.in/05/05197m.htm
STYX HELIX（Digi-Rock Remix）,17,MXM,VIVID WAVE,128,1464,Remixed by BEMANI Sound Team ”RealRemixer0123” feat.かなたん,Akizuki Nagomu,https://sdvx.in/05/05179m.htm
Sunflower Vibes,17,MXM,VIVID WAVE,190,2624,Dustvoxx,dj strachen,https://sdvx.in/05/05105m.htm
The First Step,17,MXM,VIVID WAVE,132,1295,Yooh,レッドホットスクリューズ,https://sdvx.in/05/05205m.htm
toy boxer,17,MXM,VIVID WAVE,190,1377,BEMANI Sound Team,からあげブラザーズ,https://sdvx.in/05/05137m.htm
Tribal Trial,17,MXM,VIVID WAVE,165,1546,Yooh,MAD CHILD,https://sdvx.in/05/05076m.htm
ULTRA B+K,17,MXM,VIVID WAVE,175,2130,nora2r,レッドホット+スクリューズ,https://sdvx.in/05/05171m.htm
ultra turbo,17,MXM,VIVID WAVE,138,1665,kamome sano,フォックスロット & kamuy noko,https://sdvx.in/05/05148m.htm
VIVID DEBUT!,17,MXM,VIVID WAVE,182,1873,#EmoCosine,Megacycle,https://sdvx.in/05/05065m.htm
vivid landscape,17,MXM,VIVID WAVE,137,1667,paraoka,電撃ロブスター,https://sdvx.in/05/05041m.htm
VIVIDWAVERS,17,MXM,VIVID WAVE,140,1695,SDVX SOUND UNION,～PH～ ver.V,https://sdvx.in/05/05183m.htm
who I am,17,MXM,VIVID WAVE,110,1388,カエルとネコ,凹ーダー凸ード,https://sdvx.in/05/05291m.htm
うさぬこぬんぬんファンタジー！,17,MXM,VIVID WAVE,160,1670,ARM(IOSYS) feat. 普透明度,SHiJiMiSo Soup.☆彡,https://sdvx.in/05/05249m.htm
エンゲージ〆ント,17,MXM,VIVID WAVE,190~230,2199,Croire,フォックスロット,https://sdvx.in/05/05106m.htm
おーまい！らぶりー！すうぃーてぃ！だーりん！,17,MXM,VIVID WAVE,170,1900,BEMANI Sound Team,MAD CHILD,https://sdvx.in/05/05140m.htm
おどりましょうよ！ドラゴンさん～転生したらゲーム曲でした～,17,MXM,VIVID WAVE,158,1442,諸星なな feat.加藤はるか＆廣瀬祐輝,噂のジャイアントスパーク,https://sdvx.in/05/05273m.htm
クレイジークレイジーダンサーズ,17,MXM,VIVID WAVE,172,2459,ビートまりお＋あまね（COOL&CREATE）,電撃ロブスター,https://sdvx.in/05/05028m.htm
ここからよろしく大作戦143,17,MXM,VIVID WAVE,184,2060,BEMANI Sound Team ”あさき隊”,フルトヴァルMk.2,https://sdvx.in/05/05286m.htm
シープドリーミン,17,MXM,VIVID WAVE,220,2123,テヅカ feat. 大西あみみ,鋼のビスカッチャ,https://sdvx.in/05/05078m.htm
ストリーミングハート,17,MXM,VIVID WAVE,210,2377,DECO*27,サイバーガスタンク,https://sdvx.in/05/05099m.htm
ハレ トキドキ メランコリック,17,MXM,VIVID WAVE,150,2108,ここなつ,MAD CHILD & Hirayasu Matsudo,https://sdvx.in/05/05181m.htm
ふ・れ・ん・ど・し・た・い (WEREHEREMIX),17,MXM,VIVID WAVE,170,1702,Remixed by ボルテ学園生活部,ボルテ学園美術部,https://sdvx.in/05/05220m.htm
ベビーステップ,17,MXM,VIVID WAVE,200,2450,ここなつ,ベビーフジョッキー,https://sdvx.in/05/05049m.htm
ぼくらの16bit戦争,17,MXM,VIVID WAVE,122,1576,sasakure.UK,からあげブラザーズ(レモン派),https://sdvx.in/05/05012m.htm
ラブキラ☆スプラッシュ,17,MXM,VIVID WAVE,152,1805,BEMANI Sound Team ”Sota F.” feat.いちか,DJ みさこ vs. 楊 麗華,https://sdvx.in/05/05207m.htm
ロキ,17,MXM,VIVID WAVE,150,1499,みきとP,レッドロックスクリューズ,https://sdvx.in/05/05129m.htm
伊邪那美白山姫大神,17,MXM,VIVID WAVE,190,2783,Morrigan feat. リリィ,フォックスロット,https://sdvx.in/05/05035m.htm
悪戯センセーション,17,MXM,VIVID WAVE,192,2400,森羅万象,サイバーガスタンク,https://sdvx.in/05/05085m.htm
雲海,17,MXM,VIVID WAVE,160,1875,椎名　豪,Jin Majima,https://sdvx.in/05/05036m.htm
御伽噺に幕切れを,17,MXM,VIVID WAVE,131~203,1998,夜叉姫神楽,サイバーガスタンク,https://sdvx.in/05/05215m.htm
革命パッショネイト,17,MXM,VIVID WAVE,194,2432,日向美ビタースイーツ♪,cosMo＠暴走P,https://sdvx.in/05/05046m.htm
君は Fantasista,17,MXM,VIVID WAVE,220,2399,杉下 トキヤ,Megacycle,https://sdvx.in/05/05034m.htm
鏡面の波（ramble mix）,17,MXM,VIVID WAVE,175,2091,YURiKA Remixed by BEMANI Sound Team ”DJ TOTTO”,フォックスロット,https://sdvx.in/05/05194m.htm
近未来百鬼夜行譚,17,MXM,VIVID WAVE,165,1885,近未来妖怪活劇をかぼちゃが謡う！　いざ！,MAD CHILD,https://sdvx.in/05/05147m.htm
逆さまシンデレラパレード,17,MXM,VIVID WAVE,135,1442,メリー・バッド・メルヘン,秋月なごむ,https://sdvx.in/05/05216m.htm
遷,17,VVD,VIVID WAVE,151,1797,隣の庭は青い(庭師+Aoi),凹ーダー凸ード,https://sdvx.in/05/05234m.htm
全力ハッピーライフ,17,MXM,VIVID WAVE,190,2324,森羅万象,ポテト亀山,https://sdvx.in/05/05027m.htm
濁色踊るオートマタ,17,MXM,VIVID WAVE,205,1911,めと（Metomate）,凹ーダー凸ード,https://sdvx.in/05/05260m.htm
熱情のサパデアード,17,MXM,VIVID WAVE,136,1749,日向美ビタースイーツ♪,ひとくちMethod,https://sdvx.in/05/05047m.htm
星の詩,17,MXM,VIVID WAVE,67,1268,しーけー feat.arinco,鋼のビスカッチャ,https://sdvx.in/05/05259m.htm
祭囃子,17,MXM,VIVID WAVE,188,1600,709sec. feat.Yui Chinen,Antonio Guccini,https://sdvx.in/05/05173m.htm
真夏の海の修道女,17,MXM,VIVID WAVE,145,1835,bermei.inazawa,Akizuki Nagomu,https://sdvx.in/05/05037m.htm
真夏の蜜と唇 fm.希望の星は青霄に昇る,17,MXM,VIVID WAVE,150,2128,ARM (IOSYS) ft. yukina (TUMENECO),鋼のビスカッチャ,https://sdvx.in/05/05029m.htm
夢見草奇譚,17,VVD,VIVID WAVE,165,1650,Paradise Eve feat.しゃみお,サイバーガスタンク,https://sdvx.in/05/05211m.htm
零次元エクスプレス,17,MXM,VIVID WAVE,160,2134,SOUND HOLIC feat. Nana Takahashi,鋼のビスカッチャ,https://sdvx.in/05/05020m.htm
9TH5IN,17,EXH,VIVID WAVE,222,2440,ETIA.,サイバーガスタンク,https://sdvx.in/05/05189e.htm
ANGER of the GOD,17,EXH,VIVID WAVE,200,2518,BlackY,七色メットスクリューズ,https://sdvx.in/05/05180e.htm
Calamity Tempest,17,EXH,VIVID WAVE,194,1519,Diceros Bicornis,SALMON GASTANK,https://sdvx.in/05/05280e.htm
Daisycutter,17,EXH,VIVID WAVE,191,2395,ETIA.,The Hirayasu Matsudo,https://sdvx.in/05/05281e.htm
ENDYMION,17,EXH,VIVID WAVE,110~880,1631,fallen shepherd ft. RabbiTon Strings,レッドホットスクリューズ,https://sdvx.in/05/05193e.htm
Ghost Family,17,EXH,VIVID WAVE,238,3010,RoughSketch,MAD CHILD & Hirayasu Matsudo,https://sdvx.in/05/05119e.htm
Jack-the-Ripper◆,17,EXH,VIVID WAVE,105~240,3171,sasakure.UK,フォックスロット,
Lancelot,17,EXH,VIVID WAVE,189~216,2041,ぺのれり,亡国の電撃ロブスター,https://sdvx.in/05/05118e.htm
Lisa-RICCIA,17,EXH,VIVID WAVE,205,2482,DJ YOSHITAKA,レッドホットスクリューズ,https://sdvx.in/05/05252e.htm
LubedeR,17,EXH,VIVID WAVE,256,1232,C-Show,ごましお風,https://sdvx.in/05/05243e.htm
ΛΛemoria,17,EXH,VIVID WAVE,118,1980,MisoilePunch♪,Akizuki NagoΛΛu♪,https://sdvx.in/05/05279e.htm
†:OLPHEUX:†,17,EXH,VIVID WAVE,276,1745,Juggernaut.,†:凹ーダー凸ード:†,https://sdvx.in/05/05242e.htm
OUTERHEΛVEN,17,EXH,VIVID WAVE,210,2100,Juggernaut.,Amazeki Kagome & Akizuki Nagomu,https://sdvx.in/05/05154e.htm
Redshift 2nd Ignition,17,EXH,VIVID WAVE,104~230,2172,technoplanet,Akizuki Nagomu,https://sdvx.in/05/05241e.htm
ЯeviveR,17,EXH,VIVID WAVE,238,2301,Diceros Bicornis,Ether99,https://sdvx.in/05/05188e.htm
TENKAICHI ULTIMATE BOSSRUSH MEDLEY,17,EXH,VIVID WAVE,207~282,2821,TENKAICHI LEGENDS,SOUND VOLTEX Effectors,https://sdvx.in/05/05055e.htm
THE凸GENERATOR,17,EXH,VIVID WAVE,255,1592,cosMo＠暴走P,cosMo凸暴走P,https://sdvx.in/05/05074e.htm
Trill auf G,17,EXH,VIVID WAVE,188,1998,BEMANI Sound Team,G線上のロブスター,https://sdvx.in/05/05134e.htm
voltississimo,17,EXH,VIVID WAVE,225,1807,BEMANI Sound Team,～PHPHPH～,https://sdvx.in/05/05133e.htm
Xronial Xero,17,EXH,VIVID WAVE,335,2009,かめりあ as ”menaXe inXonnu”,レッドホットスクリューズ ＸＸ TEK-A-RHYTHM,https://sdvx.in/05/05239e.htm
θコトノハθカプセルθ,17,EXH,VIVID WAVE,228,1869,cosMo＠暴走P,θcosMoθ暴走Pθ,https://sdvx.in/05/05155e.htm
色を喪った街,17,EXH,VIVID WAVE,166,1649,かめりあ feat. かめりあ,零色メソッド,https://sdvx.in/05/05187e.htm
卑弥呼,17,EXH,VIVID WAVE,82~185,1949,朱雀 VS 玄武,浮世魔神,https://sdvx.in/05/05222e.htm
飄える翼追い掛けて,17,EXH,VIVID WAVE,255,1666,かめりあ feat. かめりあ,テカタニ feat. テカタニ,https://sdvx.in/05/05282e.htm
.59 -BOOTH BOOST REMIX-,17,HVN,BOOTH,145,1329,IDEA+RHYTHM,七色Method,https://sdvx.in/01/01064m.htm
cloud,17,HVN,BOOTH,143,1302,EZFG,Bob Shimantogawa,https://sdvx.in/01/01042m.htm
Fire Strike,17,HVN,BOOTH,158,1766,Junk,ビーフジョッキー,https://sdvx.in/01/01066m.htm
Hoshizora Illumination,17,HVN,INFINITE INFECTION,210,2416,you,ビーフジョッキー,https://sdvx.in/02/02213m.htm
Space Diver Tama,17,HVN,BOOTH,170,1785,黒魔,PHQUASE,https://sdvx.in/01/01060m.htm
take a step forward,17,HVN,INFINITE INFECTION,190,2106,uma,ダークダークダーク,https://sdvx.in/02/02161m.htm
Wheel,17,HVN,BOOTH,136,1888,Syrufit feat.綾倉盟 / 市松椿,七色Method,https://sdvx.in/01/01162m.htm
イカサマライフゲイム,17,HVN,BOOTH,200,1890,kemu feat.GUMI,レッドホットスクリューズ,https://sdvx.in/01/01077m.htm
ケロ⑨destiny,17,HVN,BOOTH,172,2039,Silver Forest feat. めらみぽっぷ,レッドホットスクリューズ,https://sdvx.in/01/01126m.htm
サヨナラ・ヘヴン(かめりあ's NEKOMATAelectroRMX),17,HVN,BOOTH,150,2042,かめりあ,浮世マシーン,https://sdvx.in/01/01063m.htm
セツナトリップ,17,HVN,BOOTH,145,1598,Last Note. feat.GUMI,PHQUASE,https://sdvx.in/01/01076m.htm
幻想系世界修復少女,17,HVN,INFINITE INFECTION,193,1875,Last Note.,浮世マシーン,https://sdvx.in/02/02255m.htm
放課後ストライド,17,HVN,INFINITE INFECTION,225,2892,Last Note.,NOX,https://sdvx.in/02/02135m.htm
竹取飛翔,17,HVN,INFINITE INFECTION,156,1945,岸田教団＆THE明星ロケッツ,THE THIRD MAN,https://sdvx.in/02/02237m.htm
3y3s (JMBS FUNKOT RMX),17,MXM,HEAVENLY HAVEN,198,2122,Jockie ”MASTA BASS” Suama,THE THIRD MAN,https://sdvx.in/04/04010m.htm
405nm(Shu※mix),17,MXM,HEAVENLY HAVEN,182,2065,Shu※,azuma,https://sdvx.in/04/04101m.htm
444,17,MXM,HEAVENLY HAVEN,190,1843,ZYTOKINE feat. aki,Jessica Toshimitsu,https://sdvx.in/04/04159m.htm
All Clear!!,17,MXM,HEAVENLY HAVEN,164,2061,sky_delta,月刊ミズタニ,https://sdvx.in/04/04194m.htm
Altale,17,MXM,HEAVENLY HAVEN,83~90,1577,削除,おからヒット　タイプD,https://sdvx.in/04/04130m.htm
Another Chapter,17,MXM,HEAVENLY HAVEN,220,2645,からとP feat.リた☆,EIVY,https://sdvx.in/04/04315m.htm
Apocrypha,17,MXM,HEAVENLY HAVEN,236,2287,お月さま交響曲,凹ーダー凸ード,https://sdvx.in/04/04143m.htm
Aragami,17,MXM,HEAVENLY HAVEN,48~196,2152,xi,Megacycle,https://sdvx.in/04/04015m.htm
Arcade Prison,17,MXM,HEAVENLY HAVEN,155,1678,MAD CHILD vs. siromaru,"MAD CHILD, the Arcade Prisoner",https://sdvx.in/04/04265m.htm
β,17,MXM,HEAVENLY HAVEN,190,2271,BlackY,からあげブラザーズ,https://sdvx.in/04/04266m.htm
Blue Stream,17,MXM,HEAVENLY HAVEN,140,1404,とろまる,kamuy noko,https://sdvx.in/04/04284m.htm
BREAKNECK NY☆N! NY★N!,17,MXM,HEAVENLY HAVEN,220,2434,ZerA,Megacycle,https://sdvx.in/04/04226m.htm
CARNIVOROUS,17,MXM,HEAVENLY HAVEN,170,1725,SOUND HOLIC feat. Nana Takahashi,Megacycle,https://sdvx.in/04/04217m.htm
Carry Me Away,17,MXM,HEAVENLY HAVEN,175,2014,lapix,七色Method,https://sdvx.in/04/04059m.htm
Chaotic Romance,17,MXM,HEAVENLY HAVEN,200,2103,はるなば,Megacycle,https://sdvx.in/04/04199m.htm
Chocolate Planet,17,MXM,HEAVENLY HAVEN,185,2100,Freezer feat.妃苺,七色Method,https://sdvx.in/04/04004m.htm
cobalt,17,MXM,HEAVENLY HAVEN,145~175,1916,Des-ROW・組スペシアル,七色Method,https://sdvx.in/04/04213m.htm
Coldlapse,17,MXM,HEAVENLY HAVEN,200,1850,Aoi vs. r0y,凹ーダー凸ード,https://sdvx.in/04/04348m.htm
CUTE-Reflection,17,MXM,HEAVENLY HAVEN,160~170,2563,7mai,浮世マシーン,https://sdvx.in/04/04232m.htm
Cy-Bird,17,MXM,HEAVENLY HAVEN,160,2056,Yooh,MAD CHILD,https://sdvx.in/04/04188m.htm
Dark Matter,17,MXM,HEAVENLY HAVEN,205,2043,Yooh,Hiroyasu Matsuda,https://sdvx.in/04/04308m.htm
Decoy,17,MXM,HEAVENLY HAVEN,180,2400,Yooh,MAD CHILD,https://sdvx.in/04/04267m.htm
Destruction & Qreation,17,MXM,HEAVENLY HAVEN,190,2695,polysha+inusack,月刊ミズタニ,https://sdvx.in/04/04203m.htm
Dharma,17,MXM,HEAVENLY HAVEN,160,1650,Massive New Krew,東京ブルトゥーム,https://sdvx.in/04/04002m.htm
Dreaming feat.nomico,17,MXM,HEAVENLY HAVEN,135,2026,Alstroemeria Records,BATAASHI,https://sdvx.in/04/04275m.htm
Drizzly Venom,17,MXM,HEAVENLY HAVEN,147~168,1739,日向美ビタースイーツ♪,ふかせ,https://sdvx.in/04/04164m.htm
EDEN of TRUTH,17,MXM,HEAVENLY HAVEN,172,1938,Braflare(kanone&かぼちゃ),浮世マシーン,https://sdvx.in/04/04007m.htm
Empathetic,17,MXM,HEAVENLY HAVEN,180,2008,Sota÷Des,浮世×マシーン,https://sdvx.in/04/04361m.htm
Fafnir,17,MXM,HEAVENLY HAVEN,196,2045,Aoi Sumito a.k.a. あおいひと,凹ーダー凸ード,https://sdvx.in/04/04145m.htm
Far Away,17,MXM,HEAVENLY HAVEN,155,2249,lapix,東京ブルトゥーム,https://sdvx.in/04/04189m.htm
Finale,17,MXM,HEAVENLY HAVEN,167,2079,A-One,レッドホットスクリューズ,https://sdvx.in/04/04115m.htm
Fly far bounce,17,MXM,HEAVENLY HAVEN,98~163,1506,猫叉Master,PHQUASE,https://sdvx.in/04/04064m.htm
Four Leaves,17,MXM,HEAVENLY HAVEN,181,2029,Endorfin.,MaKoTo,https://sdvx.in/04/04008m.htm
Game Over,17,MXM,HEAVENLY HAVEN,200,1944,Ancraft,CRAIG AKAGI,https://sdvx.in/04/04126m.htm
Heavenly Adventure,17,MXM,HEAVENLY HAVEN,156,1806,Soleily,おすし仮面,https://sdvx.in/04/04006m.htm
HEAVENLY SMILE,17,MXM,HEAVENLY HAVEN,184,1866,VALLEYSTONE feat. 紫崎 雪,MAD CHILD,https://sdvx.in/04/04001m.htm
If,17,MXM,HEAVENLY HAVEN,170,1762,Pa,七色Method 1+1/2,https://sdvx.in/04/04057m.htm
ILL-STARRED Diver,17,MXM,HEAVENLY HAVEN,185,1731,polysha,CRAIG AKAGI,https://sdvx.in/04/04280m.htm
Immortal saga,17,EXH,HEAVENLY HAVEN,205,1677,Noah,レッドホットスクリューズ,https://sdvx.in/04/04055e.htm
infinite;youniverse,17,MXM,HEAVENLY HAVEN,220,2417,かゆき,風瑠人,https://sdvx.in/04/04053m.htm
Inscape,17,MXM,HEAVENLY HAVEN,200,1870,technoplanet,Megacycle,https://sdvx.in/04/04081m.htm
Invisible Bullets,17,MXM,HEAVENLY HAVEN,184,1623,brz1128,電撃ロブスター,https://sdvx.in/04/04356m.htm
Iridescent Clouds,17,MXM,HEAVENLY HAVEN,185,1987,Hidra-Xjeil,浮世マシーン,https://sdvx.in/04/04276m.htm
JUGGLE,17,MXM,HEAVENLY HAVEN,148,1972,Ras,月刊ミズタニ,https://sdvx.in/04/04003m.htm
JULIAN,17,MXM,HEAVENLY HAVEN,153,1585,Queen P.A.L.,レッドホットスクリューズ,https://sdvx.in/04/04019m.htm
Junk Mania,17,MXM,HEAVENLY HAVEN,165,1862,udouddo&VALLEYSTONE,CRAIG AKAGI,https://sdvx.in/04/04086m.htm
Justitia Gladius,17,MXM,HEAVENLY HAVEN,156,1717,kanone,kamuy noko,https://sdvx.in/04/04309m.htm
Knights Assault,17,MXM,HEAVENLY HAVEN,300,1721,零 -zero-,電撃ロブスター,https://sdvx.in/04/04299m.htm
Libera me,17,MXM,HEAVENLY HAVEN,165,1855,Cranky,Satchy,https://sdvx.in/04/04241m.htm
Lievre -blanche-,17,MXM,HEAVENLY HAVEN,180,2014,Diartzh,ユカリ☆chan vs. 月刊ミズタニ,https://sdvx.in/04/04329m.htm
Life is beautiful,17,MXM,HEAVENLY HAVEN,155,2076,BEMANI Sound Team ”猫叉Master”,おすし♣club,https://sdvx.in/04/04336m.htm
Line 4 Ruin -kohumix-,17,MXM,HEAVENLY HAVEN,170,1844,こふ,Megacycle,https://sdvx.in/04/04074m.htm
Lost Wing at.0,17,MXM,HEAVENLY HAVEN,185,2949,猫叉Master+,東京ブルトゥーム,https://sdvx.in/04/04223m.htm
Made In Love,17,MXM,HEAVENLY HAVEN,88,2640,黒魔,I,https://sdvx.in/04/04313m.htm
MAXIVCORD,17,MXM,HEAVENLY HAVEN,154,1494,BEMANI Sound Team ”dj TAKA”,ポテト亀山,https://sdvx.in/04/04332m.htm
Melty Sweets,17,MXM,HEAVENLY HAVEN,177,2257,Ironami,CRAIG AKAGI,https://sdvx.in/04/04301m.htm
Musha Vibration,17,MXM,HEAVENLY HAVEN,177,1736,NA7,Akizuki Nagomu,https://sdvx.in/04/04380m.htm
NEON LOVE POTION!!!,17,MXM,HEAVENLY HAVEN,180,1887,パイタン,ポテト亀山,https://sdvx.in/04/04155m.htm
No way,17,MXM,HEAVENLY HAVEN,160,1884,影虎。,凹ーダー凸ード,https://sdvx.in/04/04347m.htm
Oriens,17,MXM,HEAVENLY HAVEN,140~185,1912,ginkiha,Megacycle,https://sdvx.in/04/04264m.htm
Phlox,17,MXM,HEAVENLY HAVEN,185,1827,Sota Fujimori 2nd Season,凹ーダー凸ード,https://sdvx.in/04/04257m.htm
PIERROT KNIfE,17,MXM,HEAVENLY HAVEN,190,2215,まろん (IOSYS),CRAIG AKAGI,https://sdvx.in/04/04201m.htm
planetarium,17,MXM,HEAVENLY HAVEN,180,1896,SUi,おすし仮面,https://sdvx.in/04/04225m.htm
Poison AND÷OR Affection,17,MXM,HEAVENLY HAVEN,120,2032,LeaF,SCイノセンス,https://sdvx.in/04/04384m.htm
Poppin’Cats!!,17,MXM,HEAVENLY HAVEN,150,1817,やどりぎ,東京ブルトゥーム,https://sdvx.in/04/04184m.htm
QUAKE,17,MXM,HEAVENLY HAVEN,130~150,1539,Polyphonix,MAD CHILD,https://sdvx.in/04/04183m.htm
Rebuilding of Paradise Lost,17,MXM,HEAVENLY HAVEN,190~280,2177,Laur,CRAIG AKAGI vs. 凹ーダー凸ード,https://sdvx.in/04/04045m.htm
REDO the NIGHT,17,GRV,HEAVENLY HAVEN,206,2642,岸田教団＆THE明星ロケッツ,鋼のビスカッチャ,https://sdvx.in/04/04389m.htm
Rejoin,17,MXM,HEAVENLY HAVEN,135,1700,BEMANI Sound Team ”HuΣeR feat.PON”,鋼のビスカッチャ,https://sdvx.in/04/04337m.htm
rhythmology study,17,MXM,HEAVENLY HAVEN,270,1745,古屋直雪,Ether99,https://sdvx.in/04/04125m.htm
Royal Action,17,MXM,HEAVENLY HAVEN,173,1789,BlackY,cosMo＠暴走P,https://sdvx.in/04/04207m.htm
Royal Judgement,17,GRV,HEAVENLY HAVEN,200,2008,Kobaryo,cosMo＠暴走P,https://sdvx.in/04/04252m.htm
Sadistic Stabbing,17,MXM,HEAVENLY HAVEN,200,1888,ぬゆりとびす,Megacycle,https://sdvx.in/04/04154m.htm
Sakura Mirage -Drum'n World-,17,MXM,HEAVENLY HAVEN,70~200,2138,Kairys,ダークダークダーク,https://sdvx.in/04/04046m.htm
Secret Traveler -MeniRemix-,17,MXM,HEAVENLY HAVEN,131,2024,Adust Rain,Hirayasu Matsudo,https://sdvx.in/04/04294m.htm
She Turns Me On,17,GRV,HEAVENLY HAVEN,200,2313,BEMANI Sound Team ”Sota Fujimori”,MAD CHILD,https://sdvx.in/04/04388m.htm
sink into the dream,17,MXM,HEAVENLY HAVEN,148,1484,uma,レッドホットスクリューズ,https://sdvx.in/04/04072m.htm
Sleepless days,17,MXM,HEAVENLY HAVEN,188,2102,猫叉Master feat.Mayumi Morinaga,鋼のビスカッチャ,https://sdvx.in/04/04331m.htm
Smoked Turkey Rag,17,MXM,HEAVENLY HAVEN,150,1803,a_hisa,THE THIRD MAN,https://sdvx.in/04/04080m.htm
SPACE VILLAGE,17,MXM,HEAVENLY HAVEN,170,1747,サイバー劇レコ,SCバイオメトリクス,https://sdvx.in/04/04221m.htm
Sulk,17,MXM,HEAVENLY HAVEN,150,2353,SYUNN,GOLD,https://sdvx.in/04/04375m.htm
SUPER BUBBLE JOURNEY,17,MXM,HEAVENLY HAVEN,155,1470,こふ,Megacycle,https://sdvx.in/04/04283m.htm
Synergy For Angels,17,MXM,HEAVENLY HAVEN,160,1724,TAG×U1-ASAMi,からあげブラザーズ,https://sdvx.in/04/04363m.htm
Technical Master,17,MXM,HEAVENLY HAVEN,160,1990,天音(Rolling Contact),SCイノセンス,https://sdvx.in/04/04096m.htm
Tic Exe,17,MXM,HEAVENLY HAVEN,210,1920,Se-U-Ra,Akizuki Nagomu,https://sdvx.in/04/04354m.htm
Twilight ∞ nighT,17,MXM,HEAVENLY HAVEN,124,1383,ひとしずく×やま△,cosMo＠暴走P,https://sdvx.in/04/04383m.htm
Vigor,17,MXM,HEAVENLY HAVEN,132,1700,Yooh,ビーフジョッキー,https://sdvx.in/04/04099m.htm
Voltage Higher,17,MXM,HEAVENLY HAVEN,166,1896,A-One,MAD CHILD,https://sdvx.in/04/04090m.htm
VOLTEXES IV,17,MXM,HEAVENLY HAVEN,147,1638,BEMANI Sound Team ”Sota Fujimori”,蒼弐 ver.IV,https://sdvx.in/04/04215m.htm
WONDER_WOBBLER,17,MXM,HEAVENLY HAVEN,186,2154,brz,風瑠人,https://sdvx.in/04/04157m.htm
Xibercannon,17,MXM,HEAVENLY HAVEN,190,1952,隣の庭は青い(庭師+Aoi),SCバイオメトリクス,https://sdvx.in/04/04200m.htm
Zelophilia,17,MXM,HEAVENLY HAVEN,155,1647,ぺのれり feat.ぁゅ,ビーフジョッキー,https://sdvx.in/04/04209m.htm
アワデコノヨヲ,17,MXM,HEAVENLY HAVEN,212,2340,AMAZE,Akizuki Nagomu,https://sdvx.in/04/04273m.htm
アンハッピーリフレイン,17,MXM,HEAVENLY HAVEN,205,2214,wowaka,MAD CHILD,https://sdvx.in/04/04382m.htm
インビジブル,17,MXM,HEAVENLY HAVEN,192,1861,kemu,Megacycle,https://sdvx.in/04/04032m.htm
おにいちゃんハイテック,17,MXM,HEAVENLY HAVEN,150,1800,立秋 feat.ちょこ,凹ーダー凸ード,https://sdvx.in/04/04197m.htm
オンディーヌの泪,17,MXM,HEAVENLY HAVEN,230,2574,かねこちはる,電撃ロブスター,https://sdvx.in/04/04113m.htm
キリステゴメン,17,MXM,HEAVENLY HAVEN,156,1657,東雲夏陽,THE THIRD MAN,https://sdvx.in/04/04167m.htm
ケムマキ underground,17,MXM,HEAVENLY HAVEN,200,2133,t+pazolite feat. リズナ,MAD CHILD,https://sdvx.in/04/04050m.htm
ゴーストルール,17,MXM,HEAVENLY HAVEN,210,2251,DECO*27,凹ーダー凸ード,https://sdvx.in/04/04393m.htm
コメット⇒スケイター,17,MXM,HEAVENLY HAVEN,150,1927,U-ske feat.棗いつき,星空を翔ける～CA～,https://sdvx.in/04/04314m.htm
すろぉもぉしょん,17,MXM,HEAVENLY HAVEN,80~160,1727,ピノキオピー,レッドホットスロォモォション,https://sdvx.in/04/04396m.htm
セイシュンライナー,17,MXM,HEAVENLY HAVEN,200,3067,蝶々P meets まじ娘,Akizuki Nagomu,https://sdvx.in/04/04395m.htm
それは花火のような恋,17,MXM,HEAVENLY HAVEN,182,2080,夏色バーニングラブ☆Prim,MaKoTo & マシーン,https://sdvx.in/04/04218m.htm
ツキアカリ,17,MXM,HEAVENLY HAVEN,207,1995,タケノコ少年,凹ーダー凸ード,https://sdvx.in/04/04208m.htm
デュアルメモリ,17,MXM,HEAVENLY HAVEN,162,2292,ここなつ,Hermit♣club,https://sdvx.in/04/04047m.htm
ブチ上げ候！現代忍者三姉妹,17,MXM,HEAVENLY HAVEN,192,1924,溝口ゆうま feat. みこ♡なち♡あい,電撃ロブスター(エフェクター忍者),https://sdvx.in/04/04379m.htm
プラネタジャーニー,17,MXM,HEAVENLY HAVEN,140,1488,U-ske feat.棗いつき,夢と希望のカタマリ～PH～,https://sdvx.in/04/04249m.htm
プレインエイジア(MRM REMIX),17,MXM,HEAVENLY HAVEN,146,1672,モリモリあつし,月刊ミズタニ,https://sdvx.in/04/04292m.htm
ペタ靴と憂夜リムーバー,17,MXM,HEAVENLY HAVEN,134,1327,Vocal by ＯＲＩ姫,憂夜マシーン,https://sdvx.in/04/04174m.htm
ボーイミーツ・ブルー,17,MXM,HEAVENLY HAVEN,184,2121,うさぎ愛好会(cosMo×syuri22),cosMo＠うさぎ愛好会,https://sdvx.in/04/04210m.htm
メルヘン風紀委員会,17,MXM,HEAVENLY HAVEN,188,2123,はるなば with すずしろ&桃箱,Hermit♣club,https://sdvx.in/04/04248m.htm
ラキラキ,17,MXM,HEAVENLY HAVEN,165,1588,Mutsuhiko Izumi & S-C-U,kamuy noko,https://sdvx.in/04/04359m.htm
ロプノールの商隊,17,MXM,HEAVENLY HAVEN,186,1915,Ahkuta,MaKoTo,https://sdvx.in/04/04258m.htm
裏表ラバーズ,17,MXM,HEAVENLY HAVEN,159,1691,wowaka,凹ーダー凸ード,https://sdvx.in/04/04034m.htm
炎夏の音,17,MXM,HEAVENLY HAVEN,183,2237,Vocal by 駄々子,レッドホットスクリューズ,https://sdvx.in/04/04172m.htm
煙,17,MXM,HEAVENLY HAVEN,170,2152,庭師,からあげブラザーズ,https://sdvx.in/04/04279m.htm
獅子奮迅,17,MXM,HEAVENLY HAVEN,170,1786,a_hisa vs KV.S&はらたま,MaKoTo,https://sdvx.in/04/04144m.htm
失敗作少女,17,MXM,HEAVENLY HAVEN,240,2024,かいりきベア,電撃ロブスター,https://sdvx.in/04/04296m.htm
銃弾は解を撃ち抜いて,17,MXM,HEAVENLY HAVEN,171,2246,日向美ビタースイーツ♪,月刊ユカタニ,https://sdvx.in/04/04166m.htm
少女綺想曲 -G.X.N. Remix-,17,MXM,HEAVENLY HAVEN,180,2004,激戦の人,MaKoTo,https://sdvx.in/04/04305m.htm
水槽のクジラ,17,MXM,HEAVENLY HAVEN,206,2228,テヅカ feat. 大西あみみ,SCバイオメトリクス,https://sdvx.in/04/04005m.htm
星座が恋した瞬間を。,17,MXM,HEAVENLY HAVEN,186,1823,BEMANI Sound Team ”DJ TOTTO feat.MarL”,Megacycle,https://sdvx.in/04/04335m.htm
零の位相,17,MXM,HEAVENLY HAVEN,190~205,1918,kradness,ポテト亀山,https://sdvx.in/04/04037m.htm
創世ノート,17,MXM,HEAVENLY HAVEN,200,2480,PON+wac,Antonio+Guccini,https://sdvx.in/04/04364m.htm
廃獄ドリームランド,17,MXM,HEAVENLY HAVEN,178,1974,SOUND HOLIC feat. Nana Takahashi,MAD CHILD,https://sdvx.in/04/04123m.htm
片翼のディザイア,17,MXM,HEAVENLY HAVEN,178,1722,Endorfin.,凹ーダー凸ード,https://sdvx.in/04/04286m.htm
蓬莱フェスティボー,17,MXM,HEAVENLY HAVEN,180,2073,溝口ゆうま feat. みこ♡なち♡あい,Akizuki Nagomu,https://sdvx.in/04/04344m.htm
僕らの時間,17,MXM,HEAVENLY HAVEN,214,2105,テヅカ feat. 大西あみみ,SCバイオメトリクス,https://sdvx.in/04/04230m.htm
焔 -MAGMA-,17,MXM,HEAVENLY HAVEN,185,2261,SOUND HOLIC feat. Nana Takahashi,MAD CHILD,https://sdvx.in/04/04024m.htm
見世物ライフ,17,MXM,HEAVENLY HAVEN,220,2543,"otetsu,164,蝶々P",Megacycle,https://sdvx.in/04/04295m.htm
蟲の棲む処,17,MXM,HEAVENLY HAVEN,161,1822,かめりあ feat. Nana Takahashi,MAD CHILD,https://sdvx.in/04/04259m.htm
物凄いスペースシャトルでこいしが物凄いうた,17,MXM,HEAVENLY HAVEN,175,2394,Halozy feat. ななひら,月刊ミズタニ,https://sdvx.in/04/04095m.htm
幽玄の桜,17,MXM,HEAVENLY HAVEN,180,1780,音召缶 feat.Renna,ダークダークダーク,https://sdvx.in/04/04104m.htm
闇夜に舞うは紅の華,17,MXM,HEAVENLY HAVEN,174,1550,TAKU1175,SCバイオメトリクス,https://sdvx.in/04/04193m.htm
羅生門,17,MXM,HEAVENLY HAVEN,230,1991,TAKU1175 × かにまゆ,ひとくちピエロ,https://sdvx.in/04/04231m.htm
黎明スケッチブック,17,MXM,HEAVENLY HAVEN,238,2229,アメツチ絵日記,ビーフジョッキー,https://sdvx.in/04/04043m.htm
分けるな危険！モモモモモモーイズム,17,MXM,HEAVENLY HAVEN,200,1930,ARM×狐夢想 feat. 桃井はるこ,狂風少年鑑定団,https://sdvx.in/04/04256m.htm
A Lasting Promise,17,EXH,HEAVENLY HAVEN,270,1811,Laur,TEK-A-RHYTHM-IX,https://sdvx.in/04/04236e.htm
Absolute Domination,17,EXH,HEAVENLY HAVEN,109~218,1823,Laur,MAD CHILD,https://sdvx.in/04/04324e.htm
Awakening,17,EXH,HEAVENLY HAVEN,208,2133,technoplanet,七色Method Infrared,https://sdvx.in/04/04242e.htm
BELOBOG,17,EXH,HEAVENLY HAVEN,200,1857,BEMANI Sound Team ”純白のIVORY”,Ether99,https://sdvx.in/04/04262e.htm
Chrono Diver -PENDULUMs-,17,EXH,HEAVENLY HAVEN,196,1874,猫叉L.E.D.Master+,時間軸を超越する者～PH～,https://sdvx.in/04/04290e.htm
Cross Fire,17,EXH,HEAVENLY HAVEN,180,2173,Hommarju vs RoughSketch,NET-i-TEK,https://sdvx.in/04/04403e.htm
Deadly force,17,EXH,HEAVENLY HAVEN,300,1526,Noah,Megacycle,https://sdvx.in/04/04135e.htm
Dyscontrolled Galaxy,17,EXH,HEAVENLY HAVEN,161,1916,かめりあ,レッドホットスクリューズ,https://sdvx.in/04/04137e.htm
Elemental Creation,17,EXH,HEAVENLY HAVEN,212,2596,dj TAKA meets DJ YOSHITAKA,MAD CHILD meets レッドホットスクリューズ,https://sdvx.in/04/04368e.htm
Failnaught,17,EXH,HEAVENLY HAVEN,220,2319,xi,TEK-A-RHYTHM,https://sdvx.in/04/04323e.htm
FLOOR INFECTION Medley from SOUND VOLTEX×jubeat,17,EXH,HEAVENLY HAVEN,145~195,1864,United Composers from SOUND VOLTEX,United Effectors,https://sdvx.in/04/04078e.htm
Fly Like You,17,EXH,HEAVENLY HAVEN,196~286,1752,technoplanet,蒼穹の電撃ロブスター,https://sdvx.in/04/04322e.htm
FREEDOM DiVE,17,EXH,HEAVENLY HAVEN,222,2217,xi,Ether99,https://sdvx.in/04/04312e.htm
GERBERA -For Finalists-,17,EXH,HEAVENLY HAVEN,205,2085,remixed by cosMo@暴走P,cosMo@暴走P,https://sdvx.in/04/04229e.htm
GODHEART,17,EXH,HEAVENLY HAVEN,190,2166,BlackY,Akizuki Nagomu,https://sdvx.in/04/04402e.htm
HE4VEN ～天国へようこそ～,17,EXH,HEAVENLY HAVEN,256,1872,カモメサノエレクトリックオーケストラ,PHQUASE Utopia,https://sdvx.in/04/04052e.htm
iLLness LiLin,17,EXH,HEAVENLY HAVEN,280,1613,かねこちはる,MAD CHILD Dystiopia,https://sdvx.in/04/04051e.htm
Last Resort,17,EXH,HEAVENLY HAVEN,252,2307,xi,MAD CHILD VX,https://sdvx.in/04/04237e.htm
Rebellio,17,EXH,HEAVENLY HAVEN,234,1806,MAX MAXIMIZER VS DJ TOTTO,Ether99,https://sdvx.in/04/04065e.htm
Sailing Force,17,EXH,HEAVENLY HAVEN,110~159,1629,ぺのれり,PHQUASE,https://sdvx.in/04/04069e.htm
Staring at star,17,EXH,HEAVENLY HAVEN,250,2146,MisoilePunch♪ ～タケノコ添え～,凹ーダー凸ード,https://sdvx.in/04/04134e.htm
TWO-TORIAL,17,EXH,HEAVENLY HAVEN,213,1789,BEMANI Sound Team ”PHQUASE vs DJ TOTTO”,Beat Professor Maxima,https://sdvx.in/04/04195e.htm
Xeroa,17,EXH,HEAVENLY HAVEN,301,1648,かめりあ,dj strachen,https://sdvx.in/04/04243e.htm
セイレーン ～悲壮の竪琴～,17,EXH,HEAVENLY HAVEN,93~214,2444,ぺのれり,Ether99,https://sdvx.in/04/04132e.htm
逆月,17,EXH,HEAVENLY HAVEN,280,1705,BEMANI Sound Team ”HuΣeR” feat.Fernweh,CosΣo＠暴走P,https://sdvx.in/04/04369e.htm
超☆超☆光☆速☆出☆前☆最☆速!!! スピード★スター★かなで,17,EXH,HEAVENLY HAVEN,30~999,2178,かめりあ feat. ななひら,工事現場＆光速電波＆四万十川,https://sdvx.in/04/04068e.htm
Applique,17,GRV,INFINITE INFECTION,224,2724,モリモリあつし,Megacycle,https://sdvx.in/02/02292m.htm
choux a la creme,17,GRV,INFINITE INFECTION,192,2114,kamome sano,ビーフジョッキー,https://sdvx.in/02/02160m.htm
Destroy,17,GRV,GRAVITY WARS,195,2117,Yooh,MAD CHILD,https://sdvx.in/03/03303m.htm
Double Universe,17,GRV,INFINITE INFECTION,180,2016,Hommarju vs P*Light,ビーフジョッキー,https://sdvx.in/02/02123m.htm
éclair au chocolat,17,GRV,BOOTH,182,1869,kamome sano,しばまる子,https://sdvx.in/01/01119m.htm
EGG,17,GRV,BOOTH,196,1909,ginkiha,Ether99,https://sdvx.in/01/01113m.htm
Erlung,17,GRV,INFINITE INFECTION,140,1827,削除,Ether99,https://sdvx.in/02/02159m.htm
freaky freak,17,GRV,BOOTH,145,1538,kamome sano,TEK-A-RHYTHM,https://sdvx.in/01/01069m.htm
Get back here,17,GRV,GRAVITY WARS,200,2155,Hommarju,風瑠人,https://sdvx.in/03/03329m.htm
Grand Chariot,17,GRV,GRAVITY WARS,191,2097,xi,Ester44,https://sdvx.in/03/03365m.htm
INDEPENDENT SKY,17,GRV,GRAVITY WARS,170,2221,SOUND HOLIC feat. Nana Takahashi,月刊ミズタニ × 逆球レジェンド × ユカリ☆chan,https://sdvx.in/03/03054m.htm
INFINITY OVERDRIVE,17,GRV,INFINITE INFECTION,185,1709,DecisionS(kanone + nora2r),MADしばまるCHILD,https://sdvx.in/02/02126m.htm
Inixia,17,GRV,GRAVITY WARS,217,2438,xi,風瑠人,https://sdvx.in/03/03275m.htm
Last Battalion,17,GRV,INFINITE INFECTION,185,2209,ETIA.,レッドホットスクリューズ,https://sdvx.in/02/02163m.htm
LittleGameStar,17,GRV,INFINITE INFECTION,215,2397,An,風瑠人,https://sdvx.in/02/02185m.htm
odds and ends,17,GRV,INFINITE INFECTION,264,1767,MarcheИ,Megacycle,https://sdvx.in/02/02212m.htm
Sephirot,17,GRV,GRAVITY WARS,154,1688,SHIKI,七色Method,https://sdvx.in/03/03362m.htm
StrayedCatz,17,GRV,GRAVITY WARS,151,1678,削除,WMM-E,https://sdvx.in/03/03366m.htm
ZEPHYRANTHES,17,GRV,GRAVITY WARS,180,2090,TAG,TAG supported by SCライオット,https://sdvx.in/03/03363m.htm
ウエンレラの氷華,17,GRV,GRAVITY WARS,200,2070,Cororo,Hermit♣club,https://sdvx.in/03/03342m.htm
ウバワレ,17,GRV,INFINITE INFECTION,190,1891,TAKU1175,レッドホットスクリューズ,https://sdvx.in/02/02182m.htm
カミサマネジマキ,17,GRV,BOOTH,284,1506,kemu feat. GUMI,ki4ki4,https://sdvx.in/01/01108m.htm
キモチコネクト,17,GRV,GRAVITY WARS,150,2115,東雲心菜 meets 日向美ビタースイーツ♪,Hermit♣club,https://sdvx.in/03/03059m.htm
ポメグラネイト,17,GRV,GRAVITY WARS,130,1803,ここなつ,Hirayasu Matsudo,https://sdvx.in/03/03030m.htm
ロンロンへ　ライライライ！,17,GRV,GRAVITY WARS,156,1860,ここなつ,MAD CHILD & Hiroyasu Matsuda,https://sdvx.in/03/03121m.htm
少年は空を辿る Prog Piano Remix,17,GRV,INFINITE INFECTION,140,1712,とろまる,Megaまる子,https://sdvx.in/02/02083m.htm
雪女,17,GRV,INFINITE INFECTION,200,2295,かねこちはる,Megacyclone,https://sdvx.in/02/02181m.htm
０=Xerostrumental=,17,EXH,GRAVITY WARS,168,1742,cosMo＠暴走P,cosMo＠暴走P,https://sdvx.in/03/03369e.htm
2 MINUTES FIGHTERS,17,EXH,GRAVITY WARS,203,2061,P*Light,月刊♦マシーン,https://sdvx.in/03/03063e.htm
akasha-assembly,17,EXH,GRAVITY WARS,153,1699,溝口ゆうま from セブンスヘブンAmmy,Megacycle,https://sdvx.in/03/03343e.htm
{albus},17,EXH,GRAVITY WARS,198,2208,かめりあ,風瑠人,https://sdvx.in/03/03406e.htm
Aliquam,17,EXH,GRAVITY WARS,70~158,1721,たちのん,凹ーダー凸ード,https://sdvx.in/03/03226e.htm
ANTI THE∞HOLiC,17,EXH,GRAVITY WARS,170,1947,GAiA×cosMo＠暴走P,cosMo＠暴走P,https://sdvx.in/03/03370e.htm
Apex of the World,17,EXH,GRAVITY WARS,169,1605,uma&hurirai feat. ましろ,レッドホットスクリューズ,https://sdvx.in/03/03304e.htm
AYAKASHI,17,EXH,GRAVITY WARS,140,2497,Hommarju,ねちっこく堂,https://sdvx.in/03/03084e.htm
B.B.K.K.B.K.K.,17,EXH,GRAVITY WARS,170,2024,nora2r,M.M.M.M.M.M.M.,https://sdvx.in/03/03357e.htm
Backflow,17,EXH,GRAVITY WARS,145,1627,lapix,MAD CHILD,https://sdvx.in/03/03209e.htm
BEAT-NEW-WORLD,17,EXH,GRAVITY WARS,190,2186,ビートまりお（COOL&CREATE）,SCバイオメトリクス,https://sdvx.in/03/03089e.htm
Borealis,17,EXH,GRAVITY WARS,196,1999,ginkiha,SCバイオメトリクス,https://sdvx.in/03/03072e.htm
Candy Colored Hearts,17,EXH,GRAVITY WARS,193,1976,はるなば,風瑠人,https://sdvx.in/03/03244e.htm
CENSORED!!,17,EXH,GRAVITY WARS,195,2020,t+pazolite,PHQUASE,https://sdvx.in/03/03310e.htm
Chant du Cygne,17,EXH,GRAVITY WARS,140~190,2250,ke-ji,Ether99,https://sdvx.in/03/03076e.htm
Clash of swords,17,EXH,GRAVITY WARS,229,2094,Noah,TEK-A-RHYTHM,https://sdvx.in/03/03387e.htm
conflict,17,EXH,GRAVITY WARS,160,2243,siromaru + cranky,MAD CHILD + Megacycle,https://sdvx.in/03/03231e.htm
continew,17,EXH,GRAVITY WARS,64~256,1925,Verdammt,Ether99,https://sdvx.in/03/03197e.htm
CRITICAL LINE,17,EXH,GRAVITY WARS,128,1732,Ryu☆ feat.kradness,Hermit♣club,https://sdvx.in/03/03058e.htm
cross the future,17,EXH,GRAVITY WARS,179,1955,uma,東京ブルトゥーム,https://sdvx.in/03/03378e.htm
CUTIE☆EX-DREAM,17,EXH,GRAVITY WARS,188,1929,BlackY,ビーフジョッキー,https://sdvx.in/03/03203e.htm
Deadly Dolly Dance,17,EXH,GRAVITY WARS,160,1485,Shiron,Megacycle,https://sdvx.in/03/03330e.htm
DIABLOSIS::Nāga,17,EXH,GRAVITY WARS,200,2297,sky_delta,月刊風瑠タニ,https://sdvx.in/03/03359e.htm
Discloze,17,EXH,GRAVITY WARS,128~145,2121,lapix,月刊ミズタニ,https://sdvx.in/03/03099e.htm
Dualive,17,EXH,GRAVITY WARS,190,2212,Quarks(kradness×Camellia),POT-E-RHYTHM,https://sdvx.in/03/03295e.htm
EBONY & IVORY,17,EXH,GRAVITY WARS,113~170,1438,OSTER project,SCバイオメトリクスR,https://sdvx.in/03/03109e.htm
ΕΛΠΙΣ,17,EXH,GRAVITY WARS,175,1976,dj TAKA,Yu-tomo,https://sdvx.in/03/03138e.htm
Emperor's Divide,17,EXH,GRAVITY WARS,220,2238,にゃそ,凹ーダー凸ード,https://sdvx.in/03/03379e.htm
Enigma,17,EXH,GRAVITY WARS,198,1909,とろまる,Megacycle,https://sdvx.in/03/03265e.htm
Everlasting Message,17,EXH,GRAVITY WARS,230,2249,ぺのれり,PHQUASE forever,https://sdvx.in/03/03075e.htm
F.K.S.,17,EXH,GRAVITY WARS,0,1664,Nizikawa,PHQUASE,https://sdvx.in/03/03019e.htm
False Cross,17,EXH,GRAVITY WARS,162,1922,BlackY,月刊ミズタニ × Hermit♣club,https://sdvx.in/03/03041e.htm
FIRE FIRE(Kazmasa Remix),17,EXH,GRAVITY WARS,190,2208,Kazmasa,ねちマシーン,https://sdvx.in/03/03018e.htm
Follow Up,17,EXH,GRAVITY WARS,175,1868,あるふぁ,月刊ミズタニ,https://sdvx.in/03/03264e.htm
Garakuta Doll Play,17,EXH,GRAVITY WARS,256,1866,t+pazolite 「maimai」より,浮世マイーン,https://sdvx.in/03/03178e.htm
gigadelic(m3rkAb4# R3m!x),17,EXH,GRAVITY WARS,180~916,2029,ikaruga_nex,月刊ミズタニ,https://sdvx.in/03/03015e.htm
Got more raves？,17,EXH,GRAVITY WARS,266,1621,E.G.G.「グルーヴコースター」より,七色Method,https://sdvx.in/03/03177e.htm
Halcyon,17,EXH,GRAVITY WARS,40~191,2174,xi,Ether99,https://sdvx.in/03/03371e.htm
Happy Sensation,17,EXH,GRAVITY WARS,180,2193,IckPo,東京ブルトゥーム,https://sdvx.in/03/03105e.htm
"Help me, ERINNNNNN!! -Cranky remix-",17,EXH,GRAVITY WARS,180,1976,ビートまりお × Cranky,七色Method,https://sdvx.in/03/03319e.htm
Innocent Floor,17,EXH,GRAVITY WARS,199,2083,P*Light,SCバイオメトリクス,https://sdvx.in/03/03131e.htm
JOMANDA,17,EXH,GRAVITY WARS,90~300,2180,DJ YOSHITAKA,†PHQUASE†,https://sdvx.in/03/03395e.htm
KAC 2012 ULTIMATE MEDLEY,17,EXH,GRAVITY WARS,200,2372,FLOOR LEGENDS -KAC 2012-,SOUND VOLTEX Effectors,https://sdvx.in/03/03074e.htm
Load=Crossight,17,EXH,GRAVITY WARS,154,1826,ぺのれり,PHQUASE the Exceed,https://sdvx.in/03/03360e.htm
Lucky*Clover,17,EXH,GRAVITY WARS,200,1986,Shiron＋こふ×モリモリあつしと提供でお送りします。,ユカリ♣ポテト,https://sdvx.in/03/03187e.htm
Mayohiga Spurt,17,EXH,GRAVITY WARS,192,2088,さわわ,Ether99,https://sdvx.in/03/03213e.htm
Metamorphobia,17,EXH,GRAVITY WARS,160,1745,winddrums,Megacycle,https://sdvx.in/03/03407e.htm
NEON WORLD,17,EXH,GRAVITY WARS,154~164,2162,SOUND HOLIC feat. Nana Takahashi,スカイシュート,https://sdvx.in/03/03088e.htm
Never Fails,17,EXH,GRAVITY WARS,151,1934,lapix,風瑠マシーン,https://sdvx.in/03/03269e.htm
Nofram,17,EXH,GRAVITY WARS,132,1980,unatra,風瑠人,https://sdvx.in/03/03227e.htm
Opium and Purple haze,17,EXH,GRAVITY WARS,165,1453,D.watt(OTAKU-ELITE Recordings),Hiroyasu Matsuda,https://sdvx.in/03/03134e.htm
Paradission,17,EXH,GRAVITY WARS,154,1738,BlackY,PHQUASE,https://sdvx.in/03/03348e.htm
Parousia,17,EXH,GRAVITY WARS,158,2279,xi,Ether99,https://sdvx.in/03/03283e.htm
Pet Peeve,17,EXH,GRAVITY WARS,140,1806,Hirayasu Matsudo,Hirayasu Matsudo,https://sdvx.in/03/03204e.htm
Pieces of a Dream,17,EXH,GRAVITY WARS,202,1947,uma vs. モリモリあつし,レッドホットスクリューズ,https://sdvx.in/03/03207e.htm
REGALIA,17,EXH,GRAVITY WARS,222,2801,Riz,Megacycle,https://sdvx.in/03/03400e.htm
Rubeus,17,EXH,GRAVITY WARS,200,1835,RedMuffleR,月刊ミズタニ,https://sdvx.in/03/03029e.htm
S1CK_F41RY,17,EXH,GRAVITY WARS,177,1972,HOUJIROU,ブルーコールドハリケーンズ,https://sdvx.in/03/03278e.htm
Stleq,17,EXH,GRAVITY WARS,200,2180,ぬゆり,レッドホットスクリューズ♠TEK-A-RHYTHM,https://sdvx.in/03/03228e.htm
The End of War,17,EXH,GRAVITY WARS,194,1983,たちのん as Project Mayhem,ダークダークダーク,https://sdvx.in/03/03356e.htm
The Sampling Paradise (P*Light Remix),17,EXH,GRAVITY WARS,181,1674,P*Light,IIDXで九段受かれないSCバイオメトリクス,https://sdvx.in/03/03052e.htm
The setting sun,17,EXH,GRAVITY WARS,140,1852,DJ YASETAKA,Hirayasu Matsudo,https://sdvx.in/03/03201e.htm
The star in eclipse,17,EXH,GRAVITY WARS,220,2444,しーけー,MAD CHILD MOONLiGHT,https://sdvx.in/03/03293e.htm
THUNDERCRACK,17,EXH,GRAVITY WARS,190,1898,IRON ATTACK!,TEK-A-RHYTHM,https://sdvx.in/03/03032e.htm
TIEFSEE,17,EXH,GRAVITY WARS,165,2208,SOUND HOLIC Vs. dj TAKA feat. YURiCa,MAK-O-RHYTHM,https://sdvx.in/03/03055e.htm
Time to Air -Fly High Remix-,17,EXH,GRAVITY WARS,202,2027,xi,MAD CHILD,https://sdvx.in/03/03332e.htm
TOXIC VIBRATION,17,EXH,GRAVITY WARS,197,1948,SOUND HOLIC Vs. T.Kakuta feat. YURiCa,SCバイオメトリクス,https://sdvx.in/03/03141e.htm
Triple Counter,17,EXH,GRAVITY WARS,216,2334,DJ YOSHITAKA meets dj TAKA,TEK-A meets RHYTHM,https://sdvx.in/03/03367e.htm
Twin Rocket,17,EXH,GRAVITY WARS,185,1821,uno feat.ちよこ(IOSYS),月刊ミズタニ,https://sdvx.in/03/03036e.htm
UROBØROS,17,EXH,GRAVITY WARS,129,1825,溝口ゆうま feat. 大瀬良あい,月刊ミズタニ,https://sdvx.in/03/03314e.htm
Vampire's Territory,17,EXH,GRAVITY WARS,140~280,1692,u-z,レッドホットスクリューズ,https://sdvx.in/03/03169e.htm
Virtual Bit,17,EXH,GRAVITY WARS,152,2100,KAN TAKAHIKO,Padcontrollers,https://sdvx.in/03/03282e.htm
Voynich:Manuscript,17,EXH,GRAVITY WARS,164,1940,かゆき,浮世マシーン,https://sdvx.in/03/03354e.htm
Witch in Sweetsland,17,EXH,GRAVITY WARS,185,2057,COOKIE MONSTERS(winddrums+黒魔),七色Method,https://sdvx.in/03/03144e.htm
Zero-Day Exploit,17,EXH,GRAVITY WARS,194,2030,Trerey-U,cosMo＠暴走P,https://sdvx.in/03/03402e.htm
アキネイション,17,EXH,GRAVITY WARS,185,1873,ビートまりお（COOL&CREATE）,PHQUASE,https://sdvx.in/03/03296e.htm
あれこれそれどれ,17,EXH,GRAVITY WARS,194,2176,YM feat.赤飯,浮世マシーン,https://sdvx.in/03/03125e.htm
イグジスタンス,17,EXH,GRAVITY WARS,200,2007,スズム,TEK-A-RHYTHM,https://sdvx.in/03/03007e.htm
きらきらタイム☆,17,EXH,GRAVITY WARS,202,1992,さわわ,Ether99,https://sdvx.in/03/03038e.htm
ゲキツイムラサ,17,EXH,GRAVITY WARS,185,1930,ビートまりお（COOL&CREATE）ビートまりお（COOL&CREATE）,風瑠人,https://sdvx.in/03/03338e.htm
じゅーじゅー♥焼肉の火からフェニックス！？,17,EXH,GRAVITY WARS,180,2126,かめりあ feat. ななひら,でひゃいましゅぅぅぅ～～っっ！！！ふかせ,https://sdvx.in/03/03192e.htm
そして紫の幻想曲は全てを受け入れる,17,EXH,GRAVITY WARS,174,1814,黄泉路テヂーモ×dawn-system,ビーフジョッキー,https://sdvx.in/03/03372e.htm
チルノとまりおのパーフェクトさんすう教室,17,EXH,GRAVITY WARS,180,2015,ビートまりお（COOL&CREATE）,ボブ☆四万十川のパーフェクトダンス教室,https://sdvx.in/03/03261e.htm
ネメシス SDVX Edit,17,EXH,GRAVITY WARS,146,2008,Larca,浮世マシーン,https://sdvx.in/03/03137e.htm
パ→ピ→プ→Yeah!-,17,EXH,GRAVITY WARS,160,1879,ヒゲドライバー join. shully & Nimo,月刊ミズタニS,https://sdvx.in/03/03110e.htm
ほおずき程度には赤い頭髪,17,EXH,GRAVITY WARS,174,2125,Akhuta,ほおずき程度には赤いYUK-A-RHYTHM,https://sdvx.in/03/03097e.htm
ホーンテッド★メイドランチ,17,EXH,GRAVITY WARS,188,2315,日向美ビタースイーツ♪,Hermit♣club,https://sdvx.in/03/03173e.htm
ぼくらしかしらない,17,EXH,GRAVITY WARS,180,1782,ぬゆり,TEK-A-RHYTHM,https://sdvx.in/03/03027e.htm
鬼天,17,EXH,GRAVITY WARS,161,1821,兎々,浮世マシーン,https://sdvx.in/03/03057e.htm
感情の魔天楼 ～ Arr.Demetori,17,EXH,GRAVITY WARS,178,2474,Demetori,月刊バイオメトリクス,https://sdvx.in/03/03122e.htm
雲の彼方,17,EXH,GRAVITY WARS,150,1666,Cororo,SCバイオメトリクス,https://sdvx.in/03/03243e.htm
紅の剣舞,17,EXH,GRAVITY WARS,190,2172,かねこちはる,Ether99,https://sdvx.in/03/03165e.htm
黒髪乱れし修羅となりて～凛 edition～,17,EXH,GRAVITY WARS,150,1928,日向美ビタースイーツ♪,SCミズタニ,https://sdvx.in/03/03291e.htm
漆黒のスペシャルプリンセスサンデー,17,EXH,GRAVITY WARS,200,2398,日向美ビタースイーツ♪,ビーフジョッキー,https://sdvx.in/03/03236e.htm
雪月花 -さわわRemix-,17,EXH,GRAVITY WARS,188,2029,さわわ,Ether99,https://sdvx.in/03/03317e.htm
断罪は遍く人間の元に,17,EXH,GRAVITY WARS,170,1849,Unlucky Morpheus,レッドホットスクリューズ,https://sdvx.in/03/03299e.htm
常夏！！クリスタライズ・シャーベット,17,EXH,GRAVITY WARS,152,1815,Ayatsugu_Otowa,凹ーダー凸ー堂,https://sdvx.in/03/03258e.htm
夏色DIARY -Summer Dazzlin' Vacation miX-,17,EXH,GRAVITY WARS,155,1866,猫叉王子 feat. PHQUASE vs. MAD CHILD,PHQUASE vs. MAD CHILD,https://sdvx.in/03/03153e.htm
人形裁判 -THIRD IMPACT-,17,EXH,GRAVITY WARS,198,1792,激戦の人,Ether99,https://sdvx.in/03/03286e.htm
暴走,17,EXH,GRAVITY WARS,310,1393,cosMo@暴走P,MAD CHILD,https://sdvx.in/03/03155e.htm
無気力クーデター,17,EXH,GRAVITY WARS,185,1758,Last Note.,azuma,https://sdvx.in/03/03068e.htm
無双,17,EXH,GRAVITY WARS,180,2442,SOUND HOLIC Vs. VENUS feat. Nana Takahashi,SCバイオメトリクス Vs. 金色の夜叉 feat. 忍,https://sdvx.in/03/03116e.htm
物凄い狂っとるフランちゃんが物凄いうた,17,EXH,GRAVITY WARS,128~170,1806,Halozy feat. ななひら,月刊ミズタニ,https://sdvx.in/03/03006e.htm
量子の海のリントヴルム-,17,EXH,GRAVITY WARS,280,1890,黒猫ダンジョン,風瑠人,https://sdvx.in/03/03098e.htm
AA BlackY mix,17,INF,BOOTH,160,1813,BlackY,MAD CHILD,https://sdvx.in/01/01100m.htm
ALBIDA Powerless Mix,17,INF,BOOTH,156,1536,無力P,MAD CHILD,https://sdvx.in/01/01001m.htm
Distorted Floor,17,INF,BOOTH,95~180,2083,RoughSketch,MAD CHILD Nightmare,https://sdvx.in/01/01068m.htm
Dynasty,17,INF,BOOTH,189,1953,Yooh,Ether99,https://sdvx.in/01/01121m.htm
good high school,17,INF,BOOTH,150,1700,baker,MAD CHILD & Hirayasu Matsudo,https://sdvx.in/01/01004m.htm
Gott,17,INF,BOOTH,195,2104,Hommarju,THE THIRD MAN,https://sdvx.in/01/01123m.htm
TYCOON,17,INF,BOOTH,170,1997,SOUND HOLIC feat. Nana Takahashi,PHQUASE,https://sdvx.in/01/01044m.htm
ナイト・オブ・ナイツ,17,INF,BOOTH,180,1673,ビートまりお（COOL&CREATE）,ki4ki4,https://sdvx.in/01/01135m.htm
天ノ弱,17,INF,BOOTH,200~205,1872,164 feat. GUMI,THE THIRD MAN,https://sdvx.in/01/01054m.htm
御千手メディテーション,17,INF,INFINITE INFECTION,150~190,1810,昇天家族,MAD CHILD,https://sdvx.in/02/02275m.htm
過食性:アイドル症候群,17,INF,BOOTH,200,2209,スズム feat.GUMI＆MAYU,絶食性:ユカしお症候群,https://sdvx.in/01/01150m.htm
患部で止まってすぐ溶ける,17,INF,INFINITE INFECTION,200,2182,ARM(IOSYS),狂気のふかせ,https://sdvx.in/02/02241m.htm
打打打打打打打打打打,17,INF,INFINITE INFECTION,156,1850,ヒゲドライバー join. SELEN,SHOUTICE,https://sdvx.in/02/02296m.htm
Booths of Fighters,17,EXH,INFINITE INFECTION,155~225,2140,RoughSketch + DD,MAD CHILD,https://sdvx.in/02/02112e.htm
CODE,17,EXH,INFINITE INFECTION,167,2204,Shiron,TEK-A-RHYTHM × 逆球レジェンド,https://sdvx.in/02/02294e.htm
DEADLOCK,17,EXH,INFINITE INFECTION,222,2082,BlackY,月刊ミズタニ,https://sdvx.in/02/02120e.htm
Decretum,17,EXH,INFINITE INFECTION,98~197,1978,Project Mayhem,レッドホットスクリューズ,https://sdvx.in/02/02156e.htm
#FairyJoke,17,EXH,INFINITE INFECTION,160,2260,uno(IOSYS),Hirayasu Matsudo,https://sdvx.in/02/02252e.htm
Fiat Lux,17,EXH,INFINITE INFECTION,200,2364,xi,Ether99,https://sdvx.in/02/02205e.htm
FIRE FIRE,17,EXH,INFINITE INFECTION,177,1927,Yooh,月刊ミズタニ,https://sdvx.in/02/02283e.htm
FLYING OUT TO THE SKY,17,EXH,INFINITE INFECTION,244,2031,かめりあ,PHQUASE,https://sdvx.in/02/02209e.htm
gigadelic -stance xxxx-,17,EXH,INFINITE INFECTION,199,1604,Hate,TEK-A-RHYTHM,https://sdvx.in/02/02281e.htm
HAELEQUIN,17,EXH,INFINITE INFECTION,172,1815,orangentle / Yu_Asahina,レッドホットスクリューズ,https://sdvx.in/02/02077e.htm
Harpuia,17,EXH,INFINITE INFECTION,93~186,1807,BlackY,レッドホットスクリューズ×PHQUASE,https://sdvx.in/02/02214e.htm
Hellfire,17,EXH,INFINITE INFECTION,176,2064,Hommarju,月刊ミズタニ,https://sdvx.in/02/02171e.htm
HYENA,17,EXH,INFINITE INFECTION,178,2094,Hommarju,ねちっこく堂,https://sdvx.in/02/02167e.htm
Idola,17,EXH,INFINITE INFECTION,201,2676,iconoclasm feat.GUMI,PHQUASE vs. FUKASE,https://sdvx.in/02/02257e.htm
Innocent Tempest,17,EXH,INFINITE INFECTION,180,2344,Diceros Bicornis,PHQUASE,https://sdvx.in/02/02221e.htm
IX,17,EXH,INFINITE INFECTION,198,2401,dj TAKA VS DJ TOTTO feat.藍,月刊ミズタッチ,https://sdvx.in/02/02197e.htm
Joyeuse,17,EXH,INFINITE INFECTION,260~274,1317,ke-ji,Ether99,https://sdvx.in/02/02076e.htm
KiLLeR MeRMaiD,17,EXH,INFINITE INFECTION,440,1921,QURELESS,Ether99,https://sdvx.in/02/02225e.htm
Last Concerto,17,EXH,INFINITE INFECTION,220,1586,ke-ji,Ether99,https://sdvx.in/02/02172e.htm
Little princess has no identity.,17,EXH,INFINITE INFECTION,185,1992,0kash,Megacycle,https://sdvx.in/02/02305e.htm
Mist In Hell,17,EXH,INFINITE INFECTION,225,1943,LUNA,レッドホットスクリューズ,https://sdvx.in/02/02228e.htm
Our Faith (Faithful MTL Remix),17,EXH,INFINITE INFECTION,185,2301,DOUBLE HELIX,しばまる子 vs. TEK-A-RHYTHM,https://sdvx.in/02/02313e.htm
Pure Evil,17,EXH,INFINITE INFECTION,190,1759,kors k,PHQUASE,https://sdvx.in/02/02217e.htm
Pure Evil-Aya2g Drm'n Tech Rmx-,17,EXH,INFINITE INFECTION,190,1734,Ayatsugu_Otowa,TAKUYA,https://sdvx.in/02/02316e.htm
Quietus Ray,17,EXH,INFINITE INFECTION,200,2311,xi,Ether99,https://sdvx.in/02/02113e.htm
Sakura Mirage,17,EXH,INFINITE INFECTION,187,1663,Ryu☆,Sammy/A rejected by 赤バステルくん,https://sdvx.in/02/02248e.htm
snow storm,17,EXH,INFINITE INFECTION,89~180,2184,Yooh,TEK-A-RHYTHM,https://sdvx.in/02/02119e.htm
True Blue,17,EXH,INFINITE INFECTION,164,1890,dj TAKA feat.AiMEE,PHQUASE,https://sdvx.in/02/02149e.htm
U.N.オーエンは彼女なのか？haru_naba Remix,17,EXH,INFINITE INFECTION,140~200,1842,はるなば,PHQUASE,https://sdvx.in/02/02176e.htm
Verse IV,17,EXH,INFINITE INFECTION,212,1999,ZOGRAPHOS (Yu_Asahina+Yamajet),レッドホットスクリューズ,https://sdvx.in/02/02184e.htm
Wish upon Twin Stars,17,EXH,INFINITE INFECTION,200,2112,xi,浮世マシーン,https://sdvx.in/02/02293e.htm
XROSS INFECTION,17,EXH,INFINITE INFECTION,194,2101,BlackY vs. Yooh,PHQUASE vs. FUKASE,https://sdvx.in/02/02125e.htm
イゴモヨス=オムル,17,EXH,INFINITE INFECTION,200,1865,日本楽音ノイズ協会,レッドホットスクリューズ,https://sdvx.in/02/02178e.htm
バンブーソード・ガール,17,EXH,INFINITE INFECTION,208,2133,cosMo＠暴走P,PHQUASE ver.1.5,https://sdvx.in/02/02256e.htm
ボルテ体操第一,17,EXH,INFINITE INFECTION,175~200,1561,Kaoru feat.FG75,Megacycle,https://sdvx.in/02/02223e.htm
ムーニャポヨポヨスッポコニャーゴ,17,EXH,INFINITE INFECTION,180,1594,全日本スッポコニャーゴ親衛隊,博多の男,https://sdvx.in/02/02158e.htm
朱と碧のランページ,17,EXH,INFINITE INFECTION,178,1988,NU-KO,Antonio Guccini,https://sdvx.in/02/02286e.htm
悪性ロリィタマキャヴェリズム,17,EXH,INFINITE INFECTION,280,1616,かいりきベア,Megacycle,https://sdvx.in/02/02265e.htm
音楽 -resolve-,17,EXH,INFINITE INFECTION,114~220,1737,Yu_Asahina,PHQUASE,https://sdvx.in/02/02082e.htm
音楽 -壊音楽 mix-,17,EXH,INFINITE INFECTION,270~420,1507,LeaF,Megacycle & MAD CHILD,https://sdvx.in/02/02049e.htm
少女暴動,17,EXH,INFINITE INFECTION,300,1810,Last Note.,azuma,https://sdvx.in/02/02231e.htm
信仰は儚き人間の為に,17,EXH,INFINITE INFECTION,220,2195,Demetori,逆球レジェンド,https://sdvx.in/02/02236e.htm
超越してしまった彼女と其を生み落した理由,17,EXH,INFINITE INFECTION,178,1967,Ayatsugu_Otowa,TEK-A-RHYTHM,https://sdvx.in/02/02170e.htm
轟け！恋のビーンボール！！,17,EXH,INFINITE INFECTION,180,1795,ダイナミック野球兄弟 v.s. クロスファイヤーPrim,がんばれ!!ミズしおくん,https://sdvx.in/02/02189e.htm
柳の下のデュラハン,17,EXH,INFINITE INFECTION,220,2146,albel.,Megacycle,https://sdvx.in/02/02272e.htm
croiX,17,EXH,BOOTH,160~195,1611,TeamGrimoire+あま猫,レッドホットスクリューズ,https://sdvx.in/01/01122e.htm
Max Burning!!,17,EXH,BOOTH,190,2054,BlackY,PHQUASE,https://sdvx.in/01/01124e.htm
The world of sound,17,EXH,BOOTH,210,1624,"Music by Ryuwitty, Vocal by Kuroa*",TEK-A-RHYTHM,https://sdvx.in/01/01156e.htm
V.I.P.,17,EXH,BOOTH,169,1591,ismK,TEK-A-RHYTHM,https://sdvx.in/01/01107e.htm
金縛りの逢を,17,EXH,BOOTH,200,1839,はるなば,TEK-A-RHYTHM,https://sdvx.in/01/01146e.htm
大宇宙ステージ,17,EXH,BOOTH,202,1368,黒魔,TEK-A-RHYTHM,https://sdvx.in/01/01114e.htm
ИEXTAGE,18,MXM,NABLA,190,2483,polysha&Ashrount,conceptual explorer,https://sdvx.in/07/07021m.htm
天鯨譚,18,MXM,NABLA,215,2506,テヅカ x otoshi.b,fractal-shoot!! MODE:BPL,https://sdvx.in/07/07024m.htm
お返事まだカナ？おじさん構文！,18,MXM,NABLA,225,1990,吉本おじさん,ビーフジョッ構文！,https://sdvx.in/07/07005m.htm
ミスクレイジースピード,18,MXM,NABLA,220,2039,cosMo＠暴走P feat 初音ミク,cosMo＠暴走P,https://sdvx.in/07/07037m.htm
Anti-Matter,18,MXM,NABLA,200,2185,Orbit1 & Milo,Plasmadeleine,https://sdvx.in/07/07032m.htm
Black Out,18,MXM,NABLA,165,2239,Hommarju,Hananashi Karin,https://sdvx.in/07/07016m.htm
L (SDVX ver.),18,MXM,NABLA,155,2197,Ice,SALMON GRAPHY,https://sdvx.in/07/07003m.htm
稲田姫様に叱られちゃいました,18,MXM,NABLA,188,2390,りりぃろっくfeatЄИ1GM4&桃寝ちのい,ゆめいろパフィー,https://sdvx.in/07/07006m.htm
"Help me, ERINNNNNN!!",18,MXM,NABLA,185,2797,ビートまりお,ゆめいろパフィー,https://sdvx.in/07/07017m.htm
えんじぇる☆てすと！,18,MXM,NABLA,165,2139,irucaice feat 初音ミク,直垂すもも☆,https://sdvx.in/07/07036m.htm
イガク,18,MXM,NABLA,170,1944,原口沙輔,フォックスロット,https://sdvx.in/07/07001m.htm
"CAKE,Cake'n Cake!",18,MXM,NABLA,186,1880,苺咲べりぃ,七色Method,https://sdvx.in/07/07022m.htm
chaplet,18,MXM,EXCEED GEAR,200,2180,DJ TOTTO,fRUNctal-shoot!!,https://sdvx.in/06/06586m.htm
Massive Strength,18,MXM,NABLA,182,1994,Riz,ツインテール少佐,https://sdvx.in/07/07018m.htm
9th Outburst,18,MXM,NABLA,163,1649,Zekk,Classical Assistant,https://sdvx.in/07/07031m.htm
Votum stellarum -forest #25 RMX-,18,MXM,NABLA,140,1704,iconoclasm,七色Method,https://sdvx.in/07/07027m.htm
B.B.K.K.B.K.K.,18,XCD,GRAVITY WARS,170,2237,nora2r,M.M.T.T.M.T.T.,https://sdvx.in/03/03357m.htm
Candy Colored Hearts,18,XCD,GRAVITY WARS,193,2364,はるなば,fractal-shoot!! - Sweets Addiction -,https://sdvx.in/03/03244m.htm
Chant du Cygne,18,XCD,GRAVITY WARS,140~190,2471,ke-ji,月刊ミズタニ,https://sdvx.in/03/03076m.htm
conflict,18,XCD,GRAVITY WARS,160,2892,siromaru + cranky,T=I=NAKA,https://sdvx.in/03/03231m.htm
I'm so Happy,18,XCD,INFINITE INFECTION,181,2061,Ryu☆,T=I=NAKA,https://sdvx.in/02/02055m.htm
Lieselotte,18,XCD,INFINITE INFECTION,180,2559,wa.,Fractal Shoot Memoir,https://sdvx.in/02/02063m.htm
NEO GRAVITY,18,XCD,GRAVITY WARS,165,2357,lapix,七色Method ＜NEO Retro style＞,https://sdvx.in/03/03245m.htm
Sounds Of Summer,18,XCD,GRAVITY WARS,175,2133,Hommarju,パワフルネコニャンコ,https://sdvx.in/03/03133m.htm
The Sampling Paradise (P*Light Remix),18,XCD,GRAVITY WARS,181,1788,P*Light,或帝滅斗に入るといいなごましお,https://sdvx.in/03/03052m.htm
ウサテイ,18,XCD,INFINITE INFECTION,190,1925,あまね＋ビートまりお（COOL&CREATE）,テ=イ=NAKA,https://sdvx.in/02/02109m.htm
デッドボヲルdeホームラン,18,XCD,INFINITE INFECTION,145,1783,猫叉Masterβ2,fractal-shoot!! vs. 珠当君,https://sdvx.in/02/02186m.htm
ボルテ体操第一,18,XCD,INFINITE INFECTION,175~200,2179,Kaoru feat.FG75,JM respect for Megacycle,https://sdvx.in/02/02223m.htm
有頂天ビバーチェ,18,XCD,INFINITE INFECTION,266,1932,Last Note.,直垂すもも∂,https://sdvx.in/02/02287m.htm
雲の彼方,18,XCD,GRAVITY WARS,150,2125,Cororo,球Q~空の果て +MYZM,https://sdvx.in/03/03243m.htm
恋はどう？モロ◎波動OK☆方程式!!,18,XCD,INFINITE INFECTION,128,1847,あべにゅぅぷろじぇくと feat.佐倉紗織 produced by ave;new,鋼の◎ビス☆カッチャ!!,https://sdvx.in/02/02094m.htm
世界はネコのもの,18,XCD,BOOTH,157,1794,Nem,猫ーひーぶれいかー,https://sdvx.in/01/01043m.htm
轟け！恋のビーンボール！！,18,XCD,INFINITE INFECTION,180,2383,ダイナミック野球兄弟 v.s. クロスファイヤーPrim,永久欠番～PH～,https://sdvx.in/02/02189m.htm
∞vitUniverse,18,MXM,EXCEED GEAR,234,3228,Lime,Arcana,https://sdvx.in/06/06505m.htm
Ahoy!! 我ら宝鐘海賊団☆,18,MXM,EXCEED GEAR,170,1855,宝鐘マリン,A～PH～oy!!,https://sdvx.in/06/06531m.htm
Almandite,18,MXM,EXCEED GEAR,207,2847,7mai,Hananashi Karin,https://sdvx.in/06/06497m.htm
=∴NOMADE∵OTION=,18,MXM,EXCEED GEAR,250,3207,qfeileadh + yuichi NAGAO,Hananashi Karin,https://sdvx.in/06/06417m.htm
ΛNXIENT:LEGΛXIEZ,18,MXM,EXCEED GEAR,261,2098,Ashrount,ゆめいろパフィー,https://sdvx.in/06/06536m.htm
Applique(Vocal Remix),18,MXM,EXCEED GEAR,224,2551,nonomori feat. Nanao,モンスタードミノ卿,https://sdvx.in/06/06472m.htm
ARACHNE,18,MXM,EXCEED GEAR,179,1790,MAX MAXIMIZER,ブルーコールドハリケーンズ,https://sdvx.in/06/06403m.htm
Ars Magna,18,MXM,EXCEED GEAR,269,1956,Riz,サイバーガスタンク,https://sdvx.in/06/06449m.htm
B.B.K.K.B.K.K.(USAO Remix),18,MXM,EXCEED GEAR,195,2811,nora2r Remixed by USAO,Hananashi Karin,https://sdvx.in/06/06539m.htm
birth,18,MXM,EXCEED GEAR,200~220,2822,Yu_Asahina,フォックスロット,https://sdvx.in/06/06367m.htm
Blessed Horizon,18,MXM,EXCEED GEAR,202,2297,Qutabire,鋼のビスカッチャ,https://sdvx.in/06/06657m.htm
BLISS,18,MXM,EXCEED GEAR,190~210,2432,ミハイル + K.key,fractal-shoot!! ff,https://sdvx.in/06/06378m.htm
Blφφdy Cφncertφ,18,MXM,EXCEED GEAR,210,2137,OSTER project & RoughSketch,Amazonought & Megacycle,https://sdvx.in/06/06508m.htm
Blossom,18,MXM,EXCEED GEAR,175,2519,Synthion,ロイヤルクラッカー,https://sdvx.in/06/06345m.htm
Break Through Δpex,18,MXM,EXCEED GEAR,190~210,2701,Halv feat.Kuroa*,ROYΔL CRΔCKER,https://sdvx.in/06/06448m.htm
C18H27NO3(ryhki remix),18,MXM,EXCEED GEAR,75~155,1728,ryhki,エナメルペンギン,https://sdvx.in/06/06559m.htm
CadenzaMaiden,18,MXM,EXCEED GEAR,145~290,1952,u-z feat.紫咲ほたる,FriedChickenSisters feat. 2conノックオン,https://sdvx.in/06/06350m.htm
Caldwell 99,18,MXM,EXCEED GEAR,142,1823,BlackY,Akizuki Nagomu,https://sdvx.in/06/06421m.htm
caramel ribbon (Tatsunoshin Remix),18,MXM,EXCEED GEAR,175,2348,Tatsunoshin,Hananashi Karin,https://sdvx.in/06/06576m.htm
CHOVERY GOOSE!!!,18,MXM,EXCEED GEAR,180,1909,MYUKKE.,からあげキボーンヌ,https://sdvx.in/06/06432m.htm
Crack Traxxxx (108x3 BPM Remix),18,MXM,EXCEED GEAR,81~324,1882,RoughSketch,電撃ロブスター,https://sdvx.in/06/06560m.htm
Crawl Out Immortal,18,MXM,EXCEED GEAR,192,2601,U-ske feat.Parfaitty,conceptual explorer,https://sdvx.in/06/06454m.htm
Crazy Jackpot,18,MXM,EXCEED GEAR,170,1924,Hommarju,電撃ロブスター,https://sdvx.in/06/06405m.htm
Come to Life,18,MXM,EXCEED GEAR,180,2264,ARM (IOSYS) feat. Nicole Curry,Hananashi Karin,https://sdvx.in/06/06527m.htm
CO5M1C R4ILR0AD,18,MXM,EXCEED GEAR,155,2507,kanone,Akizuki Nagomu,https://sdvx.in/06/06599m.htm
Cumulonimbus,18,MXM,EXCEED GEAR,190,2479,Hidra-Xjeil,飛行船に乗るのは怖いfractal-shoot!!,https://sdvx.in/06/06534m.htm
D.I.X.,18,MXM,EXCEED GEAR,70~1080,2266,日夜すずり feat. 凜々,モンスタードミノ卿,https://sdvx.in/06/06357m.htm
Dear Deer,18,MXM,EXCEED GEAR,185,2169,Hylen,conceptual explorer,https://sdvx.in/06/06614m.htm
Deep tenDon Reflex,18,MXM,EXCEED GEAR,180,2225,BEMANI Sound Team ”Coyaan”,fryctal-shoot!! respects BEMANI Sound Team ”Coyaan”,https://sdvx.in/06/06438m.htm
Di-Da-De-Doo,18,MXM,EXCEED GEAR,144,1990,Yu_Asahina ft.Mizutama,モンスタードミノ卿,https://sdvx.in/06/06447m.htm
Distorted Floor -Boosted-,18,MXM,EXCEED GEAR,166,1681,M-UE vs. siromaru,dj strassen,https://sdvx.in/06/06342m.htm
Divine Ether,18,MXM,EXCEED GEAR,187,2339,あまみ×ひなみ,力を示せ～PH～,https://sdvx.in/06/06652m.htm
Double or Nothing,18,MXM,EXCEED GEAR,175,2093,Tatsunoshin,電撃ロブスター,https://sdvx.in/06/06430m.htm
Dynasty -dal segno-,18,MXM,EXCEED GEAR,205,2270,Ashrount,フォックスロット,https://sdvx.in/06/06579m.htm
ΣMERGENCY CODΣ,18,MXM,EXCEED GEAR,205,2783,概念,風瑠人,https://sdvx.in/06/06375m.htm
ENERGY SYNERGY MATRIX,18,MXM,EXCEED GEAR,160,1899,Tanchiky,Akizuki Nagomu,https://sdvx.in/06/06337m.htm
Enter The Rave,18,MXM,EXCEED GEAR,160,2063,Tatsunoshin,MASTER TRICK,https://sdvx.in/06/06389m.htm
Everything B.K.,18,MXM,EXCEED GEAR,180,2526,nora2r,Everything B.J.,https://sdvx.in/06/06538m.htm
#Evil_Signs_of_Bloodlines,18,MXM,EXCEED GEAR,146,2057,RoughSkreamZ,Amazeki Kagome,https://sdvx.in/06/06653m.htm
Ex concordia felicitas,18,MXM,EXCEED GEAR,205,2541,Connexio,ゆめいろパフィー,https://sdvx.in/06/06465m.htm
FLAVOR-G,18,MXM,EXCEED GEAR,200,2295,utzbo,トトリオン軍団,https://sdvx.in/06/06646m.htm
FLOOD_FLOOR,18,MXM,EXCEED GEAR,180,2138,brz1128,Hananashi Karin,https://sdvx.in/06/06647m.htm
For All The Challengers,18,MXM,EXCEED GEAR,201,2629,cosMo＠暴走P,cosMo＠暴走P,https://sdvx.in/06/06547m.htm
GIGI BABA(brz_style),18,MXM,EXCEED GEAR,180,2000,brz1128,ロイヤルクラッカー,https://sdvx.in/06/06517m.htm
Golden Rotation,18,MXM,EXCEED GEAR,177,2064,xi,SALMON GRAPHY,https://sdvx.in/06/06581m.htm
Grαnd Arχitect,18,MXM,EXCEED GEAR,198,2508,CHUBAY,Classical Assistant,https://sdvx.in/06/06625m.htm
HEAVEN KNOWS,18,MXM,EXCEED GEAR,275,2000,U-ske feat.石橋桃,噂のジャイアントスパーク,https://sdvx.in/06/06482m.htm
"Hello, Hologram",18,MXM,EXCEED GEAR,181,3314,HIMEHINA,存分に遊ばせ～PH～,https://sdvx.in/06/06343m.htm
HOLOGRAPHY,18,MXM,EXCEED GEAR,146,1830,RYOQUCHA,Akizuki Nagomu,https://sdvx.in/06/06638m.htm
Imitated Visions,18,MXM,EXCEED GEAR,150,2143,荒谷サトル,conceptual explorer,https://sdvx.in/06/06522m.htm
Inevitable Magic,18,MXM,EXCEED GEAR,170,2572,Alkome,conceptual explorer,https://sdvx.in/06/06450m.htm
Juωpscare!!,18,MXM,EXCEED GEAR,90~128,1584,coTatsu,フォックスロット,https://sdvx.in/06/06355m.htm
Jupiter,18,MXM,EXCEED GEAR,102~224,2533,technoplanet feat. Tamako Kinoshita,Akizuki Nagomu,https://sdvx.in/06/06582m.htm
King's Gambit,18,MXM,EXCEED GEAR,195,2191,brz1128,電撃ロブスター,https://sdvx.in/06/06480m.htm
KINGWORLD,18,MXM,EXCEED GEAR,240,2793,白上フブキ,肋兵器,https://sdvx.in/06/06400m.htm
Knew Order,18,MXM,EXCEED GEAR,195,2725,あまみ×ひなみ,始まりの空へ～PH～,https://sdvx.in/06/06467m.htm
Kool Awesome Croon,18,MXM,EXCEED GEAR,185,2491,Super Shrimp,The Cherry Glass,https://sdvx.in/06/06535m.htm
La Nostra Storia!,18,MXM,EXCEED GEAR,246,2969,polysha w/ mikanzil,Hananashi Karin,https://sdvx.in/06/06442m.htm
Like the Starlight,18,MXM,EXCEED GEAR,200,2091,uma,電撃ロブスター,https://sdvx.in/06/06639m.htm
Line markeR,18,MXM,EXCEED GEAR,257,1864,打打だいず,馬のミニ右耳に2ミリニキ,https://sdvx.in/06/06564m.htm
Little Red Riding Hood,18,MXM,EXCEED GEAR,55,2297,RoughSketch,ごましお風,https://sdvx.in/06/06548m.htm
Lollipop Error 404,18,MXM,EXCEED GEAR,120~176,2341,Tsubusare BOZZ feat.madoka*,ゆめいろパフィー,https://sdvx.in/06/06623m.htm
Lost Gear Syndrome,18,MXM,EXCEED GEAR,240,3227,polysha vs. モリモリあつし,漂溺「光り輝く水底のT=I=NAKA」,https://sdvx.in/06/06622m.htm
LOVE TONIC,18,MXM,EXCEED GEAR,165,2052,影虎。,dj strassen,https://sdvx.in/06/06451m.htm
Lunatic Mare,18,MXM,EXCEED GEAR,245,3065,Alkome,conceptual explorer,https://sdvx.in/06/06554m.htm
Marielle,18,MXM,EXCEED GEAR,234,2341,ゆんゆん,鋼のビスカッチャ,https://sdvx.in/06/06376m.htm
Max Burning!!(GαineN Beyond yΩu Remix),18,MXM,EXCEED GEAR,200,2618,概念,EIVY,https://sdvx.in/06/06475m.htm
MΔX FLAVOR,18,MXM,EXCEED GEAR,125~261,1900,EmoCosine overlay,レッドホットスクリューズ,https://sdvx.in/06/06456m.htm
MiRAi,18,MXM,EXCEED GEAR,257,1846,#EmoCosine,kamuy noko,https://sdvx.in/06/06565m.htm
Misfortune Crawler,18,MXM,EXCEED GEAR,155,1902,Aoi,七色Method,https://sdvx.in/06/06632m.htm
My song,18,MXM,EXCEED GEAR,188,2279,角巻わため,倉科ロイヤ,https://sdvx.in/06/06478m.htm
Never Forget Evergreen,18,MXM,EXCEED GEAR,226,2953,黒魔,からあげブラザーズ先生の次回作にご期待ください,https://sdvx.in/06/06545m.htm
NO SURRENDER,18,MXM,EXCEED GEAR,160,2295,493Water,Hananashi Karin,https://sdvx.in/06/06468m.htm
ON THE WORLD,18,MXM,EXCEED GEAR,255,2052,Yuta Imai,Hananashi Karin,https://sdvx.in/06/06435m.htm
OROCHI STRIKE,18,MXM,EXCEED GEAR,50~200,2592,Hommarju & BEMANI Sound Team ”兎々”,Akizuki Nagomu,https://sdvx.in/06/06509m.htm
OverwriteTheCatastrophe,18,MXM,EXCEED GEAR,260,1843,deli.+駄々子,WILLIAMEDDIEDUNDAS,https://sdvx.in/06/06537m.htm
PANIC HOLIC (かめりあ's ”24600 POWER” Remix),18,MXM,EXCEED GEAR,246,2771,かめりあ,Akizuki Nagomu,https://sdvx.in/06/06518m.htm
Poochie,18,MXM,EXCEED GEAR,110,1973,kors k,Hananashi Karin,https://sdvx.in/06/06407m.htm
Prayer,18,MXM,EXCEED GEAR,183,2406,溝口ゆうま feat. 大瀬良あい,おすし feat. 風瑠人,https://sdvx.in/06/06368m.htm
Re:RHYZE,18,MXM,EXCEED GEAR,200,2642,beatnation RHYZE,Re:VIVE,https://sdvx.in/06/06512m.htm
reSTART yOUR STORIES,18,MXM,EXCEED GEAR,250,2550,setu-O,SALMON GRAPHY,https://sdvx.in/06/06566m.htm
SΛMVICΛ,18,MXM,EXCEED GEAR,245,3039,seatrus -Reborn-,Arcana,https://sdvx.in/06/06455m.htm
Sayonara Planet Wars (Sot-C Remix),18,MXM,EXCEED GEAR,224,2759,Sot-C,MASTER TRICK,https://sdvx.in/06/06409m.htm
Scarlet Pinheel -appassionato-,18,MXM,EXCEED GEAR,168,2243,BlackY,Hananashi Karin,https://sdvx.in/06/06486m.htm
SCHWARZSCHILD FIELD,18,MXM,EXCEED GEAR,150,1558,L.E.D.,MXX CXXXX,https://sdvx.in/06/06603m.htm
SHARK IMPACT,18,MXM,EXCEED GEAR,165,2383,ryhki,ピーキーステップ,https://sdvx.in/06/06391m.htm
Shera,18,MXM,EXCEED GEAR,150,1777,MYUKKE.,fractal-shoot!!,https://sdvx.in/06/06366m.htm
Snow Garland Fairy,18,MXM,EXCEED GEAR,200,1878,BEMANI Sound Team ”KE!JU”,メンクイクイーン,https://sdvx.in/06/06617m.htm
stellar rain,18,MXM,EXCEED GEAR,148,2129,BEMANI Sound Team ”PHQUASE”,止まない～PH～はない,https://sdvx.in/06/06383m.htm
StellarflightS,18,MXM,EXCEED GEAR,225,2628,otoshi.b,dj strachen vs. strassen vs. streiten,https://sdvx.in/06/06466m.htm
Stylus,18,MXM,EXCEED GEAR,165,1771,BEMANI Sound Team ”HuΣeR”,Akizuki NagoΣu,https://sdvx.in/06/06396m.htm
Sunlit toybox,18,MXM,EXCEED GEAR,146,2008,Juggernaut. + しーけー,conceptual explorer,https://sdvx.in/06/06650m.htm
suspicions,18,MXM,EXCEED GEAR,153,2041,BEMANI Sound Team ”猫叉Master VS dj TAKA”,TEK-A-RHYTHM,https://sdvx.in/06/06384m.htm
Sweetie Beauti Magic,18,MXM,EXCEED GEAR,150~285,1894,打打だいず feat. 凜々,Dr. Yippee,https://sdvx.in/06/06491m.htm
Temporal Veil,18,MXM,EXCEED GEAR,180,2739,Gardens,Temporal Method,https://sdvx.in/06/06655m.htm
The EXworld of sound,18,MXM,EXCEED GEAR,222,2489,"Remix by Aoi, Vocal by Kuroa*",鋼のビスカッチャEX,https://sdvx.in/06/06363m.htm
THE PEERLESS UNDER HEAVEN,18,MXM,EXCEED GEAR,170,1983,Yuta Imai Vs. BEMANI Sound Team ”L.E.D.-G”,ステファンビート,https://sdvx.in/06/06382m.htm
The world of sound -celestial mix-,18,MXM,EXCEED GEAR,230,2953,BlackY feat. Risa Yuzuki,トトリオン軍団,https://sdvx.in/06/06578m.htm
TOKAKU=ALMiRAJ,18,MXM,EXCEED GEAR,170,1750,MYUKKE.,kamuy noko,https://sdvx.in/06/06415m.htm
Towards The Horizon,18,MXM,EXCEED GEAR,154,1737,かめりあ,Akizuki Nagomu,https://sdvx.in/06/06604m.htm
TOYBOX CANNON,18,MXM,EXCEED GEAR,234,3077,Mono.,鋼のビスカッチャ,https://sdvx.in/06/06436m.htm
Two of Wonder Lights,18,MXM,EXCEED GEAR,264,2133,technoplanet feat. Tamako Kinoshita,Akizuki Nagomu,https://sdvx.in/06/06492m.htm
V!LLA!N,18,MXM,EXCEED GEAR,210,2332,Kaname,MASTER TR!CK,https://sdvx.in/06/06434m.htm
Voice 7 Voice!!!!!!!,18,MXM,EXCEED GEAR,150,1630,かめりあ feat. ななひら,～PH～!!!!!!!,https://sdvx.in/06/06385m.htm
waxing and wanding,18,MXM,EXCEED GEAR,191,2042,青龍,レッドホットスクリューズ,https://sdvx.in/06/06452m.htm
We Are All The Dreamer,18,MXM,EXCEED GEAR,148,1651,Hommarju ft. かぼちゃ,The Cherry Glass,https://sdvx.in/06/06429m.htm
We Are GamerZ!,18,MXM,EXCEED GEAR,210,2310,Ninja Never DieS!,トトリオン軍団,https://sdvx.in/06/06504m.htm
X1GNUS,18,MXM,EXCEED GEAR,204,2631,BlackY,Classical Assistant,https://sdvx.in/06/06544m.htm
Zero-Day Exploit(One-Day Fusion Mix),18,MXM,EXCEED GEAR,151,1921,庭師,Jin Majima(風瑠人 Mix),https://sdvx.in/06/06338m.htm
アイの雫,18,MXM,EXCEED GEAR,261,1919,kuro,SALMON LOBSTER,https://sdvx.in/06/06496m.htm
アンチグラビティ・ガール,18,MXM,EXCEED GEAR,178,2416,月ノ美兎,ビーフジョ月,https://sdvx.in/06/06426m.htm
イグジスター,18,MXM,EXCEED GEAR,176,2351,東雲蛍 feat. はぁち,蒼鉛キューブ,https://sdvx.in/06/06440m.htm
ヴァルプルギスの夜,18,MXM,EXCEED GEAR,110~220,2179,すっかりBPM200以下の曲を作れない体に改造されてしまった哀れなかぼちゃを見るがいい,kamuy noko include,https://sdvx.in/06/06541m.htm
ウイジン,18,MXM,EXCEED GEAR,190,2664,CHUBAY as ”NOVICE”,ゆめいろパフィー,https://sdvx.in/06/06464m.htm
うぇるかむ -||祭みっくす||-,18,MXM,EXCEED GEAR,125~220,2163,忠兵衛,ロブ太とビス吉,https://sdvx.in/06/06370m.htm
エクスプロウル,18,MXM,EXCEED GEAR,164,2277,晴いちばん,NOX,https://sdvx.in/06/06611m.htm
オーバーライド,18,MXM,EXCEED GEAR,204,2658,吉田夜世,知る由もないだろう～PH～,https://sdvx.in/06/06633m.htm
カジノファイヤーことみちゃん,18,MXM,EXCEED GEAR,230,2367,covered by 一条莉々華(ReGLOSS),フォックスロット×Akizuki Nagomu,https://sdvx.in/06/06641m.htm
カミツレの成り方,18,MXM,EXCEED GEAR,212,2243,テヅカ feat. 遠山小春,cosMo＠暴走P,https://sdvx.in/06/06624m.htm
グリーディ・スターズ！,18,MXM,EXCEED GEAR,260,2081,みーに feat. しろさきあや,フォックスロット,https://sdvx.in/06/06446m.htm
こどもかくしのアンダーランド,18,MXM,EXCEED GEAR,183,1934,iru feat. 桃寝ちのい,鋼のビスカッチャ,https://sdvx.in/06/06520m.htm
すべてを賭して,18,MXM,EXCEED GEAR,228~278,1918,ke-ji,Ether99,https://sdvx.in/06/06523m.htm
ちくわパフェだよ☆ＣＫＰ (Yvya Remix),18,MXM,EXCEED GEAR,205,2125,Remixed by BEMANI Sound Team ”Yvya”,さいばーガスタンクだよ☆ＣＧＴ,https://sdvx.in/06/06423m.htm
テトリス,18,MXM,EXCEED GEAR,170,2491,柊マグネタイト,ねえ誰か許して～PH～,https://sdvx.in/06/06556m.htm
テレパシ,18,MXM,EXCEED GEAR,205,2306,DECO*27,ビーフジョッパシ,https://sdvx.in/06/06590m.htm
トキノコエト,18,MXM,EXCEED GEAR,210,2098,setu-O meets 駄々子,kamuy noko,https://sdvx.in/06/06490m.htm
ドリームエンド・サバイバー(Hidra-Xjeil Remix),18,MXM,EXCEED GEAR,215,2391,Hidra-Xjeil,dj strachen,https://sdvx.in/06/06410m.htm
トリコエリヌム▽コンチェルト,18,MXM,EXCEED GEAR,222,2389,qfeileadh,TEK-A-RHYTHM,https://sdvx.in/06/06433m.htm
ハートビート×スラッガー,18,MXM,EXCEED GEAR,242,1990,あまみ×ひなみ,モンスタードミノ卿,https://sdvx.in/06/06645m.htm
パーフェクトイーター,18,MXM,EXCEED GEAR,175,2345,BEMANI Sound Team ”PON” feat.かなたん,Ether99,https://sdvx.in/06/06373m.htm
ハッピーエンド,18,MXM,EXCEED GEAR,230~267,1817,technoplanet feat. Kuroto Sion,Akizuki Nagomu,https://sdvx.in/06/06358m.htm
ビューティフル レシート,18,MXM,EXCEED GEAR,196,2445,Lucky Vacuum,グリーンハードスコールズ,https://sdvx.in/06/06605m.htm
ヒュブリスの頂に聳えるのは,18,MXM,EXCEED GEAR,158,2881,qfeileadh feat.のあ,ゆめいろパフィー,https://sdvx.in/06/06600m.htm
ぼくらのはじまりのおと,18,MXM,EXCEED GEAR,275,2267,Shiron+こふ×モリモリあつしと提供でお送りしました。,Arcana,https://sdvx.in/06/06567m.htm
マジかる☆doll ユタニケちゃん,18,MXM,EXCEED GEAR,40~205,2076,Tsubusare BOZZ feat.madoka*,kamuy noko,https://sdvx.in/06/06651m.htm
ませまてぃっく ま＋ま＝まじっく！～徹夜の追込みエナジーまっくす！～,18,MXM,EXCEED GEAR,251,2411,KAH feat.こにゃばた,ｓｉｎ／ｃｏｓ＝ｔａｎ♡～からあげブラザーズ！～,https://sdvx.in/06/06388m.htm
マツヨイナイトバグ,18,MXM,EXCEED GEAR,190,2206,ビートまりおとまろん,からあげブラザー蟲,https://sdvx.in/06/06346m.htm
ミュージックプレイヤー （J-pop Remix）,18,MXM,EXCEED GEAR,236,2499,technoplanet feat. Risa Yuzuki,フォックスロット,https://sdvx.in/06/06487m.htm
めうめうぺったんたん！！ (ZAQUVA Remix),18,MXM,EXCEED GEAR,200,2381,Remixed by BEMANI Sound Team ”ZAQUVA”,MASTER TRICK,https://sdvx.in/06/06424m.htm
メズマライザー,18,MXM,EXCEED GEAR,185,2978,サツキ,Akizuki Nagomu,https://sdvx.in/06/06558m.htm
リュミレイラ,18,MXM,EXCEED GEAR,207,3288,後藤 feat. nayuta,Hananashi Karin,https://sdvx.in/06/06390m.htm
リリーゼと炎龍レーヴァテイン,18,MXM,EXCEED GEAR,200,2268,黒猫ダンジョン,ビーフジョッキー,https://sdvx.in/06/06334m.htm
レインボウ・フレーバー,18,MXM,EXCEED GEAR,140,1876,みーに feat. 杠葉えりか,モンスタードミノ卿,https://sdvx.in/06/06416m.htm
一水山風,18,MXM,EXCEED GEAR,888,3143,Enterskip,Classical Assistant,https://sdvx.in/06/06550m.htm
覚悟せよ！エンタンメ～ン,18,MXM,EXCEED GEAR,141~176,1962,マキシウキョウ,影符,https://sdvx.in/06/06607m.htm
異次元の孤独～カナタノキミヘ～,18,MXM,EXCEED GEAR,250,3092,RoughSkreamZ feat. Sennzai,Megacycle feat. KSK,https://sdvx.in/06/06453m.htm
随神,18,MXM,EXCEED GEAR,163,2057,影虎。,ロイヤルクラッカー,https://sdvx.in/06/06418m.htm
劇場版ムーニャポヨポヨスッポコニャーゴ,18,MXM,EXCEED GEAR,140~210,2269,打打だいず,kamuy noko include,https://sdvx.in/06/06362m.htm
群青纏う朱の槍,18,MXM,EXCEED GEAR,220~230,2704,めと（Metomate）,ダークレッドダークホットダークスクリューズ,https://sdvx.in/06/06431m.htm
幻想プロミネンス,18,MXM,EXCEED GEAR,205,2404,deli. vs 駄々子 vs かなたん,サイバーガスタンク×モンスタードミノ卿,https://sdvx.in/06/06631m.htm
東風に鳴き翠嵐を想う,18,MXM,EXCEED GEAR,183,2271,めと（Metomate）,ダークダークダーク,https://sdvx.in/06/06635m.htm
最強女神†ウーサペコラ,18,MXM,EXCEED GEAR,185,2129,兎田ぺこら,cosMo＠暴走P,https://sdvx.in/06/06572m.htm
十三不塔,18,MXM,EXCEED GEAR,203,2232,隣の卓は役満(庭師+Aoi),kamuy noko,https://sdvx.in/06/06392m.htm
憧憬のファンファーレ,18,MXM,EXCEED GEAR,276,2120,CHUBAY,Akizuki Nagomu,https://sdvx.in/06/06521m.htm
星界のアルペジオ,18,MXM,EXCEED GEAR,200,2821,yuichi NAGAO,Hananashi Karin,https://sdvx.in/06/06597m.htm
全人類　兎化計画！,18,MXM,EXCEED GEAR,244,3636,兎田ぺこら,グリーンハードスコールズ,https://sdvx.in/06/06573m.htm
双星の冒険録,18,MXM,EXCEED GEAR,165,2854,やどりぎ,パワフルネコニャンコ,https://sdvx.in/06/06660m.htm
大宇宙ステージ奈落変,18,MXM,EXCEED GEAR,199,1857,めと（Metomate）,ダークダークダーク,https://sdvx.in/06/06561m.htm
弾幕信仰,18,MXM,EXCEED GEAR,170,1947,豚乙女×BEMANI Sound Team ”PON”,電撃ロブスター,https://sdvx.in/06/06502m.htm
天穹のアルカナビット,18,MXM,EXCEED GEAR,230~280,1849,打打だいず + Tanchiky + siromaru,凹ーダー凸ード,https://sdvx.in/06/06352m.htm
七七七夕,18,MXM,EXCEED GEAR,192,2255,Mono. + uynet,"kamuy noko abstract, include",https://sdvx.in/06/06481m.htm
毒杯スワロウ,18,MXM,EXCEED GEAR,140,2019,猫又おかゆ,NOX,https://sdvx.in/06/06444m.htm
永久の粒虹,18,MXM,EXCEED GEAR,200,2008,Yu-dachi,kamuy noko,https://sdvx.in/06/06552m.htm
花火のおもちゃ箱,18,MXM,EXCEED GEAR,176,1934,Yu-dachi,kamuy noko,https://sdvx.in/06/06441m.htm
悲報！ワイ！ニート！,18,MXM,EXCEED GEAR,165,2113,Shu,,https://sdvx.in/06/06609m.htm
閉塞的フレーション,18,MXM,EXCEED GEAR,176,2241,Pizuya,Ginza sis VS ZANGI Bros.,https://sdvx.in/06/06503m.htm
幽霊船戦,18,MXM,EXCEED GEAR,160,2368,宝鐘マリン,花梨かりん,https://sdvx.in/06/06533m.htm
累乗のカルマ,18,MXM,EXCEED GEAR,178,2187,めと（Metomate）,(ダーク)³,https://sdvx.in/06/06374m.htm
流転に咲く魂の花,18,MXM,EXCEED GEAR,198,2540,めと（Metomate）,ダークダークダーク,https://sdvx.in/06/06580m.htm
忘れないように、失くさないように,18,MXM,EXCEED GEAR,150~208,2726,Mono.,The Cherry Glass,https://sdvx.in/06/06377m.htm
Λkasha,18,EXH,EXCEED GEAR,180,2480,BlackY feat. Risa Yuzuki,GOD～PH～,https://sdvx.in/06/06414e.htm
APOCALYPSE RAY,18,EXH,EXCEED GEAR,212,2331,xi,七色METHOD（respect Ether99）,https://sdvx.in/06/06381e.htm
Don't you dare play GOD,18,EXH,EXCEED GEAR,240~500,2227,technoplanet feat. Tamako Kinoshita,False GOD ”7濶ｲ 繧√◎縺｣縺ｩ”,https://sdvx.in/06/06526e.htm
{ eXLIPXe },18,EXH,EXCEED GEAR,271,1718,{ かめりあ },レッドホットスクリューズ,https://sdvx.in/06/06471e.htm
HeaveИ's Rain,18,EXH,EXCEED GEAR,285,2003,モリモリあつし,浮 谷,https://sdvx.in/06/06395e.htm
KINGDOM COME,18,EXH,EXCEED GEAR,282,2065,RoughSketch,CXXXX KXX GONE,https://sdvx.in/06/06629e.htm
NEMSYS ARENA World Hexathlon,18,EXH,EXCEED GEAR,190,2137,隣の庭は青い(庭師+Aoi),Akizuki Nagomu,https://sdvx.in/06/06458e.htm
Our garden is blue.,18,EXH,EXCEED GEAR,100,2001,庭師+Aoi,蒼庭のビスカッチャ,https://sdvx.in/06/06585e.htm
神凪,18,EXH,EXCEED GEAR,185,2483,BlackY feat. Risa Yuzuki,月夜見尊～PH～,https://sdvx.in/06/06595e.htm
crazy cinema story,18,XCD,INFINITE INFECTION,137~150,1810,黒魔,SALMON GRAPHY,https://sdvx.in/02/02203m.htm
Foolish Hero,18,XCD,INFINITE INFECTION,145,2046,lapix,ビーフージョッキー,https://sdvx.in/02/02011m.htm
Le Fruit Defendu,18,XCD,GRAVITY WARS,220,2478,モリモリあつし+Verdammt,バイラルフラッシャー,https://sdvx.in/03/03143m.htm
neu BSP style,18,XCD,BOOTH,130~199,1619,cosMo＠暴走P,cosMo＠暴走P,https://sdvx.in/01/01045m.htm
The star in eclipse,18,XCD,GRAVITY WARS,220,2819,しーけー,Akizuki Nagomu,https://sdvx.in/03/03293m.htm
ちくわパフェだよ☆ＣＫＰ,18,XCD,GRAVITY WARS,205,2317,日向美ビタースイーツ♪,びーふジョッキーだよ☆ＢＪＫ,https://sdvx.in/03/03172m.htm
物凄い勢いでけーねが物凄いうた,18,XCD,BOOTH,180,2213,Halozy,dj paq-poq,https://sdvx.in/01/01129m.htm
Across the Starlight,18,MXM,EXCEED GEAR,170,1783,かゆき,SALMON GRAPHY,https://sdvx.in/06/06227m.htm
Amazing Mirage,18,MXM,EXCEED GEAR,153,1861,lapix,Akizuki Nagomu,https://sdvx.in/06/06290m.htm
Battle Against a True Hero / 本物のヒーローとの戦い,18,MXM,EXCEED GEAR,150,1952,Toby Fox,Probably Finest Dee One,https://sdvx.in/06/06263m.htm
Brave Power Leader 《 = Voltage = 》,18,MXM,EXCEED GEAR,205,2212,概念,サイバー・T・ガスタンク,https://sdvx.in/06/06325m.htm
c2Theater,18,MXM,EXCEED GEAR,190,2214,yaseta + Hidra-Xjeil,唐揚Brother + Ginza-Sis,https://sdvx.in/06/06207m.htm
Chat perche,18,MXM,EXCEED GEAR,210,2141,Ange;art + Nota,鋼のビスカッチャ,https://sdvx.in/06/06287m.htm
Corrupting Wonderland,18,MXM,EXCEED GEAR,250,2608,u-z feat.CHERICa,FriedChickenSisters,https://sdvx.in/06/06210m.htm
DATAERR0R,18,MXM,EXCEED GEAR,180,2065,Cosmograph,dj strachen,https://sdvx.in/06/06204m.htm
Decadence Mission,18,MXM,EXCEED GEAR,175,1855,Jerico,凹ーダー凸ード,https://sdvx.in/06/06192m.htm
ENDGAME,18,MXM,EXCEED GEAR,222,2063,Yuta Imai,MASTER TRICK,https://sdvx.in/06/06288m.htm
FAR GONE,18,MXM,EXCEED GEAR,160,2538,493Water,Hirayasu Matsudo,https://sdvx.in/06/06193m.htm
Finale / フィナーレ,18,MXM,EXCEED GEAR,190,1924,Toby Fox,Ether99,https://sdvx.in/06/06245m.htm
Fl0ating:,18,MXM,EXCEED GEAR,206,2023,yuichi NAGAO,SALMON GRAPHY,https://sdvx.in/06/06305m.htm
Garland,18,MXM,EXCEED GEAR,217,2189,ミハイル + K.key,kamuy noko,https://sdvx.in/06/06328m.htm
GOODTEK,18,MXM,EXCEED GEAR,190,2043,EBIMAYO,Megacycle,https://sdvx.in/06/06202m.htm
graduation,18,MXM,EXCEED GEAR,170,2334,星野音楽工房,電撃ロブスター,https://sdvx.in/06/06297m.htm
Grandeur,18,MXM,EXCEED GEAR,190,2031,CANVAS x RoughSketch feat. Quimar,凹ーダー凸ード,https://sdvx.in/06/06235m.htm
Hydroblast,18,MXM,EXCEED GEAR,160,1704,Aoi vs. siromaru,TEK-A-RHYTHM,https://sdvx.in/06/06281m.htm
Ice Fortress,18,MXM,EXCEED GEAR,185,2289,荒谷サトル,フォックスロット,https://sdvx.in/06/06296m.htm
Imperator,18,MXM,EXCEED GEAR,215,2213,Xe (αirlemoneX),MASTER TRICK,https://sdvx.in/06/06265m.htm
Initiating League,18,MXM,EXCEED GEAR,200,1837,EmoCosine vs. nora2r,電撃ロブスター,https://sdvx.in/06/06300m.htm
KAMAITACHI,18,MXM,EXCEED GEAR,165,1852,DJ TECHNORCH fw. GUHROOVY,LOBSTER,https://sdvx.in/06/06292m.htm
Kontrol Line,18,MXM,EXCEED GEAR,140~180,2198,Yooh,MAD CHILD,https://sdvx.in/06/06232m.htm
Lost Parliament,18,MXM,EXCEED GEAR,200,2276,Juggernaut.,Megacycle,https://sdvx.in/06/06251m.htm
MEGALOVANIA,18,MXM,EXCEED GEAR,240,3084,Toby Fox,burning in ～PH～ell,https://sdvx.in/06/06264m.htm
Memory Flow,18,MXM,EXCEED GEAR,206,2071,兎波かなで feat.とうな,NOX,https://sdvx.in/06/06190m.htm
MURASAME,18,MXM,EXCEED GEAR,140,2117,Hommarju,ねちっこく堂,https://sdvx.in/06/06299m.htm
ИADIR,18,MXM,EXCEED GEAR,190,2350,Ashrount vs polysha,凹ーダー凸ード vs. CRAIG AKAGI,https://sdvx.in/06/06289m.htm
Never Ending Future,18,MXM,EXCEED GEAR,215,2561,#EmoCosine,ロイヤルクラッカー,https://sdvx.in/06/06280m.htm
NOT YOUR IDOL,18,MXM,EXCEED GEAR,155,1776,Yuta Imai,MAD CHILD,https://sdvx.in/06/06229m.htm
OZ,18,MXM,EXCEED GEAR,90~350,2056,Hommarju ft. Mayumi Morinaga,凹ーダー凸ード,https://sdvx.in/06/06266m.htm
Paradigm Shift,18,MXM,EXCEED GEAR,220,2872,あまみ×ひなみ,七色Method,https://sdvx.in/06/06307m.htm
Petit espoir,18,MXM,EXCEED GEAR,222,2485,しーけー,kamuy noko,https://sdvx.in/06/06304m.htm
PHOTON BLAXT,18,MXM,EXCEED GEAR,165,1745,seatrus,電撃ロブスター,https://sdvx.in/06/06230m.htm
Please Welcome Mr.C,18,MXM,EXCEED GEAR,230,2483,C-Show,MAD CHILD,https://sdvx.in/06/06294m.htm
quaver♪,18,MXM,EXCEED GEAR,182~186,1794,Risk Junk,Akizuki Nagomu,https://sdvx.in/06/06331m.htm
Revvable Engine,18,MXM,EXCEED GEAR,205,2277,nora2r,ロイヤルクラッカー,https://sdvx.in/06/06259m.htm
ROZELCIA,18,MXM,EXCEED GEAR,194~195,2003,brz1128,Megacycle,https://sdvx.in/06/06214m.htm
SAVE the World,18,MXM,EXCEED GEAR,180,1922,Toby Fox,Megacycle,https://sdvx.in/06/06261m.htm
Scat Jazz Dance,18,MXM,EXCEED GEAR,162,2222,Super Shrimp,Hirayasu Matsudo,https://sdvx.in/06/06301m.htm
SHARK ATTACK,18,MXM,EXCEED GEAR,165,2236,ryhki,ハリケーンズポテト（respect HM）,https://sdvx.in/06/06267m.htm
SHOCKER BREAKER,18,MXM,EXCEED GEAR,110~165,1833,Yu_Asahina,ロイヤルクラッカー,https://sdvx.in/06/06206m.htm
Snowmelt,18,MXM,EXCEED GEAR,222,2413,nora2r × BEMANI Sound Team ”Yvya”,kamuy noko,https://sdvx.in/06/06274m.htm
Stairway to the sun,18,MXM,EXCEED GEAR,255,1840,Noah,Akizuki Nagomu,https://sdvx.in/06/06234m.htm
S(TAR)2☆pistol,18,MXM,EXCEED GEAR,214,2784,Mono.,鋼のビスカッチャ,https://sdvx.in/06/06322m.htm
STIGMA,18,MXM,EXCEED GEAR,194,1999,U-ske feat. 棗いつき,An East Scarlet,https://sdvx.in/06/06249m.htm
THE WORLD REVOLVING,18,MXM,EXCEED GEAR,190,2488,Toby Fox,カオスのビスカッチャ,https://sdvx.in/06/06201m.htm
Thousand Triggers,18,MXM,EXCEED GEAR,242,2908,めと（Metomate）,ダークビーフダークジョッキー,https://sdvx.in/06/06308m.htm
Tickled Pink,18,MXM,EXCEED GEAR,180,1962,BEMANI Sound Team ”ZAQUVA”,ロイヤルクラッカー,https://sdvx.in/06/06315m.htm
trea→journey,18,MXM,EXCEED GEAR,260,2171,CHUBAY,ロイヤルクラッカー vs. レッドホットスクリューズ,https://sdvx.in/06/06309m.htm
Twinkle Rookie,18,MXM,EXCEED GEAR,205,2461,Halv,ロイヤルクラッカー,https://sdvx.in/06/06228m.htm
Welcome to the Mosh Pit,18,MXM,EXCEED GEAR,172,1846,lapix,CRAIG AKAGI,https://sdvx.in/06/06216m.htm
White Stream,18,MXM,EXCEED GEAR,222,2465,BEMANI Sound Team ”ZAQUVA”,ロイヤルクラッカー,https://sdvx.in/06/06276m.htm
WINNING ROAD,18,MXM,EXCEED GEAR,170,2004,setu-O,Secret Lv.09,https://sdvx.in/06/06286m.htm
あいあむなんばーわんパトラちゃん様,18,MXM,EXCEED GEAR,220,2604,周防パトラ,浮世わわーん！,https://sdvx.in/06/06247m.htm
アガット,18,MXM,EXCEED GEAR,200,2099,Bazole,ロイヤルクラッカー,https://sdvx.in/06/06215m.htm
イグノアザーズ,18,MXM,EXCEED GEAR,175,1800,U-ske feat. 安土桃,An East Scarlet,https://sdvx.in/06/06306m.htm
フリコドウル,18,MXM,EXCEED GEAR,160,2974,HIMEHINA,ブルーコールドビーフ＆ハリケーンジョッキーズ,https://sdvx.in/06/06200m.htm
過去を喰らう,18,MXM,EXCEED GEAR,187,2581,花譜,ダークダークダーク,https://sdvx.in/06/06318m.htm
光風霽月,18,MXM,EXCEED GEAR,160,1895,影虎。,電撃ロブスター,https://sdvx.in/06/06250m.htm
極夜、暁を望んで,18,MXM,EXCEED GEAR,222,3040,めと(Metomate),MADホットスクリューズ,https://sdvx.in/06/06233m.htm
最果ての勇者にラブソングを,18,MXM,EXCEED GEAR,268,1778,deli.+駄々子,Megacycle,https://sdvx.in/06/06302m.htm
灼ナル刃、破カヰ譜,18,MXM,EXCEED GEAR,165,2258,Symholic feat.狛茉璃奈,風瑠人,https://sdvx.in/06/06303m.htm
少年リップルズ,18,MXM,EXCEED GEAR,210,1998,常盤ゆう,少年スクリューズ&浮世マシプルズ,https://sdvx.in/06/06218m.htm
神罰,18,MXM,EXCEED GEAR,201,2006,cosMo＠暴走P,cosMo＠暴走P,https://sdvx.in/06/06279m.htm
涙の女神と無形のエトワル,18,MXM,EXCEED GEAR,140,1737,Yu-dachi,SALMON GRAPHY,https://sdvx.in/06/06257m.htm
二分間の世界,18,MXM,EXCEED GEAR,225,2316,Cororo,サイバーガスタンク,https://sdvx.in/06/06213m.htm
儚キ戀ノ幻想譚,18,MXM,EXCEED GEAR,175,2035,まろん feat. あやぽんず＊ (森羅万象),アオニサイ(蒼弐),https://sdvx.in/06/06310m.htm
爆烈歓迎♪エクストリーム飲茶旋風脚ッ!!,18,MXM,EXCEED GEAR,94~188,1798,BlackY feat. Risa Yuzuki,MAD CHILD,https://sdvx.in/06/06196m.htm
禊,18,MXM,EXCEED GEAR,160,1898,Nhato,GOLI,https://sdvx.in/06/06311m.htm
夢幻泡影,18,MXM,EXCEED GEAR,269,1933,wa.,dj strachen,https://sdvx.in/06/06258m.htm
零天視,18,MXM,EXCEED GEAR,200,2402,隣の庭は青い(庭師+Aoi),レッドホットスクリューズ＋Akizuki Nagomu,https://sdvx.in/06/06326m.htm
Bl∞min',18,EXH,EXCEED GEAR,234,3311,MisoilePunch♪ -Forever-,ビーフジョッキー,https://sdvx.in/06/06239e.htm
You Are My Best RivaL!!,18,EXH,EXCEED GEAR,240,2724,cosMo＠暴走P,CosMo The OverDrive,https://sdvx.in/06/06272e.htm
いまきみに,18,EXH,EXCEED GEAR,176~264,2177,Silentroom as ”少年R”,Genuine CRAZY KID as ”Child M”,https://sdvx.in/06/06255e.htm
AIM HIGHER,18,MXM,EXCEED GEAR,168,1896,U-ske feat. 棗いつき,Undisclosed Hard Groove,https://sdvx.in/06/06173m.htm
Air,18,MXM,EXCEED GEAR,178,2457,SHIKI,ポテト亀山,https://sdvx.in/06/06012m.htm
All for One,18,MXM,EXCEED GEAR,185,2171,CANVAS feat. Quimar,風瑠人,https://sdvx.in/06/06174m.htm
Archangelio,18,MXM,EXCEED GEAR,300,2073,Juggernaut.,MAD CHILD,https://sdvx.in/06/06133m.htm
Bigbang Faker,18,MXM,EXCEED GEAR,155,1568,BlackY,ロイヤルクラッカー,https://sdvx.in/06/06129m.htm
Cappuccino Hearts,18,MXM,EXCEED GEAR,260,1697,nora2r,鋼のビスカッチャ,https://sdvx.in/06/06086m.htm
Comet popcorn,18,VVD,EXCEED GEAR,244,2645,pan,kamuy noko,https://sdvx.in/06/06077m.htm
Crystalia,18,MXM,EXCEED GEAR,270,2272,DJ TOTTO,Akizuki Nagomu,https://sdvx.in/06/06186m.htm
Destined Marionette,18,MXM,EXCEED GEAR,93~186,2279,ビートまりお（COOL&CREATE）,Antonio Guccini,https://sdvx.in/06/06101m.htm
Destr0yer,18,MXM,EXCEED GEAR,90,1959,削除 feat. Nikki Simmons,Hermit♣club,https://sdvx.in/06/06015m.htm
EGOISM 440 (Ange;art remix),18,MXM,EXCEED GEAR,220,2268,Ange;art,dj strachen,https://sdvx.in/06/06072m.htm
Elemental Creation -xiRemix-,18,MXM,EXCEED GEAR,121~242,2645,xi,Ether99,https://sdvx.in/06/06051m.htm
EMERALDAS (Yuta Imai Remix),18,MXM,EXCEED GEAR,190,2544,Yuta Imai,サイバーガスタンク,https://sdvx.in/06/06003m.htm
#EmoCloche,18,MXM,EXCEED GEAR,182,2164,#EmoCosine,CRAIG AKAGI,https://sdvx.in/06/06004m.htm
End of Guilty,18,MXM,EXCEED GEAR,290,1990,kanone,kamuy noko,https://sdvx.in/06/06112m.htm
FEEL THE FORCE,18,MXM,EXCEED GEAR,210,2221,brz1128,レッドホットポテト,https://sdvx.in/06/06063m.htm
Fegrix,18,MXM,EXCEED GEAR,175,1898,Xceon vs DJ Command (Eurobeat Union),SALMON GRAPHY×電撃ロブスター,https://sdvx.in/06/06165m.htm
G4ME OVEЯ,18,MXM,EXCEED GEAR,201,2102,Takenoko boy feat. metyao,風瑠人,https://sdvx.in/06/06091m.htm
Going My Future!,18,MXM,EXCEED GEAR,183,1880,#EmoCosine,鋼のビスカッチャ×電撃ロブスター,https://sdvx.in/06/06134m.htm
Halloween Is Chaos,18,MXM,EXCEED GEAR,197,2511,RoughSketch feat.北小路ヒスイ,おすし仮面♣,https://sdvx.in/06/06148m.htm
Hurt me plenty,18,VVD,EXCEED GEAR,143,1859,Noah,SALMON GRAPHY,https://sdvx.in/06/06081m.htm
Innocent Azure,18,MXM,EXCEED GEAR,203,1998,kuro,電撃ロブスター,https://sdvx.in/06/06032m.htm
Macuilxochitl (Latin Jazz Mix),18,MXM,EXCEED GEAR,156,1616,technoplanet,SALMON GRAPHY,https://sdvx.in/06/06054m.htm
Metagame Matador,18,MXM,EXCEED GEAR,160,1816,RoughSketch vs MAD CHILD,MAD CHILD,https://sdvx.in/06/06044m.htm
#Namescapes,18,MXM,EXCEED GEAR,146,2051,#Namescapes,#Namescapes,https://sdvx.in/06/06056m.htm
nostos -ark remix-,18,MXM,EXCEED GEAR,180~205,1816,Se-U-Ra + しーけー,Megacycle,https://sdvx.in/06/06052m.htm
party:stage,18,MXM,EXCEED GEAR,310,1884,かゆき,ロイヤルクラッカー,https://sdvx.in/06/06156m.htm
Perfect Ultimate Celebration!!,18,MXM,EXCEED GEAR,200,2290,2時間でPUCされたかぼちゃ,Perfect Ultimate CRAIG!!,https://sdvx.in/06/06161m.htm
POSSESSION (Aoi Q.E.D. RMX),18,MXM,EXCEED GEAR,106~318,1894,Aoi,電撃ロブスター,https://sdvx.in/06/06006m.htm
PSYCHO+HEROES,18,VVD,EXCEED GEAR,210,2345,かめりあ,月刊ミズタニ,https://sdvx.in/06/06079m.htm
Puni Puni Parade,18,MXM,EXCEED GEAR,188,2304,MARON (IOSYS),Puni Puni ロブスター,https://sdvx.in/06/06109m.htm
Pure Ruby,18,MXM,EXCEED GEAR,178,2189,SHIKI,凹ーダー凸ード,https://sdvx.in/06/06098m.htm
R.I.P.ゴシップの海,18,MXM,EXCEED GEAR,222,2551,cosMo＠暴走P,cosMo＠暴走P,https://sdvx.in/06/06125m.htm
Red＋White＝Kawaii,18,MXM,EXCEED GEAR,210,1984,こすも８ｂｉｔ,こすも８ｂｉｔ,https://sdvx.in/06/06147m.htm
refluxio,18,MXM,EXCEED GEAR,159~212,2528,Juggernaut.,電撃ロブスター＆ロイヤルクラッカー,https://sdvx.in/06/06177m.htm
Refrain,18,MXM,EXCEED GEAR,163,2065,お月さま交響曲,1+1/2conノックオン,https://sdvx.in/06/06154m.htm
Restless Waitress,18,MXM,EXCEED GEAR,206,2623,winddrums,ZANGI Sisterss,https://sdvx.in/06/06096m.htm
Scars of FAUNA(ろひ Remix),18,MXM,EXCEED GEAR,135~195,1977,ろひ,電撃ロブスター,https://sdvx.in/06/06007m.htm
Souhait bleu,18,MXM,EXCEED GEAR,225,2778,しーけー,ビーフジョッキー,https://sdvx.in/06/06034m.htm
SPECIAL SUMMER CAMPAIGN!,18,MXM,EXCEED GEAR,168,1735,Lucky Vacuum,Megacycle,https://sdvx.in/06/06185m.htm
Star☆Beat,18,MXM,EXCEED GEAR,185,2822,PandaBoY feat.ななひら,CRAIG AKAGI,https://sdvx.in/06/06144m.htm
STEEL NEEDLE,18,MXM,EXCEED GEAR,205,2031,Scorpion,IIconノックオン,https://sdvx.in/06/06124m.htm
SuperMiracleEnsemble,18,MXM,EXCEED GEAR,303,2173,fnylsp,ポテト亀山,https://sdvx.in/06/06042m.htm
Test Flight,18,MXM,EXCEED GEAR,188,2872,黒魔,鋼のビスカッチャ,https://sdvx.in/06/06160m.htm
The King Of Red,18,MXM,EXCEED GEAR,195,2187,Hommarju,MAD CHILD,https://sdvx.in/06/06120m.htm
Triple Cross,18,MXM,EXCEED GEAR,196,2348,BEMANI Sound Team ”dj TAKA & DJ YOSHITAKA & SYUNN”,サイバーガスタンク,https://sdvx.in/06/06126m.htm
Unleashed Redness,18,MXM,EXCEED GEAR,185,2329,DecisionS (kanone + nora2r),MAD CHILD,https://sdvx.in/06/06155m.htm
Vallasotiena,18,MXM,EXCEED GEAR,170~210,2360,ろひ,フォックスロット,https://sdvx.in/06/06090m.htm
Vanishing Eidos,18,MXM,EXCEED GEAR,179,1759,めと（Metomate）,ダークダークダーク,https://sdvx.in/06/06040m.htm
Verflucht,18,MXM,EXCEED GEAR,180,2284,Tyrfing,レッドホットビーフ&スクリュージョッキーズ,https://sdvx.in/06/06059m.htm
WARNING×WARNING×WARNING,18,MXM,EXCEED GEAR,172,2346,暁 Records,MAD CHILD×Hirayasu Matsudo×MAD CHILD,https://sdvx.in/06/06019m.htm
Wings to fly high,18,MXM,EXCEED GEAR,249,2512,Noah,サイバーガスタンク×鋼のビスカッチャ,https://sdvx.in/06/06172m.htm
XXanadu#climaXX,18,MXM,EXCEED GEAR,187,2217,概念,dj strachen,https://sdvx.in/06/06128m.htm
Your SOUL Is Mine,18,VVD,EXCEED GEAR,195,1743,fZy,CRAIG AKAGI,https://sdvx.in/06/06082m.htm
ヴぉるみっくす!!!!,18,MXM,EXCEED GEAR,161,2115,かめりあ feat. ななひら,レッドホットスクリューズと～PH～,https://sdvx.in/06/06158m.htm
カジノファイヤーことみちゃん,18,MXM,EXCEED GEAR,230,2482,ARM feat. 山本椛 + Brasscapsule,ところがどっこい鑑定団,https://sdvx.in/06/06104m.htm
スカーレット警察のゲットーパトロール24時,18,MXM,EXCEED GEAR,160,2457,七条レタスグループ,Vol Force Crew,https://sdvx.in/06/06136m.htm
ばらんが!!!!,18,MXM,EXCEED GEAR,285,1752,かめりあ feat. ななひら,ばーフジョッキー!!!!,https://sdvx.in/06/06074m.htm
プナイプナイたいそう,18,MXM,EXCEED GEAR,271,1440,立秋 feat.ちよこ,ビープジョッキー,https://sdvx.in/06/06018m.htm
ホイホイ☆幻想ホロイズム,18,MXM,EXCEED GEAR,195,2344,COOL&CREATE × 宝鐘マリン with ホロイズムファンタジー,A～PH～oy!!,https://sdvx.in/06/06070m.htm
まみむめまるっとまっしゅるーむ,18,MXM,EXCEED GEAR,161,1763,かめりあ as ”まいたけラヴ” feat. ななひら as ”エリンギ大好き”,菌類の電撃ロブスター,https://sdvx.in/06/06122m.htm
ユメブキ,18,MXM,EXCEED GEAR,200,1990,"紫崎 雪,Risa Yuzuki,709sec. by BEMANI Sound Team ”PHQUASE & SYUNN”",さあ超えていこう、この音で～PH～,https://sdvx.in/06/06108m.htm
ラヴチャンス!!,18,MXM,EXCEED GEAR,215,1994,Ponchi♪ feat.はぁち,凹ーダー凸ード,https://sdvx.in/06/06039m.htm
りむむむむむむ,18,MXM,EXCEED GEAR,140,1447,立秋 feat.ちょこ,井ハッシュド鑑定団,https://sdvx.in/06/06049m.htm
藍の華,18,MXM,EXCEED GEAR,198,2988,HIMEHINA,レッドホットビーフ＆スクリュージョッキーズ,https://sdvx.in/06/06140m.htm
限界突破リザレクション,18,MXM,EXCEED GEAR,190,2354,まろん vs. モリモリあつし feat. ビートまりお,MAD CHILD,https://sdvx.in/06/06115m.htm
～仔羊のナヴァラン・クリシェを添えて～,18,MXM,EXCEED GEAR,150,2373,PiyoPiyo Kitchen,TEK-風瑠人,https://sdvx.in/06/06152m.htm
蝕,18,MXM,EXCEED GEAR,220,2050,めと（Metomate）,凹ーダー凸ード,https://sdvx.in/06/06178m.htm
天弓天華オトハナビ,18,MXM,EXCEED GEAR,170,2052,ビートまりおとまろん,からあげブラザー市場,https://sdvx.in/06/06137m.htm
緋色月下、狂咲ノ絶 (nayuta 2017 ver),18,MXM,EXCEED GEAR,150,2562,EastNewSound,ブルーコールドハリケーンズ,https://sdvx.in/06/06022m.htm
火狐之舞,18,MXM,EXCEED GEAR,242,2228,影虎。,kamuy noko include,https://sdvx.in/06/06179m.htm
恋愛悪戯！？まじかる☆ぱふゅ～む！！,18,MXM,EXCEED GEAR,212,2240,さわわ feat.杠葉えりか＆凜々,からあげ☆しすた～ず！！,https://sdvx.in/06/06048m.htm
MixxioN,18,EXH,EXCEED GEAR,275,1734,MisoilePunch♪,Taxtixal CRAZY KID,https://sdvx.in/06/06170e.htm
《Re:miniscence》,18,EXH,EXCEED GEAR,125~166,2072,かねこちはる,Megacyclops,https://sdvx.in/06/06127e.htm
XHRONOXAPSULΞ,18,EXH,EXCEED GEAR,277,1925,Silentroom,～PH～XUASΞ,https://sdvx.in/06/06169e.htm
#Fairy_dancing_in_lake,18,VVD,INFINITE INFECTION,142,2653,uno(IOSYS),#Hirayasu_Matsudo_dancing_in_the_world,https://sdvx.in/02/02091m.htm
Sakura Reflection (P*Light Slayer Remix),18,VVD,INFINITE INFECTION,186,1920,P*Light,七色Method++,https://sdvx.in/02/02016m.htm
She is my wife すーぱーアイドル,18,VVD,INFINITE INFECTION,85~370,2061,高井さんとuno(IOSYS),すーぱーサンダー☆ボブ美ちゃん,https://sdvx.in/02/02017m.htm
Unicorn tail Dustboxxxx RMX,18,VVD,INFINITE INFECTION,200,2338,Dustboxxxx,ダークダークダーク,https://sdvx.in/02/02096m.htm
おお われら喜び讃うべし、主よ,18,VVD,INFINITE INFECTION,180,2315,すのうまん,ナカ田サトル,https://sdvx.in/02/02174m.htm
こちら、幸福安心委員会です。,18,VVD,INFINITE INFECTION,128,1786,うたたP,ねちっこく堂,https://sdvx.in/02/02047m.htm
ムーニャポヨポヨスッポコニャーゴ,18,VVD,INFINITE INFECTION,180,2264,全日本スッポコニャーゴ親衛隊,ムーニャポヨポヨデンゲキロブスター,https://sdvx.in/02/02158m.htm
上海紅茶館～ Chinese Tea Orchid Remix,18,VVD,INFINITE INFECTION,188,2168,Yooh,浮世マシーン,https://sdvx.in/02/02175m.htm
Φnd:you,18,MXM,VIVID WAVE,259,1734,かゆき,SALMON GRAPHY,https://sdvx.in/05/05271m.htm
Aerial Fortress,18,MXM,VIVID WAVE,200,2476,xi,Ether99,https://sdvx.in/05/05116m.htm
apo:llioth,18,MXM,VIVID WAVE,200,2281,Juggernaut.,電撃ロブスター,https://sdvx.in/05/05278m.htm
ARROW RAIN,18,MXM,VIVID WAVE,180,2362,Alstroemeria Records,七色Method,https://sdvx.in/05/05022m.htm
Atropa bella-donna,18,MXM,VIVID WAVE,238,2953,HOUJIROU,Akizuki Nagomu,https://sdvx.in/05/05072m.htm
Aurolla,18,MXM,VIVID WAVE,235,2767,MisoilePunch♪,Akizuki Nagomu,https://sdvx.in/05/05060m.htm
Barbatos,18,MXM,VIVID WAVE,230,2343,Crawk × Capchii,Verdefo,https://sdvx.in/05/05073m.htm
Barbless Ego,18,GRV,VIVID WAVE,150,1760,MAD CHILD,MAD CHILD,https://sdvx.in/05/05094m.htm
Believe In Yourself,18,GRV,VIVID WAVE,165,2241,kors k,金色の夜叉,https://sdvx.in/05/05160m.htm
Black Lotus,18,MXM,VIVID WAVE,200,2224,wa.,風瑠人,https://sdvx.in/05/05124m.htm
Blessing Bouquet,18,MXM,VIVID WAVE,212,2514,setu-O,Jin Majima,https://sdvx.in/05/05270m.htm
Bolerrot,18,MXM,VIVID WAVE,179,2039,かねこちはる,Akizuki Nagomu,https://sdvx.in/05/05199m.htm
Butterfly Twist,18,MXM,VIVID WAVE,160,1920,Yooh,MAD CHILD,https://sdvx.in/05/05157m.htm
Call of the World,18,MXM,VIVID WAVE,212,2766,お月さま交響曲,風瑠人,https://sdvx.in/05/05163m.htm
Cloud Crasher,18,GRV,VIVID WAVE,200,2103,Hommarju,楊 麗華,https://sdvx.in/05/05095m.htm
Cynical Joker,18,MXM,VIVID WAVE,160,2178,brz1128,電撃ロブスター,https://sdvx.in/05/05109m.htm
Defining Future,18,MXM,VIVID WAVE,200,1838,！すでのな,フォックスロット,https://sdvx.in/05/05289m.htm
Dogeza Stairs,18,MXM,VIVID WAVE,190,2776,ビートまりお（COOL&CREATE）,Jin Majima,https://sdvx.in/05/05115m.htm
eighth-slave,18,MXM,VIVID WAVE,170,2245,Yu_Asahina,電撃ロブスター,https://sdvx.in/05/05111m.htm
Electric Injury,18,VVD,VIVID WAVE,190,2453,siqlo,電撃ロブスター,https://sdvx.in/05/05233m.htm
Elemental Creation (kamome sano Remix),18,MXM,VIVID WAVE,128~256,1662,kamome sano,鋼のビスカッチャ,https://sdvx.in/05/05185m.htm
Enchante,18,MXM,VIVID WAVE,115,1729,winddrums,風瑠人,https://sdvx.in/05/05066m.htm
eternite,18,MXM,VIVID WAVE,190,2079,Ryo Arue,Megacycle,https://sdvx.in/05/05292m.htm
Ethereal Lotus,18,MXM,VIVID WAVE,218,2861,wa. + 杠葉えりか,EIVY,https://sdvx.in/05/05262m.htm
FIRST：DREAMS,18,MXM,VIVID WAVE,300,1947,uma vs. モリモリあつし,CRAIG AKAGI,https://sdvx.in/05/05096m.htm
GALAXY BURST,18,MXM,VIVID WAVE,201,2976,かめりあ,Akizuki Nagomu implemented by SDVX Effectors,https://sdvx.in/05/05017m.htm
GaLaXyEggPlanT,18,MXM,VIVID WAVE,240,2222,sasakure.UK,DeNGeKiLoWBooSteR,https://sdvx.in/05/05031m.htm
GEMINI LA2ER,18,MXM,VIVID WAVE,200,2188,ミカルコスモ(せらみかる×cosMo＠暴走P),cosMo＠暴走P×電撃ロブスター,https://sdvx.in/05/05246m.htm
Glorious Journey,18,MXM,VIVID WAVE,252,2956,古屋直雪,浮世マシーン,https://sdvx.in/05/05062m.htm
Ichi-Go! DX Pancake!,18,VVD,VIVID WAVE,90~180,2035,梅干茶漬け,兄ジェットマン,https://sdvx.in/05/05230m.htm
Innocent,18,MXM,VIVID WAVE,210,2796,Alkome,SHiJiMiSo Soup.☆彡,https://sdvx.in/05/05263m.htm
Jack-the-Ripper◆,18,MXM,VIVID WAVE,105~240,3757,sasakure.UK,フォックスロット,https://sdvx.in/05/05016m.htm
Jacob’s Elevator,18,MXM,VIVID WAVE,193,2650,まろん (IOSYS),電撃ロブスター,https://sdvx.in/05/05165m.htm
JUPITER 4 GRAVITY,18,MXM,VIVID WAVE,205,2412,YumAeL ex. 溝口ゆうま,フォックスロット,https://sdvx.in/05/05097m.htm
Katharsis,18,MXM,VIVID WAVE,140~280,1955,u-z feat.CHERICa,Akizuki Nagomu,https://sdvx.in/05/05190m.htm
L9,18,MXM,VIVID WAVE,53~128,1993,paraoka,ビーフジョッ9,https://sdvx.in/05/05203m.htm
Lazurite,18,MXM,VIVID WAVE,175,2287,sazanami,MaKoTo,https://sdvx.in/05/05261m.htm
LECTORIA,18,MXM,VIVID WAVE,185,2572,Cranky,蒼弐 feat.RASIS -BOOTH- forever,https://sdvx.in/05/05114m.htm
Leviathan-,18,MXM,VIVID WAVE,160,2104,山本真央樹,SALMON GRAPHY,https://sdvx.in/05/05251m.htm
lEyl,18,MXM,VIVID WAVE,221,2252,t+pazolite feat. incl*incr,月刊ミズタニ,https://sdvx.in/05/05040m.htm
Liar rain,18,GRV,VIVID WAVE,220,2524,しーけー,スエヒロ,https://sdvx.in/05/05103m.htm
m1dy Deluxe,18,MXM,VIVID WAVE,410,2296,m1dy,電撃ロブスターDeluxe,https://sdvx.in/05/05254m.htm
memento mori -intro-,18,MXM,VIVID WAVE,170,2116,あさき,レッドホットビーフ＆スクリュージョッキーズ,https://sdvx.in/05/05248m.htm
METATRON-,18,MXM,VIVID WAVE,190,2189,SHIKI,Jin Majima,https://sdvx.in/05/05250m.htm
MeteorA,18,MXM,VIVID WAVE,190,2353,Verseus,電撃ロブスター,https://sdvx.in/05/05200m.htm
mqlo,18,MXM,VIVID WAVE,220,2961,C-Show,～PH～ごましおくん,https://sdvx.in/05/05113m.htm
Mynarco(Nagomu 2Step Remix),18,MXM,VIVID WAVE,230,2740,Akizuki Nagomu feat. fu-ko,Akizuki Nagomu,https://sdvx.in/05/05202m.htm
Nebulas,18,MXM,VIVID WAVE,140,1830,BEMANI Sound Team ”Yvya”,SALMON GRAPHY,https://sdvx.in/05/05209m.htm
New Decade,18,MXM,VIVID WAVE,200,1646,Sota F.,-,https://sdvx.in/05/05253m.htm
Nhelv,18,MXM,VIVID WAVE,174,2289,Silentroom,凹ーダー凸ード,https://sdvx.in/05/05144m.htm
On take SUN,18,MXM,VIVID WAVE,220,2592,Sampling Masters MEGA,Hirayasu Matsudo & MAD CHILD,https://sdvx.in/05/05042m.htm
Our Love,18,MXM,VIVID WAVE,190,2576,lapix,Ether99,https://sdvx.in/05/05206m.htm
Over The Top,18,VVD,VIVID WAVE,205,2407,Ashrount,凹ーダー凸ード,https://sdvx.in/05/05212m.htm
ΩVERFLOW,18,MXM,VIVID WAVE,175,2421,BlackY,,https://sdvx.in/05/05121m.htm
OZONE,18,GRV,VIVID WAVE,180,2693,BEMANI Sound Team ”Sota Fujimori”,東京ブルトゥーム,https://sdvx.in/05/05161m.htm
PARTY TIME!,18,MXM,VIVID WAVE,190,1931,RoughSketch & Hommarju,MAD CHILD,https://sdvx.in/05/05146m.htm
petits fours,18,MXM,VIVID WAVE,222,2442,kamome sano,鋼のビスカッチャ,https://sdvx.in/05/05123m.htm
pique,18,MXM,VIVID WAVE,162,2148,星野音楽工房,電撃ロブスター,https://sdvx.in/05/05158m.htm
Pulsar,18,MXM,VIVID WAVE,222,2543,はがね,フォックスロット,https://sdvx.in/05/05156m.htm
Re：Elemental Creation,18,MXM,VIVID WAVE,212,2405,uma meets モリモリあつし,TEK-A-RHYTHM,https://sdvx.in/05/05225m.htm
Яe:son D'etre,18,MXM,VIVID WAVE,63~205,1582,SCHOOL CASTE(石見＆とおる),ダークダークダークダーク,https://sdvx.in/05/05247m.htm
rE:Voltagers,18,GRV,VIVID WAVE,153,2088,Tanchiky,apple kong,https://sdvx.in/05/05102m.htm
Ring!Run!Nyan!!,18,VVD,VIVID WAVE,195,2144,MisomyL,電撃ロブニャン,https://sdvx.in/05/05269m.htm
SAMURAI TIGER,18,MXM,VIVID WAVE,165,2242,ぽんきち&ゆんゆん,大名マシーン vs. しばまる子,https://sdvx.in/05/05192m.htm
SLEEPWALKER,18,VVD,VIVID WAVE,188,2123,monoq+RIZARDI,Akizuki Nagomu+フォックスロット,https://sdvx.in/05/05264m.htm
SociuS,18,MXM,VIVID WAVE,195~211,2323,Ellim Gnirps vs よみぃ,凹ーダー凸ード,https://sdvx.in/05/05057m.htm
Sudden Visitor,18,MXM,VIVID WAVE,178,2897,黒魔,kamuy noko,https://sdvx.in/05/05120m.htm
Symphonic Tear,18,MXM,VIVID WAVE,150,1964,BEMANI Sound Team ”TAG”,鋼のビスカッチャ,https://sdvx.in/05/05285m.htm
Teufel,18,MXM,VIVID WAVE,200,2279,Hommarju,凹ーダー凸ード,https://sdvx.in/05/05159m.htm
Thank you for your playing music,18,MXM,VIVID WAVE,220,2492,かぼちゃ feat. miko,cosMo×電撃ロブスター×サイバーガスタンク,https://sdvx.in/05/05288m.htm
To:BrandNewDeadline,18,MXM,VIVID WAVE,210,2102,せいぎのあおぢる,びすかっちゃ　と　ろぶすたー,https://sdvx.in/05/05092m.htm
Turn the story,18,MXM,VIVID WAVE,110~240,2285,technoplanet feat. Kuroto Sion,NOX,https://sdvx.in/05/05162m.htm
Typhoon Craaash!!,18,GRV,VIVID WAVE,172,1721,A-One,CRAIG AKAGI,https://sdvx.in/05/05132m.htm
Ubertreffen,18,MXM,VIVID WAVE,174,1854,TAKA respect for J.S.B.,Megacycle respect for M.M.M.,https://sdvx.in/05/05168m.htm
V Sen5eS,18,MXM,VIVID WAVE,190,2398,MasKaleido VS 709sec.,SHiJiMiSo Soup.☆彡,https://sdvx.in/05/05108m.htm
Valanga(polysha Remix),18,MXM,VIVID WAVE,100,1739,polysha,Akizuki Nagomu,https://sdvx.in/05/05176m.htm
Valkyrja ~Aldrlag~,18,MXM,VIVID WAVE,185,2372,ℱsinfonia (Yu_Asahina 溝口ゆうま かなたん 大瀬良あい),MAD CHILD & Megacycle,https://sdvx.in/05/05274m.htm
Vividly Impromptu,18,MXM,VIVID WAVE,161,1837,BlackY,Megacycle,https://sdvx.in/05/05172m.htm
With It This Heaven?,18,MXM,VIVID WAVE,250~290,2476,technoplanet,フォックスロット,https://sdvx.in/05/05277m.htm
World of Iris,18,VVD,VIVID WAVE,255,1885,polysha,Akizuki Nagomu,https://sdvx.in/05/05214m.htm
Xicholauncher,18,MXM,VIVID WAVE,110~440,2155,隣の庭は青い(庭師+Aoi),電撃+ロブスター,https://sdvx.in/05/05071m.htm
ZEИITH,18,MXM,VIVID WAVE,190,2043,Ashrount vs polysha,TEK-A-RHYTHM vs. 逆球レジェンド,https://sdvx.in/05/05191m.htm
αρχη,18,MXM,VIVID WAVE,120,2192,Dormir,νοχ,https://sdvx.in/05/05208m.htm
アオアラシ,18,MXM,VIVID WAVE,256,1887,やどりぎ,はがねのびすかっちゃ,https://sdvx.in/05/05063m.htm
おはようからおやすみまでかまってポメポメ,18,VVD,VIVID WAVE,177,2068,立秋 feat.ちょこ,アザラシから犬になったAkizuki Nagomu,https://sdvx.in/05/05232m.htm
タイムトラベル,18,GRV,VIVID WAVE,220,2559,モリモリあつし,SCバイオメトリクス,https://sdvx.in/05/05152m.htm
ツマミ戦隊 タテレンジャー,18,MXM,VIVID WAVE,95~380,2175,ツマミ戦隊 タテレンジャー,怪人・狂気児童,https://sdvx.in/05/05075m.htm
トマヨイ,18,VVD,VIVID WAVE,165,1919,Spacelectro feat.椎木レク,レッドホットスクリューズ,https://sdvx.in/05/05210m.htm
ねこみみ(=ФωФ=)ぱんでみみっく,18,GRV,VIVID WAVE,195,2477,ねこみりん feat.小宮真央,トルネードボーイ,https://sdvx.in/05/05131m.htm
び,18,MXM,VIVID WAVE,169,1931,立秋 feat.ちょこ,びーフジョッキー,https://sdvx.in/05/05053m.htm
プログレなぞなぞクイズのテーマ,18,MXM,VIVID WAVE,136~204,1921,BEMANI Sound Team ”プログレッシブなぞなぞ星人”,Ether99,https://sdvx.in/05/05276m.htm
ミッドナイト☆WAR,18,MXM,VIVID WAVE,156,1964,いちか,Megacycle,https://sdvx.in/05/05141m.htm
ミュージックプレイヤー,18,MXM,VIVID WAVE,232,2990,Retropolitaliens(Ms.+駄々子),鋼のビスカッチャ,https://sdvx.in/05/05244m.htm
ランカーキラーガール,18,MXM,VIVID WAVE,200,2266,中島由貴 × いちか,Ether99,https://sdvx.in/05/05169m.htm
怪盗Fの台本～消えたダイヤの謎～,18,MXM,VIVID WAVE,128,2028,ひとしずく×やま△ feat.松下、eclair、おさむらいさん、柿チョコ、コニー、しゅーず、che:櫻井、nero、びびあん、mao（bass）、ゆう十、リシェ,NOX,https://sdvx.in/05/05013m.htm
蛇神,18,MXM,VIVID WAVE,170,2319,Zektbach,歩手登と美津多仁,https://sdvx.in/05/05167m.htm
月々紅花,18,VVD,VIVID WAVE,183,2271,7mai,月刊ミズタニ,https://sdvx.in/05/05235m.htm
狂水一華,18,MXM,VIVID WAVE,160,1867,BEMANI Sound Team ”HuΣeR Vs. SYUNN” feat.いちか,MAD CHILD,https://sdvx.in/05/05255m.htm
最小三倍完全数,18,MXM,VIVID WAVE,220,1974,DJ TECHNORCH,Amazeki Kagome,https://sdvx.in/05/05135m.htm
消失(Hommarju Remix),18,MXM,VIVID WAVE,240,2800,cosMo＠暴走P,cosMo＠暴走P,https://sdvx.in/05/05010m.htm
翠雨の祷,18,MXM,VIVID WAVE,197,2259,Cororo feat.Yuria Miyazono,天空の電撃ロブスター,https://sdvx.in/05/05058m.htm
諏訪大信仰,18,MXM,VIVID WAVE,200,2312,ビートまりお＋あまね（COOL&CREATE）,MAD CHILD,https://sdvx.in/05/05083m.htm
世界の果てに約束の凱歌を,18,MXM,VIVID WAVE,205,2366,BEMANI Sound Team ”Sota Fujimori”,Ether99,https://sdvx.in/05/05284m.htm
春告胡蝶,18,MXM,VIVID WAVE,202,2277,BlackY feat. Risa Yuzuki,MAD CHILD,https://sdvx.in/05/05245m.htm
星の透る夏空に願う,18,MXM,VIVID WAVE,210,2628,Yu-dachi,Akizuki Nagomu,https://sdvx.in/05/05122m.htm
無魎大数,18,MXM,VIVID WAVE,230,2298,cosMo＠暴走P,cosMo＠暴走P,https://sdvx.in/05/05054m.htm
666,18,EXH,VIVID WAVE,666,3212,RaughSketch,Diabolos CRAZY KID,https://sdvx.in/05/05186e.htm
ΣgO,18,EXH,VIVID WAVE,236,2963,かぼちゃ,Ether99,https://sdvx.in/05/05117e.htm
"Erm, could it be a Spatiotemporal ShockWAVE Syndrome...?",18,EXH,VIVID WAVE,43~330,2125,かめりあ,ShockWAVE～PH～,https://sdvx.in/05/05153e.htm
MAYHEM,18,EXH,VIVID WAVE,998,3838,RoughSketch x CANVAS feat. Quimar,Temperance CRAZY KID,https://sdvx.in/05/05283e.htm
VVelcome!!,18,EXH,VIVID WAVE,265,1885,MisoilePunch♪,風瑠人,https://sdvx.in/05/05240e.htm
Broken 8cmix,18,HVN,BOOTH,150,1761,iroha(sasaki),Ether99,https://sdvx.in/01/01009m.htm
C18H27NO3,18,HVN,INFINITE INFECTION,210,2674,Team Grimoire,風瑠人,https://sdvx.in/02/02062m.htm
Evans VolteX Pf arrange,18,HVN,BOOTH,180,1959,cosMo＠暴走P,cosMo@暴走P,https://sdvx.in/01/01015m.htm
Garakuta Doll Play,18,HVN,GRAVITY WARS,256,2037,t+pazolite 「maimai」より,OMGライオット from SOUND VOLTEX譜面ボーイズ,https://sdvx.in/03/03178m.htm
Harpuia,18,HVN,INFINITE INFECTION,93~186,2306,BlackY,東京ブルトゥーム,https://sdvx.in/02/02214m.htm
Idola,18,HVN,INFINITE INFECTION,201,2884,iconoclasm feat.GUMI,PF reconciliation,https://sdvx.in/02/02257m.htm
Onigo,18,HVN,BOOTH,175,2205,Hommarju,レッドホットスクリューズ,https://sdvx.in/01/01061m.htm
Qubism,18,HVN,INFINITE INFECTION,180,2260,Hate vs Brilliance,七色メットスクリューズ,https://sdvx.in/02/02044m.htm
The world of sound,18,HVN,BOOTH,210,2425,"Music by Ryuwitty, Vocal by Kuroa*",THE THIRD MAN,https://sdvx.in/01/01156m.htm
V.I.P.,18,HVN,BOOTH,169,2046,ismK,P.H.Q.,https://sdvx.in/01/01107m.htm
金縛りの逢を,18,HVN,BOOTH,200,2349,はるなば,MAD CHILD,https://sdvx.in/01/01146m.htm
腐れ外道とチョコレゐト,18,HVN,BOOTH,260,1538,ピノキオP,Jin Majima,https://sdvx.in/01/01102m.htm
幻想のサテライト,18,HVN,BOOTH,230,2748,豚乙女,MAD CHILD Nightmare,https://sdvx.in/01/01089m.htm
孤独の番人,18,HVN,BOOTH,190,2173,SCL Project（natsuP）feat. MAYU,ダークダークダーク,https://sdvx.in/01/01165m.htm
超越してしまった彼女と其を生み落した理由,18,HVN,INFINITE INFECTION,178,2561,Ayatsugu_Otowa,東京ブルトゥーム,https://sdvx.in/02/02170m.htm
魔境堕天録サリエル,18,HVN,INFINITE INFECTION,176,2484,Unlucky Morpheus,Mech-Megacycle,https://sdvx.in/02/02035m.htm
Akzeriyyuth,18,MXM,HEAVENLY HAVEN,195,2259,Team&Dj Grimoire,MAD CHILD,https://sdvx.in/04/04349m.htm
ALTONA,18,GRV,HEAVENLY HAVEN,158,2099,SOUND HOLIC Vs. SWING HOLIC,Megacycle Vs. Megaheartz,https://sdvx.in/04/04391m.htm
Be a Hero!,18,MXM,HEAVENLY HAVEN,190,2517,中島由貴,Ether99,https://sdvx.in/04/04204m.htm
BEAST BASS BOMB,18,MXM,HEAVENLY HAVEN,170,2783,Hommarju,Hirayasu Matsudo,https://sdvx.in/04/04187m.htm
Beyond the BLUE,18,MXM,HEAVENLY HAVEN,132,1959,Asato × sak × 田島千種,NOX,https://sdvx.in/04/04350m.htm
Black night,18,MXM,HEAVENLY HAVEN,226,2943,Noah,kamuy noko,https://sdvx.in/04/04330m.htm
BLAZING_LAZER,18,MXM,HEAVENLY HAVEN,191,2219,brz1128,七色Method,https://sdvx.in/04/04300m.htm
BlueMoon Princess,18,MXM,HEAVENLY HAVEN,235,2421,うさぎ愛好会(cosMo×syuri22),cosMo＠うさぎ愛好会,https://sdvx.in/04/04245m.htm
Boss Rush,18,MXM,HEAVENLY HAVEN,190,2638,USAO,MAD CHILD,https://sdvx.in/04/04062m.htm
Breakin' Asia,18,MXM,HEAVENLY HAVEN,230,2614,かたぎり,凹ーダー凸ード,https://sdvx.in/04/04341m.htm
Catch Our Fire!,18,MXM,HEAVENLY HAVEN,190,2267,中島由貴,Ether99,https://sdvx.in/04/04376m.htm
Cepheus,18,MXM,HEAVENLY HAVEN,190,2248,しらこいし,.424kHz,https://sdvx.in/04/04082m.htm
CHERNOBOG,18,MXM,HEAVENLY HAVEN,200,2471,漆黒のEBONY,闇黒のEIVY,https://sdvx.in/04/04261m.htm
Cloud 9,18,MXM,HEAVENLY HAVEN,153,2159,雄之助,NOX,https://sdvx.in/04/04233m.htm
Concertino in Blue,18,MXM,HEAVENLY HAVEN,103~155,1773,佐々木博史,PHQUASE,https://sdvx.in/04/04142m.htm
crossing blue,18,MXM,HEAVENLY HAVEN,234,3027,ぺのれり,風瑠人,https://sdvx.in/04/04244m.htm
Destiny,18,MXM,HEAVENLY HAVEN,111~222,2533,Yooh,MAD CHILD,https://sdvx.in/04/04404m.htm
Divine's:Bugscript,18,MXM,HEAVENLY HAVEN,230,2954,かゆき,EIVY,https://sdvx.in/04/04278m.htm
Divine's or Deal,18,MXM,HEAVENLY HAVEN,223,2316,winddrums vs cosMo,cosMo＠暴走P,https://sdvx.in/04/04377m.htm
Doppelganger,18,MXM,HEAVENLY HAVEN,280,2059,LeaF,Ether99,https://sdvx.in/04/04161m.htm
Dreadnought,18,MXM,HEAVENLY HAVEN,96~384,2674,Mastermind (xi + nora2r),レッドホットスクリューズ,https://sdvx.in/04/04016m.htm
DropZ-Line-,18,MXM,HEAVENLY HAVEN,50~400,2158,Getty vs. DJ DiA,ブルーコールドハリケーンズ vs. レッドホットスクリューズ,https://sdvx.in/04/04202m.htm
ECHIDNA,18,MXM,HEAVENLY HAVEN,146,1989,HuΣeR,七色Method,https://sdvx.in/04/04291m.htm
Evans,18,MXM,HEAVENLY HAVEN,185,1868,DJ YOSHITAKA,Akizuki Nagomu,https://sdvx.in/04/04270m.htm
FIRE IN MY HEART,18,MXM,HEAVENLY HAVEN,131~132,1878,Spacelectro,レッドホットスクリューズ,https://sdvx.in/04/04107m.htm
FLOOR INFECTION Medley from SOUND VOLTEX×jubeat,18,MXM,HEAVENLY HAVEN,145~195,2572,United Composers from SOUND VOLTEX,United Effectors,https://sdvx.in/04/04078m.htm
GAIA,18,MXM,HEAVENLY HAVEN,180,2178,猫叉L.E.D.Master+,風瑠人,https://sdvx.in/04/04366m.htm
Gamerz FestivaL,18,MXM,HEAVENLY HAVEN,208,2512,うさぎ愛好会(cosMo×syuri22),cosMo＠うさぎ愛好会,https://sdvx.in/04/04067m.htm
Gate of Atlantis,18,MXM,HEAVENLY HAVEN,8~888,2204,MasKaleido,ビーフジョッキー,https://sdvx.in/04/04297m.htm
GERBERA,18,MXM,HEAVENLY HAVEN,205,2970,BEMANI Sound Team ”TAG”,Chapter 04「神秘」,https://sdvx.in/04/04186m.htm
Ghost Trigger,18,MXM,HEAVENLY HAVEN,140~280,1759,u-z feat.CHERICa,レッドホットスクリューズ,https://sdvx.in/04/04158m.htm
Glitter Flatter Scatter,18,MXM,HEAVENLY HAVEN,197,2494,Project B-,DJ みさこ,https://sdvx.in/04/04151m.htm
Goddess Bless you,18,MXM,HEAVENLY HAVEN,232,2560,winddrums,TEK-A-RHYTHM,https://sdvx.in/04/04196m.htm
Gorgetech,18,MXM,HEAVENLY HAVEN,160,1770,Shiron,電撃ロブスター,https://sdvx.in/04/04110m.htm
Grand-Guignol,18,MXM,HEAVENLY HAVEN,231,2414,モリモリあつし,ビーフジョッキー,https://sdvx.in/04/04146m.htm
HP1,18,MXM,HEAVENLY HAVEN,11~193,2009,Verdammt,月刊ミズタニ(戦士),https://sdvx.in/04/04179m.htm
Hug!! Vs. Hug!!,18,MXM,HEAVENLY HAVEN,120,1801,はるなば,Ether99,https://sdvx.in/04/04191m.htm
НУМЛ,18,MXM,HEAVENLY HAVEN,158~200,2311,Zutt,浮世マシーン,https://sdvx.in/04/04214m.htm
Juggler's Maddness,18,MXM,HEAVENLY HAVEN,250,3064,Lite Show Magic,MAD CHILD & Bob Shimantogawa,https://sdvx.in/04/04139m.htm
JUNKIE FLAVOR,18,MXM,HEAVENLY HAVEN,120~240,2016,yaseta + Hidra-Xjeil,レッドホットスクリューズ + ブルーコールドハリケーンズ,https://sdvx.in/04/04127m.htm
Khionos TiARA,18,MXM,HEAVENLY HAVEN,200,2491,Ellim Gnirps vs よみぃ,風瑠マシーン,https://sdvx.in/04/04198m.htm
KIMIDORI Streak!!,18,MXM,HEAVENLY HAVEN,219,2309,梅干茶漬け,Akizuki Nagomu,https://sdvx.in/04/04293m.htm
LastΩmegA,18,MXM,HEAVENLY HAVEN,208,2448,BlackY,MAD CHILD,https://sdvx.in/04/04282m.htm
Legendary Road,18,MXM,HEAVENLY HAVEN,248,2645,kanone,MAD CHILD & Megacycle,https://sdvx.in/04/04128m.htm
Levier'n NabYss,18,MXM,HEAVENLY HAVEN,249,3233,MisoilePunch♪ ~Take No Complete~,TEK-A-RHYTHM,https://sdvx.in/04/04311m.htm
Lowermost revolt,18,MXM,HEAVENLY HAVEN,219,2520,かめりあ feat. 歌劇派学生,NOX,https://sdvx.in/04/04206m.htm
Lunatic Sprinter,18,MXM,HEAVENLY HAVEN,152~205,2397,さわわ,風瑠人,https://sdvx.in/04/04343m.htm
Make Magic,18,MXM,HEAVENLY HAVEN,230,2702,Lite Show Magic,浮世マシーン,https://sdvx.in/04/04054m.htm
MeteorGlow Aftermath,18,MXM,HEAVENLY HAVEN,264,1728,pan,浮世マシーン,https://sdvx.in/04/04298m.htm
Midnight City Warfare,18,MXM,HEAVENLY HAVEN,180,2286,sky_delta,月刊風瑠タニ,https://sdvx.in/04/04374m.htm
Mirrorwall,18,MXM,HEAVENLY HAVEN,144,2207,BlackY,逆球レジェンド,https://sdvx.in/04/04138m.htm
MODEL FT4,18,MXM,HEAVENLY HAVEN,145~155,2436,BEMANI Sound Team ”Mutsuhiko Izumi”,Akizuki Nagomu,https://sdvx.in/04/04387m.htm
MONOLITH,18,MXM,HEAVENLY HAVEN,170~205,2571,TOMOSUKE,Jin Majima,https://sdvx.in/04/04224m.htm
New Leaf,18,MXM,HEAVENLY HAVEN,173,2273,BlackY vs. Yooh,からあげブラザーズ vs. MAD CHILD,https://sdvx.in/04/04268m.htm
Nexta,18,GRV,HEAVENLY HAVEN,160,2363,lapix,NOX,https://sdvx.in/04/04289m.htm
Night Rockin' Bird,18,MXM,HEAVENLY HAVEN,190,2095,kanone,MaKoTo仮面,https://sdvx.in/04/04355m.htm
Noisy Minority,18,MXM,HEAVENLY HAVEN,180,2069,DJ Grimoire,.424kHz,https://sdvx.in/04/04038m.htm
Nostalgic Blood of the Strife,18,MXM,HEAVENLY HAVEN,240,2561,Laur,Megacycle,https://sdvx.in/04/04358m.htm
OPEN MY GATE,18,MXM,HEAVENLY HAVEN,175,2158,ARM×狐夢想 feat. RINA (I,ブルーコールドハリケーンズ,https://sdvx.in/04/04190m.htm
ouroboros,18,MXM,HEAVENLY HAVEN,188,2611,Cranky VS MASAKI「グルーヴコースター」より,MAD CHILD VS Megacycle,https://sdvx.in/04/04370m.htm
ΩVERSOUL,18,MXM,HEAVENLY HAVEN,155,1650,BlackY,TEK-A-RHYTHM,https://sdvx.in/04/04066m.htm
POLICY BREAK Medley from SOUND VOLTEX×jubeat,18,MXM,HEAVENLY HAVEN,93~311,2258,United Composers from jubeat,United Effectors,https://sdvx.in/04/04077m.htm
Prey,18,MXM,HEAVENLY HAVEN,210,2099,BEMANI Sound Team ”Dustup”,電撃ロブスター,https://sdvx.in/04/04340m.htm
PROVOES*PROPOSE <<el fine>>,18,GRV,HEAVENLY HAVEN,120~280,1817,Yu_Asahina as ”papyrus”,風瑠人,https://sdvx.in/04/04351m.htm
Puberty Dysthymia,18,MXM,HEAVENLY HAVEN,70~210,2197,BEMANI Sound Team ”person09”,フォックスロット,https://sdvx.in/04/04339m.htm
PUPA,18,MXM,HEAVENLY HAVEN,50~202,2338,モリモリあつし,レッドホットスクリューズ,https://sdvx.in/04/04129m.htm
Re:End of a Dream,18,MXM,HEAVENLY HAVEN,106~212,2271,uma vs. モリモリあつし,Re:Antonio Guccini,https://sdvx.in/04/04263m.htm
Яe's NoVE,18,MXM,HEAVENLY HAVEN,250,2762,からとP feat.リた☆,Megacycle,https://sdvx.in/04/04246m.htm
Rebellio,18,MXM,HEAVENLY HAVEN,234,2403,MAX MAXIMIZER VS DJ TOTTO,Ether99,https://sdvx.in/04/04065m.htm
Reb∞t,18,GRV,HEAVENLY HAVEN,240,2738,BEMANI Sound Team ”TAG”,BEMANI Sound Team,https://sdvx.in/04/04302m.htm
Redshift,18,MXM,HEAVENLY HAVEN,190,2057,technoplanet,ポテトマシーン,https://sdvx.in/04/04288m.htm
RHYZING BEAT,18,MXM,HEAVENLY HAVEN,187,1981,PHQUASE,ウィーアーライジング！！～PH～,https://sdvx.in/04/04269m.htm
Sacrifice and Faith,18,MXM,HEAVENLY HAVEN,186~184,2222,ℱsinfonia（Yu_Asahina　溝口ゆうま　かなたん　大瀬良 あい）,SCライオット,https://sdvx.in/04/04234m.htm
SACRIFICE feat.ayame,18,MXM,HEAVENLY HAVEN,180,2355,Alstroemeria Records,七色Method,https://sdvx.in/04/04119m.htm
SAtAN,18,MXM,HEAVENLY HAVEN,300,2061,P*Light,tEK-A-RHYTHM,https://sdvx.in/04/04277m.htm
Scarlet Lance,18,MXM,HEAVENLY HAVEN,185,2265,MASAKI（ZUNTATA）「グルーヴコースター」より,Megacycle,https://sdvx.in/04/04175m.htm
Sky High,18,MXM,HEAVENLY HAVEN,153,2204,Cuvelia,Jin Majima,https://sdvx.in/04/04260m.htm
#SpeedyCats,18,MXM,HEAVENLY HAVEN,226,2154,RoughSketch a.k.a. uno(IOSYS),風瑠人,https://sdvx.in/04/04192m.htm
Spirit of the Beast,18,MXM,HEAVENLY HAVEN,195,2103,ikaruga_nex fw.tcheb,Megacycle,https://sdvx.in/04/04147m.htm
STULTI,18,MXM,HEAVENLY HAVEN,90~182,2014,MAX MAXIMIZER VS DJ TOTTO,ビーフジョッキー,https://sdvx.in/04/04367m.htm
SUPER SUMMER SALE,18,MXM,HEAVENLY HAVEN,155,2116,BEMANI Sound Team ”U1 overground”,SUPER SUMMER SHIMANTOGAWA,https://sdvx.in/04/04338m.htm
Sweet Requiem,18,MXM,HEAVENLY HAVEN,190,2405,REDALiCE & aran,THE THIRD MAN,https://sdvx.in/04/04118m.htm
Taiko Drum Monster,18,MXM,HEAVENLY HAVEN,266,2573,steμ feat. siroa「太鼓の達人」より,EIVY,https://sdvx.in/04/04371m.htm
The Formula,18,MXM,HEAVENLY HAVEN,144,2490,Junk,ビーフジョッキー,https://sdvx.in/04/04084m.htm
The Golden Era,18,MXM,HEAVENLY HAVEN,175,2136,polysha,浮世マシーン,https://sdvx.in/04/04100m.htm
THE HEAVEN,18,MXM,HEAVENLY HAVEN,200,2698,Juggernaut.,ブルーコールドハリケーンズ＆レッドホットスクリューズ,https://sdvx.in/04/04405m.htm
Theme of Ricerca,18,MXM,HEAVENLY HAVEN,90~158,2011,HuΣeR feat.ゆきまめ,月刊ミズタニ,https://sdvx.in/04/04131m.htm
Touch My Body,18,MXM,HEAVENLY HAVEN,150,1838,anubasu-anubasu,レッドホットスクリューズ,https://sdvx.in/04/04287m.htm
TRICKL4SH 220,18,MXM,HEAVENLY HAVEN,220,2169,Lite Show Magic,ごましおくん vs. PHQUASE,https://sdvx.in/04/04020m.htm
ULTiMATE INFLATiON,18,MXM,HEAVENLY HAVEN,451,2743,cosMo@暴走Genocider,SCライオット,https://sdvx.in/04/04133m.htm
ULTRAVELOCITY,18,MXM,HEAVENLY HAVEN,158,2152,はがね,NOX,https://sdvx.in/04/04407m.htm
V,18,MXM,HEAVENLY HAVEN,150,1961,TAKA,Z,https://sdvx.in/04/04399m.htm
Venomous Firefly,18,MXM,HEAVENLY HAVEN,264,2134,かめりあ,レッドホットミズタニ,https://sdvx.in/04/04357m.htm
Victim of Nights,18,MXM,HEAVENLY HAVEN,180,1960,すのうまん,電撃ロブスター,https://sdvx.in/04/04306m.htm
We Go Down,18,MXM,HEAVENLY HAVEN,230,2327,DJ Genki feat. SHIN from HYPERNOVA with 三代,レッドホットスクリューズ,https://sdvx.in/04/04085m.htm
Wings of Glory,18,MXM,HEAVENLY HAVEN,225,2353,Crawk × Capchii,フォックスロット,https://sdvx.in/04/04247m.htm
Xevel,18,MXM,HEAVENLY HAVEN,176~185,2842,Tatsh「CHUNITHM」より,浮世チュニーン,https://sdvx.in/04/04372m.htm
Yum Yum Sweetie,18,MXM,HEAVENLY HAVEN,165,2135,t+pazolite,電撃ロブスター,https://sdvx.in/04/04386m.htm
お米,18,MXM,HEAVENLY HAVEN,190,1863,大日本鉄倶楽部【あさき＆９６】,大日本松倶楽部,https://sdvx.in/04/04365m.htm
オニユリ,18,MXM,HEAVENLY HAVEN,153,2660,ぺのれり,電撃ロブスター,https://sdvx.in/04/04320m.htm
キュリオシティ,18,MXM,HEAVENLY HAVEN,193,2287,庭師,TEK-A-RHYTHM,https://sdvx.in/04/04039m.htm
サイコパスラビット,18,MXM,HEAVENLY HAVEN,250,2818,うさぎ愛好会PSYCHOPATH(cosMo×syuri22),cosMo＠暴走PSYCHOPATH,https://sdvx.in/04/04317m.htm
スラッシュシスターズ,18,MXM,HEAVENLY HAVEN,210,2762,はるなば with すずしろ&桃箱,からあげ//シスターズ,https://sdvx.in/04/04318m.htm
セイクリッド ルイン,18,MXM,HEAVENLY HAVEN,186,2511,Drop＆祇羽 feat. 葉月ゆら「太鼓の達人」より,TEK-A-TSUTHM,https://sdvx.in/04/04177m.htm
そして黄金郷へ,18,MXM,HEAVENLY HAVEN,260,1686,TAKU1175 × かにまゆ,dj strachen,https://sdvx.in/04/04321m.htm
ドリームエンド・サバイバー,18,MXM,HEAVENLY HAVEN,201,2271,ぽんきち,七色Method,https://sdvx.in/04/04040m.htm
のぼれ八坂坂！,18,MXM,HEAVENLY HAVEN,170,2519,ビートまりおとARM,浮世マシーン,https://sdvx.in/04/04150m.htm
びいすと！,18,MXM,HEAVENLY HAVEN,200,2018,ビートまりおとARM,月刊ポテタニ,https://sdvx.in/04/04219m.htm
ファイナルレター,18,MXM,HEAVENLY HAVEN,205,2311,かねこちはる,七色Method,https://sdvx.in/04/04378m.htm
ホワイトパレード,18,MXM,HEAVENLY HAVEN,218,2310,梅干茶漬け,風瑠人,https://sdvx.in/04/04310m.htm
まじかる生主＠りすなちゃん,18,GRV,HEAVENLY HAVEN,220,2213,DJ SHARPNEL feat. みらい,キーワード「ネコ　動画」～PH～,https://sdvx.in/04/04326m.htm
メイビ～初恋！？ビスケット☆大作戦,18,MXM,HEAVENLY HAVEN,182,1932,DJ TOTTO×mitsu feat.BisCo(CV:洲崎綾),レッドホットビスケット,https://sdvx.in/04/04216m.htm
ワールズエンド・ダンスホール,18,MXM,HEAVENLY HAVEN,171,2197,wowaka,喜屋武ミカエル,https://sdvx.in/04/04240m.htm
怒槌,18,MXM,HEAVENLY HAVEN,200,3628,光吉猛修「CHUNITHM」より,SCライオット from SOUND VOLTEX譜面ボーイズの逆襲,https://sdvx.in/04/04176m.htm
永遠に幸せになる方法、見つけました。,18,MXM,HEAVENLY HAVEN,128,1843,うたたP,ねちっこく堂,https://sdvx.in/04/04033m.htm
壊Rave*it!! 壊Rave*it!!,18,MXM,HEAVENLY HAVEN,280,1853,LeaF,cosMo＠暴走P,https://sdvx.in/04/04060m.htm
神獄烙桜,18,MXM,HEAVENLY HAVEN,258,2134,かゆき,風瑠人,https://sdvx.in/04/04136m.htm
恋歌疾風！かるたクイーンいろは,18,MXM,HEAVENLY HAVEN,120~168,1927,ねこまんまチーム！,Antonio Guccini,https://sdvx.in/04/04063m.htm
業焔繚乱,18,GRV,HEAVENLY HAVEN,201,2278,BlackY,MAD CHILD,https://sdvx.in/04/04253m.htm
極彩天奏,18,MXM,HEAVENLY HAVEN,156,1896,かゆき,Megacycle,https://sdvx.in/04/04211m.htm
祝福の色彩は想い結ぶ君たち迄,18,MXM,HEAVENLY HAVEN,235,2537,Yu-dachi,鋼のビスカッチャ,https://sdvx.in/04/04406m.htm
準備運動,18,MXM,HEAVENLY HAVEN,182,1831,すのうまん,Ester運動,https://sdvx.in/04/04041m.htm
神話に芽吹く,18,MXM,HEAVENLY HAVEN,197,2522,Cororo,ビーフジョッキー,https://sdvx.in/04/04235m.htm
水簾ノ調,18,MXM,HEAVENLY HAVEN,190,2597,Capchii × Crawk,SHiJiMiSo Soup.☆彡,https://sdvx.in/04/04316m.htm
誰が為に兎は舞う＝狂速狂騒曲＝,18,MXM,HEAVENLY HAVEN,231,2700,うさぎ愛好会(cosMo×syuri22),cosMo＠うさぎ愛好会,https://sdvx.in/04/04281m.htm
超☆超☆光☆速☆出☆前☆最☆速!!! スピード★スター★かなで,18,MXM,HEAVENLY HAVEN,30~999,2804,かめりあ feat. ななひら,水金地火木土天海冥 冥 冥 冥 冥 めめっめめめっ 四万十川,https://sdvx.in/04/04068m.htm
†渚の小悪魔ラヴリィ～レイディオ†,18,MXM,HEAVENLY HAVEN,190,2126,夏色ビキニのPrim,せ～のッ！～PH～,https://sdvx.in/04/04373m.htm
光射す澪のユズリハ,18,MXM,HEAVENLY HAVEN,190,2030,Cororo feat.Yuria Miyazono,フォックスロット,https://sdvx.in/04/04319m.htm
真っ白な靴,18,GRV,HEAVENLY HAVEN,226,2478,豚乙女,ビーフジョッキー,https://sdvx.in/04/04390m.htm
雷鼓サンダービート,18,MXM,HEAVENLY HAVEN,175,1688,ARM(IOSYS) feat.ビートまりお(COOL&CREATE),Sammy/A,https://sdvx.in/04/04109m.htm
ΣmbryO,18,EXH,HEAVENLY HAVEN,220,2664,かぼちゃ,粛清の cosMo × Method × ～PH～,https://sdvx.in/04/04400e.htm
*Feels Seasickness...*,18,EXH,HEAVENLY HAVEN,82~248,2134,かめりあ,～PH～rogressive CRAZY KID,https://sdvx.in/04/04401e.htm
FIN4LE ～終止線の彼方へ～,18,EXH,HEAVENLY HAVEN,256,1811,カモメサノエレクトリックオーケストラ,PHQUASE phantom,https://sdvx.in/04/04141e.htm
Fin.ArcDeaR,18,EXH,HEAVENLY HAVEN,225,2071,MisoilePunch♪ ～タケノコ添え～,SCライオット,https://sdvx.in/04/04056e.htm
I,18,EXH,HEAVENLY HAVEN,225,3131,黒魔,深淵の闇より出でし光芒を描く者～PH～,https://sdvx.in/04/04238e.htm
KAC 2013 Empress Side,18,EXH,HEAVENLY HAVEN,201,2772,FLOOR LEGENDS -KAC 2013-,SOUND VOLTEX Effectors,https://sdvx.in/04/04205e.htm
WHITEOUT,18,EXH,HEAVENLY HAVEN,198,2382,かねこちはる,Captain CRAZY KID,https://sdvx.in/04/04140e.htm
Xronier,18,EXH,HEAVENLY HAVEN,234,2041,かめりあ as ”fluX Xroise”,レッドホットスクリューズ,https://sdvx.in/04/04325e.htm
Absurd Gaff,18,GRV,BOOTH,160,1866,siromaru,PHQUASE,https://sdvx.in/01/01115m.htm
Angelic Jelly,18,GRV,GRAVITY WARS,200,2303,t+pazolite,MAD CHILD,https://sdvx.in/03/03364m.htm
Celestial stinger,18,GRV,GRAVITY WARS,259,1911,Noah,Megacycle,https://sdvx.in/03/03353m.htm
CODE -CRiMSON-,18,GRV,INFINITE INFECTION,167,2178,Shiron,凹ーダー凸ード,https://sdvx.in/02/02294m.htm
Completeness Under Incompleteness,18,GRV,GRAVITY WARS,194,2160,かめりあ as,SCライオット,https://sdvx.in/03/03352m.htm
Crack Traxxxx,18,GRV,INFINITE INFECTION,220,2441,Lite Show Magic (t+pazolite vs C-Show),ごましおくん vs. DJ摂津 vs. PHQUASE,https://sdvx.in/02/02122m.htm
HAELE III ~Angel Worlds~,18,GRV,GRAVITY WARS,185,2543,Yu_Asahina ft. Ritsuka,レッドホットスクリューズ,https://sdvx.in/03/03189m.htm
Hellfire,18,GRV,INFINITE INFECTION,176,2606,Hommarju,MAD CHILD,https://sdvx.in/02/02171m.htm
KAC 2012 ULTIMATE MEDLEY,18,GRV,GRAVITY WARS,200,3068,FLOOR LEGENDS -KAC 2012-,SOUND VOLTEX Effectors,https://sdvx.in/03/03074m.htm
Last Concerto,18,GRV,INFINITE INFECTION,220,2233,ke-ji,Ether99,https://sdvx.in/02/02172m.htm
NEO TREASON,18,GRV,GRAVITY WARS,200,2643,lapix,NEO GUCCINI,https://sdvx.in/03/03358m.htm
Ok!! Hug Me,18,GRV,GRAVITY WARS,210,2126,はるなば,TEK-A-RHYTHM,https://sdvx.in/03/03341m.htm
Opium and Purple haze,18,GRV,GRAVITY WARS,165,2573,D.watt(OTAKU-ELITE Recordings),Hirayasu Matsudo,https://sdvx.in/03/03134m.htm
PANIC HOLIC,18,GRV,BOOTH,220,1866,C-Show,DJ 摂津 feat. ごましおくん,https://sdvx.in/01/01120m.htm
Renegade Fruits,18,GRV,GRAVITY WARS,240,2779,t+pazolite,MAD CHILD,https://sdvx.in/03/03277m.htm
Triple Counter,18,GRV,GRAVITY WARS,216,2739,DJ YOSHITAKA meets dj TAKA,TEK-A meets RHYTHM,https://sdvx.in/03/03367m.htm
Wish upon Twin Stars,18,GRV,INFINITE INFECTION,200,2783,xi,Ether99,https://sdvx.in/02/02293m.htm
Xepher Light and Darkness Dragon Remix,18,GRV,BOOTH,180,2171,デッドボールP,TEK-A-RHYTHM×月刊ミズタニ,https://sdvx.in/01/01030m.htm
XROSS THE XOUL,18,GRV,GRAVITY WARS,194,2716,BlackY vs. Yooh,PHQUASE vs. FUKASE,https://sdvx.in/03/03273m.htm
最終鬼畜妹フランドール・S,18,GRV,INFINITE INFECTION,200,3189,ビートまりお（COOL&CREATE）,ビーフジョッキー,https://sdvx.in/02/02127m.htm
香港功夫大旋風,18,GRV,BOOTH,178,2211,Daisuke Ohnuma,SCライオット,https://sdvx.in/01/01058m.htm
魔理沙は大変なものを盗んでいきました,18,GRV,BOOTH,170,2067,ARM(IOSYS),仏蘭西 和蘭陀 西蔵 京都 倫敦 露西亜 四万十川,https://sdvx.in/01/01128m.htm
↓↓↓,18,EXH,GRAVITY WARS,222,3027,庭師,月刊ミズタニ,https://sdvx.in/03/03381e.htm
ΑΩ-,18,EXH,GRAVITY WARS,208,2321,BlackY,MAD CHILD Ressurection,https://sdvx.in/03/03148e.htm
Angels And Demons,18,EXH,GRAVITY WARS,177,1989,すのうまん,Megacycle,https://sdvx.in/03/03212e.htm
Blastix Riotz,18,EXH,GRAVITY WARS,256,2267,かめりあ as,TEK-A-RHYTHM-IX,https://sdvx.in/03/03149e.htm
Demise Quartet,18,EXH,GRAVITY WARS,200,2611,Shiron＋こふ×モリモリあつしと提供でお送りします。,ビー フジョッキー,https://sdvx.in/03/03262e.htm
EMPIRE OF FLAME,18,EXH,GRAVITY WARS,114,1884,かめりあ,Hermit♣ミズタニ,https://sdvx.in/03/03247e.htm
#Endroll,18,EXH,GRAVITY WARS,170,2473,uno & D.watt (IOSYS TRAX),Hirayasu Matsudo,https://sdvx.in/03/03401e.htm
End to end,18,EXH,GRAVITY WARS,250~255,1984,Noah,TEK-A-マシーン,https://sdvx.in/03/03246e.htm
Endless GRAVITY,18,EXH,GRAVITY WARS,265,1653,kanone,TEK-A-RHYTHM,https://sdvx.in/03/03308e.htm
Firestorm,18,EXH,GRAVITY WARS,177,2253,ETIA.,Hirayasu Matsudo × ごましおくん,https://sdvx.in/03/03167e.htm
FLOWER,18,EXH,GRAVITY WARS,173,2573,DJ YOSHITAKA 「jubeat」より,SCライオット,https://sdvx.in/03/03176e.htm
FLügeL《Λrp:ΣggyØ》,18,EXH,GRAVITY WARS,120~240,2265,かねこちはる,MAD CHILD the Execute,https://sdvx.in/03/03368e.htm
Fox4-Raize-,18,EXH,GRAVITY WARS,50~200,2103,Getty vs. DJ DiA,レッドホットスクリューズ vs. ブルーコールドハリケーンズ,https://sdvx.in/03/03267e.htm
GEOMETRIA,18,EXH,GRAVITY WARS,256,1636,Shiron,Megacycle,https://sdvx.in/03/03380e.htm
gigadelic (かめりあ's The TERA RMX),18,EXH,GRAVITY WARS,183,2164,かめりあ,風瑠人,https://sdvx.in/03/03117e.htm
HAVOX,18,EXH,GRAVITY WARS,210,2930,BlackY vs. Yooh,逆球レジェンド vs. しばまる子,https://sdvx.in/03/03093e.htm
IKAROS DYNAMITE!!!!,18,EXH,GRAVITY WARS,216,2395,BlackY,MAD CHILD,https://sdvx.in/03/03382e.htm
INF-B《L-aste-R》,18,EXH,GRAVITY WARS,197,2089,かねこちはる,レッドホットスクリューズ,https://sdvx.in/03/03128e.htm
Invitation from Mr.C,18,EXH,GRAVITY WARS,230,2233,C-Show,ごましお♣摂津,https://sdvx.in/03/03062e.htm
JEHANNEDARC,18,EXH,GRAVITY WARS,200,2230,BlackY,TEK-A-RHYTHM,https://sdvx.in/03/03257e.htm
KAC 2013 ULTIMATE MEDLEY -HISTORIA SOUND VOLTEX- Emperor Side,18,EXH,GRAVITY WARS,30~234,2193,FLOOR LEGENDS -KAC2013-,SOUND VOLTEX Effectors,https://sdvx.in/03/03263e.htm
Lachryma《Re:Queen'M》,18,EXH,GRAVITY WARS,236,2423,かねこちはる,PHQUASE Lūcifer,https://sdvx.in/03/03242e.htm
LegenD.,18,EXH,GRAVITY WARS,205~206,2417,Yooh,Hermit♠レジェンド,https://sdvx.in/03/03064e.htm
MG277,18,EXH,GRAVITY WARS,277,1782,eicaTV vs kanone,Ether99,https://sdvx.in/03/03266e.htm
NEO GRAVITY,18,EXH,GRAVITY WARS,165,2017,lapix,NEO GUCCINI,https://sdvx.in/03/03245e.htm
Ops:Code-Rapture-,18,EXH,GRAVITY WARS,48~195,2229,Getty vs. DJ DiA,月刊ミズタニ,https://sdvx.in/03/03146e.htm
Pon-Pon-Pompoko Dai-Sen-Saw!,18,EXH,GRAVITY WARS,183,2194,黒魔,TEK-A-マシーン,https://sdvx.in/03/03115e.htm
Prayer,18,EXH,GRAVITY WARS,144,2099,ぺのれり,PHQUASE Hēlios,https://sdvx.in/03/03383e.htm
Preserved Valkyria,18,EXH,GRAVITY WARS,115~220,2119,ぺのれり,PHQUASE rebirth,https://sdvx.in/03/03150e.htm
Pure Evil (Kobaryo FTN-Remix),18,EXH,GRAVITY WARS,380,1746,Kobaryo,月刊ミズタニ,https://sdvx.in/03/03051e.htm
Quaint Echo,18,EXH,GRAVITY WARS,195,2008,KLing(Aoi+Yunosuke),レッドホットスクリューズ,https://sdvx.in/03/03404e.htm
REVOLVER,18,EXH,GRAVITY WARS,160,2141,sky_delta,MAD CHILD Hyperīōn,https://sdvx.in/03/03268e.htm
Sayonara Planet Wars,18,EXH,GRAVITY WARS,224,2580,黒魔,レッドホットスクリューズ,https://sdvx.in/03/03079e.htm
Seraphim,18,EXH,GRAVITY WARS,186,1770,Yooh,PHQUASE,https://sdvx.in/03/03200e.htm
Shanghai Wu Long ～上海舞龍～,18,EXH,GRAVITY WARS,171,1841,Hommarju,風瑠人,https://sdvx.in/03/03166e.htm
Solar Storm,18,EXH,GRAVITY WARS,200,2234,xi「グルーヴコースター 3 リンクフィーバー」より,浮世コスーン,https://sdvx.in/03/03405e.htm
tricky trick,18,EXH,GRAVITY WARS,165,2566,kamome sano,月刊ミズタニ,https://sdvx.in/03/03073e.htm
Ultimate Ascension,18,EXH,GRAVITY WARS,200,2206,かめりあ,月刊ミズタニ,https://sdvx.in/03/03323e.htm
UnivEarth,18,EXH,GRAVITY WARS,187,2141,Antinomic Paradox,Antonio Guccini,https://sdvx.in/03/03145e.htm
veRtrageS,18,EXH,GRAVITY WARS,190,2903,Riz vs. Shiron,ユカリ☆chan vs. レッドホットスクリューズ,https://sdvx.in/03/03152e.htm
Warriors Aboot,18,EXH,GRAVITY WARS,175,2119,RoughSketch vs MAD CHILD,MAD CHILD,https://sdvx.in/03/03170e.htm
World's end,18,EXH,GRAVITY WARS,270,1817,Noah,レッドホットスクリューズ♥TEK-A-RHYTHM,https://sdvx.in/03/03065e.htm
XHAOS JUDGE,18,EXH,GRAVITY WARS,200,2438,BlackYooh vs.siromaru,MAD CHILD,https://sdvx.in/03/03229e.htm
XyHATTE,18,EXH,GRAVITY WARS,222,2155,cosMo＠暴走Ultimate,SC(バイオメトリクス+ライオット),https://sdvx.in/03/03151e.htm
アルティメットトゥルース -Phantasm-,18,EXH,GRAVITY WARS,63~252,1765,ふりらい feat. あにょ,凹ーダー凸ード,https://sdvx.in/03/03390e.htm
きたさいたま2000,18,EXH,GRAVITY WARS,222,1901,LindaAI-CUE（BNGI）「太鼓の達人」より,首領ぐっち～に,https://sdvx.in/03/03179e.htm
ドーパミン,18,EXH,GRAVITY WARS,200,2261,U1 overground,MAD CHILD,https://sdvx.in/03/03188e.htm
マサカリブレイド,18,EXH,GRAVITY WARS,194,2560,REDALiCE,MAD CHILD,https://sdvx.in/03/03180e.htm
ムラサキグルマ,18,EXH,GRAVITY WARS,125~180,2127,ここなつ Produced by はるなば,TEK-A-RHYTHM,https://sdvx.in/03/03224e.htm
極圏,18,EXH,GRAVITY WARS,207,2766,cosMo VS dj TAKA,cosMo@暴走P,https://sdvx.in/03/03394e.htm
月光乱舞,18,EXH,GRAVITY WARS,186,2078,P*Light,PHQUASE,https://sdvx.in/03/03198e.htm
混乱少女♥そふらんちゃん!!,18,EXH,GRAVITY WARS,32~259,1720,かめりあ feat. ななひら,こんなミズタニありえなーーい!!,https://sdvx.in/03/03077e.htm
侍 Annihilate!!,18,EXH,GRAVITY WARS,500,2324,QURELESS,凹ーダー凸ード,https://sdvx.in/03/03307e.htm
灼熱Beach Side Bunny,18,EXH,GRAVITY WARS,153,1984,DJ Mass MAD Izm*,ねちっこく堂,https://sdvx.in/03/03139e.htm
消失,18,EXH,GRAVITY WARS,240,2862,cosMo@暴走P,PHQUASE,https://sdvx.in/03/03156e.htm
絶対零度,18,EXH,GRAVITY WARS,209,2110,かねこちはる,七色Method 1+1/2,https://sdvx.in/03/03384e.htm
到達してしまった僕らと夢と希望の最之果,18,EXH,GRAVITY WARS,188,2045,Ayatsugu_Otowa,TAKUYA,https://sdvx.in/03/03078e.htm
東方妖々夢 ULTIMATE MEDLEY,18,EXH,GRAVITY WARS,220,2483,uma vs. モリモリあつし,Megacycle,https://sdvx.in/03/03386e.htm
伐折羅-vajra-,18,EXH,GRAVITY WARS,173,2354,,PHQUASE VS 深瀬,https://sdvx.in/03/03253e.htm
冥天・ヘメカリス,18,EXH,GRAVITY WARS,180~230,2136,u-z,月刊ミズタニ,https://sdvx.in/03/03225e.htm
croiX,18,INF,BOOTH,160~195,2257,TeamGrimoire+あま猫,月刊ミズタニとTEK-A-RHYTHM,https://sdvx.in/01/01122m.htm
FLOWER REDALiCE Remix,18,INF,BOOTH,180,2371,REDALiCE,Ether99,https://sdvx.in/01/01038m.htm
Max Burning!!,18,INF,BOOTH,190,2507,BlackY,PHQUASE since20121125,https://sdvx.in/01/01124m.htm
冥 Rockin' SWING REMIX,18,INF,BOOTH,200,3398,164,PHQUASE,https://sdvx.in/01/01034m.htm
BabeL,18,EXH,INFINITE INFECTION,100~173,2016,Power Of Nature,TEK-A-リ☆chan,https://sdvx.in/02/02081e.htm
Bangin' Burst,18,EXH,INFINITE INFECTION,234,2502,かめりあ,月刊ごましお♣club,https://sdvx.in/02/02169e.htm
Black Emperor,18,EXH,INFINITE INFECTION,30~195,2087,黒魔,ごま-RHYTHM,https://sdvx.in/02/02215e.htm
BLACK or WHITE?,18,EXH,INFINITE INFECTION,185,2290,BlackYooh vs. siromaru,MAD CHILD,https://sdvx.in/02/02173e.htm
For UltraPlayers,18,EXH,INFINITE INFECTION,201,2524,cosMo＠暴走P,PHQUASE ver.II,https://sdvx.in/02/02168e.htm
Ganymede,18,EXH,BOOTH,200,1581,kamome sano,PHQUASE,https://sdvx.in/01/01071e.htm
Growth Memories,18,EXH,INFINITE INFECTION,215,2462,Hidra-Xjeil,月刊ミズタニと博多の男,https://sdvx.in/02/02295e.htm
INSECTICIDE,18,EXH,INFINITE INFECTION,199,2138,Camellia,PHQUASE,https://sdvx.in/02/02277e.htm
VALLIS-NERIA,18,EXH,INFINITE INFECTION,185,2619,DJ YOSHITAKA,SHOUTICE,https://sdvx.in/02/02045e.htm
VILE CAT,18,EXH,INFINITE INFECTION,240,2947,TAKU1175,月刊TAKUYA,https://sdvx.in/02/02308e.htm
werewolf howls.,18,EXH,INFINITE INFECTION,222,2209,かめりあ,月刊ミズタニ,https://sdvx.in/02/02302e.htm
Blue Diamond,19,MXM,NABLA,272,2419,青龍改,T=I=NAKA改,https://sdvx.in/07/07023m.htm
777 (Vocal ver.),19,MXM,NABLA,777,3133,RoughSketch featななひら,Orbie & Barbie,https://sdvx.in/07/07010m.htm
fixer,19,MXM,NABLA,75~215,2665,PHQUASE vs. dj TAKA,～PH～ a.k.a PHQUASE,https://sdvx.in/07/07034m.htm
Celestial Conquest,19,MXM,NABLA,108~222,2341,xi,鋼のビスカッチャ,https://sdvx.in/07/07011m.htm
Zt!ri△,19,MXM,NABLA,260,1986,m@sumi vs RoughSketch,レッドホットビーフ vs スクリュージョッキーズ,https://sdvx.in/07/07028m.htm
DANGER XLOZE,19,MXM,NABLA,184,2571,EYEN(seatrus+kuro),T=I=NAKA,https://sdvx.in/07/07039m.htm
"Pick up, Me!",19,MXM,NABLA,155~240,2639,Capchii feat 初音ミク,パワフルネコニャンコ×カラフルネコキャット,https://sdvx.in/07/07038m.htm
ShowDawn,19,MXM,NABLA,227,2331,Capchii × Uzumaki,apple kong（respect OSUSHI）,https://sdvx.in/07/07035m.htm
Veins Resonance,19,MXM,NABLA,207,2608,めと（Metomate）,ダークダークダークダーク,https://sdvx.in/07/07029m.htm
L2 -Reminiscence- (SDVX ver.),19,MXM,NABLA,152,2352,Ice,Akizuki Nagomu as AMAZE,https://sdvx.in/07/07004m.htm
Plan 8,19,MXM,EXCEED GEAR,212,2812,Ryu☆,赤色Method -tricoro RED ver-,https://sdvx.in/06/06587m.htm
Glitch N Ride,19,MXM,NABLA,30~300,1691,Eagle,フォックスロット,https://sdvx.in/07/07033m.htm
Synthesis.,19,MXM,NABLA,180,2805,tn-shi,Arcana,https://sdvx.in/07/07008m.htm
華麗なる一撃,19,MXM,NABLA,190,2497,TAKIO feat. 駄々子,ゆめいろパフィー,https://sdvx.in/07/07025m.htm
Zany Arcadia ”E”,19,MXM,NABLA,180,2005,天束 vs siromaru,kamuy noko,https://sdvx.in/07/07012m.htm
BEAT-NEW-WORLD,19,XCD,GRAVITY WARS,190,2505,ビートまりお（COOL&CREATE）,ダークダークダーク,https://sdvx.in/03/03089m.htm
ΕΛΠΙΣ,19,XCD,GRAVITY WARS,175,2260,dj TAKA,fractal-shoot!! ‡ 最期の希望,https://sdvx.in/03/03138m.htm
EMPIRE OF FLAME,19,XCD,GRAVITY WARS,114,2092,かめりあ,クリムゾンホットテンペスト,https://sdvx.in/03/03247m.htm
End to end,19,XCD,GRAVITY WARS,250~255,2167,Noah,浮世-RHYTHM,https://sdvx.in/03/03246m.htm
Halcyon,19,XCD,GRAVITY WARS,40~191,2530,xi,Fractal→∞ Strike！！,https://sdvx.in/03/03371m.htm
LegenD.,19,XCD,GRAVITY WARS,205~206,2542,Yooh,Hermit♠レジェンD,https://sdvx.in/03/03064m.htm
veRtrageS,19,XCD,GRAVITY WARS,190,3195,Riz vs. Shiron,終焉世界の因子,https://sdvx.in/03/03152m.htm
World's end,19,XCD,GRAVITY WARS,270,2292,Noah,Bench Presser Maxima,https://sdvx.in/03/03065m.htm
U.N.オーエンは彼女なのか？haru_naba Remix,19,XCD,INFINITE INFECTION,140~200,2429,はるなば,七色Method,https://sdvx.in/02/02176m.htm
VALLIS-NERIA,19,XCD,INFINITE INFECTION,185,2901,DJ YOSHITAKA,†コーヒーブレイカー†,https://sdvx.in/02/02045m.htm
VILE CAT,19,XCD,INFINITE INFECTION,240,3045,TAKU1175,ビーフジョッCAT,https://sdvx.in/02/02308m.htm
werewolf howls.,19,XCD,INFINITE INFECTION,222,3092,かめりあ,天狼ノ七色Method,https://sdvx.in/02/02302m.htm
混乱少女そふらんちゃん!!,19,XCD,GRAVITY WARS,32~259,1916,かめりあ feat. ななひら,さてここで問題！このエフェクトのエフェクターは誰！？ヒント：珈琲、粉砕…,https://sdvx.in/03/03077m.htm
幸せになれる隠しコマンドがあるらしい,19,XCD,GRAVITY WARS,0,2541,うたたP feat. 結月ゆかり,コ←ヒ→ブレ←カ→,https://sdvx.in/03/03045m.htm
到達してしまった僕らと夢と希望の最之果,19,XCD,GRAVITY WARS,188,2336,Ayatsugu_Otowa,Fractal→∞ Strike！！,https://sdvx.in/03/03078m.htm
555 (Please call me “Go! Go! Go!”),19,MXM,EXCEED GEAR,555,3538,RoughSketch,T=I=NAKA vs. fractal-shoot!!,https://sdvx.in/06/06656m.htm
Absurd Gaff (Metallize Remix),19,MXM,EXCEED GEAR,220,2508,Metal Giant,凹ーダー凸ード,https://sdvx.in/06/06369m.htm
Allegro Saetta,19,MXM,EXCEED GEAR,182,1995,天束 vs. siromaru,脈力木魚,https://sdvx.in/06/06470m.htm
Ambivalent Vermilia,19,MXM,EXCEED GEAR,185,2354,BEMANI Sound Team ”二代目朱雀 feat.朱雀”,朱ホットテンペスト,https://sdvx.in/06/06439m.htm
and After the Merry BADEND,19,MXM,EXCEED GEAR,64~192,2671,polysha,フォックスロット,https://sdvx.in/06/06393m.htm
Ardenok,19,MXM,EXCEED GEAR,167,2293,kanone VS nora2r,kamuy noko,https://sdvx.in/06/06583m.htm
ARISE,19,MXM,EXCEED GEAR,256,1926,Juggernaut.,鋼のビスカッチャ,https://sdvx.in/06/06469m.htm
BEMANI PRO LEAGUE -SEASON 2- SOUND VOLTEX ULTIMATE MEDLEY,19,MXM,EXCEED GEAR,215,3170,FLOOR LEGENDS -BPL S2 SDVX-,SOUND VOLTEX Effectors,https://sdvx.in/06/06461m.htm
Breakneck Pursuit,19,MXM,EXCEED GEAR,210,2677,Ashrount,電撃ロブスター,https://sdvx.in/06/06379m.htm
Burst Λnd reBoost,19,MXM,EXCEED GEAR,203~232,2682,めと（Metomate）,ダーク Λnd スクリューズ,https://sdvx.in/06/06420m.htm
Circuit Surfer,19,MXM,EXCEED GEAR,230,2597,kors k,グリーンハードスコールズ,https://sdvx.in/06/06425m.htm
COSMIC V3LOCITY,19,MXM,EXCEED GEAR,200,2305,BEMANI Sound Team ”Coyaan & KE!JU & ZAQUVA”,ロイヤルクラッカー×MASTER TRICK,https://sdvx.in/06/06529m.htm
Cuz we <3 this Game,19,MXM,EXCEED GEAR,276~333,2308,打打だいず,CosMo The OneHand,https://sdvx.in/06/06460m.htm
DISTORDER,19,MXM,EXCEED GEAR,220,2565,DJ Myosuke,トトリオン軍団,https://sdvx.in/06/06615m.htm
Electronic Sports Complex,19,MXM,EXCEED GEAR,220,2948,栄免建設,T=I=NAKA EX,https://sdvx.in/06/06618m.htm
Entropic EnHαncemEnt,19,MXM,EXCEED GEAR,254,3044,CHUBAY,Royα∠ CrαckEr,https://sdvx.in/06/06493m.htm
EROICA,19,MXM,EXCEED GEAR,200,2366,BEMANI Sound Team ”HERO”,さぁ、英雄になる時間だ。,https://sdvx.in/06/06619m.htm
EYE OF THE HEAVEN,19,MXM,EXCEED GEAR,308,1943,BEMANI Sound Team ”U1-ASAMi”,クリムゾンホットテンペスト,https://sdvx.in/06/06620m.htm
FRENZY HEART,19,MXM,EXCEED GEAR,165,2374,EBIMAYO,ゆめいろパフィー×あまぐもリコイル,https://sdvx.in/06/06637m.htm
Gryphone,19,MXM,EXCEED GEAR,175,3483,ETIA.,Hxxxxxxx Mxxxxxx,https://sdvx.in/06/06594m.htm
Guinevere～白き妖精～,19,MXM,EXCEED GEAR,150~225,3000,ぺのれり,～PH～ annibirth,https://sdvx.in/06/06542m.htm
If Summer Ever Comes_,19,MXM,EXCEED GEAR,155~185,3151,黒魔,ZYPRESSEN,https://sdvx.in/06/06626m.htm
JACK -the KING Ki11ing-,19,MXM,EXCEED GEAR,311,2773,打打だいず vs. siromaru,kamuy noko,https://sdvx.in/06/06525m.htm
Lichtsaule,19,MXM,EXCEED GEAR,215,2921,かめりあ & BEMANI Sound Team ”PHQUASE”,～PH～(beatnation RHYZE),https://sdvx.in/06/06510m.htm
Nebula Dysorder,19,MXM,EXCEED GEAR,164,2723,かめりあ,ゆめいろパフィー (supervised by CHT),https://sdvx.in/06/06546m.htm
OVER《Δ》,19,MXM,EXCEED GEAR,100~573,2238,EmoCosine overlay,フォックスロット,https://sdvx.in/06/06627m.htm
O<3rf10W,19,MXM,EXCEED GEAR,200,2734,momocaca (月乃×Capchii),|直垂すもも|×frΛ(7α1-$höøt!!,https://sdvx.in/06/06598m.htm
OVEЯ+TUЯE,19,MXM,EXCEED GEAR,244,2533,kanone VS nora2r,シン・零色メソッド,https://sdvx.in/06/06419m.htm
QQ,19,MXM,EXCEED GEAR,199,2514,BEMANI Sound Team ”PHQUASE & ZAQUVA”,perfeQt effeQtors,https://sdvx.in/06/06397m.htm
REINCARNATION,19,MXM,EXCEED GEAR,220,3169,P*Light,電撃ロブスター,https://sdvx.in/06/06511m.htm
SAD1STIC Я04D,19,MXM,EXCEED GEAR,292,2169,Enterskip,TEK-A-RHYTHM × 月刊ミズタニ,https://sdvx.in/06/06494m.htm
SOLAR ECLIPSE,19,MXM,EXCEED GEAR,195,3104,Yuta Imai Vs. BEMANI Sound Team ”Yvya”,フォックスロット,https://sdvx.in/06/06528m.htm
Spectacular“V”Adventure!,19,MXM,EXCEED GEAR,238~264,2954,Enterskip,ロイヤルストレートクラッカー,https://sdvx.in/06/06380m.htm
Superstar!,19,MXM,EXCEED GEAR,280,2162,Tatsunoshin,鋼のビスカッチャ,https://sdvx.in/06/06551m.htm
Timepiece phase Ⅱ,19,MXM,EXCEED GEAR,287,1820,佐々木博史,～PH～ase Ⅱ,https://sdvx.in/06/06514m.htm
Titanomachia,19,MXM,EXCEED GEAR,165,2690,打打だいず vs. siromaru,Arcana,https://sdvx.in/06/06584m.htm
Undead Raving Scare,19,MXM,EXCEED GEAR,165~250,2680,RoughSkreamZ,Secret Scarlet,https://sdvx.in/06/06394m.htm
XΛLT=OVER,19,MXM,EXCEED GEAR,321,2196,Ashrount,XΛLMON=GRAPHY,https://sdvx.in/06/06495m.htm
Xeno Gravity,19,MXM,EXCEED GEAR,286,2126,xi,Ether99,https://sdvx.in/06/06459m.htm
Xinca,19,MXM,EXCEED GEAR,235,3192,隣の庭は青い(庭師+Aoi),進化 - Fractal→∞ Strike！！,https://sdvx.in/06/06524m.htm
XROSS INFECTION -xiRemix-,19,MXM,EXCEED GEAR,107~215,2679,xi,～PH～ vs. Ether99,https://sdvx.in/06/06577m.htm
What's up Pop!,19,MXM,EXCEED GEAR,170~230,3377,Capchii feat. 初音ミク,cosMo＠暴走P,https://sdvx.in/06/06589m.htm
while (screen is blue),19,MXM,EXCEED GEAR,64~255,2088,kamome sano,ダークフォックスダークロット,https://sdvx.in/06/06549m.htm
Who then no 灯,19,MXM,EXCEED GEAR,188,2815,星野音楽工房,ReboundeR,https://sdvx.in/06/06592m.htm
オムニシエント・ゼロ,19,MXM,EXCEED GEAR,134~208,3269,ke-ji（CERTIA）,Ether99,https://sdvx.in/06/06628m.htm
シュレーディンガーの猫,19,MXM,EXCEED GEAR,187,2379,Cait Sith,レッドキャットスクリューズ×～PH～,https://sdvx.in/06/06457m.htm
神威,19,MXM,EXCEED GEAR,210,3478,TJ.hangneil,Arcana -Exceed-,https://sdvx.in/06/06591m.htm
黒蝶のワルツ,19,MXM,EXCEED GEAR,108~160,1872,ぺのれり,ブラックホットスクリューズ,https://sdvx.in/06/06593m.htm
細氷,19,MXM,EXCEED GEAR,180,2706,かねこちはる,七色Method III + IV,https://sdvx.in/06/06543m.htm
天泣,19,MXM,EXCEED GEAR,150,1883,BEMANI Sound Team ”meteorologists”,～PH～ from meteorologists,https://sdvx.in/06/06659m.htm
無意識レクイエム (cosmobsp rmx),19,MXM,EXCEED GEAR,230,3523,cosMo＠暴走P（original arranged by 森羅万象）,cosMo＠暴走P,https://sdvx.in/06/06349m.htm
2 MINUTES FIGHTERS,19,XCD,GRAVITY WARS,203,2554,P*Light,MAD CHILD,https://sdvx.in/03/03063m.htm
Fiat Lux,19,XCD,INFINITE INFECTION,200,3324,xi,Ether99,https://sdvx.in/02/02205m.htm
HYENA,19,XCD,INFINITE INFECTION,178,2534,Hommarju,ダークダークダーク,https://sdvx.in/02/02167m.htm
Invitation from Mr.C,19,XCD,GRAVITY WARS,230,2233,C-Show,ごましおくんの姉,https://sdvx.in/03/03062m.htm
All We Need is HAPPY END!!!,19,MXM,EXCEED GEAR,260,1980,polysha,CosMo The HandTrip,https://sdvx.in/06/06316m.htm
Avalanx,19,MXM,EXCEED GEAR,185,2804,隣の庭は青い(庭師+Aoi),TEK-風瑠人,https://sdvx.in/06/06236m.htm
DEUX EX MAXHINA,19,MXM,EXCEED GEAR,257,2323,Ashrount,Akizuki Nagomu,https://sdvx.in/06/06314m.htm
Fαtα∠ Ent∠mEnt,19,MXM,EXCEED GEAR,254,2838,CHUBAY,Royα∠ CrαckEr,https://sdvx.in/06/06253m.htm
Glory of Fighters,19,MXM,EXCEED GEAR,90~240,2407,RoughSkreamZ,MAD CHILD Beat Per Limits,https://sdvx.in/06/06317m.htm
HALO,19,MXM,EXCEED GEAR,210,2778,Tatsunoshin,NOX,https://sdvx.in/06/06321m.htm
Holy Trail,19,MXM,EXCEED GEAR,200,2391,satie,クリムゾンホットテンペスト,https://sdvx.in/06/06197m.htm
[ ]DENTITY,19,MXM,EXCEED GEAR,200,3317,BEMANI Sound Team ”HuΣeR”,～PH～×レッドホットスクリューズ,https://sdvx.in/06/06277m.htm
LaμreLs ~the Angelus~,19,MXM,EXCEED GEAR,321,2306,Ashrount,SALμON GRAPHY,https://sdvx.in/06/06237m.htm
MILITARY R04D,19,MXM,EXCEED GEAR,272,2194,Enterskip,TEK-A-RHYTHM × 月刊ミズタニ,https://sdvx.in/06/06313m.htm
One More Lovely,19,MXM,EXCEED GEAR,200,2608,Risk Junk,クリムゾンホットラブリー,https://sdvx.in/06/06295m.htm
perditus†paradisus,19,MXM,EXCEED GEAR,172,2503,iconoclasm,salmontus†graphsus,https://sdvx.in/06/06275m.htm
VΛZiLiSQ,19,MXM,EXCEED GEAR,199,2515,BlackY,ZangY Bros.,https://sdvx.in/06/06252m.htm
VOLAQUAS,19,MXM,EXCEED GEAR,212,2647,BEMANI Sound Team ”DJ TOTTO VS 兎々”,Akizuki Nagomu since20130216,https://sdvx.in/06/06278m.htm
すべてが幻になった後で,19,MXM,EXCEED GEAR,66~79,1577,かめりあ・超機装幻楽隊,松田博泰・超希想箋楽隊,https://sdvx.in/06/06238m.htm
ピアノ独奏無言歌 ”灰燼”,19,MXM,EXCEED GEAR,100~200,1690,BEMANI Sound Team ”Virkato Wakhmaninov”,-,https://sdvx.in/06/06226m.htm
赫焉,19,MXM,EXCEED GEAR,222,3160,打打だいず vs. siromaru,赤熱螺旋,https://sdvx.in/06/06254m.htm
赫焉のヴァルキュリア -Ragnarok-,19,MXM,EXCEED GEAR,222,2409,ryhki,MAD CHILD & Megacycle,https://sdvx.in/06/06323m.htm
紫焔双穿,19,MXM,EXCEED GEAR,230,3126,かめりあ,MAD CHILD vs. 風瑠人,https://sdvx.in/06/06191m.htm
恋愛＝精度×認識力,19,MXM,EXCEED GEAR,3~333,2536,立秋 vs. BEMANI Sound Team ”L.E.D.-G” feat.ちょこ＆ななひら,まゆずみ feat. あゆた,https://sdvx.in/06/06312m.htm
SuddeИDeath,19,EXH,EXCEED GEAR,236,3199,xi vs. モリモリあつし,Ether99 a.k.a ～PH～,https://sdvx.in/06/06329e.htm
2 Beasts Unchained,19,MXM,EXCEED GEAR,175,2124,kors k vs Yooh,MAD CHILD & Hirayasu Matsudo,https://sdvx.in/06/06167m.htm
777,19,MXM,EXCEED GEAR,777,3669,RoughSketch(Notebook Records),RED MAD HOT CHILDREN,https://sdvx.in/06/06011m.htm
AμreoLe ~for Triumph~,19,MXM,EXCEED GEAR,321,2250,Ashrount,クリムゾンホットテンペスト＆クリスタルコールドブリザード,https://sdvx.in/06/06175m.htm
αzalea,19,MXM,EXCEED GEAR,99~198,2461,BlackY,MAD CHILD,https://sdvx.in/06/06099m.htm
Bad Elixir,19,MXM,EXCEED GEAR,203,3046,xi,Ether99,https://sdvx.in/06/06013m.htm
BAYONEX,19,MXM,EXCEED GEAR,262,2042,かめりあ as ”Revenge of Riot”,TEK-A-RHYTHM-IX Ｘ クリムゾンホットテンペスト,https://sdvx.in/06/06102m.htm
Chronomia,19,MXM,EXCEED GEAR,227,3198,Lime,風瑠人,https://sdvx.in/06/06014m.htm
CLAMARE,19,MXM,EXCEED GEAR,224,3364,MAX MAXIMIZER,Ether99,https://sdvx.in/06/06187m.htm
EncorE & cALL,19,MXM,EXCEED GEAR,240,2877,CHUBAY,電撃ロブスター,https://sdvx.in/06/06171m.htm
onslaught -Retaliation of Bahamut-,19,MXM,EXCEED GEAR,238,2430,かめりあ,クリムゾンホットテンペスト (supervised by Bahamūt),https://sdvx.in/06/06005m.htm
Rapsodia d'amore,19,MXM,EXCEED GEAR,288,1994,xi,Ether99,https://sdvx.in/06/06157m.htm
Reverenced Flower,19,MXM,EXCEED GEAR,152~209,2865,ぺのれり,～PH～ prebirth,https://sdvx.in/06/06118m.htm
Rhapsody Of Triumph,19,MXM,EXCEED GEAR,235,3323,かめりあ・超機裝旋楽隊,鋼鐵のビスカチア,https://sdvx.in/06/06181m.htm
The Clown of 24stairs,19,MXM,EXCEED GEAR,204,2389,Yu_Asahina,レッドホットスクリューズ No.24,https://sdvx.in/06/06121m.htm
VALKYRIE ASSAULT,19,MXM,EXCEED GEAR,180,2187,BEMANI Sound Team ”SYUNN”,MAD CHILD ver.VI,https://sdvx.in/06/06001m.htm
Xb10r,19,MXM,EXCEED GEAR,200,2622,隣の庭は青い(庭師+Aoi),月刊ミズタニ,https://sdvx.in/06/06182m.htm
ZEUS,19,MXM,EXCEED GEAR,228,3524,BlackY,２κονノックオン,https://sdvx.in/06/06176m.htm
ディスコルディア,19,MXM,EXCEED GEAR,180~280,2710,ぺのれり vs. BEMANI Sound Team ”HuΣeR”,～PH～ the Valhalla,https://sdvx.in/06/06060m.htm
ドゥサンコオデッセイ!!,19,MXM,EXCEED GEAR,160,1999,cosMo＠暴走P,cosMo＠暴走P,https://sdvx.in/06/06093m.htm
ピアノ協奏曲第１番”蠍火”,19,MXM,EXCEED GEAR,165~188,1323,virkato,-,https://sdvx.in/06/06166m.htm
十の試煉,19,MXM,EXCEED GEAR,211,2832,打打だいず vs. siromaru,フォックスロット,https://sdvx.in/06/06180m.htm
竹,19,MXM,EXCEED GEAR,5~315,2103,立秋 feat.ちょこ,ビーフジョッ竹,https://sdvx.in/06/06132m.htm
INF-B《L-aste-R》,19,VVD,GRAVITY WARS,197,2195,かねこちはる,クリムゾンホットテンペスト,https://sdvx.in/03/03128m.htm
Innocent Tempest,19,VVD,INFINITE INFECTION,180,2506,Diceros Bicornis,七色Method,https://sdvx.in/02/02221m.htm
IX,19,VVD,INFINITE INFECTION,198,2753,dj TAKA VS DJ TOTTO feat.藍,ダークダーク,https://sdvx.in/02/02197m.htm
Joyeuse,19,VVD,INFINITE INFECTION,260~274,1753,ke-ji,Ether99,https://sdvx.in/02/02076m.htm
ラクガキスト,19,VVD,INFINITE INFECTION,199,2461,cosMo＠暴走P feat.GUMI,レッドホットビーフ＆スクリュージョッキー,https://sdvx.in/02/02056m.htm
音楽 -resolve-,19,VVD,INFINITE INFECTION,114~220,2426,Yu_Asahina,レッドホットスクリューズ×～PH～,https://sdvx.in/02/02082m.htm
9TH5IN,19,MXM,VIVID WAVE,222,2778,ETIA.,サイバーガスタンク,https://sdvx.in/05/05189m.htm
ANGER of the GOD,19,MXM,VIVID WAVE,200,2913,BlackY,七色メットスクリューズ,https://sdvx.in/05/05180m.htm
Calamity Tempest,19,MXM,VIVID WAVE,194,2427,Diceros Bicornis,SALMON GASTANK,https://sdvx.in/05/05280m.htm
Daisycutter,19,MXM,VIVID WAVE,191,2696,ETIA.,The Hirayasu Matsudo,https://sdvx.in/05/05281m.htm
ENDYMION,19,MXM,VIVID WAVE,110~880,2335,fallen shepherd ft. RabbiTon Strings,クリムゾンホットテンペスト,https://sdvx.in/05/05193m.htm
Ghost Family,19,MXM,VIVID WAVE,238,2899,RoughSketch,MAD CHILD & Hirayasu Matsudo,https://sdvx.in/05/05119m.htm
Lancelot,19,MXM,VIVID WAVE,189~216,2548,ぺのれり,亡国の電撃ロブスター,https://sdvx.in/05/05118m.htm
Lisa-RICCIA,19,MXM,VIVID WAVE,205,2959,DJ YOSHITAKA,レッドホットスクリューズ×～PH～,https://sdvx.in/05/05252m.htm
LubedeR,19,MXM,VIVID WAVE,256,1526,C-Show,ごましお風,https://sdvx.in/05/05243m.htm
ΛΛemoria,19,MXM,VIVID WAVE,118,2464,MisoilePunch♪,Akizuki NagoΛΛu♪,https://sdvx.in/05/05279m.htm
†:OLPHEUX:†,19,MXM,VIVID WAVE,276,1989,Juggernaut.,†:凹ーダー凸ード:†,https://sdvx.in/05/05242m.htm
OUTERHEΛVEN,19,MXM,VIVID WAVE,210,2519,Juggernaut.,Amazeki Kagome & Akizuki Nagomu,https://sdvx.in/05/05154m.htm
Redshift 2nd Ignition,19,MXM,VIVID WAVE,104~230,2411,technoplanet,Akizuki Nagomu 2nd Ignition,https://sdvx.in/05/05241m.htm
ЯeviveR,19,MXM,VIVID WAVE,238,3203,Diceros Bicornis,Ether99,https://sdvx.in/05/05188m.htm
TENKAICHI ULTIMATE BOSSRUSH MEDLEY,19,MXM,VIVID WAVE,207~282,3607,TENKAICHI LEGENDS,SOUND VOLTEX Effectors,https://sdvx.in/05/05055m.htm
THE凸GENERATOR,19,MXM,VIVID WAVE,255,2024,cosMo＠暴走P,cosMo凸暴走P,https://sdvx.in/05/05074m.htm
Trill auf G,19,MXM,VIVID WAVE,188,3075,BEMANI Sound Team,G線上のロブスター,https://sdvx.in/05/05134m.htm
voltississimo,19,MXM,VIVID WAVE,225,2683,BEMANI Sound Team,～PHPHPH～,https://sdvx.in/05/05133m.htm
Xronial Xero,19,MXM,VIVID WAVE,335,2345,かめりあ as ”menaXe inXonnu”,クリムゾンホットテンペスト ＸＸ TEK-A-RHYTHM-IX,https://sdvx.in/05/05239m.htm
θコトノハθカプセルθ,19,MXM,VIVID WAVE,228,2447,cosMo＠暴走P,θcosMoθ暴走Pθ,https://sdvx.in/05/05155m.htm
色を喪った街,19,MXM,VIVID WAVE,166,2202,かめりあ feat. かめりあ,零色メソッド,https://sdvx.in/05/05187m.htm
卑弥呼,19,MXM,VIVID WAVE,82~185,2786,朱雀 VS 玄武,浮世魔神(黒),https://sdvx.in/05/05222m.htm
飄える翼追い掛けて,19,MXM,VIVID WAVE,255,2141,かめりあ feat. かめりあ,テカタニ feat. テカタニ,https://sdvx.in/05/05282m.htm
Booths of Fighters,19,HVN,INFINITE INFECTION,155~225,2687,RoughSketch + DD,POT-E-RHYTHM,https://sdvx.in/02/02112m.htm
FLOWER,19,HVN,GRAVITY WARS,173,1983,DJ YOSHITAKA 「jubeat」より,七色Method extended by SHOUTICE,https://sdvx.in/03/03176m.htm
For UltraPlayers,19,HVN,INFINITE INFECTION,201,3088,cosMo＠暴走P,PHQUASE since20131221,https://sdvx.in/02/02168m.htm
Got more raves？,19,HVN,GRAVITY WARS,266,1959,E.G.G.「グルーヴコースター」より,Voltex master？@.424kHz,https://sdvx.in/03/03177m.htm
INSECTICIDE,19,HVN,INFINITE INFECTION,199,2433,Camellia,レッドホットスクリューズ×TEK-A-RHYTHM,https://sdvx.in/02/02277m.htm
Quietus Ray,19,HVN,INFINITE INFECTION,200,3173,xi,Ether99,https://sdvx.in/02/02113m.htm
Verse IV,19,HVN,INFINITE INFECTION,212,2661,ZOGRAPHOS (Yu_Asahina+Yamajet),フル＋テカ＋マコ,https://sdvx.in/02/02184m.htm
きたさいたま2000,19,HVN,GRAVITY WARS,222,2462,LindaAI-CUE（BNGI）「太鼓の達人」より,浮世ドゥーン×TEK-A-TSUTHM,https://sdvx.in/03/03179m.htm
バンブーソード・ガール,19,HVN,INFINITE INFECTION,208,2335,cosMo＠暴走P,Guccini＠暴走PG,https://sdvx.in/02/02256m.htm
極圏,19,HVN,GRAVITY WARS,207,3095,cosMo VS dj TAKA,ごましお@暴走P,https://sdvx.in/03/03394m.htm
A Lasting Promise,19,MXM,HEAVENLY HAVEN,270,2155,Laur,TEK-A-RHYTHM-IX,https://sdvx.in/04/04236m.htm
Absolute Domination,19,MXM,HEAVENLY HAVEN,109~218,2338,Laur,MAD CHILD,https://sdvx.in/04/04324m.htm
Awakening,19,MXM,HEAVENLY HAVEN,208,2413,technoplanet,七色Method Infrared,https://sdvx.in/04/04242m.htm
BELOBOG,19,MXM,HEAVENLY HAVEN,200,2134,BEMANI Sound Team ”純白のIVORY”,Ether99,https://sdvx.in/04/04262m.htm
Chrono Diver -PENDULUMs-,19,MXM,HEAVENLY HAVEN,196,2612,猫叉L.E.D.Master+,時間軸を超越する者～PH～,https://sdvx.in/04/04290m.htm
Cross Fire,19,MXM,HEAVENLY HAVEN,180,2459,Hommarju vs RoughSketch,NET-i-TEK,https://sdvx.in/04/04403m.htm
Deadly force,19,MXM,HEAVENLY HAVEN,300,1849,Noah,Megacycle,https://sdvx.in/04/04135m.htm
Dyscontrolled Galaxy,19,MXM,HEAVENLY HAVEN,161,2334,かめりあ,クリムゾンホットテンペスト,https://sdvx.in/04/04137m.htm
Elemental Creation,19,MXM,HEAVENLY HAVEN,212,2950,dj TAKA meets DJ YOSHITAKA,MAD CHILD meets レッドホットスクリューズ,https://sdvx.in/04/04368m.htm
Failnaught,19,MXM,HEAVENLY HAVEN,220,2715,xi,TEK-A-RHYTHM,https://sdvx.in/04/04323m.htm
Fin.ArcDeaR,19,MXM,HEAVENLY HAVEN,225,2191,MisoilePunch♪ ～タケノコ添え～,SCライオット,https://sdvx.in/04/04056m.htm
Fly Like You,19,MXM,HEAVENLY HAVEN,196~286,2049,technoplanet,蒼穹の電撃ロブスター,https://sdvx.in/04/04322m.htm
FREEDOM DiVE,19,MXM,HEAVENLY HAVEN,222,2978,xi,Ether99,https://sdvx.in/04/04312m.htm
GERBERA -For Finalists-,19,MXM,HEAVENLY HAVEN,205,2675,remixed by cosMo@暴走P,cosMo@暴走P,https://sdvx.in/04/04229m.htm
GODHEART,19,MXM,HEAVENLY HAVEN,190,2694,BlackY,Akizuki Nagomu since20121125,https://sdvx.in/04/04402m.htm
Immortal saga,19,MXM,HEAVENLY HAVEN,205,2301,Noah,レッドホットスクリューズ,https://sdvx.in/04/04055m.htm
KAC 2013 Empress Side,19,MXM,HEAVENLY HAVEN,201,3321,FLOOR LEGENDS -KAC 2013-,SOUND VOLTEX Effectors,https://sdvx.in/04/04205m.htm
Last Resort,19,MXM,HEAVENLY HAVEN,252,2982,xi,MAD CHILD VX,https://sdvx.in/04/04237m.htm
Sailing Force,19,MXM,HEAVENLY HAVEN,110~159,2162,ぺのれり,PHQUASE,https://sdvx.in/04/04069m.htm
Staring at star,19,MXM,HEAVENLY HAVEN,250,2569,MisoilePunch♪ ～タケノコ添え～,凹ーダー凸ード,https://sdvx.in/04/04134m.htm
TWO-TORIAL,19,MXM,HEAVENLY HAVEN,213,2420,BEMANI Sound Team ”PHQUASE vs DJ TOTTO”,Beat Professor Maxima,https://sdvx.in/04/04195m.htm
Xeroa,19,MXM,HEAVENLY HAVEN,301,2031,かめりあ,dj strachen,https://sdvx.in/04/04243m.htm
セイレーン ～悲壮の竪琴～,19,MXM,HEAVENLY HAVEN,93~214,2774,ぺのれり,Ether99,https://sdvx.in/04/04132m.htm
逆月,19,MXM,HEAVENLY HAVEN,280,2267,BEMANI Sound Team ”HuΣeR” feat.Fernweh,CosΣo＠暴走P,https://sdvx.in/04/04369m.htm
Bangin' Burst,19,GRV,INFINITE INFECTION,234,2817,かめりあ,月刊ポテしおユカリ♣club,https://sdvx.in/02/02169m.htm
Black Emperor,19,GRV,INFINITE INFECTION,30~195,2565,黒魔,Ether99,https://sdvx.in/02/02215m.htm
BLACK or WHITE?,19,GRV,INFINITE INFECTION,185,2703,BlackYooh vs. siromaru,MAD CHILD Nightmare,https://sdvx.in/02/02173m.htm
Growth Memories,19,GRV,INFINITE INFECTION,215,2620,Hidra-Xjeil,クリムゾンホットテンペスト,https://sdvx.in/02/02295m.htm
snow storm -euphoria-,19,GRV,INFINITE INFECTION,89~180,2243,Yooh,PHQUASE,https://sdvx.in/02/02119m.htm
XROSS INFECTION,19,GRV,INFINITE INFECTION,194,2349,BlackY vs. Yooh,PHQUASE ver.II vs. PHQUASE ver.III,https://sdvx.in/02/02125m.htm
大宇宙ステージ,19,GRV,BOOTH,202,1689,黒魔,TEK-A-RETURNS,https://sdvx.in/01/01114m.htm
ΑΩ-,19,GRV,GRAVITY WARS,208,2592,BlackY,MAD CHILD Ressurection,https://sdvx.in/03/03148m.htm
Blastix Riotz,19,GRV,GRAVITY WARS,256,2364,かめりあ as,TEK-A-RHYTHM-IX,https://sdvx.in/03/03149m.htm
DIABLOSIS::Nāga,19,GRV,GRAVITY WARS,200,2594,sky_delta,月刊風瑠タニ,https://sdvx.in/03/03359m.htm
Everlasting Message,19,GRV,GRAVITY WARS,230,2876,ぺのれり,PHQUASE forever,https://sdvx.in/03/03075m.htm
FLügeL《Λrp:ΣggyØ》,19,GRV,GRAVITY WARS,120~240,2514,かねこちはる,MAD CHILD the Execute,https://sdvx.in/03/03368m.htm
KAC 2013 ULTIMATE MEDLEY -HISTORIA SOUND VOLTEX- Emperor Side,19,GRV,GRAVITY WARS,30~234,2904,FLOOR LEGENDS -KAC2013-,SOUND VOLTEX Effectors,https://sdvx.in/03/03263m.htm
Load=Crossight,19,GRV,GRAVITY WARS,154,2022,ぺのれり,PHQUASE the Exceed,https://sdvx.in/03/03360m.htm
Preserved Valkyria,19,GRV,GRAVITY WARS,115~220,2648,ぺのれり,PHQUASE rebirth,https://sdvx.in/03/03150m.htm
XyHATTE,19,GRV,GRAVITY WARS,222,2641,cosMo＠暴走Ultimate,SC(バイオメトリクス+ライオット),https://sdvx.in/03/03151m.htm
月光乱舞,19,GRV,GRAVITY WARS,186,2351,P*Light,月刊ごましお☆グッチーニ,https://sdvx.in/03/03198m.htm
Ganymede kamome mix,19,INF,BOOTH,200,2546,kamome sano,TEK-A-RHYTHM,https://sdvx.in/01/01071m.htm
Everlasting Message,20,ULT,GRAVITY WARS,230,4000,ぺのれり,～PH～forever since20150214→20150322,https://sdvx.in/03/03075u.htm
Sayonara Planet Wars,20,XCD,GRAVITY WARS,224,3462,黒魔,悠久の過去を祓い未来へと辿る者～PH～,https://sdvx.in/03/03079m.htm
Λkasha,20,MXM,EXCEED GEAR,180,3155,BlackY feat. Risa Yuzuki,GOD～PH～,https://sdvx.in/06/06414m.htm
APOCALYPSE RAY,20,MXM,EXCEED GEAR,212,2840,xi,七色METHOD（respect Ether99）,https://sdvx.in/06/06381m.htm
Don't you dare play GOD,20,MXM,EXCEED GEAR,240~500,2540,technoplanet feat. Tamako Kinoshita,False GOD ”7濶ｲ 繧√◎縺｣縺ｩ”,https://sdvx.in/06/06526m.htm
{ eXLIPXe },20,MXM,EXCEED GEAR,271,2257,{ かめりあ },クリムゾンホットテンペスト・極,https://sdvx.in/06/06471m.htm
HeaveИ's Rain,20,MXM,EXCEED GEAR,285,2489,モリモリあつし,浮 谷,https://sdvx.in/06/06395m.htm
KINGDOM COME,20,MXM,EXCEED GEAR,282,2925,RoughSketch,CXXXX KXX GONE,https://sdvx.in/06/06629m.htm
NEMSYS ARENA World Hexathlon,20,MXM,EXCEED GEAR,190,2904,隣の庭は青い(庭師+Aoi),Akizuki Nagomu as AMAZE,https://sdvx.in/06/06458m.htm
Our garden is blue.,20,MXM,EXCEED GEAR,100,2349,庭師+Aoi,蒼庭のビスカッチャ,https://sdvx.in/06/06585m.htm
神凪,20,MXM,EXCEED GEAR,185,3473,BlackY feat. Risa Yuzuki,月夜見尊～PH～,https://sdvx.in/06/06595m.htm
Bl∞min',20,MXM,EXCEED GEAR,234,3905,MisoilePunch♪ -Forever-,ビーフジョッキー,https://sdvx.in/06/06239m.htm
SuddeИDeath,20,MXM,EXCEED GEAR,236,4409,xi vs. モリモリあつし,Ether99 a.k.a ～PH～,https://sdvx.in/06/06329m.htm
You Are My Best RivaL!!,20,MXM,EXCEED GEAR,240,3386,cosMo＠暴走P,CosMo The OverDrive,https://sdvx.in/06/06272m.htm
いまきみに,20,MXM,EXCEED GEAR,176~264,3064,Silentroom as ”少年R”,Genuine CRAZY KID as ”Child M”,https://sdvx.in/06/06255m.htm
MixxioN,20,MXM,EXCEED GEAR,275,2298,MisoilePunch♪,Taxtixal CRAZY KID,https://sdvx.in/06/06170m.htm
《Re:miniscence》,20,MXM,EXCEED GEAR,125~166,2706,かねこちはる,Megacyclops,https://sdvx.in/06/06127m.htm
XHRONOXAPSULΞ,20,MXM,EXCEED GEAR,277,2360,Silentroom,～PH～XUASΞ,https://sdvx.in/06/06169m.htm
666,20,MXM,VIVID WAVE,666,4092,RaughSketch,Diabolos CRAZY KID,https://sdvx.in/05/05186m.htm
ΣgO,20,MXM,VIVID WAVE,236,3246,かぼちゃ,ΣtherØØ,https://sdvx.in/05/05117m.htm
"Erm, could it be a Spatiotemporal ShockWAVE Syndrome...?",20,MXM,VIVID WAVE,43~330,2548,かめりあ,～PH～Syndrome...?,https://sdvx.in/05/05153m.htm
MAYHEM,20,MXM,VIVID WAVE,998,5526,RoughSketch x CANVAS feat. Quimar,Temperance CRAZY KID,https://sdvx.in/05/05283m.htm
VVelcome!!,20,MXM,VIVID WAVE,265,2346,MisoilePunch♪,TEK-風瑠人-RHYTHM,https://sdvx.in/05/05240m.htm
ΣmbryO,20,MXM,HEAVENLY HAVEN,220,3188,かぼちゃ,粛清の cosMo × Method × ～PH～,https://sdvx.in/04/04400m.htm
*Feels Seasickness...*,20,MXM,HEAVENLY HAVEN,82~248,3193,かめりあ,～PH～rogressive CRAZY KID,https://sdvx.in/04/04401m.htm
FIN4LE ～終止線の彼方へ～,20,MXM,HEAVENLY HAVEN,256,2335,カモメサノエレクトリックオーケストラ,PHQUASE phantom,https://sdvx.in/04/04141m.htm
HE4VEN ～天国へようこそ～,20,MXM,HEAVENLY HAVEN,256,2257,カモメサノエレクトリックオーケストラ,PHQUASE Utopia,https://sdvx.in/04/04052m.htm
I,20,MXM,HEAVENLY HAVEN,225,3626,黒魔,深淵の闇より出でし光芒を描く者～PH～,https://sdvx.in/04/04238m.htm
iLLness LiLin,20,MXM,HEAVENLY HAVEN,280,2151,かねこちはる,MAD CHILD Dystiopia,https://sdvx.in/04/04051m.htm
WHITEOUT,20,MXM,HEAVENLY HAVEN,198,2911,かねこちはる,Captain CRAZY KID,https://sdvx.in/04/04140m.htm
Xronier,20,MXM,HEAVENLY HAVEN,234,2645,かめりあ as ”fluX Xroise”,クリムゾンホットテンペスト・改,https://sdvx.in/04/04325m.htm
Lachryma《Re:Queen'M》,20,GRV,GRAVITY WARS,236,3038,かねこちはる,PHQUASE Lūcifer,https://sdvx.in/03/03242m.htm
華麗なる！音戯探偵ひなビタ,03,NOV,NABLA,72~127,0,音戯探偵ひなビタ♫,はるお,
Moonlit Blue,05,NOV,NABLA,214,0,Reku Mochizuki,いちさきおすし,
シグナライズ,06,NOV,NABLA,170,0,muyu,スティンガー,
Baphomet,07,NOV,NABLA,266,0,Laur,ぷへゃ～,
Down with your Love,07,NOV,NABLA,220,0,Juggernaut.,Bxx Sxxxxxxxxxxx,
XELENOPHOEBEA,07,NOV,NABLA,263,0,qfeileadh,まゆずみ,
華麗なる！音戯探偵ひなビタ,10,ADV,NABLA,72~127,0,音戯探偵ひなビタ♫,はるお,
Moonlit Blue,12,ADV,NABLA,214,0,Reku Mochizuki,いちさきおすし,
華麗なる！音戯探偵ひなビタ,14,EXH,NABLA,72~127,0,音戯探偵ひなビタ♫,はるお,
Baphomet,14,ADV,NABLA,266,0,Laur,ぷへゃ～,
Down with your Love,14,ADV,NABLA,220,0,Juggernaut.,Bxx Sxxxxxxxxxxx,
XELENOPHOEBEA,14,ADV,NABLA,263,0,qfeileadh,まゆずみ,
シグナライズ,14,ADV,NABLA,170,0,muyu,スティンガー,
Moonlit Blue,16,EXH,NABLA,214,0,Reku Mochizuki,いちさきおすし,
シグナライズ,16,EXH,NABLA,170,0,muyu,スティンガー,
Baphomet,17,EXH,NABLA,266,1438,Laur,ぷへゃ～,https://sdvx.in/07/07044e.htm
Down with your Love,17,EXH,NABLA,220,1704,Juggernaut.,Bxx Sxxxxxxxxxxx,https://sdvx.in/07/07045e.htm
XELENOPHOEBEA,17,EXH,NABLA,263,1403,qfeileadh,まゆずみ,https://sdvx.in/07/07040e.htm
華麗なる！音戯探偵ひなビタ,18,MXM,NABLA,72~127,1575,音戯探偵ひなビタ♫,はるお,https://sdvx.in/07/07041m.htm
シグナライズ,18,MXM,NABLA,170,2132,muyu,スティンガー,https://sdvx.in/07/07043m.htm
Moonlit Blue,18,MXM,NABLA,214,2432,Reku Mochizuki,いちさきおすし,https://sdvx.in/07/07042m.htm
Baphomet,19,MXM,NABLA,266,2499,Laur,ぷへゃ～,https://sdvx.in/07/07044m.htm
XELENOPHOEBEA,19,MXM,NABLA,263,2013,qfeileadh,まゆずみ,https://sdvx.in/07/07040m.htm
Down with your Love,19,MXM,NABLA,220,2579,Juggernaut.,Bxx Sxxxxxxxxxxx,https://sdvx.in/07/07045m.htm
